[dc1_node2] No existing data file found, starting fresh
[dc1_node2] No existing hints file found, starting fresh
[ConsistentHash] No ring state file found for dc1_node2
Added node localhost:50052 with 150 virtual nodes
[Config] Added localhost:50052 to DC1
Added node localhost:50051 with 150 virtual nodes
[ConsistentHash] Saved ring state for dc1_node2
[dc1_node2] Hint delivery loop started
[dc1_node2] Started hint delivery thread
[dc1_node2] Initialized at localhost:50052 (DC: DC1)
[dc1_node2] Known nodes: ['localhost:50052', 'localhost:50051']
[dc1_node2] Replication: N=3, R=2, W=2
[dc1_node2] Datacenter-aware: True
[dc1_node2] Hinted handoff: True

======================================================================
DHT Node 'dc1_node2' started (Phase 2+3 Features)
Address: localhost:50052
Datacenter: DC1
Replication: N=3, R=2, W=2
======================================================================

[Config] Strong consistency: R + W > N ✓
[dc1_node2] Announcing presence to cluster...
[dc1_node2] Successfully announced to localhost:50051: Successfully joined cluster. Ring has 2 nodes
[dc1_node2] Discovering nodes from known nodes...
[Config] Added localhost:50051 to DC1
[dc1_node2] Round 1: discovered 1 new nodes, ring now has 2 nodes
[dc1_node2] Join request from localhost:50053 (DC: DC1)
Added node localhost:50053 with 150 virtual nodes
[Config] Added localhost:50053 to DC1
[ConsistentHash] Saved ring state for dc1_node2
[dc1_node2] Added localhost:50053 to ring. Ring now has 3 nodes
[dc1_node2] Join request from localhost:50054 (DC: DC1)
Added node localhost:50054 with 150 virtual nodes
[Config] Added localhost:50054 to DC1
[dc1_node2] Join request from localhost:50054 (DC: DC1)
[ConsistentHash] Saved ring state for dc1_node2
[dc1_node2] Added localhost:50054 to ring. Ring now has 4 nodes
[dc1_node2] Join request from localhost:50055 (DC: DC1)
Added node localhost:50055 with 150 virtual nodes
[Config] Added localhost:50055 to DC1
[dc1_node2] Join request from localhost:50055 (DC: DC1)
[ConsistentHash] Saved ring state for dc1_node2
[dc1_node2] Added localhost:50055 to ring. Ring now has 5 nodes
[dc1_node2] Join request from localhost:50055 (DC: DC1)
[dc1_node2] Join request from localhost:50056 (DC: DC1)
Added node localhost:50056 with 150 virtual nodes
[Config] Added localhost:50056 to DC1
[ConsistentHash] Saved ring state for dc1_node2
[dc1_node2] Added localhost:50056 to ring. Ring now has 6 nodes
[dc1_node2] Join request from localhost:50057 (DC: DC1)
Added node localhost:50057 with 150 virtual nodes
[Config] Added localhost:50057 to DC1
[ConsistentHash] Saved ring state for dc1_node2
[dc1_node2] Added localhost:50057 to ring. Ring now has 7 nodes
[dc1_node2] Join request from localhost:50057 (DC: DC1)
[dc1_node2] Join request from localhost:50058 (DC: DC1)
Added node localhost:50058 with 150 virtual nodes
[Config] Added localhost:50058 to DC1
[ConsistentHash] Saved ring state for dc1_node2
[dc1_node2] Added localhost:50058 to ring. Ring now has 8 nodes
[dc1_node2] Join request from localhost:50058 (DC: DC1)
[dc1_node2] Join request from localhost:50058 (DC: DC1)
[dc1_node2] Join request from localhost:50059 (DC: DC1)
Added node localhost:50059 with 150 virtual nodes
[Config] Added localhost:50059 to DC1
[ConsistentHash] Saved ring state for dc1_node2
[dc1_node2] Added localhost:50059 to ring. Ring now has 9 nodes
[dc1_node2] Join request from localhost:50059 (DC: DC1)
[dc1_node2] Join request from localhost:50059 (DC: DC1)
[dc1_node2] Join request from localhost:50060 (DC: DC1)
Added node localhost:50060 with 150 virtual nodes
[Config] Added localhost:50060 to DC1
[ConsistentHash] Saved ring state for dc1_node2
[dc1_node2] Added localhost:50060 to ring. Ring now has 10 nodes
[dc1_node2] Join request from localhost:50061 (DC: DC1)
Added node localhost:50061 with 150 virtual nodes
[Config] Added localhost:50061 to DC1
[ConsistentHash] Saved ring state for dc1_node2
[dc1_node2] Added localhost:50061 to ring. Ring now has 11 nodes
[dc1_node2] Join request from localhost:50061 (DC: DC1)
[dc1_node2] Join request from localhost:50061 (DC: DC1)
[dc1_node2] Join request from localhost:50062 (DC: DC1)
Added node localhost:50062 with 150 virtual nodes
[Config] Added localhost:50062 to DC1
[ConsistentHash] Saved ring state for dc1_node2
[dc1_node2] Added localhost:50062 to ring. Ring now has 12 nodes
[dc1_node2] Join request from localhost:50062 (DC: DC1)
[dc1_node2] Join request from localhost:50062 (DC: DC1)
[dc1_node2] Join request from localhost:50063 (DC: DC1)
Added node localhost:50063 with 150 virtual nodes
[Config] Added localhost:50063 to DC1
[ConsistentHash] Saved ring state for dc1_node2
[dc1_node2] Added localhost:50063 to ring. Ring now has 13 nodes
[dc1_node2] Join request from localhost:50063 (DC: DC1)
[dc1_node2] Join request from localhost:50063 (DC: DC1)
[dc1_node2] Join request from localhost:50064 (DC: DC1)
Added node localhost:50064 with 150 virtual nodes
[Config] Added localhost:50064 to DC1
[ConsistentHash] Saved ring state for dc1_node2
[dc1_node2] Added localhost:50064 to ring. Ring now has 14 nodes
[dc1_node2] Join request from localhost:50064 (DC: DC1)
[dc1_node2] Join request from localhost:50064 (DC: DC1)
[dc1_node2] Join request from localhost:50064 (DC: DC1)
[dc1_node2] Join request from localhost:50065 (DC: DC1)
Added node localhost:50065 with 150 virtual nodes
[Config] Added localhost:50065 to DC1
[ConsistentHash] Saved ring state for dc1_node2
[dc1_node2] Added localhost:50065 to ring. Ring now has 15 nodes
[dc1_node2] Join request from localhost:50065 (DC: DC1)
[dc1_node2] Join request from localhost:50065 (DC: DC1)
[dc1_node2] Join request from localhost:50066 (DC: DC1)
Added node localhost:50066 with 150 virtual nodes
[Config] Added localhost:50066 to DC1
[ConsistentHash] Saved ring state for dc1_node2
[dc1_node2] Added localhost:50066 to ring. Ring now has 16 nodes
[dc1_node2] Join request from localhost:50066 (DC: DC1)
[dc1_node2] Join request from localhost:50066 (DC: DC1)
[Config] Added localhost:50060 to DC1
[Config] Added localhost:50065 to DC1
[Config] Added localhost:50066 to DC1
[Config] Added localhost:50053 to DC1
[Config] Added localhost:50056 to DC1
[Config] Added localhost:50059 to DC1
[Config] Added localhost:50064 to DC1
[Config] Added localhost:50063 to DC1
[Config] Added localhost:50054 to DC1
[Config] Added localhost:50058 to DC1
[Config] Added localhost:50055 to DC1
[Config] Added localhost:50061 to DC1
[Config] Added localhost:50062 to DC1
[Config] Added localhost:50057 to DC1
[dc1_node2] Round 2: discovered 14 new nodes, ring now has 16 nodes
[dc1_node2] Join request from localhost:50067 (DC: DC1)
Added node localhost:50067 with 150 virtual nodes
[Config] Added localhost:50067 to DC1
[ConsistentHash] Saved ring state for dc1_node2
[dc1_node2] Added localhost:50067 to ring. Ring now has 17 nodes
[dc1_node2] Join request from localhost:50067 (DC: DC1)
[dc1_node2] Join request from localhost:50068 (DC: DC1)
Added node localhost:50068 with 150 virtual nodes
[Config] Added localhost:50068 to DC1
[ConsistentHash] Saved ring state for dc1_node2
[dc1_node2] Added localhost:50068 to ring. Ring now has 18 nodes
[dc1_node2] Join request from localhost:50068 (DC: DC1)
[dc1_node2] Join request from localhost:50068 (DC: DC1)
[dc1_node2] Join request from localhost:50069 (DC: DC1)
Added node localhost:50069 with 150 virtual nodes
[Config] Added localhost:50069 to DC1
[dc1_node2] Join request from localhost:50069 (DC: DC1)
[ConsistentHash] Saved ring state for dc1_node2
[dc1_node2] Added localhost:50069 to ring. Ring now has 19 nodes
[dc1_node2] Join request from localhost:50070 (DC: DC1)
Added node localhost:50070 with 150 virtual nodes
[Config] Added localhost:50070 to DC1
[ConsistentHash] Saved ring state for dc1_node2
[dc1_node2] Added localhost:50070 to ring. Ring now has 20 nodes
[dc1_node2] Join request from localhost:50070 (DC: DC1)
[dc1_node2] Join request from localhost:50071 (DC: DC2)
Added node localhost:50071 with 150 virtual nodes
[Config] Added localhost:50071 to DC2
[ConsistentHash] Saved ring state for dc1_node2
[dc1_node2] Added localhost:50071 to ring. Ring now has 21 nodes
[dc1_node2] Join request from localhost:50071 (DC: DC2)
[dc1_node2] Join request from localhost:50071 (DC: DC2)
[dc1_node2] Join request from localhost:50071 (DC: DC2)
[dc1_node2] Join request from localhost:50071 (DC: DC2)
[dc1_node2] Join request from localhost:50072 (DC: DC2)
Added node localhost:50072 with 150 virtual nodes
[Config] Added localhost:50072 to DC2
[ConsistentHash] Saved ring state for dc1_node2
[dc1_node2] Added localhost:50072 to ring. Ring now has 22 nodes
[dc1_node2] Join request from localhost:50072 (DC: DC2)
[dc1_node2] Join request from localhost:50072 (DC: DC2)
[dc1_node2] Join request from localhost:50072 (DC: DC2)
[dc1_node2] Join request from localhost:50073 (DC: DC2)
Added node localhost:50073 with 150 virtual nodes
[Config] Added localhost:50073 to DC2
[ConsistentHash] Saved ring state for dc1_node2
[dc1_node2] Added localhost:50073 to ring. Ring now has 23 nodes
[dc1_node2] Join request from localhost:50073 (DC: DC2)
[dc1_node2] Join request from localhost:50073 (DC: DC2)
[dc1_node2] Join request from localhost:50073 (DC: DC2)
[dc1_node2] Join request from localhost:50073 (DC: DC2)
[dc1_node2] Join request from localhost:50073 (DC: DC2)
[dc1_node2] Join request from localhost:50074 (DC: DC2)
Added node localhost:50074 with 150 virtual nodes
[Config] Added localhost:50074 to DC2
[ConsistentHash] Saved ring state for dc1_node2
[dc1_node2] Added localhost:50074 to ring. Ring now has 24 nodes
[dc1_node2] Join request from localhost:50074 (DC: DC2)
[dc1_node2] Join request from localhost:50074 (DC: DC2)
[dc1_node2] Join request from localhost:50074 (DC: DC2)
[dc1_node2] Join request from localhost:50075 (DC: DC2)
Added node localhost:50075 with 150 virtual nodes
[Config] Added localhost:50075 to DC2
[ConsistentHash] Saved ring state for dc1_node2
[dc1_node2] Added localhost:50075 to ring. Ring now has 25 nodes
[dc1_node2] Join request from localhost:50075 (DC: DC2)
[dc1_node2] Join request from localhost:50075 (DC: DC2)
[dc1_node2] Join request from localhost:50076 (DC: DC2)
Added node localhost:50076 with 150 virtual nodes
[Config] Added localhost:50076 to DC2
[ConsistentHash] Saved ring state for dc1_node2
[dc1_node2] Added localhost:50076 to ring. Ring now has 26 nodes
[dc1_node2] Join request from localhost:50076 (DC: DC2)
[dc1_node2] Join request from localhost:50076 (DC: DC2)
[dc1_node2] Join request from localhost:50076 (DC: DC2)
[dc1_node2] Join request from localhost:50077 (DC: DC2)
Added node localhost:50077 with 150 virtual nodes
[Config] Added localhost:50077 to DC2
[ConsistentHash] Saved ring state for dc1_node2
[dc1_node2] Added localhost:50077 to ring. Ring now has 27 nodes
[dc1_node2] Join request from localhost:50077 (DC: DC2)
[dc1_node2] Join request from localhost:50078 (DC: DC2)
Added node localhost:50078 with 150 virtual nodes
[Config] Added localhost:50078 to DC2
[dc1_node2] Join request from localhost:50078 (DC: DC2)
[ConsistentHash] Saved ring state for dc1_node2
[dc1_node2] Added localhost:50078 to ring. Ring now has 28 nodes
[dc1_node2] Join request from localhost:50079 (DC: DC2)
Added node localhost:50079 with 150 virtual nodes
[Config] Added localhost:50079 to DC2
[ConsistentHash] Saved ring state for dc1_node2
[dc1_node2] Added localhost:50079 to ring. Ring now has 29 nodes
[dc1_node2] Join request from localhost:50079 (DC: DC2)
[dc1_node2] Join request from localhost:50080 (DC: DC2)
Added node localhost:50080 with 150 virtual nodes
[Config] Added localhost:50080 to DC2
[ConsistentHash] Saved ring state for dc1_node2
[dc1_node2] Added localhost:50080 to ring. Ring now has 30 nodes
[dc1_node2] Join request from localhost:50080 (DC: DC2)
[dc1_node2] Join request from localhost:50080 (DC: DC2)
[dc1_node2] Join request from localhost:50081 (DC: DC2)
Added node localhost:50081 with 150 virtual nodes
[Config] Added localhost:50081 to DC2
[ConsistentHash] Saved ring state for dc1_node2
[dc1_node2] Added localhost:50081 to ring. Ring now has 31 nodes
[dc1_node2] Join request from localhost:50081 (DC: DC2)
[dc1_node2] Join request from localhost:50081 (DC: DC2)
[dc1_node2] Join request from localhost:50081 (DC: DC2)
[Config] Added localhost:50081 to DC2
[Config] Added localhost:50068 to DC1
[Config] Added localhost:50067 to DC1
[Config] Added localhost:50069 to DC1
[Config] Added localhost:50071 to DC2
[Config] Added localhost:50080 to DC2
[Config] Added localhost:50070 to DC1
[Config] Added localhost:50072 to DC2
[Config] Added localhost:50073 to DC2
[Config] Added localhost:50076 to DC2
[Config] Added localhost:50074 to DC2
[Config] Added localhost:50075 to DC2
[Config] Added localhost:50079 to DC2
[Config] Added localhost:50078 to DC2
[Config] Added localhost:50077 to DC2
[dc1_node2] Round 3: discovered 15 new nodes, ring now has 31 nodes
[dc1_node2] Join request from localhost:50082 (DC: DC2)
Added node localhost:50082 with 150 virtual nodes
[Config] Added localhost:50082 to DC2
[ConsistentHash] Saved ring state for dc1_node2
[dc1_node2] Added localhost:50082 to ring. Ring now has 32 nodes
[dc1_node2] Join request from localhost:50082 (DC: DC2)
[dc1_node2] Join request from localhost:50083 (DC: DC2)
Added node localhost:50083 with 150 virtual nodes
[Config] Added localhost:50083 to DC2
[dc1_node2] Join request from localhost:50083 (DC: DC2)
[ConsistentHash] Saved ring state for dc1_node2
[dc1_node2] Added localhost:50083 to ring. Ring now has 33 nodes
[dc1_node2] Join request from localhost:50083 (DC: DC2)
[dc1_node2] Join request from localhost:50083 (DC: DC2)
[dc1_node2] Join request from localhost:50083 (DC: DC2)
[dc1_node2] Join request from localhost:50084 (DC: DC2)
Added node localhost:50084 with 150 virtual nodes
[Config] Added localhost:50084 to DC2
[ConsistentHash] Saved ring state for dc1_node2
[dc1_node2] Added localhost:50084 to ring. Ring now has 34 nodes
[dc1_node2] Join request from localhost:50084 (DC: DC2)
[dc1_node2] Join request from localhost:50084 (DC: DC2)
[dc1_node2] Join request from localhost:50084 (DC: DC2)
[dc1_node2] Join request from localhost:50085 (DC: DC2)
Added node localhost:50085 with 150 virtual nodes
[Config] Added localhost:50085 to DC2
[ConsistentHash] Saved ring state for dc1_node2
[dc1_node2] Added localhost:50085 to ring. Ring now has 35 nodes
[dc1_node2] Join request from localhost:50085 (DC: DC2)
[dc1_node2] Join request from localhost:50085 (DC: DC2)
[dc1_node2] Join request from localhost:50086 (DC: DC2)
Added node localhost:50086 with 150 virtual nodes
[Config] Added localhost:50086 to DC2
[ConsistentHash] Saved ring state for dc1_node2
[dc1_node2] Added localhost:50086 to ring. Ring now has 36 nodes
[dc1_node2] Join request from localhost:50086 (DC: DC2)
[dc1_node2] Join request from localhost:50087 (DC: DC2)
Added node localhost:50087 with 150 virtual nodes
[Config] Added localhost:50087 to DC2
[ConsistentHash] Saved ring state for dc1_node2
[dc1_node2] Added localhost:50087 to ring. Ring now has 37 nodes
[dc1_node2] Join request from localhost:50088 (DC: DC2)
Added node localhost:50088 with 150 virtual nodes
[Config] Added localhost:50088 to DC2
[dc1_node2] Join request from localhost:50088 (DC: DC2)
[ConsistentHash] Saved ring state for dc1_node2
[dc1_node2] Added localhost:50088 to ring. Ring now has 38 nodes
[dc1_node2] GetRing request from dc1_node9
[dc1_node2] Join request from localhost:50089 (DC: DC2)
Added node localhost:50089 with 150 virtual nodes
[Config] Added localhost:50089 to DC2
[ConsistentHash] Saved ring state for dc1_node2
[dc1_node2] Added localhost:50089 to ring. Ring now has 39 nodes
[dc1_node2] Join request from localhost:50089 (DC: DC2)
[dc1_node2] Join request from localhost:50089 (DC: DC2)
[dc1_node2] Join request from localhost:50089 (DC: DC2)
[dc1_node2] Join request from localhost:50089 (DC: DC2)
[dc1_node2] Join request from localhost:50089 (DC: DC2)
[dc1_node2] Join request from localhost:50089 (DC: DC2)
[dc1_node2] Join request from localhost:50089 (DC: DC2)
[dc1_node2] Join request from localhost:50090 (DC: DC2)
Added node localhost:50090 with 150 virtual nodes
[Config] Added localhost:50090 to DC2
[dc1_node2] Join request from localhost:50090 (DC: DC2)
[ConsistentHash] Saved ring state for dc1_node2
[dc1_node2] Added localhost:50090 to ring. Ring now has 40 nodes
[dc1_node2] Join request from localhost:50090 (DC: DC2)
[dc1_node2] Join request from localhost:50091 (DC: DC3)
Added node localhost:50091 with 150 virtual nodes
[Config] Added localhost:50091 to DC3
[ConsistentHash] Saved ring state for dc1_node2
[dc1_node2] Added localhost:50091 to ring. Ring now has 41 nodes
[dc1_node2] Join request from localhost:50091 (DC: DC3)
[dc1_node2] Join request from localhost:50092 (DC: DC3)
Added node localhost:50092 with 150 virtual nodes
[Config] Added localhost:50092 to DC3
[dc1_node2] Join request from localhost:50092 (DC: DC3)
[ConsistentHash] Saved ring state for dc1_node2
[dc1_node2] Added localhost:50092 to ring. Ring now has 42 nodes
[dc1_node2] Join request from localhost:50092 (DC: DC3)
[dc1_node2] Join request from localhost:50093 (DC: DC3)
Added node localhost:50093 with 150 virtual nodes
[Config] Added localhost:50093 to DC3
[dc1_node2] Join request from localhost:50093 (DC: DC3)
[ConsistentHash] Saved ring state for dc1_node2
[dc1_node2] Added localhost:50093 to ring. Ring now has 43 nodes
[dc1_node2] Join request from localhost:50094 (DC: DC3)
Added node localhost:50094 with 150 virtual nodes
[Config] Added localhost:50094 to DC3
[ConsistentHash] Saved ring state for dc1_node2
[dc1_node2] Added localhost:50094 to ring. Ring now has 44 nodes
[dc1_node2] Join request from localhost:50094 (DC: DC3)
[dc1_node2] GetRing request from dc1_node15
[dc1_node2] Join request from localhost:50095 (DC: DC3)
Added node localhost:50095 with 150 virtual nodes
[Config] Added localhost:50095 to DC3
[dc1_node2] Join request from localhost:50095 (DC: DC3)
[ConsistentHash] Saved ring state for dc1_node2
[dc1_node2] Added localhost:50095 to ring. Ring now has 45 nodes
[dc1_node2] Join request from localhost:50096 (DC: DC3)
Added node localhost:50096 with 150 virtual nodes
[Config] Added localhost:50096 to DC3
[ConsistentHash] Saved ring state for dc1_node2
[dc1_node2] Added localhost:50096 to ring. Ring now has 46 nodes
[dc1_node2] Join request from localhost:50096 (DC: DC3)
[dc1_node2] Join request from localhost:50096 (DC: DC3)
[dc1_node2] Join request from localhost:50096 (DC: DC3)
[dc1_node2] Join request from localhost:50096 (DC: DC3)
[dc1_node2] Join request from localhost:50096 (DC: DC3)
[Config] Added localhost:50087 to DC2
[Config] Added localhost:50096 to DC3
[Config] Added localhost:50089 to DC2
[Config] Added localhost:50088 to DC2
[Config] Added localhost:50086 to DC2
[Config] Added localhost:50090 to DC2
[Config] Added localhost:50082 to DC2
[Config] Added localhost:50091 to DC3
[Config] Added localhost:50085 to DC2
[Config] Added localhost:50092 to DC3
[Config] Added localhost:50093 to DC3
[Config] Added localhost:50084 to DC2
[Config] Added localhost:50083 to DC2
[Config] Added localhost:50095 to DC3
[Config] Added localhost:50094 to DC3
[dc1_node2] Round 4: discovered 15 new nodes, ring now has 46 nodes
[dc1_node2] Join request from localhost:50097 (DC: DC3)
Added node localhost:50097 with 150 virtual nodes
[Config] Added localhost:50097 to DC3
[ConsistentHash] Saved ring state for dc1_node2
[dc1_node2] Added localhost:50097 to ring. Ring now has 47 nodes
[dc1_node2] Join request from localhost:50097 (DC: DC3)
[dc1_node2] Join request from localhost:50097 (DC: DC3)
[dc1_node2] Join request from localhost:50098 (DC: DC3)
Added node localhost:50098 with 150 virtual nodes
[Config] Added localhost:50098 to DC3
[ConsistentHash] Saved ring state for dc1_node2
[dc1_node2] Added localhost:50098 to ring. Ring now has 48 nodes
[dc1_node2] Join request from localhost:50098 (DC: DC3)
[dc1_node2] Join request from localhost:50098 (DC: DC3)
[dc1_node2] Join request from localhost:50098 (DC: DC3)
[dc1_node2] Join request from localhost:50099 (DC: DC3)
Added node localhost:50099 with 150 virtual nodes
[Config] Added localhost:50099 to DC3
[ConsistentHash] Saved ring state for dc1_node2
[dc1_node2] Added localhost:50099 to ring. Ring now has 49 nodes
[dc1_node2] Join request from localhost:50099 (DC: DC3)
[dc1_node2] Join request from localhost:50100 (DC: DC3)
Added node localhost:50100 with 150 virtual nodes
[Config] Added localhost:50100 to DC3
[ConsistentHash] Saved ring state for dc1_node2
[dc1_node2] Added localhost:50100 to ring. Ring now has 50 nodes
[dc1_node2] Join request from localhost:50100 (DC: DC3)
[dc1_node2] Join request from localhost:50100 (DC: DC3)
[dc1_node2] Join request from localhost:50100 (DC: DC3)
[dc1_node2] Join request from localhost:50100 (DC: DC3)
[dc1_node2] GetRing request from dc2_node1
[dc1_node2] Join request from localhost:50102 (DC: DC3)
Added node localhost:50102 with 150 virtual nodes
[Config] Added localhost:50102 to DC3
[ConsistentHash] Saved ring state for dc1_node2
[dc1_node2] Added localhost:50102 to ring. Ring now has 51 nodes
[dc1_node2] Join request from localhost:50102 (DC: DC3)
[dc1_node2] Join request from localhost:50102 (DC: DC3)
[dc1_node2] Join request from localhost:50103 (DC: DC3)
Added node localhost:50103 with 150 virtual nodes
[Config] Added localhost:50103 to DC3
[dc1_node2] Join request from localhost:50103 (DC: DC3)
[ConsistentHash] Saved ring state for dc1_node2
[dc1_node2] Added localhost:50103 to ring. Ring now has 52 nodes
[dc1_node2] Join request from localhost:50104 (DC: DC3)
Added node localhost:50104 with 150 virtual nodes
[Config] Added localhost:50104 to DC3
[dc1_node2] Join request from localhost:50104 (DC: DC3)
[ConsistentHash] Saved ring state for dc1_node2
[dc1_node2] Added localhost:50104 to ring. Ring now has 53 nodes
[dc1_node2] Join request from localhost:50105 (DC: DC3)
Added node localhost:50105 with 150 virtual nodes
[Config] Added localhost:50105 to DC3
[dc1_node2] Join request from localhost:50105 (DC: DC3)
[ConsistentHash] Saved ring state for dc1_node2
[dc1_node2] Added localhost:50105 to ring. Ring now has 54 nodes
[dc1_node2] Join request from localhost:50105 (DC: DC3)
[dc1_node2] Join request from localhost:50105 (DC: DC3)
[dc1_node2] Join request from localhost:50105 (DC: DC3)
[dc1_node2] Join request from localhost:50105 (DC: DC3)
[dc1_node2] Join request from localhost:50105 (DC: DC3)
[dc1_node2] Join request from localhost:50106 (DC: DC3)
Added node localhost:50106 with 150 virtual nodes
[Config] Added localhost:50106 to DC3
[ConsistentHash] Saved ring state for dc1_node2
[dc1_node2] Added localhost:50106 to ring. Ring now has 55 nodes
[dc1_node2] Join request from localhost:50107 (DC: DC3)
Added node localhost:50107 with 150 virtual nodes
[Config] Added localhost:50107 to DC3
[ConsistentHash] Saved ring state for dc1_node2
[dc1_node2] Added localhost:50107 to ring. Ring now has 56 nodes
[dc1_node2] Join request from localhost:50107 (DC: DC3)
[dc1_node2] Join request from localhost:50107 (DC: DC3)
[dc1_node2] Join request from localhost:50107 (DC: DC3)
[dc1_node2] Join request from localhost:50108 (DC: DC3)
Added node localhost:50108 with 150 virtual nodes
[Config] Added localhost:50108 to DC3
[dc1_node2] Join request from localhost:50108 (DC: DC3)
[ConsistentHash] Saved ring state for dc1_node2
[dc1_node2] Added localhost:50108 to ring. Ring now has 57 nodes
[dc1_node2] Join request from localhost:50108 (DC: DC3)
[dc1_node2] Join request from localhost:50108 (DC: DC3)
[dc1_node2] GetRing request from dc1_node14
[dc1_node2] Join request from localhost:50109 (DC: DC3)
Added node localhost:50109 with 150 virtual nodes
[Config] Added localhost:50109 to DC3
[ConsistentHash] Saved ring state for dc1_node2
[dc1_node2] Added localhost:50109 to ring. Ring now has 58 nodes
[dc1_node2] Join request from localhost:50109 (DC: DC3)
[dc1_node2] Join request from localhost:50109 (DC: DC3)
[dc1_node2] Join request from localhost:50110 (DC: DC3)
Added node localhost:50110 with 150 virtual nodes
[Config] Added localhost:50110 to DC3
[ConsistentHash] Saved ring state for dc1_node2
[dc1_node2] Added localhost:50110 to ring. Ring now has 59 nodes
[dc1_node2] Join request from localhost:50110 (DC: DC3)
[dc1_node2] Join request from localhost:50111 (DC: DC4)
Added node localhost:50111 with 150 virtual nodes
[Config] Added localhost:50111 to DC4
[ConsistentHash] Saved ring state for dc1_node2
[dc1_node2] Added localhost:50111 to ring. Ring now has 60 nodes
[dc1_node2] Join request from localhost:50111 (DC: DC4)
[Config] Added localhost:50098 to DC3
[Config] Added localhost:50110 to DC3
[Config] Added localhost:50106 to DC3
[Config] Added localhost:50108 to DC3
Added node localhost:50101 with 150 virtual nodes
[Config] Added localhost:50101 to DC3
[Config] Added localhost:50104 to DC3
[Config] Added localhost:50111 to DC4
[Config] Added localhost:50097 to DC3
[Config] Added localhost:50102 to DC3
[Config] Added localhost:50100 to DC3
[Config] Added localhost:50099 to DC3
[Config] Added localhost:50109 to DC3
[Config] Added localhost:50103 to DC3
[Config] Added localhost:50105 to DC3
[Config] Added localhost:50107 to DC3
[dc1_node2] Round 5: discovered 15 new nodes, ring now has 61 nodes
[dc1_node2] GetRing request from dc2_node12
[dc1_node2] Join request from localhost:50112 (DC: DC4)
Added node localhost:50112 with 150 virtual nodes
[Config] Added localhost:50112 to DC4
[ConsistentHash] Saved ring state for dc1_node2
[dc1_node2] Added localhost:50112 to ring. Ring now has 62 nodes
[dc1_node2] Join request from localhost:50113 (DC: DC4)
Added node localhost:50113 with 150 virtual nodes
[Config] Added localhost:50113 to DC4
[ConsistentHash] Saved ring state for dc1_node2
[dc1_node2] Added localhost:50113 to ring. Ring now has 63 nodes
[dc1_node2] Join request from localhost:50114 (DC: DC4)
Added node localhost:50114 with 150 virtual nodes
[Config] Added localhost:50114 to DC4
[ConsistentHash] Saved ring state for dc1_node2
[dc1_node2] Added localhost:50114 to ring. Ring now has 64 nodes
[dc1_node2] Join request from localhost:50114 (DC: DC4)
[dc1_node2] GetRing request from dc2_node15
[dc1_node2] Join request from localhost:50115 (DC: DC4)
Added node localhost:50115 with 150 virtual nodes
[Config] Added localhost:50115 to DC4
[ConsistentHash] Saved ring state for dc1_node2
[dc1_node2] Added localhost:50115 to ring. Ring now has 65 nodes
[dc1_node2] GetRing request from dc2_node16
[dc1_node2] Join request from localhost:50116 (DC: DC4)
Added node localhost:50116 with 150 virtual nodes
[Config] Added localhost:50116 to DC4
[ConsistentHash] Saved ring state for dc1_node2
[dc1_node2] Added localhost:50116 to ring. Ring now has 66 nodes
[dc1_node2] Join request from localhost:50116 (DC: DC4)
[dc1_node2] Join request from localhost:50117 (DC: DC4)
Added node localhost:50117 with 150 virtual nodes
[Config] Added localhost:50117 to DC4
[ConsistentHash] Saved ring state for dc1_node2
[dc1_node2] Added localhost:50117 to ring. Ring now has 67 nodes
[dc1_node2] Join request from localhost:50117 (DC: DC4)
[dc1_node2] GetRing request from dc2_node18
[dc1_node2] Join request from localhost:50118 (DC: DC4)
Added node localhost:50118 with 150 virtual nodes
[Config] Added localhost:50118 to DC4
[ConsistentHash] Saved ring state for dc1_node2
[dc1_node2] Added localhost:50118 to ring. Ring now has 68 nodes
[dc1_node2] Join request from localhost:50118 (DC: DC4)
[dc1_node2] Join request from localhost:50120 (DC: DC4)
Added node localhost:50120 with 150 virtual nodes
[Config] Added localhost:50120 to DC4
[dc1_node2] Join request from localhost:50120 (DC: DC4)
[dc1_node2] Join request from localhost:50120 (DC: DC4)
[ConsistentHash] Saved ring state for dc1_node2
[dc1_node2] Added localhost:50120 to ring. Ring now has 69 nodes
[dc1_node2] Join request from localhost:50120 (DC: DC4)
[dc1_node2] Join request from localhost:50121 (DC: DC4)
Added node localhost:50121 with 150 virtual nodes
[Config] Added localhost:50121 to DC4
[ConsistentHash] Saved ring state for dc1_node2
[dc1_node2] Added localhost:50121 to ring. Ring now has 70 nodes
[dc1_node2] Join request from localhost:50121 (DC: DC4)
[dc1_node2] Join request from localhost:50121 (DC: DC4)
[dc1_node2] Join request from localhost:50122 (DC: DC4)
Added node localhost:50122 with 150 virtual nodes
[Config] Added localhost:50122 to DC4
[ConsistentHash] Saved ring state for dc1_node2
[dc1_node2] Added localhost:50122 to ring. Ring now has 71 nodes
[dc1_node2] GetRing request from dc2_node8
[dc1_node2] Join request from localhost:50123 (DC: DC4)
Added node localhost:50123 with 150 virtual nodes
[Config] Added localhost:50123 to DC4
[ConsistentHash] Saved ring state for dc1_node2
[dc1_node2] Added localhost:50123 to ring. Ring now has 72 nodes
[dc1_node2] Join request from localhost:50123 (DC: DC4)
[dc1_node2] Join request from localhost:50123 (DC: DC4)
[dc1_node2] Join request from localhost:50123 (DC: DC4)
[dc1_node2] Join request from localhost:50123 (DC: DC4)
[dc1_node2] Join request from localhost:50123 (DC: DC4)
[dc1_node2] Join request from localhost:50124 (DC: DC4)
Added node localhost:50124 with 150 virtual nodes
[Config] Added localhost:50124 to DC4
[ConsistentHash] Saved ring state for dc1_node2
[dc1_node2] Added localhost:50124 to ring. Ring now has 73 nodes
[dc1_node2] Join request from localhost:50124 (DC: DC4)
[dc1_node2] Join request from localhost:50124 (DC: DC4)
[dc1_node2] Join request from localhost:50124 (DC: DC4)
[dc1_node2] Join request from localhost:50125 (DC: DC4)
Added node localhost:50125 with 150 virtual nodes
[Config] Added localhost:50125 to DC4
[ConsistentHash] Saved ring state for dc1_node2
[dc1_node2] Added localhost:50125 to ring. Ring now has 74 nodes
[dc1_node2] Join request from localhost:50125 (DC: DC4)
[dc1_node2] Join request from localhost:50125 (DC: DC4)
[dc1_node2] Join request from localhost:50125 (DC: DC4)
[dc1_node2] Join request from localhost:50125 (DC: DC4)
[dc1_node2] Join request from localhost:50125 (DC: DC4)
[dc1_node2] Join request from localhost:50125 (DC: DC4)
[dc1_node2] Join request from localhost:50125 (DC: DC4)
[dc1_node2] GetRing request from dc2_node11
[dc1_node2] Join request from localhost:50126 (DC: DC4)
Added node localhost:50126 with 150 virtual nodes
[Config] Added localhost:50126 to DC4
[ConsistentHash] Saved ring state for dc1_node2
[dc1_node2] Added localhost:50126 to ring. Ring now has 75 nodes
[dc1_node2] Join request from localhost:50126 (DC: DC4)
[Config] Added localhost:50121 to DC4
[Config] Added localhost:50120 to DC4
[Config] Added localhost:50126 to DC4
[Config] Added localhost:50118 to DC4
[Config] Added localhost:50122 to DC4
[Config] Added localhost:50125 to DC4
[Config] Added localhost:50113 to DC4
[Config] Added localhost:50115 to DC4
[Config] Added localhost:50116 to DC4
[Config] Added localhost:50123 to DC4
[Config] Added localhost:50124 to DC4
[Config] Added localhost:50114 to DC4
[Config] Added localhost:50112 to DC4
[Config] Added localhost:50117 to DC4
Added node localhost:50119 with 150 virtual nodes
[Config] Added localhost:50119 to DC4
[dc1_node2] Round 6: discovered 15 new nodes, ring now has 76 nodes
[dc1_node2] Join request from localhost:50126 (DC: DC4)
[dc1_node2] Join request from localhost:50126 (DC: DC4)
[dc1_node2] Join request from localhost:50127 (DC: DC4)
Added node localhost:50127 with 150 virtual nodes
[Config] Added localhost:50127 to DC4
[ConsistentHash] Saved ring state for dc1_node2
[dc1_node2] Added localhost:50127 to ring. Ring now has 77 nodes
[dc1_node2] Join request from localhost:50128 (DC: DC4)
Added node localhost:50128 with 150 virtual nodes
[Config] Added localhost:50128 to DC4
[ConsistentHash] Saved ring state for dc1_node2
[dc1_node2] Added localhost:50128 to ring. Ring now has 78 nodes
[dc1_node2] Join request from localhost:50128 (DC: DC4)
[dc1_node2] Join request from localhost:50129 (DC: DC4)
Added node localhost:50129 with 150 virtual nodes
[Config] Added localhost:50129 to DC4
[ConsistentHash] Saved ring state for dc1_node2
[dc1_node2] Added localhost:50129 to ring. Ring now has 79 nodes
[dc1_node2] Join request from localhost:50129 (DC: DC4)
[dc1_node2] Join request from localhost:50129 (DC: DC4)
[dc1_node2] Join request from localhost:50130 (DC: DC4)
Added node localhost:50130 with 150 virtual nodes
[Config] Added localhost:50130 to DC4
[ConsistentHash] Saved ring state for dc1_node2
[dc1_node2] Added localhost:50130 to ring. Ring now has 80 nodes
[dc1_node2] Join request from localhost:50130 (DC: DC4)
[dc1_node2] Join request from localhost:50130 (DC: DC4)
[dc1_node2] Join request from localhost:50130 (DC: DC4)
[dc1_node2] Join request from localhost:50130 (DC: DC4)
[dc1_node2] Join request from localhost:50130 (DC: DC4)
[dc1_node2] Join request from localhost:50130 (DC: DC4)
[dc1_node2] Join request from localhost:50130 (DC: DC4)
[dc1_node2] Join request from localhost:50130 (DC: DC4)
[dc1_node2] Join request from localhost:50130 (DC: DC4)
[dc1_node2] Join request from localhost:50131 (DC: DC5)
Added node localhost:50131 with 150 virtual nodes
[Config] Added localhost:50131 to DC5
[ConsistentHash] Saved ring state for dc1_node2
[dc1_node2] Added localhost:50131 to ring. Ring now has 81 nodes
[dc1_node2] Join request from localhost:50131 (DC: DC5)
[dc1_node2] Join request from localhost:50131 (DC: DC5)
[dc1_node2] GetRing request from dc1_node8
[dc1_node2] Join request from localhost:50132 (DC: DC5)
Added node localhost:50132 with 150 virtual nodes
[Config] Added localhost:50132 to DC5
[dc1_node2] GetRing request from dc2_node3
[dc1_node2] Join request from localhost:50132 (DC: DC5)
[ConsistentHash] Saved ring state for dc1_node2
[dc1_node2] Added localhost:50132 to ring. Ring now has 82 nodes
[dc1_node2] Join request from localhost:50132 (DC: DC5)
[dc1_node2] Join request from localhost:50133 (DC: DC5)
Added node localhost:50133 with 150 virtual nodes
[Config] Added localhost:50133 to DC5
[ConsistentHash] Saved ring state for dc1_node2
[dc1_node2] Added localhost:50133 to ring. Ring now has 83 nodes
[dc1_node2] Join request from localhost:50133 (DC: DC5)
[dc1_node2] Join request from localhost:50134 (DC: DC5)
Added node localhost:50134 with 150 virtual nodes
[Config] Added localhost:50134 to DC5
[ConsistentHash] Saved ring state for dc1_node2
[dc1_node2] Added localhost:50134 to ring. Ring now has 84 nodes
[dc1_node2] Join request from localhost:50134 (DC: DC5)
[dc1_node2] Join request from localhost:50134 (DC: DC5)
[dc1_node2] Join request from localhost:50134 (DC: DC5)
[dc1_node2] Join request from localhost:50135 (DC: DC5)
Added node localhost:50135 with 150 virtual nodes
[Config] Added localhost:50135 to DC5
[ConsistentHash] Saved ring state for dc1_node2
[dc1_node2] Added localhost:50135 to ring. Ring now has 85 nodes
[dc1_node2] Join request from localhost:50136 (DC: DC5)
Added node localhost:50136 with 150 virtual nodes
[Config] Added localhost:50136 to DC5
[ConsistentHash] Saved ring state for dc1_node2
[dc1_node2] Added localhost:50136 to ring. Ring now has 86 nodes
[dc1_node2] Join request from localhost:50136 (DC: DC5)
[dc1_node2] Join request from localhost:50136 (DC: DC5)
[dc1_node2] Join request from localhost:50137 (DC: DC5)
Added node localhost:50137 with 150 virtual nodes
[Config] Added localhost:50137 to DC5
[ConsistentHash] Saved ring state for dc1_node2
[dc1_node2] Added localhost:50137 to ring. Ring now has 87 nodes
[dc1_node2] Join request from localhost:50137 (DC: DC5)
[dc1_node2] GetRing request from dc2_node9
[dc1_node2] Join request from localhost:50138 (DC: DC5)
Added node localhost:50138 with 150 virtual nodes
[Config] Added localhost:50138 to DC5
[dc1_node2] Join request from localhost:50138 (DC: DC5)
[ConsistentHash] Saved ring state for dc1_node2
[dc1_node2] Added localhost:50138 to ring. Ring now has 88 nodes
[dc1_node2] Join request from localhost:50139 (DC: DC5)
Added node localhost:50139 with 150 virtual nodes
[Config] Added localhost:50139 to DC5
[ConsistentHash] Saved ring state for dc1_node2
[dc1_node2] Added localhost:50139 to ring. Ring now has 89 nodes
Added node localhost:50140 with 150 virtual nodes
[Config] Added localhost:50140 to DC5
[Config] Added localhost:50127 to DC4
[Config] Added localhost:50138 to DC5
[Config] Added localhost:50131 to DC5
[Config] Added localhost:50137 to DC5
[Config] Added localhost:50132 to DC5
[Config] Added localhost:50129 to DC4
Added node localhost:50141 with 150 virtual nodes
[Config] Added localhost:50141 to DC5
[Config] Added localhost:50130 to DC4
[Config] Added localhost:50133 to DC5
[Config] Added localhost:50128 to DC4
[Config] Added localhost:50139 to DC5
[Config] Added localhost:50136 to DC5
[Config] Added localhost:50134 to DC5
[Config] Added localhost:50135 to DC5
[dc1_node2] Round 7: discovered 15 new nodes, ring now has 91 nodes
[dc1_node2] Join request from localhost:50141 (DC: DC5)
[dc1_node2] Join request from localhost:50142 (DC: DC5)
Added node localhost:50142 with 150 virtual nodes
[Config] Added localhost:50142 to DC5
[ConsistentHash] Saved ring state for dc1_node2
[dc1_node2] Added localhost:50142 to ring. Ring now has 92 nodes
[dc1_node2] Join request from localhost:50142 (DC: DC5)
[dc1_node2] Join request from localhost:50142 (DC: DC5)
[dc1_node2] Join request from localhost:50142 (DC: DC5)
[dc1_node2] Join request from localhost:50143 (DC: DC5)
Added node localhost:50143 with 150 virtual nodes
[Config] Added localhost:50143 to DC5
[ConsistentHash] Saved ring state for dc1_node2
[dc1_node2] Added localhost:50143 to ring. Ring now has 93 nodes
[dc1_node2] Join request from localhost:50143 (DC: DC5)
[dc1_node2] Join request from localhost:50144 (DC: DC5)
Added node localhost:50144 with 150 virtual nodes
[Config] Added localhost:50144 to DC5
[dc1_node2] Join request from localhost:50144 (DC: DC5)
[ConsistentHash] Saved ring state for dc1_node2
[dc1_node2] Added localhost:50144 to ring. Ring now has 94 nodes
[dc1_node2] Join request from localhost:50144 (DC: DC5)
[dc1_node2] Join request from localhost:50144 (DC: DC5)
[dc1_node2] Join request from localhost:50145 (DC: DC5)
Added node localhost:50145 with 150 virtual nodes
[Config] Added localhost:50145 to DC5
[ConsistentHash] Saved ring state for dc1_node2
[dc1_node2] Added localhost:50145 to ring. Ring now has 95 nodes
[dc1_node2] Join request from localhost:50146 (DC: DC5)
Added node localhost:50146 with 150 virtual nodes
[Config] Added localhost:50146 to DC5
[dc1_node2] Join request from localhost:50146 (DC: DC5)
[ConsistentHash] Saved ring state for dc1_node2
[dc1_node2] Added localhost:50146 to ring. Ring now has 96 nodes
[dc1_node2] GetRing request from dc2_node18
[dc1_node2] GetRing request from dc4_node8
[dc1_node2] Join request from localhost:50147 (DC: DC5)
Added node localhost:50147 with 150 virtual nodes
[Config] Added localhost:50147 to DC5
[dc1_node2] Join request from localhost:50148 (DC: DC5)
Added node localhost:50148 with 150 virtual nodes
[Config] Added localhost:50148 to DC5
[dc1_node2] Join request from localhost:50147 (DC: DC5)
[dc1_node2] GetRing request from dc2_node19
[ConsistentHash] Saved ring state for dc1_node2
[dc1_node2] Added localhost:50147 to ring. Ring now has 98 nodes
[ConsistentHash] Error saving ring state: [Errno 2] No such file or directory: 'data/dc1_node2_ring.json.tmp' -> 'data/dc1_node2_ring.json'
[dc1_node2] Added localhost:50148 to ring. Ring now has 98 nodes
[dc1_node2] Join request from localhost:50148 (DC: DC5)
[dc1_node2] Join request from localhost:50149 (DC: DC5)
Added node localhost:50149 with 150 virtual nodes
[Config] Added localhost:50149 to DC5
[dc1_node2] Join request from localhost:50149 (DC: DC5)
[dc1_node2] Join request from localhost:50149 (DC: DC5)
[ConsistentHash] Saved ring state for dc1_node2
[dc1_node2] Added localhost:50149 to ring. Ring now has 99 nodes
[dc1_node2] Join request from localhost:50149 (DC: DC5)
[dc1_node2] Join request from localhost:50149 (DC: DC5)
[dc1_node2] Join request from localhost:50150 (DC: DC5)
Added node localhost:50150 with 150 virtual nodes
[Config] Added localhost:50150 to DC5
[dc1_node2] Join request from localhost:50150 (DC: DC5)
[ConsistentHash] Saved ring state for dc1_node2
[dc1_node2] Added localhost:50150 to ring. Ring now has 100 nodes
[dc1_node2] Join request from localhost:50151 (DC: DC6)
Added node localhost:50151 with 150 virtual nodes
[Config] Added localhost:50151 to DC6
[dc1_node2] Join request from localhost:50151 (DC: DC6)
[dc1_node2] Join request from localhost:50151 (DC: DC6)
[dc1_node2] Join request from localhost:50151 (DC: DC6)
[ConsistentHash] Saved ring state for dc1_node2
[dc1_node2] Added localhost:50151 to ring. Ring now has 101 nodes
[dc1_node2] Join request from localhost:50151 (DC: DC6)
[dc1_node2] Join request from localhost:50151 (DC: DC6)
[dc1_node2] Join request from localhost:50152 (DC: DC6)
Added node localhost:50152 with 150 virtual nodes
[Config] Added localhost:50152 to DC6
[ConsistentHash] Saved ring state for dc1_node2
[dc1_node2] Added localhost:50152 to ring. Ring now has 102 nodes
[dc1_node2] Join request from localhost:50152 (DC: DC6)
[dc1_node2] Join request from localhost:50153 (DC: DC6)
Added node localhost:50153 with 150 virtual nodes
[Config] Added localhost:50153 to DC6
[dc1_node2] Join request from localhost:50153 (DC: DC6)
[ConsistentHash] Saved ring state for dc1_node2
[dc1_node2] Added localhost:50153 to ring. Ring now has 103 nodes
[dc1_node2] Join request from localhost:50154 (DC: DC6)
Added node localhost:50154 with 150 virtual nodes
[Config] Added localhost:50154 to DC6
[ConsistentHash] Saved ring state for dc1_node2
[dc1_node2] Added localhost:50154 to ring. Ring now has 104 nodes
[dc1_node2] Join request from localhost:50154 (DC: DC6)
[dc1_node2] Join request from localhost:50155 (DC: DC6)
Added node localhost:50155 with 150 virtual nodes
[Config] Added localhost:50155 to DC6
[Config] Added localhost:50151 to DC6
[Config] Added localhost:50155 to DC6
[Config] Added localhost:50143 to DC5
[Config] Added localhost:50150 to DC5
[Config] Added localhost:50153 to DC6
[Config] Added localhost:50149 to DC5
[Config] Added localhost:50145 to DC5
[Config] Added localhost:50142 to DC5
[Config] Added localhost:50146 to DC5
[Config] Added localhost:50148 to DC5
[Config] Added localhost:50147 to DC5
[Config] Added localhost:50152 to DC6
[Config] Added localhost:50144 to DC5
[dc1_node2] Join request from localhost:50154 (DC: DC6)
[Config] Added localhost:50154 to DC6
Added node localhost:50156 with 150 virtual nodes
[Config] Added localhost:50156 to DC6
[dc1_node2] Round 8: discovered 15 new nodes, ring now has 106 nodes
[dc1_node2] Join request from localhost:50155 (DC: DC6)
[dc1_node2] Join request from localhost:50155 (DC: DC6)
[ConsistentHash] Saved ring state for dc1_node2
[dc1_node2] Added localhost:50155 to ring. Ring now has 106 nodes
[ConsistentHash] Error saving ring state: [Errno 2] No such file or directory: 'data/dc1_node2_ring.json.tmp' -> 'data/dc1_node2_ring.json'
[dc1_node2] Discovery complete: ring contains 106 nodes
[dc1_node2] Join request from localhost:50156 (DC: DC6)
[dc1_node2] Join request from localhost:50156 (DC: DC6)
[dc1_node2] Join request from localhost:50155 (DC: DC6)
[dc1_node2] Join request from localhost:50156 (DC: DC6)
[dc1_node2] GetRing request from dc1_node4
[dc1_node2] Join request from localhost:50156 (DC: DC6)
[dc1_node2] Join request from localhost:50156 (DC: DC6)
[dc1_node2] Join request from localhost:50158 (DC: DC6)
Added node localhost:50158 with 150 virtual nodes
[Config] Added localhost:50158 to DC6
[ConsistentHash] Saved ring state for dc1_node2
[dc1_node2] Added localhost:50158 to ring. Ring now has 107 nodes
[dc1_node2] Join request from localhost:50156 (DC: DC6)
[dc1_node2] Join request from localhost:50157 (DC: DC6)
Added node localhost:50157 with 150 virtual nodes
[Config] Added localhost:50157 to DC6
[dc1_node2] Join request from localhost:50159 (DC: DC6)
Added node localhost:50159 with 150 virtual nodes
[Config] Added localhost:50159 to DC6
[ConsistentHash] Saved ring state for dc1_node2
[dc1_node2] Added localhost:50157 to ring. Ring now has 109 nodes
[dc1_node2] Join request from localhost:50158 (DC: DC6)
[ConsistentHash] Saved ring state for dc1_node2
[dc1_node2] Added localhost:50159 to ring. Ring now has 109 nodes
[dc1_node2] Join request from localhost:50157 (DC: DC6)
[dc1_node2] Join request from localhost:50158 (DC: DC6)
[dc1_node2] Join request from localhost:50158 (DC: DC6)
[dc1_node2] GetRing request from dc2_node18
[dc1_node2] Join request from localhost:50160 (DC: DC6)
Added node localhost:50160 with 150 virtual nodes
[Config] Added localhost:50160 to DC6
[dc1_node2] Join request from localhost:50160 (DC: DC6)
[ConsistentHash] Saved ring state for dc1_node2
[dc1_node2] Added localhost:50160 to ring. Ring now has 110 nodes
[dc1_node2] Join request from localhost:50161 (DC: DC6)
Added node localhost:50161 with 150 virtual nodes
[Config] Added localhost:50161 to DC6
[dc1_node2] Join request from localhost:50161 (DC: DC6)
[dc1_node2] Join request from localhost:50162 (DC: DC6)
Added node localhost:50162 with 150 virtual nodes
[Config] Added localhost:50162 to DC6
[ConsistentHash] Saved ring state for dc1_node2
[dc1_node2] Added localhost:50161 to ring. Ring now has 112 nodes
[ConsistentHash] Error saving ring state: [Errno 2] No such file or directory: 'data/dc1_node2_ring.json.tmp' -> 'data/dc1_node2_ring.json'
[dc1_node2] Added localhost:50162 to ring. Ring now has 112 nodes
[dc1_node2] Join request from localhost:50162 (DC: DC6)
[dc1_node2] Join request from localhost:50162 (DC: DC6)
[dc1_node2] Join request from localhost:50162 (DC: DC6)
[dc1_node2] Join request from localhost:50163 (DC: DC6)
Added node localhost:50163 with 150 virtual nodes
[Config] Added localhost:50163 to DC6
[ConsistentHash] Saved ring state for dc1_node2
[dc1_node2] Added localhost:50163 to ring. Ring now has 113 nodes
[dc1_node2] Join request from localhost:50162 (DC: DC6)
[dc1_node2] GetRing request from dc1_node12
[dc1_node2] GetRing request from dc5_node8
[dc1_node2] Join request from localhost:50164 (DC: DC6)
Added node localhost:50164 with 150 virtual nodes
[Config] Added localhost:50164 to DC6
[ConsistentHash] Saved ring state for dc1_node2
[dc1_node2] Added localhost:50164 to ring. Ring now has 114 nodes
[dc1_node2] Join request from localhost:50165 (DC: DC6)
Added node localhost:50165 with 150 virtual nodes
[Config] Added localhost:50165 to DC6
[dc1_node2] Join request from localhost:50165 (DC: DC6)
[dc1_node2] Join request from localhost:50165 (DC: DC6)
[dc1_node2] Join request from localhost:50167 (DC: DC6)
Added node localhost:50167 with 150 virtual nodes
[Config] Added localhost:50167 to DC6
[dc1_node2] Join request from localhost:50166 (DC: DC6)
Added node localhost:50166 with 150 virtual nodes
[Config] Added localhost:50166 to DC6
[ConsistentHash] Saved ring state for dc1_node2
[dc1_node2] Added localhost:50165 to ring. Ring now has 117 nodes
[dc1_node2] Join request from localhost:50166 (DC: DC6)
[dc1_node2] Join request from localhost:50166 (DC: DC6)
[ConsistentHash] Error saving ring state: [Errno 2] No such file or directory: 'data/dc1_node2_ring.json.tmp' -> 'data/dc1_node2_ring.json'
[dc1_node2] Added localhost:50167 to ring. Ring now has 117 nodes
[ConsistentHash] Error saving ring state: [Errno 2] No such file or directory: 'data/dc1_node2_ring.json.tmp' -> 'data/dc1_node2_ring.json'
[dc1_node2] Added localhost:50166 to ring. Ring now has 117 nodes
[dc1_node2] Join request from localhost:50166 (DC: DC6)
[dc1_node2] Join request from localhost:50168 (DC: DC6)
Added node localhost:50168 with 150 virtual nodes
[Config] Added localhost:50168 to DC6
[dc1_node2] Join request from localhost:50168 (DC: DC6)
[ConsistentHash] Saved ring state for dc1_node2
[dc1_node2] Added localhost:50168 to ring. Ring now has 118 nodes
[dc1_node2] Join request from localhost:50167 (DC: DC6)
[dc1_node2] GetRing request from dc4_node19
[dc1_node2] Join request from localhost:50169 (DC: DC6)
Added node localhost:50169 with 150 virtual nodes
[Config] Added localhost:50169 to DC6
[ConsistentHash] Saved ring state for dc1_node2
[dc1_node2] Added localhost:50169 to ring. Ring now has 119 nodes
[dc1_node2] Join request from localhost:50173 (DC: DC7)
Added node localhost:50173 with 150 virtual nodes
[Config] Added localhost:50173 to DC7
[ConsistentHash] Saved ring state for dc1_node2
[dc1_node2] Added localhost:50173 to ring. Ring now has 120 nodes
[dc1_node2] Join request from localhost:50170 (DC: DC6)
Added node localhost:50170 with 150 virtual nodes
[Config] Added localhost:50170 to DC6
[dc1_node2] Join request from localhost:50171 (DC: DC7)
Added node localhost:50171 with 150 virtual nodes
[Config] Added localhost:50171 to DC7
[ConsistentHash] Saved ring state for dc1_node2
[dc1_node2] Added localhost:50170 to ring. Ring now has 122 nodes
[dc1_node2] Join request from localhost:50173 (DC: DC7)
[ConsistentHash] Saved ring state for dc1_node2
[dc1_node2] Added localhost:50171 to ring. Ring now has 122 nodes
[dc1_node2] Join request from localhost:50170 (DC: DC6)
[dc1_node2] Join request from localhost:50172 (DC: DC7)
Added node localhost:50172 with 150 virtual nodes
[Config] Added localhost:50172 to DC7
[dc1_node2] Join request from localhost:50176 (DC: DC7)
Added node localhost:50176 with 150 virtual nodes
[Config] Added localhost:50176 to DC7
[ConsistentHash] Error saving ring state: dictionary changed size during iteration
[dc1_node2] Added localhost:50172 to ring. Ring now has 124 nodes
[dc1_node2] Join request from localhost:50175 (DC: DC7)
Added node localhost:50175 with 150 virtual nodes
[Config] Added localhost:50175 to DC7
[ConsistentHash] Saved ring state for dc1_node2
[dc1_node2] Added localhost:50176 to ring. Ring now has 125 nodes
[dc1_node2] Join request from localhost:50174 (DC: DC7)
Added node localhost:50174 with 150 virtual nodes
[Config] Added localhost:50174 to DC7
[ConsistentHash] Saved ring state for dc1_node2
[dc1_node2] Added localhost:50174 to ring. Ring now has 126 nodes
[dc1_node2] Join request from localhost:50176 (DC: DC7)
[ConsistentHash] Error saving ring state: [Errno 2] No such file or directory: 'data/dc1_node2_ring.json.tmp' -> 'data/dc1_node2_ring.json'
[dc1_node2] Added localhost:50175 to ring. Ring now has 126 nodes
[dc1_node2] Join request from localhost:50176 (DC: DC7)
[dc1_node2] Join request from localhost:50174 (DC: DC7)
[dc1_node2] Join request from localhost:50178 (DC: DC7)
Added node localhost:50178 with 150 virtual nodes
[Config] Added localhost:50178 to DC7
[dc1_node2] Join request from localhost:50177 (DC: DC7)
Added node localhost:50177 with 150 virtual nodes
[Config] Added localhost:50177 to DC7
[dc1_node2] Join request from localhost:50178 (DC: DC7)
[ConsistentHash] Saved ring state for dc1_node2
[dc1_node2] Added localhost:50177 to ring. Ring now has 128 nodes
[dc1_node2] Join request from localhost:50174 (DC: DC7)
[dc1_node2] Join request from localhost:50177 (DC: DC7)
[dc1_node2] Join request from localhost:50178 (DC: DC7)
[ConsistentHash] Saved ring state for dc1_node2
[dc1_node2] Added localhost:50178 to ring. Ring now has 128 nodes
[dc1_node2] Join request from localhost:50178 (DC: DC7)
[dc1_node2] Join request from localhost:50176 (DC: DC7)
[dc1_node2] Join request from localhost:50178 (DC: DC7)
[dc1_node2] Join request from localhost:50182 (DC: DC7)
Added node localhost:50182 with 150 virtual nodes
[Config] Added localhost:50182 to DC7
[dc1_node2] Join request from localhost:50183 (DC: DC7)
Added node localhost:50183 with 150 virtual nodes
[Config] Added localhost:50183 to DC7
[dc1_node2] Join request from localhost:50179 (DC: DC7)
Added node localhost:50179 with 150 virtual nodes
[Config] Added localhost:50179 to DC7
[ConsistentHash] Saved ring state for dc1_node2
[dc1_node2] Added localhost:50182 to ring. Ring now has 131 nodes
[ConsistentHash] Error saving ring state: [Errno 2] No such file or directory: 'data/dc1_node2_ring.json.tmp' -> 'data/dc1_node2_ring.json'
[dc1_node2] Added localhost:50183 to ring. Ring now has 131 nodes
[ConsistentHash] Error saving ring state: [Errno 2] No such file or directory: 'data/dc1_node2_ring.json.tmp' -> 'data/dc1_node2_ring.json'
[dc1_node2] Added localhost:50179 to ring. Ring now has 131 nodes
[dc1_node2] Join request from localhost:50183 (DC: DC7)
[dc1_node2] Join request from localhost:50184 (DC: DC7)
Added node localhost:50184 with 150 virtual nodes
[Config] Added localhost:50184 to DC7
[dc1_node2] Join request from localhost:50183 (DC: DC7)
[dc1_node2] Join request from localhost:50179 (DC: DC7)
[dc1_node2] Join request from localhost:50183 (DC: DC7)
[dc1_node2] Join request from localhost:50183 (DC: DC7)
[ConsistentHash] Saved ring state for dc1_node2
[dc1_node2] Added localhost:50184 to ring. Ring now has 132 nodes
[dc1_node2] Join request from localhost:50181 (DC: DC7)
Added node localhost:50181 with 150 virtual nodes
[Config] Added localhost:50181 to DC7
[dc1_node2] Join request from localhost:50184 (DC: DC7)
[dc1_node2] Join request from localhost:50184 (DC: DC7)
[ConsistentHash] Saved ring state for dc1_node2
[dc1_node2] Added localhost:50181 to ring. Ring now has 133 nodes
[dc1_node2] Join request from localhost:50187 (DC: DC7)
Added node localhost:50187 with 150 virtual nodes
[Config] Added localhost:50187 to DC7
[dc1_node2] GetRing request from dc4_node12
[ConsistentHash] Saved ring state for dc1_node2
[dc1_node2] Added localhost:50187 to ring. Ring now has 134 nodes
[dc1_node2] Join request from localhost:50188 (DC: DC7)
Added node localhost:50188 with 150 virtual nodes
[Config] Added localhost:50188 to DC7
[dc1_node2] Join request from localhost:50188 (DC: DC7)
[dc1_node2] Join request from localhost:50187 (DC: DC7)
[dc1_node2] Join request from localhost:50186 (DC: DC7)
Added node localhost:50186 with 150 virtual nodes
[Config] Added localhost:50186 to DC7
[ConsistentHash] Saved ring state for dc1_node2
[dc1_node2] Added localhost:50186 to ring. Ring now has 136 nodes
[ConsistentHash] Error saving ring state: [Errno 2] No such file or directory: 'data/dc1_node2_ring.json.tmp' -> 'data/dc1_node2_ring.json'
[dc1_node2] Added localhost:50188 to ring. Ring now has 136 nodes
[dc1_node2] Join request from localhost:50192 (DC: DC8)
Added node localhost:50192 with 150 virtual nodes
[Config] Added localhost:50192 to DC8
[dc1_node2] Join request from localhost:50192 (DC: DC8)
[dc1_node2] Join request from localhost:50195 (DC: DC8)
Added node localhost:50195 with 150 virtual nodes
[Config] Added localhost:50195 to DC8
[dc1_node2] Join request from localhost:50187 (DC: DC7)
[ConsistentHash] Saved ring state for dc1_node2
[dc1_node2] Added localhost:50192 to ring. Ring now has 138 nodes
[dc1_node2] Join request from localhost:50185 (DC: DC7)
Added node localhost:50185 with 150 virtual nodes
[Config] Added localhost:50185 to DC7
[dc1_node2] Join request from localhost:50191 (DC: DC8)
Added node localhost:50191 with 150 virtual nodes
[Config] Added localhost:50191 to DC8
[ConsistentHash] Saved ring state for dc1_node2
[dc1_node2] Added localhost:50195 to ring. Ring now has 140 nodes
[dc1_node2] Join request from localhost:50192 (DC: DC8)
[dc1_node2] Join request from localhost:50190 (DC: DC7)
Added node localhost:50190 with 150 virtual nodes
[Config] Added localhost:50190 to DC7
[dc1_node2] Join request from localhost:50191 (DC: DC8)
[ConsistentHash] Saved ring state for dc1_node2
[dc1_node2] Added localhost:50191 to ring. Ring now has 141 nodes
[ConsistentHash] Error saving ring state: [Errno 2] No such file or directory: 'data/dc1_node2_ring.json.tmp' -> 'data/dc1_node2_ring.json'
[dc1_node2] Added localhost:50190 to ring. Ring now has 141 nodes
[dc1_node2] Join request from localhost:50195 (DC: DC8)
[dc1_node2] Join request from localhost:50199 (DC: DC8)
Added node localhost:50199 with 150 virtual nodes
[Config] Added localhost:50199 to DC8
[dc1_node2] Join request from localhost:50195 (DC: DC8)
[ConsistentHash] Error saving ring state: [Errno 2] No such file or directory: 'data/dc1_node2_ring.json.tmp' -> 'data/dc1_node2_ring.json'
[dc1_node2] Added localhost:50185 to ring. Ring now has 142 nodes
[dc1_node2] GetRing request from dc4_node9
[dc1_node2] Join request from localhost:50189 (DC: DC7)
Added node localhost:50189 with 150 virtual nodes
[Config] Added localhost:50189 to DC7
[ConsistentHash] Saved ring state for dc1_node2
[dc1_node2] Added localhost:50189 to ring. Ring now has 143 nodes
[dc1_node2] Join request from localhost:50191 (DC: DC8)
[dc1_node2] GetRing request from dc7_node8
[dc1_node2] Join request from localhost:50199 (DC: DC8)
[ConsistentHash] Saved ring state for dc1_node2
[dc1_node2] Added localhost:50199 to ring. Ring now has 143 nodes
[dc1_node2] Join request from localhost:50197 (DC: DC8)
Added node localhost:50197 with 150 virtual nodes
[Config] Added localhost:50197 to DC8
[dc1_node2] Join request from localhost:50201 (DC: DC8)
Added node localhost:50201 with 150 virtual nodes
[Config] Added localhost:50201 to DC8
[ConsistentHash] Saved ring state for dc1_node2
[dc1_node2] Added localhost:50197 to ring. Ring now has 145 nodes
[dc1_node2] Join request from localhost:50206 (DC: DC8)
Added node localhost:50206 with 150 virtual nodes
[Config] Added localhost:50206 to DC8
[ConsistentHash] Saved ring state for dc1_node2
[dc1_node2] Added localhost:50201 to ring. Ring now has 146 nodes
[ConsistentHash] Error saving ring state: [Errno 2] No such file or directory: 'data/dc1_node2_ring.json.tmp' -> 'data/dc1_node2_ring.json'
[dc1_node2] Added localhost:50206 to ring. Ring now has 146 nodes
[dc1_node2] Join request from localhost:50197 (DC: DC8)
[dc1_node2] Join request from localhost:50201 (DC: DC8)
[dc1_node2] Join request from localhost:50204 (DC: DC8)
Added node localhost:50204 with 150 virtual nodes
[Config] Added localhost:50204 to DC8
[dc1_node2] Join request from localhost:50199 (DC: DC8)
[ConsistentHash] Saved ring state for dc1_node2
[dc1_node2] Added localhost:50204 to ring. Ring now has 147 nodes
[dc1_node2] Join request from localhost:50203 (DC: DC8)
Added node localhost:50203 with 150 virtual nodes
[Config] Added localhost:50203 to DC8
[dc1_node2] Join request from localhost:50209 (DC: DC8)
Added node localhost:50209 with 150 virtual nodes
[Config] Added localhost:50209 to DC8
[ConsistentHash] Saved ring state for dc1_node2
[dc1_node2] Added localhost:50203 to ring. Ring now has 149 nodes
[dc1_node2] Join request from localhost:50211 (DC: DC9)
Added node localhost:50211 with 150 virtual nodes
[Config] Added localhost:50211 to DC9
[dc1_node2] Join request from localhost:50207 (DC: DC8)
Added node localhost:50207 with 150 virtual nodes
[Config] Added localhost:50207 to DC8
[ConsistentHash] Error saving ring state: dictionary changed size during iteration
[dc1_node2] Added localhost:50211 to ring. Ring now has 151 nodes
[ConsistentHash] Saved ring state for dc1_node2
[dc1_node2] Added localhost:50207 to ring. Ring now has 151 nodes
[ConsistentHash] Saved ring state for dc1_node2
[dc1_node2] Added localhost:50209 to ring. Ring now has 151 nodes
[dc1_node2] Join request from localhost:50209 (DC: DC8)
[dc1_node2] GetRing request from dc8_node6
[dc1_node2] GetRing request from dc6_node18
[dc1_node2] GetRing request from dc6_node5
[dc1_node2] Join request from localhost:50209 (DC: DC8)
[dc1_node2] Join request from localhost:50214 (DC: DC9)
Added node localhost:50214 with 150 virtual nodes
[Config] Added localhost:50214 to DC9
[dc1_node2] Join request from localhost:50218 (DC: DC9)
Added node localhost:50218 with 150 virtual nodes
[Config] Added localhost:50218 to DC9
[dc1_node2] Join request from localhost:50211 (DC: DC9)
[dc1_node2] Join request from localhost:50217 (DC: DC9)
Added node localhost:50217 with 150 virtual nodes
[Config] Added localhost:50217 to DC9
[dc1_node2] Join request from localhost:50214 (DC: DC9)
[ConsistentHash] Saved ring state for dc1_node2
[dc1_node2] Added localhost:50214 to ring. Ring now has 154 nodes
[dc1_node2] Join request from localhost:50221 (DC: DC9)
Added node localhost:50221 with 150 virtual nodes
[Config] Added localhost:50221 to DC9
[ConsistentHash] Saved ring state for dc1_node2
[dc1_node2] Added localhost:50218 to ring. Ring now has 155 nodes
[dc1_node2] Join request from localhost:50214 (DC: DC9)
[ConsistentHash] Error saving ring state: [Errno 2] No such file or directory: 'data/dc1_node2_ring.json.tmp' -> 'data/dc1_node2_ring.json'
[dc1_node2] Added localhost:50221 to ring. Ring now has 155 nodes
[dc1_node2] Join request from localhost:50226 (DC: DC9)
Added node localhost:50226 with 150 virtual nodes
[Config] Added localhost:50226 to DC9
[dc1_node2] Join request from localhost:50220 (DC: DC9)
Added node localhost:50220 with 150 virtual nodes
[Config] Added localhost:50220 to DC9
[ConsistentHash] Error saving ring state: dictionary changed size during iteration
[dc1_node2] Added localhost:50226 to ring. Ring now has 157 nodes
[ConsistentHash] Saved ring state for dc1_node2
[dc1_node2] Added localhost:50217 to ring. Ring now has 157 nodes
[ConsistentHash] Error saving ring state: [Errno 2] No such file or directory: 'data/dc1_node2_ring.json.tmp' -> 'data/dc1_node2_ring.json'
[dc1_node2] Added localhost:50220 to ring. Ring now has 157 nodes
[dc1_node2] Join request from localhost:50220 (DC: DC9)
[dc1_node2] Join request from localhost:50222 (DC: DC9)
Added node localhost:50222 with 150 virtual nodes
[Config] Added localhost:50222 to DC9
[dc1_node2] Join request from localhost:50221 (DC: DC9)
[dc1_node2] Join request from localhost:50210 (DC: DC8)
Added node localhost:50210 with 150 virtual nodes
[Config] Added localhost:50210 to DC8
[dc1_node2] GetRing request from dc8_node17
[dc1_node2] Join request from localhost:50230 (DC: DC9)
Added node localhost:50230 with 150 virtual nodes
[Config] Added localhost:50230 to DC9
[dc1_node2] Join request from localhost:50225 (DC: DC9)
Added node localhost:50225 with 150 virtual nodes
[Config] Added localhost:50225 to DC9
[ConsistentHash] Saved ring state for dc1_node2
[dc1_node2] Added localhost:50230 to ring. Ring now has 161 nodes
[ConsistentHash] Error saving ring state: [Errno 2] No such file or directory: 'data/dc1_node2_ring.json.tmp' -> 'data/dc1_node2_ring.json'
[dc1_node2] Added localhost:50225 to ring. Ring now has 161 nodes
[dc1_node2] Join request from localhost:50228 (DC: DC9)
Added node localhost:50228 with 150 virtual nodes
[Config] Added localhost:50228 to DC9
[dc1_node2] Join request from localhost:50222 (DC: DC9)
[dc1_node2] Join request from localhost:50226 (DC: DC9)
[ConsistentHash] Error saving ring state: [Errno 2] No such file or directory: 'data/dc1_node2_ring.json.tmp' -> 'data/dc1_node2_ring.json'
[dc1_node2] Added localhost:50222 to ring. Ring now has 162 nodes
[ConsistentHash] Error saving ring state: [Errno 2] No such file or directory: 'data/dc1_node2_ring.json.tmp' -> 'data/dc1_node2_ring.json'
[dc1_node2] Added localhost:50210 to ring. Ring now has 162 nodes
[dc1_node2] Join request from localhost:50228 (DC: DC9)
[dc1_node2] Join request from localhost:50228 (DC: DC9)
[dc1_node2] Join request from localhost:50231 (DC: DC10)
Added node localhost:50231 with 150 virtual nodes
[Config] Added localhost:50231 to DC10
[dc1_node2] Join request from localhost:50226 (DC: DC9)
[ConsistentHash] Saved ring state for dc1_node2
[dc1_node2] Added localhost:50228 to ring. Ring now has 163 nodes
[ConsistentHash] Error saving ring state: [Errno 2] No such file or directory: 'data/dc1_node2_ring.json.tmp' -> 'data/dc1_node2_ring.json'
[dc1_node2] Added localhost:50231 to ring. Ring now has 163 nodes
[dc1_node2] Join request from localhost:50225 (DC: DC9)
[dc1_node2] Join request from localhost:50230 (DC: DC9)
[dc1_node2] Join request from localhost:50229 (DC: DC9)
Added node localhost:50229 with 150 virtual nodes
[Config] Added localhost:50229 to DC9
[dc1_node2] Join request from localhost:50232 (DC: DC10)
Added node localhost:50232 with 150 virtual nodes
[Config] Added localhost:50232 to DC10
[dc1_node2] GetRing request from dc6_node16
[dc1_node2] Join request from localhost:50237 (DC: DC10)
Added node localhost:50237 with 150 virtual nodes
[Config] Added localhost:50237 to DC10
[ConsistentHash] Saved ring state for dc1_node2
[dc1_node2] Added localhost:50229 to ring. Ring now has 166 nodes
[ConsistentHash] Error saving ring state: [Errno 2] No such file or directory: 'data/dc1_node2_ring.json.tmp' -> 'data/dc1_node2_ring.json'
[dc1_node2] Added localhost:50237 to ring. Ring now has 166 nodes
[ConsistentHash] Error saving ring state: [Errno 2] No such file or directory: 'data/dc1_node2_ring.json.tmp' -> 'data/dc1_node2_ring.json'
[dc1_node2] Added localhost:50232 to ring. Ring now has 166 nodes
[dc1_node2] Join request from localhost:50226 (DC: DC9)
[dc1_node2] Join request from localhost:50232 (DC: DC10)
[dc1_node2] Join request from localhost:50236 (DC: DC10)
Added node localhost:50236 with 150 virtual nodes
[Config] Added localhost:50236 to DC10
[ConsistentHash] Saved ring state for dc1_node2
[dc1_node2] Added localhost:50236 to ring. Ring now has 167 nodes
[dc1_node2] Join request from localhost:50249 (DC: DC10)
Added node localhost:50249 with 150 virtual nodes
[Config] Added localhost:50249 to DC10
[dc1_node2] Join request from localhost:50236 (DC: DC10)
[dc1_node2] Join request from localhost:50244 (DC: DC10)
Added node localhost:50244 with 150 virtual nodes
[Config] Added localhost:50244 to DC10
[dc1_node2] Join request from localhost:50242 (DC: DC10)
Added node localhost:50242 with 150 virtual nodes
[Config] Added localhost:50242 to DC10
[dc1_node2] Join request from localhost:50236 (DC: DC10)
[dc1_node2] Join request from localhost:50237 (DC: DC10)
[dc1_node2] Join request from localhost:50224 (DC: DC9)
Added node localhost:50224 with 150 virtual nodes
[Config] Added localhost:50224 to DC9
[dc1_node2] Join request from localhost:50232 (DC: DC10)
[dc1_node2] Join request from localhost:50247 (DC: DC10)
Added node localhost:50247 with 150 virtual nodes
[Config] Added localhost:50247 to DC10
[ConsistentHash] Saved ring state for dc1_node2
[dc1_node2] Added localhost:50244 to ring. Ring now has 172 nodes
[ConsistentHash] Error saving ring state: [Errno 2] No such file or directory: 'data/dc1_node2_ring.json.tmp' -> 'data/dc1_node2_ring.json'
[dc1_node2] Added localhost:50247 to ring. Ring now has 172 nodes
[dc1_node2] Join request from localhost:50240 (DC: DC10)
Added node localhost:50240 with 150 virtual nodes
[Config] Added localhost:50240 to DC10
[ConsistentHash] Saved ring state for dc1_node2
[dc1_node2] Added localhost:50242 to ring. Ring now has 173 nodes
[ConsistentHash] Error saving ring state: [Errno 2] No such file or directory: 'data/dc1_node2_ring.json.tmp' -> 'data/dc1_node2_ring.json'
[dc1_node2] Added localhost:50249 to ring. Ring now has 173 nodes
[ConsistentHash] Saved ring state for dc1_node2
[dc1_node2] Added localhost:50240 to ring. Ring now has 173 nodes
[dc1_node2] Join request from localhost:50238 (DC: DC10)
Added node localhost:50238 with 150 virtual nodes
[Config] Added localhost:50238 to DC10
[dc1_node2] Join request from localhost:50249 (DC: DC10)
[ConsistentHash] Saved ring state for dc1_node2
[dc1_node2] Added localhost:50238 to ring. Ring now has 174 nodes
[dc1_node2] Join request from localhost:50245 (DC: DC10)
Added node localhost:50245 with 150 virtual nodes
[Config] Added localhost:50245 to DC10
[ConsistentHash] Error saving ring state: [Errno 2] No such file or directory: 'data/dc1_node2_ring.json.tmp' -> 'data/dc1_node2_ring.json'
[dc1_node2] Added localhost:50224 to ring. Ring now has 175 nodes
[dc1_node2] Join request from localhost:50238 (DC: DC10)
[dc1_node2] GetRing request from dc7_node11
[dc1_node2] Join request from localhost:50237 (DC: DC10)
[ConsistentHash] Saved ring state for dc1_node2
[dc1_node2] Added localhost:50245 to ring. Ring now has 175 nodes
[dc1_node2] Join request from localhost:50248 (DC: DC10)
Added node localhost:50248 with 150 virtual nodes
[Config] Added localhost:50248 to DC10
[dc1_node2] Join request from localhost:50247 (DC: DC10)
[dc1_node2] Join request from localhost:50247 (DC: DC10)
[dc1_node2] Join request from localhost:50233 (DC: DC10)
Added node localhost:50233 with 150 virtual nodes
[Config] Added localhost:50233 to DC10
[dc1_node2] Join request from localhost:50240 (DC: DC10)
[dc1_node2] Join request from localhost:50235 (DC: DC10)
Added node localhost:50235 with 150 virtual nodes
[Config] Added localhost:50235 to DC10
[dc1_node2] Join request from localhost:50243 (DC: DC10)
Added node localhost:50243 with 150 virtual nodes
[Config] Added localhost:50243 to DC10
[ConsistentHash] Saved ring state for dc1_node2
[dc1_node2] Added localhost:50248 to ring. Ring now has 179 nodes
[ConsistentHash] Saved ring state for dc1_node2
[dc1_node2] Added localhost:50233 to ring. Ring now has 179 nodes
[dc1_node2] Join request from localhost:50249 (DC: DC10)
[ConsistentHash] Saved ring state for dc1_node2
[dc1_node2] Added localhost:50235 to ring. Ring now has 179 nodes
[ConsistentHash] Error saving ring state: [Errno 2] No such file or directory: 'data/dc1_node2_ring.json.tmp' -> 'data/dc1_node2_ring.json'
[dc1_node2] Added localhost:50243 to ring. Ring now has 179 nodes
[dc1_node2] Join request from localhost:50244 (DC: DC10)
[dc1_node2] Join request from localhost:50241 (DC: DC10)
Added node localhost:50241 with 150 virtual nodes
[Config] Added localhost:50241 to DC10
[dc1_node2] Join request from localhost:50240 (DC: DC10)
[ConsistentHash] Saved ring state for dc1_node2
[dc1_node2] Added localhost:50241 to ring. Ring now has 180 nodes
[dc1_node2] Internal PUT (replication): key='item:0015'
[dc1_node2] Stored NEW key='item:0015', value='value_15_initial', clock={dc9_node7:1}
[dc1_node2] Saved 1 keys to disk
[dc1_node2] Internal PUT (replication): key='item:0020'
[dc1_node2] Stored NEW key='item:0020', value='value_20_initial', clock={dc2_node13:1}
[dc1_node2] Saved 2 keys to disk
[dc1_node2] Internal PUT (replication): key='item:0071'
[dc1_node2] Stored NEW key='item:0071', value='value_71_initial', clock={dc5_node13:1}
[dc1_node2] Saved 3 keys to disk
[dc1_node2] Internal PUT (replication): key='item:0289'
[dc1_node2] Stored NEW key='item:0289', value='value_289_initial', clock={dc1_node9:1}
[dc1_node2] Saved 4 keys to disk
[dc1_node2] Internal PUT (replication): key='item:0299'
[dc1_node2] Stored NEW key='item:0299', value='value_299_initial', clock={dc5_node9:1}
[dc1_node2] Saved 5 keys to disk
[dc1_node2] Internal PUT (replication): key='item:0309'
[dc1_node2] Stored NEW key='item:0309', value='value_309_initial', clock={dc4_node12:1}
[dc1_node2] Saved 6 keys to disk
[dc1_node2] Internal PUT (replication): key='item:0354'
[dc1_node2] Stored NEW key='item:0354', value='value_354_initial', clock={dc7_node9:1}
[dc1_node2] Saved 7 keys to disk
[dc1_node2] Internal PUT (replication): key='item:0408'
[dc1_node2] Stored NEW key='item:0408', value='value_408_initial', clock={dc8_node13:1}
[dc1_node2] Saved 8 keys to disk
[dc1_node2] Internal PUT (replication): key='item:0497'
[dc1_node2] Stored NEW key='item:0497', value='value_497_initial', clock={dc10_node14:1}
[dc1_node2] Saved 9 keys to disk
[dc1_node2] Internal PUT (replication): key='item:0525'
[dc1_node2] Stored NEW key='item:0525', value='value_525_initial', clock={dc7_node1:1}
[dc1_node2] Saved 10 keys to disk
[dc1_node2] Internal PUT (replication): key='item:0548'
[dc1_node2] Stored NEW key='item:0548', value='value_548_initial', clock={dc2_node17:1}
[dc1_node2] Saved 11 keys to disk
[dc1_node2] Internal PUT (replication): key='item:0615'
[dc1_node2] Stored NEW key='item:0615', value='value_615_initial', clock={dc9_node5:1}
[dc1_node2] Saved 12 keys to disk
[dc1_node2] Client PUT: key='item:0627', value='value_627_initial'
[dc1_node2] Preference list for 'item:0627': ['localhost:50070', 'localhost:50073', 'localhost:50091']
[dc1_node2] Coordinator NOT in preference list, forwarding only
[dc1_node2] Replicated to localhost:50091
[dc1_node2] Replicated to localhost:50070
[dc1_node2] Replicated to localhost:50073
[dc1_node2] W-quorum achieved (2 writes), returning to client
[dc1_node2] Background replication continues for remaining nodes
[dc1_node2] Successful writes: 3/3
[dc1_node2] Client PUT: key='item:0674', value='value_674_initial'
[dc1_node2] Preference list for 'item:0674': ['localhost:50121', 'localhost:50077', 'localhost:50091']
[dc1_node2] Coordinator NOT in preference list, forwarding only
[dc1_node2] Replicated to localhost:50121
[dc1_node2] Replicated to localhost:50077
[dc1_node2] Replicated to localhost:50091
[dc1_node2] W-quorum achieved (2 writes), returning to client
[dc1_node2] Background replication continues for remaining nodes
[dc1_node2] Successful writes: 3/3
[dc1_node2] Internal PUT (replication): key='item:0693'
[dc1_node2] Stored NEW key='item:0693', value='value_693_initial', clock={dc8_node2:1}
[dc1_node2] Saved 13 keys to disk
[dc1_node2] Internal PUT (replication): key='item:0738'
[dc1_node2] Stored NEW key='item:0738', value='value_738_initial', clock={dc1_node4:1}
[dc1_node2] Saved 14 keys to disk
[dc1_node2] Client PUT: key='item:0748', value='value_748_initial'
[dc1_node2] Preference list for 'item:0748': ['localhost:50071', 'localhost:50207', 'localhost:50233']
[dc1_node2] Coordinator NOT in preference list, forwarding only
[dc1_node2] Replicated to localhost:50071
[dc1_node2] Replicated to localhost:50207
[dc1_node2] Replicated to localhost:50233
[dc1_node2] W-quorum achieved (2 writes), returning to client
[dc1_node2] Background replication continues for remaining nodes
[dc1_node2] Successful writes: 3/3
[dc1_node2] Client PUT: key='item:0841', value='value_841_initial'
[dc1_node2] Preference list for 'item:0841': ['localhost:50188', 'localhost:50159', 'localhost:50125']
[dc1_node2] Coordinator NOT in preference list, forwarding only
[dc1_node2] Replicated to localhost:50159
[dc1_node2] Replicated to localhost:50188
[dc1_node2] Replicated to localhost:50125
[dc1_node2] W-quorum achieved (2 writes), returning to client
[dc1_node2] Background replication continues for remaining nodes
[dc1_node2] Successful writes: 3/3
[dc1_node2] Internal PUT (replication): key='item:0844'
[dc1_node2] Stored NEW key='item:0844', value='value_844_initial', clock={dc2_node1:1}
[dc1_node2] Saved 15 keys to disk
[dc1_node2] Internal PUT (replication): key='item:0883'
[dc1_node2] Stored NEW key='item:0883', value='value_883_initial', clock={dc6_node5:1}
[dc1_node2] Saved 16 keys to disk
[dc1_node2] Client PUT: key='item:0982', value='value_982_initial'
[dc1_node2] Preference list for 'item:0982': ['localhost:50054', 'localhost:50175', 'localhost:50214']
[dc1_node2] Coordinator NOT in preference list, forwarding only
[dc1_node2] Replicated to localhost:50054
[dc1_node2] Replicated to localhost:50175
[dc1_node2] Replicated to localhost:50214
[dc1_node2] W-quorum achieved (2 writes), returning to client
[dc1_node2] Background replication continues for remaining nodes
[dc1_node2] Successful writes: 3/3
[dc1_node2] Internal PUT (replication): key='item:0998'
[dc1_node2] Stored NEW key='item:0998', value='value_998_initial', clock={dc2_node16:1}
[dc1_node2] Saved 17 keys to disk
[dc1_node2] Internal PUT (replication): key='item:1011'
[dc1_node2] Stored NEW key='item:1011', value='value_1011_initial', clock={dc10_node10:1}
[dc1_node2] Saved 18 keys to disk
[dc1_node2] Internal PUT (replication): key='item:1033'
[dc1_node2] Stored NEW key='item:1033', value='value_1033_initial', clock={dc2_node15:1}
[dc1_node2] Saved 19 keys to disk
[dc1_node2] Internal PUT (replication): key='item:1037'
[dc1_node2] Stored NEW key='item:1037', value='value_1037_initial', clock={dc5_node12:1}
[dc1_node2] Saved 20 keys to disk
[dc1_node2] Internal PUT (replication): key='item:1107'
[dc1_node2] Stored NEW key='item:1107', value='value_1107_initial', clock={dc1_node18:1}
[dc1_node2] Saved 21 keys to disk
[dc1_node2] Client PUT: key='item:1113', value='value_1113_initial'
[dc1_node2] Preference list for 'item:1113': ['localhost:50242', 'localhost:50089', 'localhost:50055']
[dc1_node2] Coordinator NOT in preference list, forwarding only
[dc1_node2] Replicated to localhost:50089
[dc1_node2] Replicated to localhost:50055
[dc1_node2] Replicated to localhost:50242
[dc1_node2] W-quorum achieved (2 writes), returning to client
[dc1_node2] Background replication continues for remaining nodes
[dc1_node2] Successful writes: 3/3
[dc1_node2] Client PUT: key='item:1175', value='value_1175_initial'
[dc1_node2] Preference list for 'item:1175': ['localhost:50242', 'localhost:50072', 'localhost:50156']
[dc1_node2] Coordinator NOT in preference list, forwarding only
[dc1_node2] Replicated to localhost:50242
[dc1_node2] Replicated to localhost:50072
[dc1_node2] Replicated to localhost:50156
[dc1_node2] W-quorum achieved (2 writes), returning to client
[dc1_node2] Background replication continues for remaining nodes
[dc1_node2] Successful writes: 3/3
[dc1_node2] Internal PUT (replication): key='item:1252'
[dc1_node2] Stored NEW key='item:1252', value='value_1252_initial', clock={dc10_node4:1}
[dc1_node2] Saved 22 keys to disk
[dc1_node2] Client PUT: key='item:1280', value='value_1280_initial'
[dc1_node2] Preference list for 'item:1280': ['localhost:50075', 'localhost:50165', 'localhost:50126']
[dc1_node2] Coordinator NOT in preference list, forwarding only
[dc1_node2] Replicated to localhost:50075
[dc1_node2] Replicated to localhost:50165
[dc1_node2] Replicated to localhost:50126
[dc1_node2] W-quorum achieved (2 writes), returning to client
[dc1_node2] Background replication continues for remaining nodes
[dc1_node2] Successful writes: 3/3
[dc1_node2] Internal PUT (replication): key='item:1641'
[dc1_node2] Stored NEW key='item:1641', value='value_1641_initial', clock={dc6_node16:1}
[dc1_node2] Saved 23 keys to disk
[dc1_node2] Internal PUT (replication): key='item:1661'
[dc1_node2] Stored NEW key='item:1661', value='value_1661_initial', clock={dc10_node20:1}
[dc1_node2] Saved 24 keys to disk
[dc1_node2] Internal PUT (replication): key='item:1676'
[dc1_node2] Stored NEW key='item:1676', value='value_1676_initial', clock={dc6_node8:1}
[dc1_node2] Saved 25 keys to disk
[dc1_node2] Client PUT: key='item:1727', value='value_1727_initial'
[dc1_node2] Preference list for 'item:1727': ['localhost:50136', 'localhost:50160', 'localhost:50240']
[dc1_node2] Coordinator NOT in preference list, forwarding only
[dc1_node2] Replicated to localhost:50136
[dc1_node2] Replicated to localhost:50160
[dc1_node2] Replicated to localhost:50240
[dc1_node2] W-quorum achieved (2 writes), returning to client
[dc1_node2] Background replication continues for remaining nodes
[dc1_node2] Successful writes: 3/3
[dc1_node2] Internal PUT (replication): key='item:1739'
[dc1_node2] Stored NEW key='item:1739', value='value_1739_initial', clock={dc3_node14:1}
[dc1_node2] Saved 26 keys to disk
[dc1_node2] Internal PUT (replication): key='item:1811'
[dc1_node2] Stored NEW key='item:1811', value='value_1811_initial', clock={dc2_node11:1}
[dc1_node2] Saved 27 keys to disk
[dc1_node2] Internal PUT (replication): key='item:1834'
[dc1_node2] Stored NEW key='item:1834', value='value_1834_initial', clock={dc6_node2:1}
[dc1_node2] Saved 28 keys to disk
[dc1_node2] Internal PUT (replication): key='item:1857'
[dc1_node2] Stored NEW key='item:1857', value='value_1857_initial', clock={dc6_node20:1}
[dc1_node2] Saved 29 keys to disk
[dc1_node2] Internal PUT (replication): key='item:1873'
[dc1_node2] Stored NEW key='item:1873', value='value_1873_initial', clock={dc1_node6:1}
[dc1_node2] Saved 30 keys to disk
[dc1_node2] Client PUT: key='item:1928', value='value_1928_initial'
[dc1_node2] Preference list for 'item:1928': ['localhost:50084', 'localhost:50138', 'localhost:50106']
[dc1_node2] Coordinator NOT in preference list, forwarding only
[dc1_node2] Replicated to localhost:50106
[dc1_node2] Replicated to localhost:50084
[dc1_node2] Replicated to localhost:50138
[dc1_node2] W-quorum achieved (2 writes), returning to client
[dc1_node2] Background replication continues for remaining nodes
[dc1_node2] Successful writes: 3/3
[dc1_node2] Internal PUT (replication): key='item:1965'
[dc1_node2] Stored NEW key='item:1965', value='value_1965_initial', clock={dc5_node11:1}
[dc1_node2] Saved 31 keys to disk
[dc1_node2] Client PUT: key='item:1980', value='value_1980_initial'
[dc1_node2] Preference list for 'item:1980': ['localhost:50152', 'localhost:50191', 'localhost:50114']
[dc1_node2] Coordinator NOT in preference list, forwarding only
[dc1_node2] Replicated to localhost:50152
[dc1_node2] Replicated to localhost:50114
[dc1_node2] Replicated to localhost:50191
[dc1_node2] W-quorum achieved (2 writes), returning to client
[dc1_node2] Background replication continues for remaining nodes
[dc1_node2] Successful writes: 3/3
[dc1_node2] Client PUT: key='item:2213', value='value_2213_initial'
[dc1_node2] Preference list for 'item:2213': ['localhost:50128', 'localhost:50078', 'localhost:50226']
[dc1_node2] Coordinator NOT in preference list, forwarding only
[dc1_node2] Replicated to localhost:50128
[dc1_node2] Replicated to localhost:50078
[dc1_node2] Replicated to localhost:50226
[dc1_node2] W-quorum achieved (2 writes), returning to client
[dc1_node2] Background replication continues for remaining nodes
[dc1_node2] Successful writes: 3/3
[dc1_node2] Internal PUT (replication): key='item:2247'
[dc1_node2] Stored NEW key='item:2247', value='value_2247_initial', clock={dc2_node13:1}
[dc1_node2] Saved 32 keys to disk
[dc1_node2] Internal PUT (replication): key='item:2320'
[dc1_node2] Stored NEW key='item:2320', value='value_2320_initial', clock={dc8_node16:1}
[dc1_node2] Saved 33 keys to disk
[dc1_node2] Internal PUT (replication): key='item:2431'
[dc1_node2] Stored NEW key='item:2431', value='value_2431_initial', clock={dc10_node18:1}
[dc1_node2] Saved 34 keys to disk
[dc1_node2] Internal PUT (replication): key='item:2440'
[dc1_node2] Stored NEW key='item:2440', value='value_2440_initial', clock={dc6_node16:1}
[dc1_node2] Saved 35 keys to disk
[dc1_node2] Internal PUT (replication): key='item:2464'
[dc1_node2] Stored NEW key='item:2464', value='value_2464_initial', clock={dc4_node2:1}
[dc1_node2] Saved 36 keys to disk
[dc1_node2] Internal PUT (replication): key='item:2466'
[dc1_node2] Stored NEW key='item:2466', value='value_2466_initial', clock={dc9_node6:1}
[dc1_node2] Saved 37 keys to disk
[dc1_node2] Internal PUT (replication): key='item:2473'
[dc1_node2] Stored NEW key='item:2473', value='value_2473_initial', clock={dc2_node20:1}
[dc1_node2] Saved 38 keys to disk
[dc1_node2] Internal PUT (replication): key='item:2482'
[dc1_node2] Stored NEW key='item:2482', value='value_2482_initial', clock={dc9_node19:1}
[dc1_node2] Saved 39 keys to disk
[dc1_node2] Internal PUT (replication): key='item:2489'
[dc1_node2] Stored NEW key='item:2489', value='value_2489_initial', clock={dc5_node20:1}
[dc1_node2] Saved 40 keys to disk
[dc1_node2] Client PUT: key='item:2494', value='value_2494_initial'
[dc1_node2] Preference list for 'item:2494': ['localhost:50142', 'localhost:50102', 'localhost:50157']
[dc1_node2] Coordinator NOT in preference list, forwarding only
[dc1_node2] Replicated to localhost:50142
[dc1_node2] Replicated to localhost:50102
[dc1_node2] Replicated to localhost:50157
[dc1_node2] W-quorum achieved (2 writes), returning to client
[dc1_node2] Background replication continues for remaining nodes
[dc1_node2] Successful writes: 3/3
[dc1_node2] Internal PUT (replication): key='item:2611'
[dc1_node2] Stored NEW key='item:2611', value='value_2611_initial', clock={dc8_node17:1}
[dc1_node2] Saved 41 keys to disk
[dc1_node2] Client PUT: key='item:2643', value='value_2643_initial'
[dc1_node2] Preference list for 'item:2643': ['localhost:50175', 'localhost:50233', 'localhost:50211']
[dc1_node2] Coordinator NOT in preference list, forwarding only
[dc1_node2] Replicated to localhost:50233
[dc1_node2] Replicated to localhost:50175
[dc1_node2] W-quorum achieved (2 writes), returning to client
[dc1_node2] Background replication continues for remaining nodes
[dc1_node2] Successful writes: 2/3
[dc1_node2] Replicated to localhost:50211
[dc1_node2] Internal PUT (replication): key='item:2653'
[dc1_node2] Stored NEW key='item:2653', value='value_2653_initial', clock={dc4_node10:1}
[dc1_node2] Saved 42 keys to disk
[dc1_node2] Client PUT: key='item:2774', value='value_2774_initial'
[dc1_node2] Preference list for 'item:2774': ['localhost:50165', 'localhost:50230', 'localhost:50094']
[dc1_node2] Coordinator NOT in preference list, forwarding only
[dc1_node2] Replicated to localhost:50165
[dc1_node2] Replicated to localhost:50230
[dc1_node2] Replicated to localhost:50094
[dc1_node2] W-quorum achieved (2 writes), returning to client
[dc1_node2] Background replication continues for remaining nodes
[dc1_node2] Successful writes: 3/3
[dc1_node2] Internal PUT (replication): key='item:2783'
[dc1_node2] Stored NEW key='item:2783', value='value_2783_initial', clock={dc4_node4:1}
[dc1_node2] Saved 43 keys to disk
[dc1_node2] Internal PUT (replication): key='item:2805'
[dc1_node2] Stored NEW key='item:2805', value='value_2805_initial', clock={dc1_node20:1}
[dc1_node2] Saved 44 keys to disk
[dc1_node2] Internal PUT (replication): key='item:2942'
[dc1_node2] Stored NEW key='item:2942', value='value_2942_initial', clock={dc8_node6:1}
[dc1_node2] Saved 45 keys to disk
[dc1_node2] Internal PUT (replication): key='item:2976'
[dc1_node2] Stored NEW key='item:2976', value='value_2976_initial', clock={dc4_node2:1}
[dc1_node2] Saved 46 keys to disk
[dc1_node2] Internal PUT (replication): key='item:2986'
[dc1_node2] Stored NEW key='item:2986', value='value_2986_initial', clock={dc5_node10:1}
[dc1_node2] Saved 47 keys to disk
[dc1_node2] Internal PUT (replication): key='item:2994'
[dc1_node2] Stored NEW key='item:2994', value='value_2994_initial', clock={dc4_node10:1}
[dc1_node2] Saved 48 keys to disk
[dc1_node2] Client PUT: key='item:3003', value='value_3003_initial'
[dc1_node2] Preference list for 'item:3003': ['localhost:50173', 'localhost:50128', 'localhost:50093']
[dc1_node2] Coordinator NOT in preference list, forwarding only
[dc1_node2] Replicated to localhost:50173
[dc1_node2] Replicated to localhost:50128
[dc1_node2] Replicated to localhost:50093
[dc1_node2] W-quorum achieved (2 writes), returning to client
[dc1_node2] Background replication continues for remaining nodes
[dc1_node2] Successful writes: 3/3
[dc1_node2] Client PUT: key='item:3022', value='value_3022_initial'
[dc1_node2] Preference list for 'item:3022': ['localhost:50072', 'localhost:50093', 'localhost:50159']
[dc1_node2] Coordinator NOT in preference list, forwarding only
[dc1_node2] Replicated to localhost:50072
[dc1_node2] Replicated to localhost:50093
[dc1_node2] Replicated to localhost:50159
[dc1_node2] W-quorum achieved (2 writes), returning to client
[dc1_node2] Background replication continues for remaining nodes
[dc1_node2] Successful writes: 3/3
[dc1_node2] Internal PUT (replication): key='item:3068'
[dc1_node2] Stored NEW key='item:3068', value='value_3068_initial', clock={dc8_node8:1}
[dc1_node2] Saved 49 keys to disk
[dc1_node2] Client PUT: key='item:3130', value='value_3130_initial'
[dc1_node2] Preference list for 'item:3130': ['localhost:50147', 'localhost:50116', 'localhost:50092']
[dc1_node2] Coordinator NOT in preference list, forwarding only
[dc1_node2] Replicated to localhost:50147
[dc1_node2] Replicated to localhost:50116
[dc1_node2] Replicated to localhost:50092
[dc1_node2] W-quorum achieved (2 writes), returning to client
[dc1_node2] Background replication continues for remaining nodes
[dc1_node2] Successful writes: 3/3
[dc1_node2] Client PUT: key='item:3192', value='value_3192_initial'
[dc1_node2] Preference list for 'item:3192': ['localhost:50249', 'localhost:50139', 'localhost:50206']
[dc1_node2] Coordinator NOT in preference list, forwarding only
[dc1_node2] Replicated to localhost:50139
[dc1_node2] Replicated to localhost:50206
[dc1_node2] Replicated to localhost:50249
[dc1_node2] W-quorum achieved (2 writes), returning to client
[dc1_node2] Background replication continues for remaining nodes
[dc1_node2] Successful writes: 3/3
[dc1_node2] Internal PUT (replication): key='item:3195'
[dc1_node2] Stored NEW key='item:3195', value='value_3195_initial', clock={dc9_node18:1}
[dc1_node2] Saved 50 keys to disk
[dc1_node2] Internal PUT (replication): key='item:3227'
[dc1_node2] Stored NEW key='item:3227', value='value_3227_initial', clock={dc7_node9:1}
[dc1_node2] Saved 51 keys to disk
[dc1_node2] Internal PUT (replication): key='item:3260'
[dc1_node2] Stored NEW key='item:3260', value='value_3260_initial', clock={dc5_node8:1}
[dc1_node2] Saved 52 keys to disk
[dc1_node2] Internal PUT (replication): key='item:3351'
[dc1_node2] Stored NEW key='item:3351', value='value_3351_initial', clock={dc6_node11:1}
[dc1_node2] Saved 53 keys to disk
[dc1_node2] Internal PUT (replication): key='item:3418'
[dc1_node2] Stored NEW key='item:3418', value='value_3418_initial', clock={dc10_node9:1}
[dc1_node2] Saved 54 keys to disk
[dc1_node2] Internal PUT (replication): key='item:3436'
[dc1_node2] Stored NEW key='item:3436', value='value_3436_initial', clock={dc6_node8:1}
[dc1_node2] Saved 55 keys to disk
[dc1_node2] Internal PUT (replication): key='item:3521'
[dc1_node2] Stored NEW key='item:3521', value='value_3521_initial', clock={dc2_node20:1}
[dc1_node2] Saved 56 keys to disk
[dc1_node2] Internal PUT (replication): key='item:3551'
[dc1_node2] Stored NEW key='item:3551', value='value_3551_initial', clock={dc2_node18:1}
[dc1_node2] Saved 57 keys to disk
[dc1_node2] Internal PUT (replication): key='item:3563'
[dc1_node2] Stored NEW key='item:3563', value='value_3563_initial', clock={dc10_node6:1}
[dc1_node2] Saved 58 keys to disk
[dc1_node2] Internal PUT (replication): key='item:3602'
[dc1_node2] Stored NEW key='item:3602', value='value_3602_initial', clock={dc4_node20:1}
[dc1_node2] Saved 59 keys to disk
[dc1_node2] Internal PUT (replication): key='item:3746'
[dc1_node2] Stored NEW key='item:3746', value='value_3746_initial', clock={dc5_node12:1}
[dc1_node2] Saved 60 keys to disk
[dc1_node2] Internal PUT (replication): key='item:3776'
[dc1_node2] Stored NEW key='item:3776', value='value_3776_initial', clock={dc3_node12:1}
[dc1_node2] Saved 61 keys to disk
[dc1_node2] Internal PUT (replication): key='item:3815'
[dc1_node2] Stored NEW key='item:3815', value='value_3815_initial', clock={dc8_node2:1}
[dc1_node2] Saved 62 keys to disk
[dc1_node2] Internal PUT (replication): key='item:3829'
[dc1_node2] Stored NEW key='item:3829', value='value_3829_initial', clock={dc1_node11:1}
[dc1_node2] Saved 63 keys to disk
[dc1_node2] Internal PUT (replication): key='item:3854'
[dc1_node2] Stored NEW key='item:3854', value='value_3854_initial', clock={dc7_node4:1}
[dc1_node2] Saved 64 keys to disk
[dc1_node2] Internal PUT (replication): key='item:3866'
[dc1_node2] Stored NEW key='item:3866', value='value_3866_initial', clock={dc10_node5:1}
[dc1_node2] Saved 65 keys to disk
[dc1_node2] Client PUT: key='item:3903', value='value_3903_initial'
[dc1_node2] Preference list for 'item:3903': ['localhost:50063', 'localhost:50090', 'localhost:50130']
[dc1_node2] Coordinator NOT in preference list, forwarding only
[dc1_node2] Replicated to localhost:50063
[dc1_node2] Replicated to localhost:50130
[dc1_node2] Replicated to localhost:50090
[dc1_node2] W-quorum achieved (2 writes), returning to client
[dc1_node2] Background replication continues for remaining nodes
[dc1_node2] Successful writes: 3/3
[dc1_node2] Internal PUT (replication): key='item:3923'
[dc1_node2] Stored NEW key='item:3923', value='value_3923_initial', clock={dc6_node20:1}
[dc1_node2] Saved 66 keys to disk
[dc1_node2] Internal PUT (replication): key='item:3938'
[dc1_node2] Stored NEW key='item:3938', value='value_3938_initial', clock={dc8_node13:1}
[dc1_node2] Saved 67 keys to disk
[dc1_node2] Internal PUT (replication): key='item:3950'
[dc1_node2] Stored NEW key='item:3950', value='value_3950_initial', clock={dc3_node13:1}
[dc1_node2] Saved 68 keys to disk
[dc1_node2] Internal PUT (replication): key='item:3982'
[dc1_node2] Stored NEW key='item:3982', value='value_3982_initial', clock={dc3_node8:1}
[dc1_node2] Saved 69 keys to disk
[dc1_node2] Internal PUT (replication): key='item:3991'
[dc1_node2] Stored NEW key='item:3991', value='value_3991_initial', clock={dc7_node3:1}
[dc1_node2] Saved 70 keys to disk
[dc1_node2] Client PUT: key='item:4009', value='value_4009_initial'
[dc1_node2] Preference list for 'item:4009': ['localhost:50173', 'localhost:50074', 'localhost:50242']
[dc1_node2] Coordinator NOT in preference list, forwarding only
[dc1_node2] Replicated to localhost:50173
[dc1_node2] Replicated to localhost:50242
[dc1_node2] Replicated to localhost:50074
[dc1_node2] W-quorum achieved (2 writes), returning to client
[dc1_node2] Background replication continues for remaining nodes
[dc1_node2] Successful writes: 3/3
[dc1_node2] Internal PUT (replication): key='item:4056'
[dc1_node2] Stored NEW key='item:4056', value='value_4056_initial', clock={dc6_node13:1}
[dc1_node2] Saved 71 keys to disk
[dc1_node2] Client PUT: key='item:4189', value='value_4189_initial'
[dc1_node2] Preference list for 'item:4189': ['localhost:50203', 'localhost:50105', 'localhost:50145']
[dc1_node2] Coordinator NOT in preference list, forwarding only
[dc1_node2] Replicated to localhost:50203
[dc1_node2] Replicated to localhost:50105
[dc1_node2] Replicated to localhost:50145
[dc1_node2] W-quorum achieved (2 writes), returning to client
[dc1_node2] Background replication continues for remaining nodes
[dc1_node2] Successful writes: 3/3
[dc1_node2] Internal PUT (replication): key='item:4196'
[dc1_node2] Stored NEW key='item:4196', value='value_4196_initial', clock={dc5_node2:1}
[dc1_node2] Saved 72 keys to disk
[dc1_node2] Client PUT: key='item:4246', value='value_4246_initial'
[dc1_node2] Preference list for 'item:4246': ['localhost:50101', 'localhost:50088', 'localhost:50051']
[dc1_node2] Coordinator NOT in preference list, forwarding only
[dc1_node2] Replicated to localhost:50101
[dc1_node2] Replicated to localhost:50051
[dc1_node2] Replicated to localhost:50088
[dc1_node2] W-quorum achieved (2 writes), returning to client
[dc1_node2] Background replication continues for remaining nodes
[dc1_node2] Successful writes: 3/3
[dc1_node2] Client PUT: key='item:4264', value='value_4264_initial'
[dc1_node2] Preference list for 'item:4264': ['localhost:50248', 'localhost:50201', 'localhost:50083']
[dc1_node2] Coordinator NOT in preference list, forwarding only
[dc1_node2] Replicated to localhost:50083
[dc1_node2] Replicated to localhost:50248
[dc1_node2] Replicated to localhost:50201
[dc1_node2] W-quorum achieved (2 writes), returning to client
[dc1_node2] Background replication continues for remaining nodes
[dc1_node2] Successful writes: 3/3
[dc1_node2] Internal PUT (replication): key='item:4278'
[dc1_node2] Stored NEW key='item:4278', value='value_4278_initial', clock={dc1_node15:1}
[dc1_node2] Saved 73 keys to disk
[dc1_node2] Internal PUT (replication): key='item:4341'
[dc1_node2] Stored NEW key='item:4341', value='value_4341_initial', clock={dc10_node10:1}
[dc1_node2] Saved 74 keys to disk
[dc1_node2] Client PUT: key='item:4371', value='value_4371_initial'
[dc1_node2] Preference list for 'item:4371': ['localhost:50186', 'localhost:50249', 'localhost:50119']
[dc1_node2] Coordinator NOT in preference list, forwarding only
[dc1_node2] Replicated to localhost:50186
[dc1_node2] Replicated to localhost:50249
[dc1_node2] Replicated to localhost:50119
[dc1_node2] W-quorum achieved (2 writes), returning to client
[dc1_node2] Background replication continues for remaining nodes
[dc1_node2] Successful writes: 3/3
[dc1_node2] Internal PUT (replication): key='item:4397'
[dc1_node2] Stored NEW key='item:4397', value='value_4397_initial', clock={dc7_node17:1}
[dc1_node2] Saved 75 keys to disk
[dc1_node2] Internal PUT (replication): key='item:4454'
[dc1_node2] Stored NEW key='item:4454', value='value_4454_initial', clock={dc6_node19:1}
[dc1_node2] Saved 76 keys to disk
[dc1_node2] Internal PUT (replication): key='item:4498'
[dc1_node2] Stored NEW key='item:4498', value='value_4498_initial', clock={dc2_node10:1}
[dc1_node2] Saved 77 keys to disk
[dc1_node2] Internal PUT (replication): key='item:4549'
[dc1_node2] Stored NEW key='item:4549', value='value_4549_initial', clock={dc6_node9:1}
[dc1_node2] Saved 78 keys to disk
[dc1_node2] Internal PUT (replication): key='item:4570'
[dc1_node2] Stored NEW key='item:4570', value='value_4570_initial', clock={dc8_node10:1}
[dc1_node2] Saved 79 keys to disk
[dc1_node2] Internal PUT (replication): key='item:4629'
[dc1_node2] Stored NEW key='item:4629', value='value_4629_initial', clock={dc6_node15:1}
[dc1_node2] Saved 80 keys to disk
[dc1_node2] Internal PUT (replication): key='item:4636'
[dc1_node2] Stored NEW key='item:4636', value='value_4636_initial', clock={dc3_node18:1}
[dc1_node2] Saved 81 keys to disk
[dc1_node2] Internal PUT (replication): key='item:4640'
[dc1_node2] Stored NEW key='item:4640', value='value_4640_initial', clock={dc3_node10:1}
[dc1_node2] Saved 82 keys to disk
[dc1_node2] Internal PUT (replication): key='item:4744'
[dc1_node2] Stored NEW key='item:4744', value='value_4744_initial', clock={dc2_node1:1}
[dc1_node2] Saved 83 keys to disk
[dc1_node2] Internal PUT (replication): key='item:4865'
[dc1_node2] Stored NEW key='item:4865', value='value_4865_initial', clock={dc10_node16:1}
[dc1_node2] Saved 84 keys to disk
[dc1_node2] Retrieved key='item:0071', versions=1
[dc1_node2] Client GET: key='item:4635'
[dc1_node2] Reading from preference list: ['localhost:50238', 'localhost:50192']
[dc1_node2] Key='item:4635' not found
[dc1_node2] Merged versions for key='item:0071', result=1 versions
[dc1_node2] Performing read repair for key='item:4635'
[dc1_node2] Saved 84 keys to disk
[dc1_node2] Read repair to localhost:50238 succeeded
[dc1_node2] Read repair to localhost:50192 succeeded
[dc1_node2] Read repair to localhost:50070 succeeded
[dc1_node2] Client PUT: key='item:3203', value='value_3203_update_client29_op1'
[dc1_node2] Preference list for 'item:3203': ['localhost:50113', 'localhost:50152', 'localhost:50211']
[dc1_node2] Coordinator NOT in preference list, forwarding only
[dc1_node2] Replicated to localhost:50113
[dc1_node2] Replicated to localhost:50152
[dc1_node2] Replicated to localhost:50211
[dc1_node2] W-quorum achieved (2 writes), returning to client
[dc1_node2] Background replication continues for remaining nodes
[dc1_node2] Successful writes: 3/3
[dc1_node2] Retrieved key='item:3746', versions=1
[dc1_node2] Client GET: key='item:1124'
[dc1_node2] Reading from preference list: ['localhost:50160', 'localhost:50210']
[dc1_node2] Key='item:1124' not found
[dc1_node2] Performing read repair for key='item:1124'
[dc1_node2] Read repair to localhost:50160 succeeded
[dc1_node2] Merged versions for key='item:3746', result=1 versions
[dc1_node2] Saved 84 keys to disk
[dc1_node2] Read repair to localhost:50210 succeeded
[dc1_node2] Client GET: key='item:1450'
[dc1_node2] Reading from preference list: ['localhost:50103', 'localhost:50191']
[dc1_node2] Key='item:1450' not found
[dc1_node2] Performing read repair for key='item:1450'
[dc1_node2] Read repair to localhost:50114 succeeded
[dc1_node2] Read repair to localhost:50103 succeeded
[dc1_node2] Internal PUT (replication): key='item:0289'
[dc1_node2] CONFLICT detected for key='item:0289', siblings=2
[dc1_node2] Read repair to localhost:50191 succeeded
[dc1_node2] Saved 84 keys to disk
[dc1_node2] Read repair to localhost:50178 succeeded
[dc1_node2] Internal PUT (replication): key='item:3982'
[dc1_node2] CONFLICT detected for key='item:3982', siblings=2
[dc1_node2] Saved 84 keys to disk
[dc1_node2] Client PUT: key='item:4760', value='value_4760_client3_op7'
[dc1_node2] Preference list for 'item:4760': ['localhost:50086', 'localhost:50201', 'localhost:50232']
[dc1_node2] Coordinator NOT in preference list, forwarding only
[dc1_node2] Replicated to localhost:50086
[dc1_node2] Replicated to localhost:50232
[dc1_node2] Replicated to localhost:50201
[dc1_node2] W-quorum achieved (2 writes), returning to client
[dc1_node2] Background replication continues for remaining nodes
[dc1_node2] Successful writes: 3/3
[dc1_node2] Internal PUT (replication): key='item:1834'
[dc1_node2] CONFLICT detected for key='item:1834', siblings=2
[dc1_node2] Saved 84 keys to disk
[dc1_node2] Merged versions for key='item:1107', result=1 versions
[dc1_node2] Saved 84 keys to disk
[dc1_node2] Client PUT: key='item:2055', value='value_2055_update_client45_op6'
[dc1_node2] Preference list for 'item:2055': ['localhost:50204', 'localhost:50126', 'localhost:50101']
[dc1_node2] Coordinator NOT in preference list, forwarding only
[dc1_node2] Replicated to localhost:50126
[dc1_node2] Replicated to localhost:50101
[dc1_node2] Replicated to localhost:50204
[dc1_node2] Retrieved key='item:0408', versions=1
[dc1_node2] W-quorum achieved (2 writes), returning to client
[dc1_node2] Background replication continues for remaining nodes
[dc1_node2] Successful writes: 3/3
[dc1_node2] Merged versions for key='item:0408', result=1 versions
[dc1_node2] Saved 84 keys to disk
[dc1_node2] Internal PUT (replication): key='item:3854'
[dc1_node2] CONFLICT detected for key='item:3854', siblings=2
[dc1_node2] Saved 84 keys to disk
[dc1_node2] Client GET: key='item:2035'
[dc1_node2] Reading from preference list: ['localhost:50149', 'localhost:50192']
[dc1_node2] Key='item:2035' not found
[dc1_node2] Performing read repair for key='item:2035'
[dc1_node2] Read repair to localhost:50149 succeeded
[dc1_node2] Read repair to localhost:50192 succeeded
[dc1_node2] Read repair to localhost:50168 succeeded
[dc1_node2] Client PUT: key='item:2353', value='value_2353_client6_op15'
[dc1_node2] Preference list for 'item:2353': ['localhost:50118', 'localhost:50157', 'localhost:50178']
[dc1_node2] Coordinator NOT in preference list, forwarding only
[dc1_node2] Replicated to localhost:50118
[dc1_node2] Replicated to localhost:50178
[dc1_node2] Replicated to localhost:50157
[dc1_node2] W-quorum achieved (2 writes), returning to client
[dc1_node2] Background replication continues for remaining nodes
[dc1_node2] Successful writes: 3/3
[dc1_node2] Internal PUT (replication): key='item:4454'
[dc1_node2] CONFLICT detected for key='item:4454', siblings=2
[dc1_node2] Saved 84 keys to disk
[dc1_node2] Internal PUT (replication): key='item:0615'
[dc1_node2] CONFLICT detected for key='item:0615', siblings=2
[dc1_node2] Saved 84 keys to disk
[dc1_node2] Internal PUT (replication): key='item:0525'
[dc1_node2] CONFLICT detected for key='item:0525', siblings=2
[dc1_node2] Saved 84 keys to disk
[dc1_node2] Internal PUT (replication): key='item:0548'
[dc1_node2] CONFLICT detected for key='item:0548', siblings=2
[dc1_node2] Saved 84 keys to disk
[dc1_node2] Internal PUT (replication): key='item:4636'
[dc1_node2] CONFLICT detected for key='item:4636', siblings=2
[dc1_node2] Saved 84 keys to disk
[dc1_node2] Internal PUT (replication): key='item:2473'
[dc1_node2] CONFLICT detected for key='item:2473', siblings=2
[dc1_node2] Saved 84 keys to disk
[dc1_node2] Retrieved key='item:3950', versions=1
[dc1_node2] Merged versions for key='item:3950', result=1 versions
[dc1_node2] Saved 84 keys to disk
[dc1_node2] Client PUT: key='item:1200', value='value_1200_client17_op23'
[dc1_node2] Preference list for 'item:1200': ['localhost:50096', 'localhost:50237', 'localhost:50147']
[dc1_node2] Coordinator NOT in preference list, forwarding only
[dc1_node2] Replicated to localhost:50237
[dc1_node2] Replicated to localhost:50096
[dc1_node2] Replicated to localhost:50147
[dc1_node2] W-quorum achieved (2 writes), returning to client
[dc1_node2] Background replication continues for remaining nodes
[dc1_node2] Successful writes: 3/3
[dc1_node2] Internal PUT (replication): key='item:3991'
[dc1_node2] CONFLICT detected for key='item:3991', siblings=2
[dc1_node2] Saved 84 keys to disk
[dc1_node2] Client GET: key='item:3164'
[dc1_node2] Reading from preference list: ['localhost:50094', 'localhost:50176']
[dc1_node2] Key='item:3164' not found
[dc1_node2] Performing read repair for key='item:3164'
[dc1_node2] Read repair to localhost:50094 succeeded
[dc1_node2] Client GET: key='item:2336'
[dc1_node2] Reading from preference list: ['localhost:50051', 'localhost:50172']
[dc1_node2] Key='item:2336' not found
[dc1_node2] Performing read repair for key='item:2336'
[dc1_node2] Read repair to localhost:50176 succeeded
[dc1_node2] Read repair to localhost:50228 succeeded
[dc1_node2] Read repair to localhost:50051 succeeded
[dc1_node2] Read repair to localhost:50172 succeeded
[dc1_node2] Read repair to localhost:50218 succeeded
[dc1_node2] Merged versions for key='item:0738', result=1 versions
[dc1_node2] Saved 84 keys to disk
[dc1_node2] Internal PUT (replication): key='item:1252'
[dc1_node2] CONFLICT detected for key='item:1252', siblings=2
[dc1_node2] Saved 84 keys to disk
[dc1_node2] Retrieved key='item:3521', versions=1
[dc1_node2] Merged versions for key='item:3521', result=1 versions
[dc1_node2] Saved 84 keys to disk
[dc1_node2] Internal PUT (replication): key='item:4570'
[dc1_node2] CONFLICT detected for key='item:4570', siblings=2
[dc1_node2] Saved 84 keys to disk
[dc1_node2] Retrieved key='item:3227', versions=1
[dc1_node2] Merged versions for key='item:3227', result=1 versions
[dc1_node2] Saved 84 keys to disk
[dc1_node2] Client PUT: key='item:4186', value='value_4186_update_client18_op43'
[dc1_node2] Preference list for 'item:4186': ['localhost:50087', 'localhost:50064', 'localhost:50157']
[dc1_node2] Coordinator NOT in preference list, forwarding only
[dc1_node2] Internal PUT (replication): key='item:3602'
[dc1_node2] CONFLICT detected for key='item:3602', siblings=2
[dc1_node2] Replicated to localhost:50157
[dc1_node2] Replicated to localhost:50087
[dc1_node2] W-quorum achieved (2 writes), returning to client
[dc1_node2] Background replication continues for remaining nodes
[dc1_node2] Successful writes: 2/3
[dc1_node2] Saved 84 keys to disk
[dc1_node2] Replicated to localhost:50064
[dc1_node2] Client GET: key='item:1158'
[dc1_node2] Reading from preference list: ['localhost:50053', 'localhost:50248']
[dc1_node2] Key='item:1158' not found
[dc1_node2] Performing read repair for key='item:1158'
[dc1_node2] Read repair to localhost:50053 succeeded
[dc1_node2] Read repair to localhost:50248 succeeded
[dc1_node2] Read repair to localhost:50164 succeeded
[dc1_node2] Merged versions for key='item:3815', result=1 versions
[dc1_node2] Saved 84 keys to disk
[dc1_node2] Merged versions for key='item:0693', result=1 versions
[dc1_node2] Saved 84 keys to disk
[dc1_node2] Internal PUT (replication): key='item:3982'
[dc1_node2] CONFLICT detected for key='item:3982', siblings=3
[dc1_node2] Saved 84 keys to disk
[dc1_node2] Retrieved key='item:0615', versions=2
[dc1_node2] Internal PUT (replication): key='item:1676'
[dc1_node2] CONFLICT detected for key='item:1676', siblings=2
[dc1_node2] Saved 84 keys to disk
[dc1_node2] Internal PUT (replication): key='item:1661'
[dc1_node2] CONFLICT detected for key='item:1661', siblings=2
[dc1_node2] Saved 84 keys to disk
[dc1_node2] Client PUT: key='item:4663', value='value_4663_update_client7_op51'
[dc1_node2] Preference list for 'item:4663': ['localhost:50146', 'localhost:50167', 'localhost:50242']
[dc1_node2] Coordinator NOT in preference list, forwarding only
[dc1_node2] Replicated to localhost:50146
[dc1_node2] Replicated to localhost:50167
[dc1_node2] Replicated to localhost:50242
[dc1_node2] W-quorum achieved (2 writes), returning to client
[dc1_node2] Background replication continues for remaining nodes
[dc1_node2] Successful writes: 3/3
[dc1_node2] Merged 2 versions for new key='item:0278'
[dc1_node2] Retrieved key='item:4196', versions=1
[dc1_node2] Merged versions for key='item:4196', result=1 versions
[dc1_node2] Saved 85 keys to disk
[dc1_node2] Retrieved key='item:0015', versions=1
[dc1_node2] Merged versions for key='item:0015', result=1 versions
[dc1_node2] Saved 85 keys to disk
[dc1_node2] Retrieved key='item:2805', versions=1
[dc1_node2] Merged versions for key='item:2805', result=1 versions
[dc1_node2] Internal PUT (replication): key='item:3436'
[dc1_node2] Saved 85 keys to disk
[dc1_node2] CONFLICT detected for key='item:3436', siblings=2
[dc1_node2] Saved 85 keys to disk
[dc1_node2] Internal PUT (replication): key='item:4629'
[dc1_node2] CONFLICT detected for key='item:4629', siblings=2
[dc1_node2] Saved 85 keys to disk
[dc1_node2] Internal PUT (replication): key='item:3776'
[dc1_node2] CONFLICT detected for key='item:3776', siblings=2
[dc1_node2] Saved 85 keys to disk
[dc1_node2] Client GET: key='item:2339'
[dc1_node2] Reading from preference list: ['localhost:50199', 'localhost:50060']
[dc1_node2] Key='item:2339' not found
[dc1_node2] Performing read repair for key='item:2339'
[dc1_node2] Read repair to localhost:50199 succeeded
[dc1_node2] Internal PUT (replication): key='item:3068'
[dc1_node2] CONFLICT detected for key='item:3068', siblings=2
[dc1_node2] Saved 85 keys to disk
[dc1_node2] Read repair to localhost:50060 succeeded
[dc1_node2] Read repair to localhost:50155 succeeded
[dc1_node2] Client GET: key='item:1141'
[dc1_node2] Reading from preference list: ['localhost:50189', 'localhost:50195']
[dc1_node2] Key='item:1141' not found
[dc1_node2] Performing read repair for key='item:1141'
[dc1_node2] Read repair to localhost:50189 succeeded
[dc1_node2] Read repair to localhost:50195 succeeded
[dc1_node2] Read repair to localhost:50098 succeeded
[dc1_node2] Retrieved key='item:3938', versions=1
[dc1_node2] Merged versions for key='item:3938', result=1 versions
[dc1_node2] Saved 85 keys to disk
[dc1_node2] Client PUT: key='item:2056', value='value_2056_update_client32_op54'
[dc1_node2] Preference list for 'item:2056': ['localhost:50098', 'localhost:50151', 'localhost:50139']
[dc1_node2] Coordinator NOT in preference list, forwarding only
[dc1_node2] Replicated to localhost:50139
[dc1_node2] Replicated to localhost:50151
[dc1_node2] Replicated to localhost:50098
[dc1_node2] Merged versions for key='item:2320', result=1 versions
[dc1_node2] Saved 85 keys to disk
[dc1_node2] Client PUT: key='item:4937', value='value_4937_client31_op56'
[dc1_node2] Preference list for 'item:4937': ['localhost:50139', 'localhost:50225', 'localhost:50085']
[dc1_node2] Coordinator NOT in preference list, forwarding only
[dc1_node2] W-quorum achieved (2 writes), returning to client
[dc1_node2] Background replication continues for remaining nodes
[dc1_node2] Successful writes: 3/3
[dc1_node2] Replicated to localhost:50085
[dc1_node2] Replicated to localhost:50139
[dc1_node2] Replicated to localhost:50225
[dc1_node2] W-quorum achieved (2 writes), returning to client
[dc1_node2] Background replication continues for remaining nodes
[dc1_node2] Successful writes: 3/3
[dc1_node2] Internal PUT (replication): key='item:0020'
[dc1_node2] CONFLICT detected for key='item:0020', siblings=2
[dc1_node2] Saved 85 keys to disk
[dc1_node2] Client PUT: key='item:2712', value='value_2712_client42_op57'
[dc1_node2] Preference list for 'item:2712': ['localhost:50107', 'localhost:50249', 'localhost:50164']
[dc1_node2] Coordinator NOT in preference list, forwarding only
[dc1_node2] Replicated to localhost:50249
[dc1_node2] Replicated to localhost:50107
[dc1_node2] Replicated to localhost:50164
[dc1_node2] W-quorum achieved (2 writes), returning to client
[dc1_node2] Background replication continues for remaining nodes
[dc1_node2] Successful writes: 3/3
[dc1_node2] Internal PUT (replication): key='item:0844'
[dc1_node2] CONFLICT detected for key='item:0844', siblings=2
[dc1_node2] Saved 85 keys to disk
[dc1_node2] Internal PUT (replication): key='item:4056'
[dc1_node2] CONFLICT detected for key='item:4056', siblings=2
[dc1_node2] Saved 85 keys to disk
[dc1_node2] Retrieved key='item:1033', versions=1
[dc1_node2] Merged versions for key='item:1033', result=1 versions
[dc1_node2] Saved 85 keys to disk
[dc1_node2] Internal PUT (replication): key='item:3991'
[dc1_node2] CONFLICT detected for key='item:3991', siblings=3
[dc1_node2] Saved 85 keys to disk
[dc1_node2] Internal PUT (replication): key='item:2320'
[dc1_node2] CONFLICT detected for key='item:2320', siblings=2
[dc1_node2] Saved 85 keys to disk
[dc1_node2] Client GET: key='item:0674'
[dc1_node2] Reading from preference list: ['localhost:50121', 'localhost:50077']
[dc1_node2] Key='item:0674' not found
[dc1_node2] Retrieved key='item:3938', versions=1
[dc1_node2] Performing read repair for key='item:0674'
[dc1_node2] Merged versions for key='item:3938', result=1 versions
[dc1_node2] Read repair to localhost:50121 succeeded
[dc1_node2] Internal PUT (replication): key='item:0408'
[dc1_node2] Saved 85 keys to disk
[dc1_node2] CONFLICT detected for key='item:0408', siblings=2
[dc1_node2] Read repair to localhost:50077 succeeded
[dc1_node2] Read repair to localhost:50091 succeeded
[dc1_node2] Saved 85 keys to disk
[dc1_node2] Retrieved key='item:2473', versions=2
[dc1_node2] Retrieved key='item:1739', versions=1
[dc1_node2] Merged versions for key='item:1739', result=1 versions
[dc1_node2] Saved 85 keys to disk
[dc1_node2] Internal PUT (replication): key='item:1033'
[dc1_node2] CONFLICT detected for key='item:1033', siblings=2
[dc1_node2] Saved 85 keys to disk
[dc1_node2] Internal PUT (replication): key='item:2489'
[dc1_node2] CONFLICT detected for key='item:2489', siblings=2
[dc1_node2] Saved 85 keys to disk
[dc1_node2] Internal PUT (replication): key='item:2320'
[dc1_node2] CONFLICT detected for key='item:2320', siblings=3
[dc1_node2] Saved 85 keys to disk
[dc1_node2] Client GET: key='item:4544'
[dc1_node2] Reading from preference list: ['localhost:50150', 'localhost:50190']
[dc1_node2] Retrieved key='item:0299', versions=1
[dc1_node2] Key='item:4544' not found
[dc1_node2] Client PUT: key='item:3673', value='value_3673_update_client9_op71'
[dc1_node2] Preference list for 'item:3673': ['localhost:50218', 'localhost:50131', 'localhost:50153']
[dc1_node2] Coordinator NOT in preference list, forwarding only
[dc1_node2] CONFLICT: 4 sibling versions for 'item:4544'
[dc1_node2] Replicated to localhost:50153
[dc1_node2] Merged versions for key='item:0299', result=1 versions
[dc1_node2] Saved 85 keys to disk
[dc1_node2] Replicated to localhost:50131
[dc1_node2] Replicated to localhost:50218
[dc1_node2] W-quorum achieved (2 writes), returning to client
[dc1_node2] Background replication continues for remaining nodes
[dc1_node2] Successful writes: 3/3
[dc1_node2] Internal PUT (replication): key='item:0015'
[dc1_node2] CONFLICT detected for key='item:0015', siblings=2
[dc1_node2] Saved 85 keys to disk
[dc1_node2] Internal PUT (replication): key='item:3776'
[dc1_node2] CONFLICT detected for key='item:3776', siblings=3
[dc1_node2] Saved 85 keys to disk
[dc1_node2] Internal PUT (replication): key='item:2976'
[dc1_node2] CONFLICT detected for key='item:2976', siblings=2
[dc1_node2] Saved 85 keys to disk
[dc1_node2] Client GET: key='item:0493'
[dc1_node2] Reading from preference list: ['localhost:50109', 'localhost:50074']
[dc1_node2] Key='item:0493' not found
[dc1_node2] Performing read repair for key='item:0493'
[dc1_node2] Read repair to localhost:50109 succeeded
[dc1_node2] Read repair to localhost:50074 succeeded
[dc1_node2] Read repair to localhost:50127 succeeded
[dc1_node2] Internal PUT (replication): key='item:3815'
[dc1_node2] CONFLICT detected for key='item:3815', siblings=2
[dc1_node2] Saved 85 keys to disk
[dc1_node2] Merged 2 versions for new key='item:3102'
[dc1_node2] Internal PUT (replication): key='item:4640'
[dc1_node2] CONFLICT detected for key='item:4640', siblings=2
[dc1_node2] Saved 86 keys to disk
[dc1_node2] Internal PUT (replication): key='item:2611'
[dc1_node2] CONFLICT detected for key='item:2611', siblings=2
[dc1_node2] Saved 86 keys to disk
[dc1_node2] Merged versions for key='item:0883', result=1 versions
[dc1_node2] Saved 86 keys to disk
[dc1_node2] Retrieved key='item:3418', versions=1
[dc1_node2] Merged versions for key='item:3418', result=1 versions
[dc1_node2] Saved 86 keys to disk
[dc1_node2] Internal PUT (replication): key='item:2653'
[dc1_node2] CONFLICT detected for key='item:2653', siblings=2
[dc1_node2] Saved 86 keys to disk
[dc1_node2] Merged versions for key='item:4341', result=1 versions
[dc1_node2] Saved 86 keys to disk
[dc1_node2] Internal PUT (replication): key='item:4636'
[dc1_node2] CONFLICT detected for key='item:4636', siblings=3
[dc1_node2] Saved 86 keys to disk
[dc1_node2] Client GET: key='item:0095'
[dc1_node2] Reading from preference list: ['localhost:50085', 'localhost:50192']
[dc1_node2] Key='item:0095' not found
[dc1_node2] Performing read repair for key='item:0095'
[dc1_node2] Read repair to localhost:50085 succeeded
[dc1_node2] Internal PUT (replication): key='item:1811'
[dc1_node2] CONFLICT detected for key='item:1811', siblings=2
[dc1_node2] Saved 86 keys to disk
[dc1_node2] Read repair to localhost:50192 succeeded
[dc1_node2] Read repair to localhost:50104 succeeded
[dc1_node2] Internal PUT (replication): key='item:4629'
[dc1_node2] CONFLICT detected for key='item:4629', siblings=3
[dc1_node2] Saved 86 keys to disk
[dc1_node2] Client GET: key='item:4144'
[dc1_node2] Reading from preference list: ['localhost:50109', 'localhost:50175']
[dc1_node2] Key='item:4144' not found
[dc1_node2] Internal PUT (replication): key='item:2976'
[dc1_node2] CONFLICT detected for key='item:2976', siblings=3
[dc1_node2] Saved 86 keys to disk
[dc1_node2] Performing read repair for key='item:4144'
[dc1_node2] Read repair to localhost:50109 succeeded
[dc1_node2] Read repair to localhost:50175 succeeded
[dc1_node2] Read repair to localhost:50225 succeeded
[dc1_node2] Client PUT: key='item:1619', value='value_1619_client2_op99'
[dc1_node2] Preference list for 'item:1619': ['localhost:50110', 'localhost:50217', 'localhost:50071']
[dc1_node2] Coordinator NOT in preference list, forwarding only
[dc1_node2] Replicated to localhost:50110
[dc1_node2] Replicated to localhost:50217
[dc1_node2] Replicated to localhost:50071
[dc1_node2] W-quorum achieved (2 writes), returning to client
[dc1_node2] Background replication continues for remaining nodes
[dc1_node2] Successful writes: 3/3
[dc1_node2] Internal PUT (replication): key='item:4196'
[dc1_node2] CONFLICT detected for key='item:4196', siblings=2
[dc1_node2] Saved 86 keys to disk
[dc1_node2] Internal PUT (replication): key='item:2994'
[dc1_node2] CONFLICT detected for key='item:2994', siblings=2
[dc1_node2] Saved 86 keys to disk
[dc1_node2] Internal PUT (replication): key='item:3854'
[dc1_node2] CONFLICT detected for key='item:3854', siblings=3
[dc1_node2] Saved 86 keys to disk
[dc1_node2] Retrieved key='item:0299', versions=1
[dc1_node2] Merged versions for key='item:0299', result=1 versions
[dc1_node2] Saved 86 keys to disk
[dc1_node2] Internal PUT (replication): key='item:1661'
[dc1_node2] CONFLICT detected for key='item:1661', siblings=3
[dc1_node2] Saved 86 keys to disk
[dc1_node2] Internal PUT (replication): key='item:4549'
[dc1_node2] CONFLICT detected for key='item:4549', siblings=2
[dc1_node2] Saved 86 keys to disk
[dc1_node2] Retrieved key='item:3068', versions=2
[dc1_node2] Internal PUT (replication): key='item:1252'
[dc1_node2] CONFLICT detected for key='item:1252', siblings=3
[dc1_node2] Internal PUT (replication): key='item:4865'
[dc1_node2] Saved 86 keys to disk
[dc1_node2] CONFLICT detected for key='item:4865', siblings=2
[dc1_node2] Saved 86 keys to disk
[dc1_node2] Internal PUT (replication): key='item:2942'
[dc1_node2] CONFLICT detected for key='item:2942', siblings=2
[dc1_node2] Saved 86 keys to disk
[dc1_node2] Client PUT: key='item:4630', value='value_4630_update_client46_op102'
[dc1_node2] Preference list for 'item:4630': ['localhost:50110', 'localhost:50140', 'localhost:50063']
[dc1_node2] Coordinator NOT in preference list, forwarding only
[dc1_node2] Replicated to localhost:50110
[dc1_node2] Replicated to localhost:50140
[dc1_node2] Replicated to localhost:50063
[dc1_node2] W-quorum achieved (2 writes), returning to client
[dc1_node2] Background replication continues for remaining nodes
[dc1_node2] Successful writes: 3/3
[dc1_node2] Internal PUT (replication): key='item:3746'
[dc1_node2] CONFLICT detected for key='item:3746', siblings=2
[dc1_node2] Saved 86 keys to disk
[dc1_node2] Internal PUT (replication): key='item:4549'
[dc1_node2] CONFLICT detected for key='item:4549', siblings=3
[dc1_node2] Saved 86 keys to disk
[dc1_node2] Retrieved key='item:1252', versions=3
[dc1_node2] Retrieved key='item:0525', versions=2
[dc1_node2] Client GET: key='item:0254'
[dc1_node2] Reading from preference list: ['localhost:50092', 'localhost:50153']
[dc1_node2] Key='item:0254' not found
[dc1_node2] CONFLICT: 4 sibling versions for 'item:0254'
[dc1_node2] Internal PUT (replication): key='item:1033'
[dc1_node2] CONFLICT detected for key='item:1033', siblings=3
[dc1_node2] Saved 86 keys to disk
[dc1_node2] Client PUT: key='item:2119', value='value_2119_update_client48_op115'
[dc1_node2] Preference list for 'item:2119': ['localhost:50059', 'localhost:50151', 'localhost:50134']
[dc1_node2] Coordinator NOT in preference list, forwarding only
[dc1_node2] Replicated to localhost:50059
[dc1_node2] Replicated to localhost:50151
[dc1_node2] Replicated to localhost:50134
[dc1_node2] Internal PUT (replication): key='item:1037'
[dc1_node2] CONFLICT detected for key='item:1037', siblings=2
[dc1_node2] W-quorum achieved (2 writes), returning to client
[dc1_node2] Background replication continues for remaining nodes
[dc1_node2] Successful writes: 3/3
[dc1_node2] Saved 86 keys to disk
[dc1_node2] Internal PUT (replication): key='item:2994'
[dc1_node2] CONFLICT detected for key='item:2994', siblings=3
[dc1_node2] Saved 86 keys to disk
[dc1_node2] Client PUT: key='item:3956', value='value_3956_update_client11_op108'
[dc1_node2] Preference list for 'item:3956': ['localhost:50209', 'localhost:50101', 'localhost:50090']
[dc1_node2] Coordinator NOT in preference list, forwarding only
[dc1_node2] Client GET: key='item:2206'
[dc1_node2] Reading from preference list: ['localhost:50173', 'localhost:50222']
[dc1_node2] Key='item:2206' not found
[dc1_node2] Replicated to localhost:50209
[dc1_node2] CONFLICT: 8 sibling versions for 'item:2206'
[dc1_node2] Replicated to localhost:50101
[dc1_node2] Replicated to localhost:50090
[dc1_node2] W-quorum achieved (2 writes), returning to client
[dc1_node2] Background replication continues for remaining nodes
[dc1_node2] Successful writes: 3/3
[dc1_node2] Merged versions for key='item:0693', result=1 versions
[dc1_node2] Saved 86 keys to disk
[dc1_node2] Internal PUT (replication): key='item:1965'
[dc1_node2] CONFLICT detected for key='item:1965', siblings=2
[dc1_node2] Saved 86 keys to disk
[dc1_node2] Internal PUT (replication): key='item:4549'
[dc1_node2] CONFLICT detected for key='item:4549', siblings=4
[dc1_node2] Saved 86 keys to disk
[dc1_node2] Retrieved key='item:1033', versions=3
[dc1_node2] Internal PUT (replication): key='item:1676'
[dc1_node2] CONFLICT detected for key='item:1676', siblings=3
[dc1_node2] Client PUT: key='item:0724', value='value_724_update_client21_op127'
[dc1_node2] Preference list for 'item:0724': ['localhost:50079', 'localhost:50097', 'localhost:50061']
[dc1_node2] Coordinator NOT in preference list, forwarding only
[dc1_node2] Saved 86 keys to disk
[dc1_node2] Replicated to localhost:50061
[dc1_node2] Replicated to localhost:50079
[dc1_node2] Replicated to localhost:50097
[dc1_node2] W-quorum achieved (2 writes), returning to client
[dc1_node2] Background replication continues for remaining nodes
[dc1_node2] Successful writes: 3/3
[dc1_node2] Internal PUT (replication): key='item:3351'
[dc1_node2] CONFLICT detected for key='item:3351', siblings=2
[dc1_node2] Saved 86 keys to disk
[dc1_node2] Client GET: key='item:4872'
[dc1_node2] Reading from preference list: ['localhost:50176', 'localhost:50169']
[dc1_node2] Key='item:4872' not found
[dc1_node2] CONFLICT: 8 sibling versions for 'item:4872'
[dc1_node2] Client GET: key='item:1070'
[dc1_node2] Reading from preference list: ['localhost:50188', 'localhost:50206']
[dc1_node2] Key='item:1070' not found
[dc1_node2] CONFLICT: 4 sibling versions for 'item:1070'
[dc1_node2] Retrieved key='item:2440', versions=1
[dc1_node2] Merged versions for key='item:2440', result=1 versions
[dc1_node2] Saved 86 keys to disk
[dc1_node2] Client PUT: key='item:4712', value='value_4712_client4_op132'
[dc1_node2] Preference list for 'item:4712': ['localhost:50113', 'localhost:50136', 'localhost:50162']
[dc1_node2] Coordinator NOT in preference list, forwarding only
[dc1_node2] Replicated to localhost:50113
[dc1_node2] Replicated to localhost:50162
[dc1_node2] Replicated to localhost:50136
[dc1_node2] W-quorum achieved (2 writes), returning to client
[dc1_node2] Background replication continues for remaining nodes
[dc1_node2] Successful writes: 3/3
[dc1_node2] Internal PUT (replication): key='item:3923'
[dc1_node2] CONFLICT detected for key='item:3923', siblings=2
[dc1_node2] Saved 86 keys to disk
[dc1_node2] Internal PUT (replication): key='item:3950'
[dc1_node2] CONFLICT detected for key='item:3950', siblings=2
[dc1_node2] Saved 86 keys to disk
[dc1_node2] Client PUT: key='item:0020', value='value_20_update_client20_op133'
[dc1_node2] Preference list for 'item:0020': ['localhost:50163', 'localhost:50052', 'localhost:50142']
[dc1_node2] CONFLICT detected for key='item:0020', siblings=3
[dc1_node2] Saved 86 keys to disk
[dc1_node2] Coordinator IS in preference list, stored locally
[dc1_node2] Replicated to localhost:50163
[dc1_node2] Replicated to localhost:50142
[dc1_node2] W-quorum achieved (2 writes), returning to client
[dc1_node2] Background replication continues for remaining nodes
[dc1_node2] Successful writes: 3/3
[dc1_node2] Client GET: key='item:3689'
[dc1_node2] Reading from preference list: ['localhost:50151', 'localhost:50188']
[dc1_node2] Key='item:3689' not found
[dc1_node2] Internal PUT (replication): key='item:4454'
[dc1_node2] CONFLICT detected for key='item:4454', siblings=3
[dc1_node2] Saved 86 keys to disk
[dc1_node2] CONFLICT: 6 sibling versions for 'item:3689'
[dc1_node2] Internal PUT (replication): key='item:2440'
[dc1_node2] CONFLICT detected for key='item:2440', siblings=2
[dc1_node2] Saved 86 keys to disk
[dc1_node2] Internal PUT (replication): key='item:0289'
[dc1_node2] CONFLICT detected for key='item:0289', siblings=3
[dc1_node2] Saved 86 keys to disk
[dc1_node2] Internal PUT (replication): key='item:2783'
[dc1_node2] CONFLICT detected for key='item:2783', siblings=2
[dc1_node2] Saved 86 keys to disk
[dc1_node2] Client GET: key='item:0451'
[dc1_node2] Reading from preference list: ['localhost:50110', 'localhost:50123']
[dc1_node2] Key='item:0451' not found
[dc1_node2] CONFLICT: 4 sibling versions for 'item:0451'
[dc1_node2] Internal PUT (replication): key='item:3551'
[dc1_node2] CONFLICT detected for key='item:3551', siblings=2
[dc1_node2] Saved 86 keys to disk
[dc1_node2] Internal PUT (replication): key='item:0497'
[dc1_node2] CONFLICT detected for key='item:0497', siblings=2
[dc1_node2] Saved 86 keys to disk
[dc1_node2] Internal PUT (replication): key='item:0548'
[dc1_node2] CONFLICT detected for key='item:0548', siblings=3
[dc1_node2] Saved 86 keys to disk
[dc1_node2] Internal PUT (replication): key='item:0844'
[dc1_node2] CONFLICT detected for key='item:0844', siblings=3
[dc1_node2] Saved 86 keys to disk
[dc1_node2] Internal PUT (replication): key='item:0844'
[dc1_node2] CONFLICT detected for key='item:0844', siblings=4
[dc1_node2] Saved 86 keys to disk
[dc1_node2] Internal PUT (replication): key='item:3418'
[dc1_node2] CONFLICT detected for key='item:3418', siblings=2
[dc1_node2] Saved 86 keys to disk
[dc1_node2] Client PUT: key='item:3066', value='value_3066_client34_op137'
[dc1_node2] Preference list for 'item:3066': ['localhost:50195', 'localhost:50232', 'localhost:50149']
[dc1_node2] Coordinator NOT in preference list, forwarding only
[dc1_node2] Replicated to localhost:50195
[dc1_node2] Replicated to localhost:50232
[dc1_node2] Replicated to localhost:50149
[dc1_node2] Client PUT: key='item:3768', value='value_3768_client28_op155'
[dc1_node2] Preference list for 'item:3768': ['localhost:50157', 'localhost:50197', 'localhost:50136']
[dc1_node2] Coordinator NOT in preference list, forwarding only
[dc1_node2] W-quorum achieved (2 writes), returning to client
[dc1_node2] Background replication continues for remaining nodes
[dc1_node2] Successful writes: 3/3
[dc1_node2] Retrieved key='item:2440', versions=2
[dc1_node2] Replicated to localhost:50197
[dc1_node2] Replicated to localhost:50157
[dc1_node2] Replicated to localhost:50136
[dc1_node2] W-quorum achieved (2 writes), returning to client
[dc1_node2] Background replication continues for remaining nodes
[dc1_node2] Successful writes: 3/3
[dc1_node2] Internal PUT (replication): key='item:0299'
[dc1_node2] CONFLICT detected for key='item:0299', siblings=2
[dc1_node2] Saved 86 keys to disk
[dc1_node2] Internal PUT (replication): key='item:0289'
[dc1_node2] CONFLICT detected for key='item:0289', siblings=4
[dc1_node2] Saved 86 keys to disk
[dc1_node2] Internal PUT (replication): key='item:3195'
[dc1_node2] CONFLICT detected for key='item:3195', siblings=2
[dc1_node2] Saved 86 keys to disk
[dc1_node2] Internal PUT (replication): key='item:0738'
[dc1_node2] CONFLICT detected for key='item:0738', siblings=2
[dc1_node2] Saved 86 keys to disk
[dc1_node2] Client PUT: key='item:2392', value='value_2392_update_client27_op151'
[dc1_node2] Preference list for 'item:2392': ['localhost:50080', 'localhost:50133', 'localhost:50057']
[dc1_node2] Coordinator NOT in preference list, forwarding only
[dc1_node2] Client GET: key='item:1608'
[dc1_node2] Reading from preference list: ['localhost:50195', 'localhost:50151']
[dc1_node2] Key='item:1608' not found
[dc1_node2] CONFLICT: 8 sibling versions for 'item:1608'
[dc1_node2] Replicated to localhost:50080
[dc1_node2] Replicated to localhost:50133
[dc1_node2] Replicated to localhost:50057
[dc1_node2] W-quorum achieved (2 writes), returning to client
[dc1_node2] Background replication continues for remaining nodes
[dc1_node2] Successful writes: 3/3
[dc1_node2] Internal PUT (replication): key='item:3563'
[dc1_node2] CONFLICT detected for key='item:3563', siblings=2
[dc1_node2] Saved 86 keys to disk
[dc1_node2] Internal PUT (replication): key='item:0015'
[dc1_node2] CONFLICT detected for key='item:0015', siblings=3
[dc1_node2] Saved 86 keys to disk
[dc1_node2] Internal PUT (replication): key='item:1011'
[dc1_node2] CONFLICT detected for key='item:1011', siblings=2
[dc1_node2] Saved 86 keys to disk
[dc1_node2] Retrieved key='item:1965', versions=2
[dc1_node2] Internal PUT (replication): key='item:0738'
[dc1_node2] CONFLICT detected for key='item:0738', siblings=3
[dc1_node2] Saved 86 keys to disk
[dc1_node2] Internal PUT (replication): key='item:2805'
[dc1_node2] CONFLICT detected for key='item:2805', siblings=2
[dc1_node2] Saved 86 keys to disk
[dc1_node2] Internal PUT (replication): key='item:1857'
[dc1_node2] CONFLICT detected for key='item:1857', siblings=2
[dc1_node2] Saved 86 keys to disk
[dc1_node2] Internal PUT (replication): key='item:0071'
[dc1_node2] CONFLICT detected for key='item:0071', siblings=2
[dc1_node2] Saved 86 keys to disk
[dc1_node2] Internal PUT (replication): key='item:1739'
[dc1_node2] CONFLICT detected for key='item:1739', siblings=2
[dc1_node2] Saved 86 keys to disk
[dc1_node2] Internal PUT (replication): key='item:3854'
[dc1_node2] CONFLICT detected for key='item:3854', siblings=4
[dc1_node2] Saved 86 keys to disk
[dc1_node2] Retrieved key='item:1661', versions=3
[dc1_node2] Internal PUT (replication): key='item:0525'
[dc1_node2] CONFLICT detected for key='item:0525', siblings=3
[dc1_node2] Saved 86 keys to disk
[dc1_node2] Client GET: key='item:2640'
[dc1_node2] Reading from preference list: ['localhost:50207', 'localhost:50109']
[dc1_node2] Key='item:2640' not found
[dc1_node2] Performing read repair for key='item:2640'
[dc1_node2] Read repair to localhost:50207 succeeded
[dc1_node2] Read repair to localhost:50109 succeeded
[dc1_node2] Read repair to localhost:50173 succeeded
[dc1_node2] Internal PUT (replication): key='item:2466'
[dc1_node2] CONFLICT detected for key='item:2466', siblings=2
[dc1_node2] Saved 86 keys to disk
[dc1_node2] Internal PUT (replication): key='item:4498'
[dc1_node2] CONFLICT detected for key='item:4498', siblings=2
[dc1_node2] Saved 86 keys to disk
[dc1_node2] Internal PUT (replication): key='item:0299'
[dc1_node2] CONFLICT detected for key='item:0299', siblings=3
[dc1_node2] Saved 86 keys to disk
[dc1_node2] Client PUT: key='item:0500', value='value_500_update_client6_op166'
[dc1_node2] Preference list for 'item:0500': ['localhost:50066', 'localhost:50232', 'localhost:50211']
[dc1_node2] Coordinator NOT in preference list, forwarding only
[dc1_node2] Replicated to localhost:50066
[dc1_node2] Replicated to localhost:50211
[dc1_node2] Replicated to localhost:50232
[dc1_node2] W-quorum achieved (2 writes), returning to client
[dc1_node2] Background replication continues for remaining nodes
[dc1_node2] Successful writes: 3/3
[dc1_node2] Internal PUT (replication): key='item:0354'
[dc1_node2] CONFLICT detected for key='item:0354', siblings=2
[dc1_node2] Saved 86 keys to disk
[dc1_node2] Internal PUT (replication): key='item:3418'
[dc1_node2] CONFLICT detected for key='item:3418', siblings=3
[dc1_node2] Saved 86 keys to disk
[dc1_node2] Retrieved key='item:1857', versions=2
[dc1_node2] Retrieved key='item:3521', versions=1
[dc1_node2] Merged versions for key='item:3521', result=1 versions
[dc1_node2] Saved 86 keys to disk
[dc1_node2] Client PUT: key='item:4835', value='value_4835_update_client25_op170'
[dc1_node2] Preference list for 'item:4835': ['localhost:50150', 'localhost:50123', 'localhost:50154']
[dc1_node2] Coordinator NOT in preference list, forwarding only
[dc1_node2] Replicated to localhost:50150
[dc1_node2] Replicated to localhost:50123
[dc1_node2] Client PUT: key='item:1182', value='value_1182_update_client48_op164'
[dc1_node2] Preference list for 'item:1182': ['localhost:50167', 'localhost:50093', 'localhost:50224']
[dc1_node2] Coordinator NOT in preference list, forwarding only
[dc1_node2] Replicated to localhost:50154
[dc1_node2] Replicated to localhost:50167
[dc1_node2] Replicated to localhost:50224
[dc1_node2] Replicated to localhost:50093
[dc1_node2] W-quorum achieved (2 writes), returning to client
[dc1_node2] Background replication continues for remaining nodes
[dc1_node2] Successful writes: 3/3
[dc1_node2] W-quorum achieved (2 writes), returning to client
[dc1_node2] Background replication continues for remaining nodes
[dc1_node2] Successful writes: 3/3
[dc1_node2] Retrieved key='item:4865', versions=2
[dc1_node2] Client PUT: key='item:0645', value='value_645_client4_op169'
[dc1_node2] Preference list for 'item:0645': ['localhost:50142', 'localhost:50240', 'localhost:50109']
[dc1_node2] Coordinator NOT in preference list, forwarding only
[dc1_node2] Internal PUT (replication): key='item:2466'
[dc1_node2] CONFLICT detected for key='item:2466', siblings=3
[dc1_node2] Replicated to localhost:50142
[dc1_node2] Saved 86 keys to disk
[dc1_node2] Retrieved key='item:2431', versions=1
[dc1_node2] Replicated to localhost:50240
[dc1_node2] Merged versions for key='item:2431', result=1 versions
[dc1_node2] Replicated to localhost:50109
[dc1_node2] W-quorum achieved (2 writes), returning to client
[dc1_node2] Background replication continues for remaining nodes
[dc1_node2] Successful writes: 3/3
[dc1_node2] Saved 86 keys to disk
[dc1_node2] Merged versions for key='item:4341', result=1 versions
[dc1_node2] Saved 86 keys to disk
[dc1_node2] Internal PUT (replication): key='item:1965'
[dc1_node2] CONFLICT detected for key='item:1965', siblings=3
[dc1_node2] Saved 86 keys to disk
[dc1_node2] Internal PUT (replication): key='item:0693'
[dc1_node2] CONFLICT detected for key='item:0693', siblings=2
[dc1_node2] Saved 86 keys to disk
[dc1_node2] Internal PUT (replication): key='item:4454'
[dc1_node2] CONFLICT detected for key='item:4454', siblings=4
[dc1_node2] Saved 86 keys to disk
[dc1_node2] Internal PUT (replication): key='item:3984'
[dc1_node2] Stored NEW key='item:3984', value='value_3984_update_client18_op184', clock={dc2_node12:1}
[dc1_node2] Saved 87 keys to disk
[dc1_node2] Internal PUT (replication): key='item:3227'
[dc1_node2] CONFLICT detected for key='item:3227', siblings=2
[dc1_node2] Saved 87 keys to disk
[dc1_node2] Retrieved key='item:3418', versions=3
[dc1_node2] Merged versions for key='item:1641', result=1 versions
[dc1_node2] Saved 87 keys to disk
[dc1_node2] Internal PUT (replication): key='item:0299'
[dc1_node2] CONFLICT detected for key='item:0299', siblings=4
[dc1_node2] Saved 87 keys to disk
[dc1_node2] Internal PUT (replication): key='item:3436'
[dc1_node2] CONFLICT detected for key='item:3436', siblings=3
[dc1_node2] Saved 87 keys to disk
[dc1_node2] Internal PUT (replication): key='item:0299'
[dc1_node2] CONFLICT detected for key='item:0299', siblings=5
[dc1_node2] Saved 87 keys to disk
[dc1_node2] Internal PUT (replication): key='item:2429'
[dc1_node2] Stored NEW key='item:2429', value='value_2429_client45_op177', clock={dc2_node16:1}
[dc1_node2] Saved 88 keys to disk
[dc1_node2] Client PUT: key='item:1880', value='value_1880_client28_op187'
[dc1_node2] Preference list for 'item:1880': ['localhost:50242', 'localhost:50126', 'localhost:50070']
[dc1_node2] Coordinator NOT in preference list, forwarding only
[dc1_node2] Replicated to localhost:50242
[dc1_node2] Replicated to localhost:50070
[dc1_node2] Replicated to localhost:50126
[dc1_node2] W-quorum achieved (2 writes), returning to client
[dc1_node2] Background replication continues for remaining nodes
[dc1_node2] Successful writes: 3/3
[dc1_node2] Internal PUT (replication): key='item:2653'
[dc1_node2] CONFLICT detected for key='item:2653', siblings=3
[dc1_node2] Saved 88 keys to disk
[dc1_node2] Retrieved key='item:3227', versions=2
[dc1_node2] Client PUT: key='item:2919', value='value_2919_client41_op175'
[dc1_node2] Preference list for 'item:2919': ['localhost:50228', 'localhost:50074', 'localhost:50053']
[dc1_node2] Coordinator NOT in preference list, forwarding only
[dc1_node2] Replicated to localhost:50228
[dc1_node2] Replicated to localhost:50053
[dc1_node2] Replicated to localhost:50074
[dc1_node2] W-quorum achieved (2 writes), returning to client
[dc1_node2] Background replication continues for remaining nodes
[dc1_node2] Successful writes: 3/3
[dc1_node2] Retrieved key='item:4196', versions=2
[dc1_node2] Internal PUT (replication): key='item:2320'
[dc1_node2] CONFLICT detected for key='item:2320', siblings=4
[dc1_node2] Saved 88 keys to disk
[dc1_node2] Internal PUT (replication): key='item:2482'
[dc1_node2] CONFLICT detected for key='item:2482', siblings=2
[dc1_node2] Saved 88 keys to disk
[dc1_node2] Internal PUT (replication): key='item:3068'
[dc1_node2] CONFLICT detected for key='item:3068', siblings=3
[dc1_node2] Saved 88 keys to disk
[dc1_node2] Merged versions for key='item:4341', result=1 versions
[dc1_node2] Saved 88 keys to disk
[dc1_node2] Retrieved key='item:0015', versions=3
[dc1_node2] Internal PUT (replication): key='item:3260'
[dc1_node2] CONFLICT detected for key='item:3260', siblings=2
[dc1_node2] Saved 88 keys to disk
[dc1_node2] Internal PUT (replication): key='item:1037'
[dc1_node2] CONFLICT detected for key='item:1037', siblings=3
[dc1_node2] Saved 88 keys to disk
[dc1_node2] Client PUT: key='item:4967', value='value_4967_update_client22_op196'
[dc1_node2] Preference list for 'item:4967': ['localhost:50146', 'localhost:50127', 'localhost:50079']
[dc1_node2] Coordinator NOT in preference list, forwarding only
[dc1_node2] Replicated to localhost:50146
[dc1_node2] Replicated to localhost:50079
[dc1_node2] Client GET: key='item:0306'
[dc1_node2] Reading from preference list: ['localhost:50098', 'localhost:50222']
[dc1_node2] Key='item:0306' not found
[dc1_node2] CONFLICT: 6 sibling versions for 'item:0306'
[dc1_node2] W-quorum achieved (2 writes), returning to client
[dc1_node2] Background replication continues for remaining nodes
[dc1_node2] Successful writes: 2/3
[dc1_node2] Replicated to localhost:50127
[dc1_node2] Internal PUT (replication): key='item:0309'
[dc1_node2] CONFLICT detected for key='item:0309', siblings=2
[dc1_node2] Saved 88 keys to disk
[dc1_node2] Internal PUT (replication): key='item:0354'
[dc1_node2] CONFLICT detected for key='item:0354', siblings=3
[dc1_node2] Saved 88 keys to disk
[dc1_node2] Client PUT: key='item:0053', value='value_53_update_client8_op197'
[dc1_node2] Preference list for 'item:0053': ['localhost:50116', 'localhost:50095', 'localhost:50247']
[dc1_node2] Coordinator NOT in preference list, forwarding only
[dc1_node2] Replicated to localhost:50095
[dc1_node2] Replicated to localhost:50116
[dc1_node2] Replicated to localhost:50247
[dc1_node2] W-quorum achieved (2 writes), returning to client
[dc1_node2] Background replication continues for remaining nodes
[dc1_node2] Successful writes: 3/3
[dc1_node2] Retrieved key='item:0408', versions=2
[dc1_node2] Internal PUT (replication): key='item:0615'
[dc1_node2] CONFLICT detected for key='item:0615', siblings=3
[dc1_node2] Saved 88 keys to disk
[dc1_node2] Internal PUT (replication): key='item:2320'
[dc1_node2] CONFLICT detected for key='item:2320', siblings=5
[dc1_node2] Saved 88 keys to disk
[dc1_node2] Internal PUT (replication): key='item:1641'
[dc1_node2] CONFLICT detected for key='item:1641', siblings=2
[dc1_node2] Saved 88 keys to disk
[dc1_node2] Client GET: key='item:0633'
[dc1_node2] Reading from preference list: ['localhost:50118', 'localhost:50160']
[dc1_node2] Key='item:0633' not found
[dc1_node2] CONFLICT: 6 sibling versions for 'item:0633'
[dc1_node2] Client PUT: key='item:3454', value='value_3454_client34_op186'
[dc1_node2] Preference list for 'item:3454': ['localhost:50054', 'localhost:50184', 'localhost:50095']
[dc1_node2] Coordinator NOT in preference list, forwarding only
[dc1_node2] Replicated to localhost:50054
[dc1_node2] Replicated to localhost:50184
[dc1_node2] Replicated to localhost:50095
[dc1_node2] W-quorum achieved (2 writes), returning to client
[dc1_node2] Background replication continues for remaining nodes
[dc1_node2] Successful writes: 3/3
[dc1_node2] Internal PUT (replication): key='item:2805'
[dc1_node2] CONFLICT detected for key='item:2805', siblings=3
[dc1_node2] Saved 88 keys to disk
[dc1_node2] Retrieved key='item:2942', versions=2
[dc1_node2] Internal PUT (replication): key='item:2247'
[dc1_node2] CONFLICT detected for key='item:2247', siblings=2
[dc1_node2] Saved 88 keys to disk
[dc1_node2] Retrieved key='item:0299', versions=5
[dc1_node2] Internal PUT (replication): key='item:1834'
[dc1_node2] CONFLICT detected for key='item:1834', siblings=3
[dc1_node2] Saved 88 keys to disk
[dc1_node2] Retrieved key='item:0354', versions=3
[dc1_node2] Internal PUT (replication): key='item:4498'
[dc1_node2] CONFLICT detected for key='item:4498', siblings=3
[dc1_node2] Saved 88 keys to disk
[dc1_node2] Internal PUT (replication): key='item:3829'
[dc1_node2] CONFLICT detected for key='item:3829', siblings=2
[dc1_node2] Saved 88 keys to disk
[dc1_node2] Internal PUT (replication): key='item:4397'
[dc1_node2] CONFLICT detected for key='item:4397', siblings=2
[dc1_node2] Saved 88 keys to disk
[dc1_node2] Internal PUT (replication): key='item:3436'
[dc1_node2] CONFLICT detected for key='item:3436', siblings=4
[dc1_node2] Saved 88 keys to disk
[dc1_node2] Retrieved key='item:0289', versions=4
[dc1_node2] Retrieved key='item:3418', versions=3
[dc1_node2] Internal PUT (replication): key='item:0289'
[dc1_node2] CONFLICT detected for key='item:0289', siblings=5
[dc1_node2] Saved 88 keys to disk
[dc1_node2] Retrieved key='item:2473', versions=2
[dc1_node2] Client GET: key='item:4847'
[dc1_node2] Reading from preference list: ['localhost:50089', 'localhost:50161']
[dc1_node2] Key='item:4847' not found
[dc1_node2] CONFLICT: 6 sibling versions for 'item:4847'
[dc1_node2] Client PUT: key='item:1420', value='value_1420_update_client28_op220'
[dc1_node2] Preference list for 'item:1420': ['localhost:50137', 'localhost:50085', 'localhost:50123']
[dc1_node2] Coordinator NOT in preference list, forwarding only
[dc1_node2] Replicated to localhost:50085
[dc1_node2] Replicated to localhost:50123
[dc1_node2] Replicated to localhost:50137
[dc1_node2] W-quorum achieved (2 writes), returning to client
[dc1_node2] Background replication continues for remaining nodes
[dc1_node2] Successful writes: 3/3
[dc1_node2] Internal PUT (replication): key='item:0497'
[dc1_node2] CONFLICT detected for key='item:0497', siblings=3
[dc1_node2] Saved 88 keys to disk
[dc1_node2] Internal PUT (replication): key='item:0299'
[dc1_node2] CONFLICT detected for key='item:0299', siblings=6
[dc1_node2] Saved 88 keys to disk
[dc1_node2] Internal PUT (replication): key='item:0883'
[dc1_node2] CONFLICT detected for key='item:0883', siblings=2
[dc1_node2] Saved 88 keys to disk
[dc1_node2] Internal PUT (replication): key='item:2440'
[dc1_node2] CONFLICT detected for key='item:2440', siblings=3
[dc1_node2] Saved 88 keys to disk
[dc1_node2] Retrieved key='item:2247', versions=2
[dc1_node2] Retrieved key='item:3746', versions=2
[dc1_node2] Internal PUT (replication): key='item:1739'
[dc1_node2] CONFLICT detected for key='item:1739', siblings=3
[dc1_node2] Saved 88 keys to disk
[dc1_node2] Internal PUT (replication): key='item:1107'
[dc1_node2] CONFLICT detected for key='item:1107', siblings=2
[dc1_node2] Saved 88 keys to disk
[dc1_node2] Retrieved key='item:2473', versions=2
[dc1_node2] Internal PUT (replication): key='item:0408'
[dc1_node2] CONFLICT detected for key='item:0408', siblings=3
[dc1_node2] Saved 88 keys to disk
[dc1_node2] Internal PUT (replication): key='item:1661'
[dc1_node2] CONFLICT detected for key='item:1661', siblings=4
[dc1_node2] Saved 88 keys to disk
[dc1_node2] Internal PUT (replication): key='item:3866'
[dc1_node2] CONFLICT detected for key='item:3866', siblings=2
[dc1_node2] Saved 88 keys to disk
[dc1_node2] Internal PUT (replication): key='item:2466'
[dc1_node2] CONFLICT detected for key='item:2466', siblings=4
[dc1_node2] Saved 88 keys to disk
[dc1_node2] Internal PUT (replication): key='item:1965'
[dc1_node2] CONFLICT detected for key='item:1965', siblings=4
[dc1_node2] Saved 88 keys to disk
[dc1_node2] Internal PUT (replication): key='item:4865'
[dc1_node2] CONFLICT detected for key='item:4865', siblings=3
[dc1_node2] Saved 88 keys to disk
[dc1_node2] Internal PUT (replication): key='item:4549'
[dc1_node2] CONFLICT detected for key='item:4549', siblings=5
[dc1_node2] Saved 88 keys to disk
[dc1_node2] Client PUT: key='item:3616', value='value_3616_update_client39_op234'
[dc1_node2] Preference list for 'item:3616': ['localhost:50169', 'localhost:50068', 'localhost:50241']
[dc1_node2] Coordinator NOT in preference list, forwarding only
[dc1_node2] Replicated to localhost:50169
[dc1_node2] Replicated to localhost:50068
[dc1_node2] Replicated to localhost:50241
[dc1_node2] W-quorum achieved (2 writes), returning to client
[dc1_node2] Background replication continues for remaining nodes
[dc1_node2] Successful writes: 3/3
[dc1_node2] Internal PUT (replication): key='item:3260'
[dc1_node2] CONFLICT detected for key='item:3260', siblings=2
[dc1_node2] Saved 88 keys to disk
[dc1_node2] Client PUT: key='item:2581', value='value_2581_client29_op243'
[dc1_node2] Preference list for 'item:2581': ['localhost:50135', 'localhost:50161', 'localhost:50069']
[dc1_node2] Coordinator NOT in preference list, forwarding only
[dc1_node2] Replicated to localhost:50069
[dc1_node2] Replicated to localhost:50161
[dc1_node2] Replicated to localhost:50135
[dc1_node2] W-quorum achieved (2 writes), returning to client
[dc1_node2] Background replication continues for remaining nodes
[dc1_node2] Successful writes: 3/3
[dc1_node2] Client PUT: key='item:2472', value='value_2472_client5_op227'
[dc1_node2] Preference list for 'item:2472': ['localhost:50176', 'localhost:50199', 'localhost:50156']
[dc1_node2] Coordinator NOT in preference list, forwarding only
[dc1_node2] Replicated to localhost:50199
[dc1_node2] Replicated to localhost:50176
[dc1_node2] Replicated to localhost:50156
[dc1_node2] W-quorum achieved (2 writes), returning to client
[dc1_node2] Background replication continues for remaining nodes
[dc1_node2] Successful writes: 3/3
[dc1_node2] Retrieved key='item:2783', versions=2
[dc1_node2] Internal PUT (replication): key='item:3923'
[dc1_node2] CONFLICT detected for key='item:3923', siblings=3
[dc1_node2] Internal PUT (replication): key='item:1033'
[dc1_node2] Saved 88 keys to disk
[dc1_node2] CONFLICT detected for key='item:1033', siblings=3
[dc1_node2] Saved 88 keys to disk
[dc1_node2] Retrieved key='item:3746', versions=2
[dc1_node2] Internal PUT (replication): key='item:2440'
[dc1_node2] CONFLICT detected for key='item:2440', siblings=4
[dc1_node2] Saved 88 keys to disk
[dc1_node2] Internal PUT (replication): key='item:0015'
[dc1_node2] CONFLICT detected for key='item:0015', siblings=4
[dc1_node2] Saved 88 keys to disk
[dc1_node2] Internal PUT (replication): key='item:1834'
[dc1_node2] CONFLICT detected for key='item:1834', siblings=4
[dc1_node2] Saved 88 keys to disk
[dc1_node2] Client GET: key='item:4182'
[dc1_node2] Reading from preference list: ['localhost:50214', 'localhost:50108']
[dc1_node2] Key='item:4182' not found
[dc1_node2] Performing read repair for key='item:4182'
[dc1_node2] Read repair to localhost:50214 succeeded
[dc1_node2] Read repair to localhost:50108 succeeded
[dc1_node2] Read repair to localhost:50115 succeeded
[dc1_node2] Internal PUT (replication): key='item:2431'
[dc1_node2] CONFLICT detected for key='item:2431', siblings=2
[dc1_node2] Saved 88 keys to disk
[dc1_node2] Client PUT: key='item:1519', value='value_1519_update_client25_op244'
[dc1_node2] Preference list for 'item:1519': ['localhost:50174', 'localhost:50099', 'localhost:50090']
[dc1_node2] Coordinator NOT in preference list, forwarding only
[dc1_node2] Replicated to localhost:50174
[dc1_node2] Replicated to localhost:50099
[dc1_node2] Replicated to localhost:50090
[dc1_node2] W-quorum achieved (2 writes), returning to client
[dc1_node2] Background replication continues for remaining nodes
[dc1_node2] Successful writes: 3/3
[dc1_node2] Client PUT: key='item:0563', value='value_563_update_client29_op257'
[dc1_node2] Preference list for 'item:0563': ['localhost:50242', 'localhost:50125', 'localhost:50056']
[dc1_node2] Coordinator NOT in preference list, forwarding only
[dc1_node2] Replicated to localhost:50056
[dc1_node2] Replicated to localhost:50242
[dc1_node2] Replicated to localhost:50125
[dc1_node2] W-quorum achieved (2 writes), returning to client
[dc1_node2] Background replication continues for remaining nodes
[dc1_node2] Successful writes: 3/3
[dc1_node2] Internal PUT (replication): key='item:1873'
[dc1_node2] CONFLICT detected for key='item:1873', siblings=2
[dc1_node2] Saved 88 keys to disk
[dc1_node2] Internal PUT (replication): key='item:1661'
[dc1_node2] CONFLICT detected for key='item:1661', siblings=5
[dc1_node2] Saved 88 keys to disk
[dc1_node2] Internal PUT (replication): key='item:2440'
[dc1_node2] CONFLICT detected for key='item:2440', siblings=5
[dc1_node2] Saved 88 keys to disk
[dc1_node2] Retrieved key='item:1252', versions=3
[dc1_node2] Internal PUT (replication): key='item:2611'
[dc1_node2] CONFLICT detected for key='item:2611', siblings=3
[dc1_node2] Saved 88 keys to disk
[dc1_node2] Internal PUT (replication): key='item:0020'
[dc1_node2] CONFLICT detected for key='item:0020', siblings=4
[dc1_node2] Saved 88 keys to disk
[dc1_node2] Retrieved key='item:2942', versions=2
[dc1_node2] Internal PUT (replication): key='item:0299'
[dc1_node2] CONFLICT detected for key='item:0299', siblings=7
[dc1_node2] Saved 88 keys to disk
[dc1_node2] Internal PUT (replication): key='item:0299'
[dc1_node2] CONFLICT detected for key='item:0299', siblings=8
[dc1_node2] Saved 88 keys to disk
[dc1_node2] Internal PUT (replication): key='item:2473'
[dc1_node2] CONFLICT detected for key='item:2473', siblings=3
[dc1_node2] Saved 88 keys to disk
[dc1_node2] Internal PUT (replication): key='item:3148'
[dc1_node2] Stored NEW key='item:3148', value='value_3148_client40_op245', clock={dc3_node4:1}
[dc1_node2] Saved 89 keys to disk
[dc1_node2] Internal PUT (replication): key='item:1873'
[dc1_node2] CONFLICT detected for key='item:1873', siblings=3
[dc1_node2] Saved 89 keys to disk
[dc1_node2] Internal PUT (replication): key='item:3227'
[dc1_node2] CONFLICT detected for key='item:3227', siblings=3
[dc1_node2] Saved 89 keys to disk
[dc1_node2] Internal PUT (replication): key='item:0844'
[dc1_node2] CONFLICT detected for key='item:0844', siblings=5
[dc1_node2] Saved 89 keys to disk
[dc1_node2] Internal PUT (replication): key='item:4549'
[dc1_node2] CONFLICT detected for key='item:4549', siblings=6
[dc1_node2] Saved 89 keys to disk
[dc1_node2] Retrieved key='item:1834', versions=4
[dc1_node2] Internal PUT (replication): key='item:4397'
[dc1_node2] CONFLICT detected for key='item:4397', siblings=3
[dc1_node2] Saved 89 keys to disk
[dc1_node2] Client GET: key='item:3530'
[dc1_node2] Reading from preference list: ['localhost:50183', 'localhost:50109']
[dc1_node2] Key='item:3530' not found
[dc1_node2] CONFLICT: 6 sibling versions for 'item:3530'
[dc1_node2] Internal PUT (replication): key='item:2489'
[dc1_node2] CONFLICT detected for key='item:2489', siblings=3
[dc1_node2] Saved 89 keys to disk
[dc1_node2] Client GET: key='item:1306'
[dc1_node2] Reading from preference list: ['localhost:50185', 'localhost:50069']
[dc1_node2] Key='item:1306' not found
[dc1_node2] CONFLICT: 4 sibling versions for 'item:1306'
[dc1_node2] Client PUT: key='item:4289', value='value_4289_client19_op264'
[dc1_node2] Preference list for 'item:4289': ['localhost:50210', 'localhost:50161', 'localhost:50100']
[dc1_node2] Coordinator NOT in preference list, forwarding only
[dc1_node2] Replicated to localhost:50161
[dc1_node2] Replicated to localhost:50100
[dc1_node2] Replicated to localhost:50210
[dc1_node2] W-quorum achieved (2 writes), returning to client
[dc1_node2] Background replication continues for remaining nodes
[dc1_node2] Successful writes: 3/3
[dc1_node2] Client PUT: key='item:0393', value='value_393_update_client15_op273'
[dc1_node2] Preference list for 'item:0393': ['localhost:50210', 'localhost:50124', 'localhost:50177']
[dc1_node2] Coordinator NOT in preference list, forwarding only
[dc1_node2] Replicated to localhost:50124
[dc1_node2] Replicated to localhost:50177
[dc1_node2] Replicated to localhost:50210
[dc1_node2] W-quorum achieved (2 writes), returning to client
[dc1_node2] Background replication continues for remaining nodes
[dc1_node2] Successful writes: 3/3
[dc1_node2] Client PUT: key='item:1849', value='value_1849_client25_op271'
[dc1_node2] Preference list for 'item:1849': ['localhost:50248', 'localhost:50125', 'localhost:50138']
[dc1_node2] Coordinator NOT in preference list, forwarding only
[dc1_node2] Replicated to localhost:50248
[dc1_node2] Replicated to localhost:50125
[dc1_node2] Replicated to localhost:50138
[dc1_node2] W-quorum achieved (2 writes), returning to client
[dc1_node2] Background replication continues for remaining nodes
[dc1_node2] Successful writes: 3/3
[dc1_node2] Internal PUT (replication): key='item:1661'
[dc1_node2] CONFLICT detected for key='item:1661', siblings=6
[dc1_node2] Saved 89 keys to disk
[dc1_node2] Retrieved key='item:3866', versions=2
[dc1_node2] Client PUT: key='item:2524', value='value_2524_update_client22_op280'
[dc1_node2] Preference list for 'item:2524': ['localhost:50071', 'localhost:50159', 'localhost:50134']
[dc1_node2] Coordinator NOT in preference list, forwarding only
[dc1_node2] Replicated to localhost:50071
[dc1_node2] Replicated to localhost:50134
[dc1_node2] W-quorum achieved (2 writes), returning to client
[dc1_node2] Background replication continues for remaining nodes
[dc1_node2] Successful writes: 2/3
[dc1_node2] Replicated to localhost:50159
[dc1_node2] Internal PUT (replication): key='item:0015'
[dc1_node2] CONFLICT detected for key='item:0015', siblings=5
[dc1_node2] Saved 89 keys to disk
[dc1_node2] Retrieved key='item:3551', versions=2
[dc1_node2] Client PUT: key='item:2644', value='value_2644_update_client28_op284'
[dc1_node2] Preference list for 'item:2644': ['localhost:50218', 'localhost:50095', 'localhost:50195']
[dc1_node2] Coordinator NOT in preference list, forwarding only
[dc1_node2] Replicated to localhost:50218
[dc1_node2] Replicated to localhost:50095
[dc1_node2] Replicated to localhost:50195
[dc1_node2] W-quorum achieved (2 writes), returning to client
[dc1_node2] Background replication continues for remaining nodes
[dc1_node2] Successful writes: 3/3
[dc1_node2] Client GET: key='item:0050'
[dc1_node2] Reading from preference list: ['localhost:50053', 'localhost:50146']
[dc1_node2] Key='item:0050' not found
[dc1_node2] CONFLICT: 8 sibling versions for 'item:0050'
[dc1_node2] Internal PUT (replication): key='item:0015'
[dc1_node2] CONFLICT detected for key='item:0015', siblings=6
[dc1_node2] Saved 89 keys to disk
[dc1_node2] Internal PUT (replication): key='item:4498'
[dc1_node2] CONFLICT detected for key='item:4498', siblings=4
[dc1_node2] Saved 89 keys to disk
[dc1_node2] Internal PUT (replication): key='item:4196'
[dc1_node2] CONFLICT detected for key='item:4196', siblings=3
[dc1_node2] Saved 89 keys to disk
[dc1_node2] Internal PUT (replication): key='item:2431'
[dc1_node2] CONFLICT detected for key='item:2431', siblings=3
[dc1_node2] Saved 89 keys to disk
[dc1_node2] Retrieved key='item:0299', versions=8
[dc1_node2] Retrieved key='item:1252', versions=3
[dc1_node2] Internal PUT (replication): key='item:2783'
[dc1_node2] CONFLICT detected for key='item:2783', siblings=3
[dc1_node2] Saved 89 keys to disk
[dc1_node2] Client PUT: key='item:2096', value='value_2096_update_client13_op281'
[dc1_node2] Preference list for 'item:2096': ['localhost:50243', 'localhost:50125', 'localhost:50159']
[dc1_node2] Coordinator NOT in preference list, forwarding only
[dc1_node2] Client GET: key='item:2137'
[dc1_node2] Reading from preference list: ['localhost:50170', 'localhost:50147']
[dc1_node2] Key='item:2137' not found
[dc1_node2] CONFLICT: 4 sibling versions for 'item:2137'
[dc1_node2] Replicated to localhost:50159
[dc1_node2] Replicated to localhost:50125
[dc1_node2] Replicated to localhost:50243
[dc1_node2] W-quorum achieved (2 writes), returning to client
[dc1_node2] Background replication continues for remaining nodes
[dc1_node2] Successful writes: 3/3
[dc1_node2] Retrieved key='item:2247', versions=2
[dc1_node2] Internal PUT (replication): key='item:1857'
[dc1_node2] CONFLICT detected for key='item:1857', siblings=3
[dc1_node2] Client PUT: key='item:1313', value='value_1313_client44_op291'
[dc1_node2] Preference list for 'item:1313': ['localhost:50190', 'localhost:50116', 'localhost:50057']
[dc1_node2] Coordinator NOT in preference list, forwarding only
[dc1_node2] Saved 89 keys to disk
[dc1_node2] Replicated to localhost:50190
[dc1_node2] Replicated to localhost:50057
[dc1_node2] Replicated to localhost:50116
[dc1_node2] W-quorum achieved (2 writes), returning to client
[dc1_node2] Background replication continues for remaining nodes
[dc1_node2] Successful writes: 3/3
[dc1_node2] Retrieved key='item:1661', versions=6
[dc1_node2] Retrieved key='item:1873', versions=3
[dc1_node2] Internal PUT (replication): key='item:0883'
[dc1_node2] CONFLICT detected for key='item:0883', siblings=3
[dc1_node2] Saved 89 keys to disk
[dc1_node2] Internal PUT (replication): key='item:1252'
[dc1_node2] CONFLICT detected for key='item:1252', siblings=4
[dc1_node2] Saved 89 keys to disk
[dc1_node2] Retrieved key='item:1965', versions=4
[dc1_node2] Internal PUT (replication): key='item:2986'
[dc1_node2] CONFLICT detected for key='item:2986', siblings=2
[dc1_node2] Saved 89 keys to disk
[dc1_node2] Retrieved key='item:3418', versions=3
[dc1_node2] Internal PUT (replication): key='item:3227'
[dc1_node2] CONFLICT detected for key='item:3227', siblings=4
[dc1_node2] Saved 89 keys to disk
[dc1_node2] Internal PUT (replication): key='item:2783'
[dc1_node2] CONFLICT detected for key='item:2783', siblings=4
[dc1_node2] Saved 89 keys to disk
[dc1_node2] Internal PUT (replication): key='item:4454'
[dc1_node2] CONFLICT detected for key='item:4454', siblings=5
[dc1_node2] Saved 89 keys to disk
[dc1_node2] Internal PUT (replication): key='item:2431'
[dc1_node2] CONFLICT detected for key='item:2431', siblings=4
[dc1_node2] Saved 89 keys to disk
[dc1_node2] Retrieved key='item:1037', versions=3
[dc1_node2] Internal PUT (replication): key='item:1033'
[dc1_node2] CONFLICT detected for key='item:1033', siblings=4
[dc1_node2] Saved 89 keys to disk
[dc1_node2] Retrieved key='item:0071', versions=2
[dc1_node2] Internal PUT (replication): key='item:0883'
[dc1_node2] CONFLICT detected for key='item:0883', siblings=4
[dc1_node2] Saved 89 keys to disk
[dc1_node2] Internal PUT (replication): key='item:4549'
[dc1_node2] CONFLICT detected for key='item:4549', siblings=7
[dc1_node2] Saved 89 keys to disk
[dc1_node2] Internal PUT (replication): key='item:4549'
[dc1_node2] CONFLICT detected for key='item:4549', siblings=8
[dc1_node2] Saved 89 keys to disk
[dc1_node2] Internal PUT (replication): key='item:0497'
[dc1_node2] CONFLICT detected for key='item:0497', siblings=4
[dc1_node2] Saved 89 keys to disk
[dc1_node2] Internal PUT (replication): key='item:3866'
[dc1_node2] CONFLICT detected for key='item:3866', siblings=3
[dc1_node2] Saved 89 keys to disk
[dc1_node2] Internal PUT (replication): key='item:2891'
[dc1_node2] Stored NEW key='item:2891', value='value_2891_update_client18_op311', clock={dc3_node18:1}
[dc1_node2] Saved 90 keys to disk
[dc1_node2] Internal PUT (replication): key='item:0338'
[dc1_node2] Stored NEW key='item:0338', value='value_338_update_client7_op304', clock={dc2_node8:1}
[dc1_node2] Saved 91 keys to disk
[dc1_node2] Internal PUT (replication): key='item:3602'
[dc1_node2] CONFLICT detected for key='item:3602', siblings=3
[dc1_node2] Saved 91 keys to disk
[dc1_node2] Retrieved key='item:3923', versions=3
[dc1_node2] Client GET: key='item:1814'
[dc1_node2] Reading from preference list: ['localhost:50121', 'localhost:50110']
[dc1_node2] Key='item:1814' not found
[dc1_node2] CONFLICT: 6 sibling versions for 'item:1814'
[dc1_node2] Client PUT: key='item:1518', value='value_1518_client45_op312'
[dc1_node2] Preference list for 'item:1518': ['localhost:50123', 'localhost:50057', 'localhost:50138']
[dc1_node2] Coordinator NOT in preference list, forwarding only
[dc1_node2] Replicated to localhost:50138
[dc1_node2] Replicated to localhost:50057
[dc1_node2] Replicated to localhost:50123
[dc1_node2] W-quorum achieved (2 writes), returning to client
[dc1_node2] Background replication continues for remaining nodes
[dc1_node2] Successful writes: 3/3
[dc1_node2] Internal PUT (replication): key='item:1037'
[dc1_node2] CONFLICT detected for key='item:1037', siblings=4
[dc1_node2] Saved 91 keys to disk
[dc1_node2] Retrieved key='item:1037', versions=4
[dc1_node2] Internal PUT (replication): key='item:2942'
[dc1_node2] CONFLICT detected for key='item:2942', siblings=3
[dc1_node2] Saved 91 keys to disk
[dc1_node2] Retrieved key='item:0408', versions=3
[dc1_node2] Internal PUT (replication): key='item:0408'
[dc1_node2] CONFLICT detected for key='item:0408', siblings=4
[dc1_node2] Saved 91 keys to disk
[dc1_node2] Internal PUT (replication): key='item:2473'
[dc1_node2] CONFLICT detected for key='item:2473', siblings=4
[dc1_node2] Saved 91 keys to disk
[dc1_node2] Internal PUT (replication): key='item:1857'
[dc1_node2] CONFLICT detected for key='item:1857', siblings=4
[dc1_node2] Saved 91 keys to disk
[dc1_node2] Client GET: key='item:1339'
[dc1_node2] Reading from preference list: ['localhost:50174', 'localhost:50103']
[dc1_node2] Key='item:1339' not found
[dc1_node2] CONFLICT: 6 sibling versions for 'item:1339'
[dc1_node2] Retrieved key='item:1873', versions=3
[dc1_node2] Client PUT: key='item:1460', value='value_1460_update_client42_op307'
[dc1_node2] Preference list for 'item:1460': ['localhost:50160', 'localhost:50053', 'localhost:50236']
[dc1_node2] Coordinator NOT in preference list, forwarding only
[dc1_node2] Client PUT: key='item:2924', value='value_2924_client41_op312'
[dc1_node2] Preference list for 'item:2924': ['localhost:50245', 'localhost:50059', 'localhost:50168']
[dc1_node2] Coordinator NOT in preference list, forwarding only
[dc1_node2] Client PUT: key='item:0883', value='value_883_client6_op323'
[dc1_node2] Preference list for 'item:0883': ['localhost:50209', 'localhost:50150', 'localhost:50052']
[dc1_node2] CONFLICT detected for key='item:0883', siblings=5
[dc1_node2] Replicated to localhost:50160
[dc1_node2] Replicated to localhost:50236
[dc1_node2] Replicated to localhost:50053
[dc1_node2] Saved 91 keys to disk
[dc1_node2] Coordinator IS in preference list, stored locally
[dc1_node2] Replicated to localhost:50059
[dc1_node2] Replicated to localhost:50168
[dc1_node2] W-quorum achieved (2 writes), returning to client
[dc1_node2] Background replication continues for remaining nodes
[dc1_node2] Successful writes: 2/3
[dc1_node2] W-quorum achieved (2 writes), returning to client
[dc1_node2] Background replication continues for remaining nodes
[dc1_node2] Successful writes: 3/3
[dc1_node2] Replicated to localhost:50245
[dc1_node2] Replicated to localhost:50209
[dc1_node2] Replicated to localhost:50150
[dc1_node2] W-quorum achieved (2 writes), returning to client
[dc1_node2] Background replication continues for remaining nodes
[dc1_node2] Successful writes: 3/3
[dc1_node2] Internal PUT (replication): key='item:3260'
[dc1_node2] CONFLICT detected for key='item:3260', siblings=3
[dc1_node2] Saved 91 keys to disk
[dc1_node2] Internal PUT (replication): key='item:3418'
[dc1_node2] CONFLICT detected for key='item:3418', siblings=4
[dc1_node2] Internal PUT (replication): key='item:3068'
[dc1_node2] Saved 91 keys to disk
[dc1_node2] CONFLICT detected for key='item:3068', siblings=4
[dc1_node2] Saved 91 keys to disk
[dc1_node2] Retrieved key='item:4454', versions=5
[dc1_node2] Internal PUT (replication): key='item:3602'
[dc1_node2] CONFLICT detected for key='item:3602', siblings=4
[dc1_node2] Saved 91 keys to disk
[dc1_node2] Internal PUT (replication): key='item:3829'
[dc1_node2] CONFLICT detected for key='item:3829', siblings=3
[dc1_node2] Saved 91 keys to disk
[dc1_node2] Client GET: key='item:4349'
[dc1_node2] Reading from preference list: ['localhost:50178', 'localhost:50053']
[dc1_node2] Key='item:4349' not found
[dc1_node2] CONFLICT: 8 sibling versions for 'item:4349'
[dc1_node2] Internal PUT (replication): key='item:3563'
[dc1_node2] CONFLICT detected for key='item:3563', siblings=3
[dc1_node2] Saved 91 keys to disk
[dc1_node2] Retrieved key='item:2783', versions=4
[dc1_node2] Internal PUT (replication): key='item:3866'
[dc1_node2] CONFLICT detected for key='item:3866', siblings=4
[dc1_node2] Saved 91 keys to disk
[dc1_node2] Internal PUT (replication): key='item:3521'
[dc1_node2] CONFLICT detected for key='item:3521', siblings=2
[dc1_node2] Saved 91 keys to disk
[dc1_node2] Client GET: key='item:4279'
[dc1_node2] Reading from preference list: ['localhost:50151', 'localhost:50125']
[dc1_node2] Key='item:4279' not found
[dc1_node2] CONFLICT: 10 sibling versions for 'item:4279'
[dc1_node2] Client PUT: key='item:0224', value='value_224_client33_op315'
[dc1_node2] Preference list for 'item:0224': ['localhost:50081', 'localhost:50113', 'localhost:50229']
[dc1_node2] Coordinator NOT in preference list, forwarding only
[dc1_node2] Replicated to localhost:50081
[dc1_node2] Replicated to localhost:50229
[dc1_node2] W-quorum achieved (2 writes), returning to client
[dc1_node2] Background replication continues for remaining nodes
[dc1_node2] Successful writes: 2/3
[dc1_node2] Replicated to localhost:50113
[dc1_node2] Internal PUT (replication): key='item:3521'
[dc1_node2] CONFLICT detected for key='item:3521', siblings=3
[dc1_node2] Saved 91 keys to disk
[dc1_node2] Retrieved key='item:1873', versions=3
[dc1_node2] Internal PUT (replication): key='item:2473'
[dc1_node2] CONFLICT detected for key='item:2473', siblings=5
[dc1_node2] Saved 91 keys to disk
[dc1_node2] Internal PUT (replication): key='item:3602'
[dc1_node2] CONFLICT detected for key='item:3602', siblings=5
[dc1_node2] Saved 91 keys to disk
[dc1_node2] Client PUT: key='item:3423', value='value_3423_update_client8_op338'
[dc1_node2] Preference list for 'item:3423': ['localhost:50228', 'localhost:50148', 'localhost:50174']
[dc1_node2] Coordinator NOT in preference list, forwarding only
[dc1_node2] Replicated to localhost:50148
[dc1_node2] Replicated to localhost:50228
[dc1_node2] Replicated to localhost:50174
[dc1_node2] Internal PUT (replication): key='item:3551'
[dc1_node2] CONFLICT detected for key='item:3551', siblings=3
[dc1_node2] W-quorum achieved (2 writes), returning to client
[dc1_node2] Background replication continues for remaining nodes
[dc1_node2] Successful writes: 3/3
[dc1_node2] Saved 91 keys to disk
[dc1_node2] Internal PUT (replication): key='item:0299'
[dc1_node2] CONFLICT detected for key='item:0299', siblings=9
[dc1_node2] Client PUT: key='item:4205', value='value_4205_client26_op343'
[dc1_node2] Preference list for 'item:4205': ['localhost:50134', 'localhost:50072', 'localhost:50241']
[dc1_node2] Coordinator NOT in preference list, forwarding only
[dc1_node2] Replicated to localhost:50134
[dc1_node2] Saved 91 keys to disk
[dc1_node2] Replicated to localhost:50072
[dc1_node2] Replicated to localhost:50241
[dc1_node2] W-quorum achieved (2 writes), returning to client
[dc1_node2] Background replication continues for remaining nodes
[dc1_node2] Successful writes: 3/3
[dc1_node2] Internal PUT (replication): key='item:1834'
[dc1_node2] CONFLICT detected for key='item:1834', siblings=5
[dc1_node2] Saved 91 keys to disk
[dc1_node2] Retrieved key='item:0615', versions=3
[dc1_node2] Client PUT: key='item:3037', value='value_3037_update_client17_op339'
[dc1_node2] Preference list for 'item:3037': ['localhost:50116', 'localhost:50069', 'localhost:50220']
[dc1_node2] Coordinator NOT in preference list, forwarding only
[dc1_node2] Replicated to localhost:50069
[dc1_node2] Replicated to localhost:50116
[dc1_node2] Replicated to localhost:50220
[dc1_node2] W-quorum achieved (2 writes), returning to client
[dc1_node2] Background replication continues for remaining nodes
[dc1_node2] Successful writes: 3/3
[dc1_node2] Retrieved key='item:3923', versions=3
[dc1_node2] Internal PUT (replication): key='item:3746'
[dc1_node2] CONFLICT detected for key='item:3746', siblings=3
[dc1_node2] Saved 91 keys to disk
[dc1_node2] Internal PUT (replication): key='item:0497'
[dc1_node2] CONFLICT detected for key='item:0497', siblings=5
[dc1_node2] Saved 91 keys to disk
[dc1_node2] Client PUT: key='item:1417', value='value_1417_update_client41_op339'
[dc1_node2] Preference list for 'item:1417': ['localhost:50178', 'localhost:50226', 'localhost:50242']
[dc1_node2] Coordinator NOT in preference list, forwarding only
[dc1_node2] Retrieved key='item:3866', versions=4
[dc1_node2] Replicated to localhost:50242
[dc1_node2] Replicated to localhost:50178
[dc1_node2] Replicated to localhost:50226
[dc1_node2] W-quorum achieved (2 writes), returning to client
[dc1_node2] Background replication continues for remaining nodes
[dc1_node2] Successful writes: 3/3
[dc1_node2] Internal PUT (replication): key='item:0020'
[dc1_node2] CONFLICT detected for key='item:0020', siblings=5
[dc1_node2] Saved 91 keys to disk
[dc1_node2] Internal PUT (replication): key='item:3866'
[dc1_node2] CONFLICT detected for key='item:3866', siblings=5
[dc1_node2] Saved 91 keys to disk
[dc1_node2] Internal PUT (replication): key='item:1676'
[dc1_node2] CONFLICT detected for key='item:1676', siblings=4
[dc1_node2] Saved 91 keys to disk
[dc1_node2] Retrieved key='item:2464', versions=1
[dc1_node2] Merged versions for key='item:2464', result=1 versions
[dc1_node2] Saved 91 keys to disk
[dc1_node2] Internal PUT (replication): key='item:3829'
[dc1_node2] CONFLICT detected for key='item:3829', siblings=4
[dc1_node2] Saved 91 keys to disk
[dc1_node2] Internal PUT (replication): key='item:3351'
[dc1_node2] CONFLICT detected for key='item:3351', siblings=3
[dc1_node2] Saved 91 keys to disk
[dc1_node2] Internal PUT (replication): key='item:0548'
[dc1_node2] CONFLICT detected for key='item:0548', siblings=4
[dc1_node2] Internal PUT (replication): key='item:0615'
[dc1_node2] Saved 91 keys to disk
[dc1_node2] CONFLICT detected for key='item:0615', siblings=4
[dc1_node2] Saved 91 keys to disk
[dc1_node2] Client PUT: key='item:1614', value='value_1614_update_client26_op355'
[dc1_node2] Preference list for 'item:1614': ['localhost:50075', 'localhost:50241', 'localhost:50178']
[dc1_node2] Coordinator NOT in preference list, forwarding only
[dc1_node2] Replicated to localhost:50178
[dc1_node2] Replicated to localhost:50241
[dc1_node2] W-quorum achieved (2 writes), returning to client
[dc1_node2] Background replication continues for remaining nodes
[dc1_node2] Successful writes: 2/3
[dc1_node2] Replicated to localhost:50075
[dc1_node2] Retrieved key='item:2482', versions=2
[dc1_node2] Client PUT: key='item:0778', value='value_778_client26_op360'
[dc1_node2] Preference list for 'item:0778': ['localhost:50182', 'localhost:50117', 'localhost:50066']
[dc1_node2] Coordinator NOT in preference list, forwarding only
[dc1_node2] Replicated to localhost:50066
[dc1_node2] Replicated to localhost:50182
[dc1_node2] Replicated to localhost:50117
[dc1_node2] W-quorum achieved (2 writes), returning to client
[dc1_node2] Background replication continues for remaining nodes
[dc1_node2] Successful writes: 3/3
[dc1_node2] Internal PUT (replication): key='item:4498'
[dc1_node2] CONFLICT detected for key='item:4498', siblings=5
[dc1_node2] Saved 91 keys to disk
[dc1_node2] Client PUT: key='item:2157', value='value_2157_client11_op347'
[dc1_node2] Preference list for 'item:2157': ['localhost:50088', 'localhost:50112', 'localhost:50170']
[dc1_node2] Coordinator NOT in preference list, forwarding only
[dc1_node2] Replicated to localhost:50088
[dc1_node2] Replicated to localhost:50112
[dc1_node2] W-quorum achieved (2 writes), returning to client
[dc1_node2] Background replication continues for remaining nodes
[dc1_node2] Successful writes: 2/3
[dc1_node2] Replicated to localhost:50170
[dc1_node2] Internal PUT (replication): key='item:0548'
[dc1_node2] CONFLICT detected for key='item:0548', siblings=5
[dc1_node2] Saved 91 keys to disk
[dc1_node2] Retrieved key='item:3776', versions=3
[dc1_node2] Retrieved key='item:2466', versions=4
[dc1_node2] Retrieved key='item:0408', versions=4
[dc1_node2] Internal PUT (replication): key='item:1857'
[dc1_node2] CONFLICT detected for key='item:1857', siblings=5
[dc1_node2] Saved 91 keys to disk
[dc1_node2] Internal PUT (replication): key='item:2611'
[dc1_node2] CONFLICT detected for key='item:2611', siblings=4
[dc1_node2] Saved 91 keys to disk
[dc1_node2] Internal PUT (replication): key='item:4744'
[dc1_node2] CONFLICT detected for key='item:4744', siblings=2
[dc1_node2] Saved 91 keys to disk
[dc1_node2] Internal PUT (replication): key='item:0309'
[dc1_node2] CONFLICT detected for key='item:0309', siblings=3
[dc1_node2] Client PUT: key='item:3164', value='value_3164_client13_op381'
[dc1_node2] Preference list for 'item:3164': ['localhost:50094', 'localhost:50176', 'localhost:50228']
[dc1_node2] Coordinator NOT in preference list, forwarding only
[dc1_node2] Saved 91 keys to disk
[dc1_node2] Replicated to localhost:50094
[dc1_node2] Replicated to localhost:50228
[dc1_node2] Replicated to localhost:50176
[dc1_node2] W-quorum achieved (2 writes), returning to client
[dc1_node2] Background replication continues for remaining nodes
[dc1_node2] Successful writes: 3/3
[dc1_node2] Retrieved key='item:1661', versions=6
[dc1_node2] Internal PUT (replication): key='item:1739'
[dc1_node2] CONFLICT detected for key='item:1739', siblings=4
[dc1_node2] Saved 91 keys to disk
[dc1_node2] Internal PUT (replication): key='item:3866'
[dc1_node2] CONFLICT detected for key='item:3866', siblings=6
[dc1_node2] Saved 91 keys to disk
[dc1_node2] Internal PUT (replication): key='item:4570'
[dc1_node2] CONFLICT detected for key='item:4570', siblings=3
[dc1_node2] Saved 91 keys to disk
[dc1_node2] Internal PUT (replication): key='item:1107'
[dc1_node2] CONFLICT detected for key='item:1107', siblings=3
[dc1_node2] Saved 91 keys to disk
[dc1_node2] Client GET: key='item:4419'
[dc1_node2] Reading from preference list: ['localhost:50120', 'localhost:50134']
[dc1_node2] Key='item:4419' not found
[dc1_node2] CONFLICT: 12 sibling versions for 'item:4419'
[dc1_node2] Internal PUT (replication): key='item:4570'
[dc1_node2] CONFLICT detected for key='item:4570', siblings=4
[dc1_node2] Saved 91 keys to disk
[dc1_node2] Client GET: key='item:0180'
[dc1_node2] Reading from preference list: ['localhost:50099', 'localhost:50064']
[dc1_node2] Key='item:0180' not found
[dc1_node2] Internal PUT (replication): key='item:0998'
[dc1_node2] CONFLICT detected for key='item:0998', siblings=2
[dc1_node2] Performing read repair for key='item:0180'
[dc1_node2] Saved 91 keys to disk
[dc1_node2] Read repair to localhost:50099 succeeded
[dc1_node2] Client PUT: key='item:4084', value='value_4084_update_client13_op388'
[dc1_node2] Preference list for 'item:4084': ['localhost:50147', 'localhost:50176', 'localhost:50063']
[dc1_node2] Coordinator NOT in preference list, forwarding only
[dc1_node2] Replicated to localhost:50147
[dc1_node2] Retrieved key='item:1037', versions=4
[dc1_node2] Replicated to localhost:50063
[dc1_node2] W-quorum achieved (2 writes), returning to client
[dc1_node2] Background replication continues for remaining nodes
[dc1_node2] Successful writes: 2/3
[dc1_node2] Replicated to localhost:50176
[dc1_node2] Read repair to localhost:50064 succeeded
[dc1_node2] Read repair to localhost:50229 succeeded
[dc1_node2] Internal PUT (replication): key='item:4636'
[dc1_node2] CONFLICT detected for key='item:4636', siblings=4
[dc1_node2] Saved 91 keys to disk
[dc1_node2] Client PUT: key='item:2307', value='value_2307_client21_op389'
[dc1_node2] Preference list for 'item:2307': ['localhost:50082', 'localhost:50241', 'localhost:50145']
[dc1_node2] Coordinator NOT in preference list, forwarding only
[dc1_node2] Replicated to localhost:50082
[dc1_node2] Replicated to localhost:50241
[dc1_node2] W-quorum achieved (2 writes), returning to client
[dc1_node2] Background replication continues for remaining nodes
[dc1_node2] Successful writes: 2/3
[dc1_node2] Replicated to localhost:50145
[dc1_node2] Client GET: key='item:3620'
[dc1_node2] Reading from preference list: ['localhost:50181', 'localhost:50087']
[dc1_node2] Key='item:3620' not found
[dc1_node2] CONFLICT: 8 sibling versions for 'item:3620'
[dc1_node2] Retrieved key='item:1033', versions=4
[dc1_node2] Retrieved key='item:1037', versions=4
[dc1_node2] Internal PUT (replication): key='item:0548'
[dc1_node2] CONFLICT detected for key='item:0548', siblings=6
[dc1_node2] Internal PUT (replication): key='item:2464'
[dc1_node2] Saved 91 keys to disk
[dc1_node2] CONFLICT detected for key='item:2464', siblings=2
[dc1_node2] Saved 91 keys to disk
[dc1_node2] Internal PUT (replication): key='item:3938'
[dc1_node2] CONFLICT detected for key='item:3938', siblings=2
[dc1_node2] Saved 91 keys to disk
[dc1_node2] Internal PUT (replication): key='item:4454'
[dc1_node2] CONFLICT detected for key='item:4454', siblings=6
[dc1_node2] Internal PUT (replication): key='item:0299'
[dc1_node2] Saved 91 keys to disk
[dc1_node2] CONFLICT detected for key='item:0299', siblings=10
[dc1_node2] Saved 91 keys to disk
[dc1_node2] Internal PUT (replication): key='item:2320'
[dc1_node2] CONFLICT detected for key='item:2320', siblings=6
[dc1_node2] Saved 91 keys to disk
[dc1_node2] Client PUT: key='item:1200', value='value_1200_update_client22_op392'
[dc1_node2] Preference list for 'item:1200': ['localhost:50096', 'localhost:50237', 'localhost:50147']
[dc1_node2] Coordinator NOT in preference list, forwarding only
[dc1_node2] Replicated to localhost:50237
[dc1_node2] Replicated to localhost:50096
[dc1_node2] Replicated to localhost:50147
[dc1_node2] W-quorum achieved (2 writes), returning to client
[dc1_node2] Background replication continues for remaining nodes
[dc1_node2] Successful writes: 3/3
[dc1_node2] Internal PUT (replication): key='item:0497'
[dc1_node2] CONFLICT detected for key='item:0497', siblings=6
[dc1_node2] Internal PUT (replication): key='item:3068'
[dc1_node2] Saved 91 keys to disk
[dc1_node2] CONFLICT detected for key='item:3068', siblings=5
[dc1_node2] Saved 91 keys to disk
[dc1_node2] Internal PUT (replication): key='item:0354'
[dc1_node2] CONFLICT detected for key='item:0354', siblings=4
[dc1_node2] Internal PUT (replication): key='item:3938'
[dc1_node2] Saved 91 keys to disk
[dc1_node2] CONFLICT detected for key='item:3938', siblings=3
[dc1_node2] Saved 91 keys to disk
[dc1_node2] Retrieved key='item:0693', versions=2
[dc1_node2] Internal PUT (replication): key='item:4549'
[dc1_node2] CONFLICT detected for key='item:4549', siblings=9
[dc1_node2] Saved 91 keys to disk
[dc1_node2] Internal PUT (replication): key='item:4498'
[dc1_node2] CONFLICT detected for key='item:4498', siblings=6
[dc1_node2] Saved 91 keys to disk
[dc1_node2] Client PUT: key='item:2792', value='value_2792_client28_op408'
[dc1_node2] Preference list for 'item:2792': ['localhost:50069', 'localhost:50160', 'localhost:50238']
[dc1_node2] Coordinator NOT in preference list, forwarding only
[dc1_node2] Replicated to localhost:50069
[dc1_node2] Replicated to localhost:50238
[dc1_node2] W-quorum achieved (2 writes), returning to client
[dc1_node2] Background replication continues for remaining nodes
[dc1_node2] Successful writes: 2/3
[dc1_node2] Replicated to localhost:50160
[dc1_node2] Internal PUT (replication): key='item:2986'
[dc1_node2] CONFLICT detected for key='item:2986', siblings=2
[dc1_node2] Saved 91 keys to disk
[dc1_node2] Client GET: key='item:4206'
[dc1_node2] Reading from preference list: ['localhost:50119', 'localhost:50165']
[dc1_node2] Key='item:4206' not found
[dc1_node2] CONFLICT: 4 sibling versions for 'item:4206'
[dc1_node2] Client PUT: key='item:4215', value='value_4215_update_client44_op407'
[dc1_node2] Preference list for 'item:4215': ['localhost:50104', 'localhost:50113', 'localhost:50220']
[dc1_node2] Coordinator NOT in preference list, forwarding only
[dc1_node2] Replicated to localhost:50104
[dc1_node2] Replicated to localhost:50220
[dc1_node2] Replicated to localhost:50113
[dc1_node2] W-quorum achieved (2 writes), returning to client
[dc1_node2] Background replication continues for remaining nodes
[dc1_node2] Successful writes: 3/3
[dc1_node2] Internal PUT (replication): key='item:4629'
[dc1_node2] CONFLICT detected for key='item:4629', siblings=4
[dc1_node2] Saved 91 keys to disk
[dc1_node2] Internal PUT (replication): key='item:0309'
[dc1_node2] CONFLICT detected for key='item:0309', siblings=4
[dc1_node2] Saved 91 keys to disk
[dc1_node2] Internal PUT (replication): key='item:2489'
[dc1_node2] CONFLICT detected for key='item:2489', siblings=4
[dc1_node2] Saved 91 keys to disk
[dc1_node2] Internal PUT (replication): key='item:1811'
[dc1_node2] CONFLICT detected for key='item:1811', siblings=3
[dc1_node2] Saved 91 keys to disk
[dc1_node2] Internal PUT (replication): key='item:3950'
[dc1_node2] CONFLICT detected for key='item:3950', siblings=3
[dc1_node2] Saved 91 keys to disk
[dc1_node2] Internal PUT (replication): key='item:3776'
[dc1_node2] CONFLICT detected for key='item:3776', siblings=4
[dc1_node2] Saved 91 keys to disk
[dc1_node2] Internal PUT (replication): key='item:2473'
[dc1_node2] CONFLICT detected for key='item:2473', siblings=6
[dc1_node2] Saved 91 keys to disk
[dc1_node2] Internal PUT (replication): key='item:2942'
[dc1_node2] CONFLICT detected for key='item:2942', siblings=4
[dc1_node2] Saved 91 keys to disk
[dc1_node2] Retrieved key='item:0998', versions=2
[dc1_node2] Internal PUT (replication): key='item:2482'
[dc1_node2] CONFLICT detected for key='item:2482', siblings=2
[dc1_node2] Saved 91 keys to disk
[dc1_node2] Internal PUT (replication): key='item:4640'
[dc1_node2] CONFLICT detected for key='item:4640', siblings=3
[dc1_node2] Saved 91 keys to disk
[dc1_node2] Internal PUT (replication): key='item:3418'
[dc1_node2] CONFLICT detected for key='item:3418', siblings=5
[dc1_node2] Saved 91 keys to disk
[dc1_node2] Internal PUT (replication): key='item:2247'
[dc1_node2] CONFLICT detected for key='item:2247', siblings=3
[dc1_node2] Saved 91 keys to disk
[dc1_node2] Internal PUT (replication): key='item:0309'
[dc1_node2] CONFLICT detected for key='item:0309', siblings=5
[dc1_node2] Saved 91 keys to disk
[dc1_node2] Client PUT: key='item:2029', value='value_2029_update_client4_op407'
[dc1_node2] Preference list for 'item:2029': ['localhost:50201', 'localhost:50185', 'localhost:50120']
[dc1_node2] Coordinator NOT in preference list, forwarding only
[dc1_node2] Replicated to localhost:50201
[dc1_node2] Replicated to localhost:50185
[dc1_node2] Replicated to localhost:50120
[dc1_node2] W-quorum achieved (2 writes), returning to client
[dc1_node2] Background replication continues for remaining nodes
[dc1_node2] Successful writes: 3/3
[dc1_node2] Internal PUT (replication): key='item:3982'
[dc1_node2] CONFLICT detected for key='item:3982', siblings=4
[dc1_node2] Saved 91 keys to disk
[dc1_node2] Internal PUT (replication): key='item:0998'
[dc1_node2] CONFLICT detected for key='item:0998', siblings=3
[dc1_node2] Saved 91 keys to disk
[dc1_node2] Client PUT: key='item:2161', value='value_2161_update_client5_op411'
[dc1_node2] Preference list for 'item:2161': ['localhost:50135', 'localhost:50166', 'localhost:50113']
[dc1_node2] Coordinator NOT in preference list, forwarding only
[dc1_node2] Internal PUT (replication): key='item:0015'
[dc1_node2] CONFLICT detected for key='item:0015', siblings=7
[dc1_node2] Replicated to localhost:50113
[dc1_node2] Replicated to localhost:50166
[dc1_node2] Saved 91 keys to disk
[dc1_node2] W-quorum achieved (2 writes), returning to client
[dc1_node2] Background replication continues for remaining nodes
[dc1_node2] Successful writes: 2/3
[dc1_node2] Replicated to localhost:50135
[dc1_node2] Internal PUT (replication): key='item:0883'
[dc1_node2] CONFLICT detected for key='item:0883', siblings=6
[dc1_node2] Saved 91 keys to disk
[dc1_node2] Retrieved key='item:2466', versions=4
[dc1_node2] Internal PUT (replication): key='item:2994'
[dc1_node2] CONFLICT detected for key='item:2994', siblings=4
[dc1_node2] Saved 91 keys to disk
[dc1_node2] Internal PUT (replication): key='item:3866'
[dc1_node2] CONFLICT detected for key='item:3866', siblings=7
[dc1_node2] Saved 91 keys to disk
[dc1_node2] Internal PUT (replication): key='item:1661'
[dc1_node2] CONFLICT detected for key='item:1661', siblings=7
[dc1_node2] Saved 91 keys to disk
[dc1_node2] Internal PUT (replication): key='item:3521'
[dc1_node2] CONFLICT detected for key='item:3521', siblings=4
[dc1_node2] Saved 91 keys to disk
[dc1_node2] Client PUT: key='item:2328', value='value_2328_update_client5_op415'
[dc1_node2] Preference list for 'item:2328': ['localhost:50117', 'localhost:50243', 'localhost:50162']
[dc1_node2] Coordinator NOT in preference list, forwarding only
[dc1_node2] Replicated to localhost:50117
[dc1_node2] Replicated to localhost:50243
[dc1_node2] Replicated to localhost:50162
[dc1_node2] W-quorum achieved (2 writes), returning to client
[dc1_node2] Background replication continues for remaining nodes
[dc1_node2] Successful writes: 3/3
[dc1_node2] Internal PUT (replication): key='item:3351'
[dc1_node2] CONFLICT detected for key='item:3351', siblings=4
[dc1_node2] Saved 91 keys to disk
[dc1_node2] Internal PUT (replication): key='item:0104'
[dc1_node2] Stored NEW key='item:0104', value='value_104_update_client31_op415', clock={dc3_node4:1}
[dc1_node2] Internal PUT (replication): key='item:2247'
[dc1_node2] Saved 92 keys to disk
[dc1_node2] CONFLICT detected for key='item:2247', siblings=4
[dc1_node2] Saved 92 keys to disk
[dc1_node2] Client PUT: key='item:3068', value='value_3068_client48_op426'
[dc1_node2] Preference list for 'item:3068': ['localhost:50052', 'localhost:50235', 'localhost:50217']
[dc1_node2] CONFLICT detected for key='item:3068', siblings=6
[dc1_node2] Saved 92 keys to disk
[dc1_node2] Coordinator IS in preference list, stored locally
[dc1_node2] Internal PUT (replication): key='item:4640'
[dc1_node2] CONFLICT detected for key='item:4640', siblings=4
[dc1_node2] Replicated to localhost:50235
[dc1_node2] W-quorum achieved (2 writes), returning to client
[dc1_node2] Background replication continues for remaining nodes
[dc1_node2] Successful writes: 2/3
[dc1_node2] Replicated to localhost:50217
[dc1_node2] Saved 92 keys to disk
[dc1_node2] Internal PUT (replication): key='item:3776'
[dc1_node2] CONFLICT detected for key='item:3776', siblings=5
[dc1_node2] Saved 92 keys to disk
[dc1_node2] Retrieved key='item:2805', versions=3
[dc1_node2] Retrieved key='item:3950', versions=3
[dc1_node2] Internal PUT (replication): key='item:2466'
[dc1_node2] CONFLICT detected for key='item:2466', siblings=5
[dc1_node2] Saved 92 keys to disk
[dc1_node2] Internal PUT (replication): key='item:1033'
[dc1_node2] CONFLICT detected for key='item:1033', siblings=5
[dc1_node2] Client GET: key='item:0887'
[dc1_node2] Reading from preference list: ['localhost:50182', 'localhost:50235']
[dc1_node2] Saved 92 keys to disk
[dc1_node2] Key='item:0887' not found
[dc1_node2] CONFLICT: 4 sibling versions for 'item:0887'
[dc1_node2] Client PUT: key='item:0791', value='value_791_client5_op427'
[dc1_node2] Preference list for 'item:0791': ['localhost:50151', 'localhost:50192', 'localhost:50085']
[dc1_node2] Coordinator NOT in preference list, forwarding only
[dc1_node2] Replicated to localhost:50085
[dc1_node2] Replicated to localhost:50151
[dc1_node2] W-quorum achieved (2 writes), returning to client
[dc1_node2] Background replication continues for remaining nodes
[dc1_node2] Successful writes: 2/3
[dc1_node2] Replicated to localhost:50192
[dc1_node2] Retrieved key='item:0071', versions=2
[dc1_node2] Internal PUT (replication): key='item:1661'
[dc1_node2] CONFLICT detected for key='item:1661', siblings=7
[dc1_node2] Saved 92 keys to disk
[dc1_node2] Internal PUT (replication): key='item:3351'
[dc1_node2] CONFLICT detected for key='item:3351', siblings=5
[dc1_node2] Saved 92 keys to disk
[dc1_node2] Internal PUT (replication): key='item:2466'
[dc1_node2] CONFLICT detected for key='item:2466', siblings=6
[dc1_node2] Saved 92 keys to disk
[dc1_node2] Retrieved key='item:1873', versions=3
[dc1_node2] Client PUT: key='item:2682', value='value_2682_client16_op440'
[dc1_node2] Preference list for 'item:2682': ['localhost:50176', 'localhost:50197', 'localhost:50106']
[dc1_node2] Coordinator NOT in preference list, forwarding only
[dc1_node2] Replicated to localhost:50176
[dc1_node2] Replicated to localhost:50197
[dc1_node2] Replicated to localhost:50106
[dc1_node2] W-quorum achieved (2 writes), returning to client
[dc1_node2] Background replication continues for remaining nodes
[dc1_node2] Successful writes: 3/3
[dc1_node2] Client GET: key='item:0859'
[dc1_node2] Reading from preference list: ['localhost:50182', 'localhost:50088']
[dc1_node2] Key='item:0859' not found
[dc1_node2] CONFLICT: 12 sibling versions for 'item:0859'
[dc1_node2] Retrieved key='item:0525', versions=3
[dc1_node2] Internal PUT (replication): key='item:2976'
[dc1_node2] CONFLICT detected for key='item:2976', siblings=4
[dc1_node2] Saved 92 keys to disk
[dc1_node2] Internal PUT (replication): key='item:0998'
[dc1_node2] CONFLICT detected for key='item:0998', siblings=4
[dc1_node2] Saved 92 keys to disk
[dc1_node2] Internal PUT (replication): key='item:2464'
[dc1_node2] CONFLICT detected for key='item:2464', siblings=3
[dc1_node2] Saved 92 keys to disk
[dc1_node2] Internal PUT (replication): key='item:2482'
[dc1_node2] CONFLICT detected for key='item:2482', siblings=3
[dc1_node2] Saved 92 keys to disk
[dc1_node2] Internal PUT (replication): key='item:1857'
[dc1_node2] CONFLICT detected for key='item:1857', siblings=6
[dc1_node2] Saved 92 keys to disk
[dc1_node2] Retrieved key='item:3418', versions=5
[dc1_node2] Internal PUT (replication): key='item:1834'
[dc1_node2] CONFLICT detected for key='item:1834', siblings=6
[dc1_node2] Saved 92 keys to disk
[dc1_node2] Internal PUT (replication): key='item:3260'
[dc1_node2] CONFLICT detected for key='item:3260', siblings=4
[dc1_node2] Saved 92 keys to disk
[dc1_node2] Client GET: key='item:0181'
[dc1_node2] Reading from preference list: ['localhost:50181', 'localhost:50249']
[dc1_node2] Key='item:0181' not found
[dc1_node2] CONFLICT: 8 sibling versions for 'item:0181'
[dc1_node2] Internal PUT (replication): key='item:3068'
[dc1_node2] CONFLICT detected for key='item:3068', siblings=7
[dc1_node2] Saved 92 keys to disk
[dc1_node2] Client PUT: key='item:3467', value='value_3467_client10_op452'
[dc1_node2] Preference list for 'item:3467': ['localhost:50204', 'localhost:50146', 'localhost:50189']
[dc1_node2] Coordinator NOT in preference list, forwarding only
[dc1_node2] Replicated to localhost:50204
[dc1_node2] Replicated to localhost:50146
[dc1_node2] Replicated to localhost:50189
[dc1_node2] W-quorum achieved (2 writes), returning to client
[dc1_node2] Background replication continues for remaining nodes
[dc1_node2] Successful writes: 3/3
[dc1_node2] Internal PUT (replication): key='item:4196'
[dc1_node2] CONFLICT detected for key='item:4196', siblings=4
[dc1_node2] Saved 92 keys to disk
[dc1_node2] Internal PUT (replication): key='item:0615'
[dc1_node2] CONFLICT detected for key='item:0615', siblings=5
[dc1_node2] Saved 92 keys to disk
[dc1_node2] Client PUT: key='item:3770', value='value_3770_update_client3_op477'
[dc1_node2] Preference list for 'item:3770': ['localhost:50103', 'localhost:50162', 'localhost:50114']
[dc1_node2] Coordinator NOT in preference list, forwarding only
[dc1_node2] Replicated to localhost:50114
[dc1_node2] Replicated to localhost:50162
[dc1_node2] W-quorum achieved (2 writes), returning to client
[dc1_node2] Background replication continues for remaining nodes
[dc1_node2] Successful writes: 2/3
[dc1_node2] Replicated to localhost:50103
[dc1_node2] Client PUT: key='item:3939', value='value_3939_update_client7_op457'
[dc1_node2] Preference list for 'item:3939': ['localhost:50175', 'localhost:50148', 'localhost:50094']
[dc1_node2] Coordinator NOT in preference list, forwarding only
[dc1_node2] Replicated to localhost:50094
[dc1_node2] Replicated to localhost:50175
[dc1_node2] Replicated to localhost:50148
[dc1_node2] W-quorum achieved (2 writes), returning to client
[dc1_node2] Background replication continues for remaining nodes
[dc1_node2] Successful writes: 3/3
[dc1_node2] Internal PUT (replication): key='item:3418'
[dc1_node2] CONFLICT detected for key='item:3418', siblings=6
[dc1_node2] Saved 92 keys to disk
[dc1_node2] Client PUT: key='item:3268', value='value_3268_client41_op455'
[dc1_node2] Preference list for 'item:3268': ['localhost:50144', 'localhost:50243', 'localhost:50169']
[dc1_node2] Coordinator NOT in preference list, forwarding only
[dc1_node2] Replicated to localhost:50144
[dc1_node2] Replicated to localhost:50169
[dc1_node2] Replicated to localhost:50243
[dc1_node2] W-quorum achieved (2 writes), returning to client
[dc1_node2] Background replication continues for remaining nodes
[dc1_node2] Successful writes: 3/3
[dc1_node2] Internal PUT (replication): key='item:2489'
[dc1_node2] CONFLICT detected for key='item:2489', siblings=5
[dc1_node2] Saved 92 keys to disk
[dc1_node2] Retrieved key='item:2942', versions=4
[dc1_node2] Internal PUT (replication): key='item:2440'
[dc1_node2] CONFLICT detected for key='item:2440', siblings=6
[dc1_node2] Saved 92 keys to disk
[dc1_node2] Internal PUT (replication): key='item:3068'
[dc1_node2] CONFLICT detected for key='item:3068', siblings=8
[dc1_node2] Saved 92 keys to disk
[dc1_node2] Internal PUT (replication): key='item:0615'
[dc1_node2] CONFLICT detected for key='item:0615', siblings=6
[dc1_node2] Saved 92 keys to disk
[dc1_node2] Internal PUT (replication): key='item:3351'
[dc1_node2] CONFLICT detected for key='item:3351', siblings=6
[dc1_node2] Internal PUT (replication): key='item:2320'
[dc1_node2] Saved 92 keys to disk
[dc1_node2] CONFLICT detected for key='item:2320', siblings=7
[dc1_node2] Saved 92 keys to disk
[dc1_node2] Client PUT: key='item:4729', value='value_4729_client7_op462'
[dc1_node2] Preference list for 'item:4729': ['localhost:50204', 'localhost:50075', 'localhost:50149']
[dc1_node2] Coordinator NOT in preference list, forwarding only
[dc1_node2] Replicated to localhost:50149
[dc1_node2] Replicated to localhost:50204
[dc1_node2] W-quorum achieved (2 writes), returning to client
[dc1_node2] Background replication continues for remaining nodes
[dc1_node2] Successful writes: 2/3
[dc1_node2] Replicated to localhost:50075
[dc1_node2] Internal PUT (replication): key='item:1811'
[dc1_node2] CONFLICT detected for key='item:1811', siblings=4
[dc1_node2] Saved 92 keys to disk
[dc1_node2] Client PUT: key='item:3950', value='value_3950_update_client46_op446'
[dc1_node2] Preference list for 'item:3950': ['localhost:50052', 'localhost:50173', 'localhost:50115']
[dc1_node2] CONFLICT detected for key='item:3950', siblings=4
[dc1_node2] Saved 92 keys to disk
[dc1_node2] Coordinator IS in preference list, stored locally
[dc1_node2] Replicated to localhost:50115
[dc1_node2] Replicated to localhost:50173
[dc1_node2] W-quorum achieved (2 writes), returning to client
[dc1_node2] Background replication continues for remaining nodes
[dc1_node2] Successful writes: 3/3
[dc1_node2] Internal PUT (replication): key='item:3602'
[dc1_node2] CONFLICT detected for key='item:3602', siblings=5
[dc1_node2] Saved 92 keys to disk
[dc1_node2] Internal PUT (replication): key='item:3563'
[dc1_node2] CONFLICT detected for key='item:3563', siblings=4
[dc1_node2] Saved 92 keys to disk
[dc1_node2] Internal PUT (replication): key='item:4196'
[dc1_node2] CONFLICT detected for key='item:4196', siblings=5
[dc1_node2] Saved 92 keys to disk
[dc1_node2] Client GET: key='item:1507'
[dc1_node2] Reading from preference list: ['localhost:50233', 'localhost:50183']
[dc1_node2] Key='item:1507' not found
[dc1_node2] CONFLICT: 10 sibling versions for 'item:1507'
[dc1_node2] Internal PUT (replication): key='item:4454'
[dc1_node2] CONFLICT detected for key='item:4454', siblings=7
[dc1_node2] Saved 92 keys to disk
[dc1_node2] Client GET: key='item:4431'
[dc1_node2] Reading from preference list: ['localhost:50127', 'localhost:50167']
[dc1_node2] Key='item:4431' not found
[dc1_node2] CONFLICT: 12 sibling versions for 'item:4431'
[dc1_node2] Client PUT: key='item:0969', value='value_969_client15_op481'
[dc1_node2] Preference list for 'item:0969': ['localhost:50133', 'localhost:50120', 'localhost:50107']
[dc1_node2] Coordinator NOT in preference list, forwarding only
[dc1_node2] Replicated to localhost:50133
[dc1_node2] Replicated to localhost:50107
[dc1_node2] W-quorum achieved (2 writes), returning to client
[dc1_node2] Background replication continues for remaining nodes
[dc1_node2] Successful writes: 2/3
[dc1_node2] Replicated to localhost:50120
[dc1_node2] Internal PUT (replication): key='item:4065'
[dc1_node2] Stored NEW key='item:4065', value='value_4065_update_client47_op470', clock={dc2_node12:1}
[dc1_node2] Saved 93 keys to disk
[dc1_node2] Internal PUT (replication): key='item:3982'
[dc1_node2] CONFLICT detected for key='item:3982', siblings=5
[dc1_node2] Saved 93 keys to disk
[dc1_node2] Internal PUT (replication): key='item:4636'
[dc1_node2] CONFLICT detected for key='item:4636', siblings=5
[dc1_node2] Saved 93 keys to disk
[dc1_node2] Internal PUT (replication): key='item:4056'
[dc1_node2] CONFLICT detected for key='item:4056', siblings=3
[dc1_node2] Saved 93 keys to disk
[dc1_node2] Client PUT: key='item:1192', value='value_1192_client34_op458'
[dc1_node2] Preference list for 'item:1192': ['localhost:50067', 'localhost:50242', 'localhost:50127']
[dc1_node2] Coordinator NOT in preference list, forwarding only
[dc1_node2] Replicated to localhost:50067
[dc1_node2] Replicated to localhost:50127
[dc1_node2] Client PUT: key='item:4797', value='value_4797_update_client16_op490'
[dc1_node2] Preference list for 'item:4797': ['localhost:50103', 'localhost:50161', 'localhost:50057']
[dc1_node2] Coordinator NOT in preference list, forwarding only
[dc1_node2] Internal PUT (replication): key='item:3068'
[dc1_node2] CONFLICT detected for key='item:3068', siblings=9
[dc1_node2] Internal PUT (replication): key='item:0615'
[dc1_node2] W-quorum achieved (2 writes), returning to client
[dc1_node2] Background replication continues for remaining nodes
[dc1_node2] Successful writes: 2/3
[dc1_node2] Saved 93 keys to disk
[dc1_node2] CONFLICT detected for key='item:0615', siblings=7
[dc1_node2] Replicated to localhost:50103
[dc1_node2] Replicated to localhost:50057
[dc1_node2] Replicated to localhost:50161
[dc1_node2] Replicated to localhost:50242
[dc1_node2] W-quorum achieved (2 writes), returning to client
[dc1_node2] Background replication continues for remaining nodes
[dc1_node2] Successful writes: 3/3
[dc1_node2] Saved 93 keys to disk
[dc1_node2] Client GET: key='item:3025'
[dc1_node2] Reading from preference list: ['localhost:50081', 'localhost:50236']
[dc1_node2] Key='item:3025' not found
[dc1_node2] CONFLICT: 4 sibling versions for 'item:3025'
[dc1_node2] Internal PUT (replication): key='item:3950'
[dc1_node2] CONFLICT detected for key='item:3950', siblings=5
[dc1_node2] Saved 93 keys to disk
[dc1_node2] Internal PUT (replication): key='item:0354'
[dc1_node2] CONFLICT detected for key='item:0354', siblings=5
[dc1_node2] Saved 93 keys to disk
[dc1_node2] Client PUT: key='item:4469', value='value_4469_client4_op470'
[dc1_node2] Preference list for 'item:4469': ['localhost:50106', 'localhost:50160', 'localhost:50125']
[dc1_node2] Coordinator NOT in preference list, forwarding only
[dc1_node2] Replicated to localhost:50160
[dc1_node2] Replicated to localhost:50106
[dc1_node2] W-quorum achieved (2 writes), returning to client
[dc1_node2] Background replication continues for remaining nodes
[dc1_node2] Successful writes: 2/3
[dc1_node2] Replicated to localhost:50125
[dc1_node2] Client GET: key='item:3392'
[dc1_node2] Reading from preference list: ['localhost:50188', 'localhost:50104']
[dc1_node2] Key='item:3392' not found
[dc1_node2] CONFLICT: 7 sibling versions for 'item:3392'
[dc1_node2] Internal PUT (replication): key='item:0354'
[dc1_node2] CONFLICT detected for key='item:0354', siblings=6
[dc1_node2] Saved 93 keys to disk
[dc1_node2] Internal PUT (replication): key='item:3102'
[dc1_node2] CONFLICT detected for key='item:3102', siblings=3
[dc1_node2] Saved 93 keys to disk
[dc1_node2] Internal PUT (replication): key='item:3551'
[dc1_node2] CONFLICT detected for key='item:3551', siblings=4
[dc1_node2] Client GET: key='item:1710'
[dc1_node2] Reading from preference list: ['localhost:50240', 'localhost:50125']
[dc1_node2] Saved 93 keys to disk
[dc1_node2] Key='item:1710' not found
[dc1_node2] CONFLICT: 8 sibling versions for 'item:1710'
[dc1_node2] Retrieved key='item:1857', versions=6
[dc1_node2] Internal PUT (replication): key='item:0309'
[dc1_node2] CONFLICT detected for key='item:0309', siblings=6
[dc1_node2] Client PUT: key='item:0074', value='value_74_client40_op481'
[dc1_node2] Preference list for 'item:0074': ['localhost:50129', 'localhost:50093', 'localhost:50192']
[dc1_node2] Coordinator NOT in preference list, forwarding only
[dc1_node2] Replicated to localhost:50129
[dc1_node2] Saved 93 keys to disk
[dc1_node2] Replicated to localhost:50192
[dc1_node2] Replicated to localhost:50093
[dc1_node2] W-quorum achieved (2 writes), returning to client
[dc1_node2] Background replication continues for remaining nodes
[dc1_node2] Successful writes: 3/3
[dc1_node2] Client GET: key='item:1649'
[dc1_node2] Reading from preference list: ['localhost:50057', 'localhost:50145']
[dc1_node2] Key='item:1649' not found
[dc1_node2] CONFLICT: 10 sibling versions for 'item:1649'
[dc1_node2] Internal PUT (replication): key='item:0615'
[dc1_node2] CONFLICT detected for key='item:0615', siblings=8
[dc1_node2] Saved 93 keys to disk
[dc1_node2] Client GET: key='item:2459'
[dc1_node2] Reading from preference list: ['localhost:50109', 'localhost:50153']
[dc1_node2] Key='item:2459' not found
[dc1_node2] Retrieved key='item:3950', versions=5
[dc1_node2] Internal PUT (replication): key='item:3602'
[dc1_node2] CONFLICT detected for key='item:3602', siblings=6
[dc1_node2] CONFLICT: 8 sibling versions for 'item:2459'
[dc1_node2] Saved 93 keys to disk
[dc1_node2] Internal PUT (replication): key='item:3938'
[dc1_node2] CONFLICT detected for key='item:3938', siblings=4
[dc1_node2] Saved 93 keys to disk
[dc1_node2] Internal PUT (replication): key='item:2466'
[dc1_node2] CONFLICT detected for key='item:2466', siblings=7
[dc1_node2] Saved 93 keys to disk
[dc1_node2] Retrieved key='item:2440', versions=6
[dc1_node2] Retrieved key='item:1834', versions=6
[dc1_node2] Internal PUT (replication): key='item:3829'
[dc1_node2] CONFLICT detected for key='item:3829', siblings=5
[dc1_node2] Client GET: key='item:0049'
[dc1_node2] Reading from preference list: ['localhost:50175', 'localhost:50066']
[dc1_node2] Saved 93 keys to disk
[dc1_node2] Key='item:0049' not found
[dc1_node2] CONFLICT: 10 sibling versions for 'item:0049'
[dc1_node2] Internal PUT (replication): key='item:3866'
[dc1_node2] CONFLICT detected for key='item:3866', siblings=8
[dc1_node2] Saved 93 keys to disk
[dc1_node2] Client PUT: key='item:1663', value='value_1663_client31_op491'
[dc1_node2] Preference list for 'item:1663': ['localhost:50232', 'localhost:50171', 'localhost:50091']
[dc1_node2] Coordinator NOT in preference list, forwarding only
[dc1_node2] Replicated to localhost:50232
[dc1_node2] Replicated to localhost:50091
[dc1_node2] Replicated to localhost:50171
[dc1_node2] W-quorum achieved (2 writes), returning to client
[dc1_node2] Background replication continues for remaining nodes
[dc1_node2] Successful writes: 3/3
[dc1_node2] Internal PUT (replication): key='item:4056'
[dc1_node2] CONFLICT detected for key='item:4056', siblings=4
[dc1_node2] Saved 93 keys to disk
[dc1_node2] Internal PUT (replication): key='item:1676'
[dc1_node2] CONFLICT detected for key='item:1676', siblings=5
[dc1_node2] Saved 93 keys to disk
[dc1_node2] Client GET: key='item:1545'
[dc1_node2] Reading from preference list: ['localhost:50237', 'localhost:50098']
[dc1_node2] Key='item:1545' not found
[dc1_node2] CONFLICT: 8 sibling versions for 'item:1545'
[dc1_node2] Internal PUT (replication): key='item:2482'
[dc1_node2] CONFLICT detected for key='item:2482', siblings=4
[dc1_node2] Saved 93 keys to disk
[dc1_node2] Client GET: key='item:4491'
[dc1_node2] Reading from preference list: ['localhost:50062', 'localhost:50090']
[dc1_node2] Key='item:4491' not found
[dc1_node2] CONFLICT: 8 sibling versions for 'item:4491'
[dc1_node2] Client PUT: key='item:3373', value='value_3373_update_client33_op492'
[dc1_node2] Preference list for 'item:3373': ['localhost:50184', 'localhost:50130', 'localhost:50087']
[dc1_node2] Coordinator NOT in preference list, forwarding only
[dc1_node2] Replicated to localhost:50184
[dc1_node2] Replicated to localhost:50130
[dc1_node2] Replicated to localhost:50087
[dc1_node2] W-quorum achieved (2 writes), returning to client
[dc1_node2] Background replication continues for remaining nodes
[dc1_node2] Successful writes: 3/3
[dc1_node2] Internal PUT (replication): key='item:2976'
[dc1_node2] CONFLICT detected for key='item:2976', siblings=4
[dc1_node2] Saved 93 keys to disk
[dc1_node2] Retrieved key='item:0071', versions=2
[dc1_node2] Client GET: key='item:4136'
[dc1_node2] Reading from preference list: ['localhost:50174', 'localhost:50108']
[dc1_node2] Key='item:4136' not found
[dc1_node2] CONFLICT: 4 sibling versions for 'item:4136'
[dc1_node2] Client PUT: key='item:3983', value='value_3983_update_client31_op499'
[dc1_node2] Preference list for 'item:3983': ['localhost:50138', 'localhost:50228', 'localhost:50054']
[dc1_node2] Coordinator NOT in preference list, forwarding only
[dc1_node2] Replicated to localhost:50228
[dc1_node2] Replicated to localhost:50054
[dc1_node2] Replicated to localhost:50138
[dc1_node2] Client PUT: key='item:4221', value='value_4221_update_client37_op511'
[dc1_node2] Preference list for 'item:4221': ['localhost:50075', 'localhost:50145', 'localhost:50218']
[dc1_node2] Coordinator NOT in preference list, forwarding only
[dc1_node2] W-quorum achieved (2 writes), returning to client
[dc1_node2] Background replication continues for remaining nodes
[dc1_node2] Successful writes: 3/3
[dc1_node2] Replicated to localhost:50218
[dc1_node2] Replicated to localhost:50075
[dc1_node2] W-quorum achieved (2 writes), returning to client
[dc1_node2] Background replication continues for remaining nodes
[dc1_node2] Successful writes: 2/3
[dc1_node2] Replicated to localhost:50145
[dc1_node2] Internal PUT (replication): key='item:3982'
[dc1_node2] CONFLICT detected for key='item:3982', siblings=6
[dc1_node2] Saved 93 keys to disk
[dc1_node2] Client PUT: key='item:1101', value='value_1101_client11_op501'
[dc1_node2] Preference list for 'item:1101': ['localhost:50182', 'localhost:50096', 'localhost:50136']
[dc1_node2] Coordinator NOT in preference list, forwarding only
[dc1_node2] Replicated to localhost:50182
[dc1_node2] Replicated to localhost:50096
[dc1_node2] W-quorum achieved (2 writes), returning to client
[dc1_node2] Background replication continues for remaining nodes
[dc1_node2] Successful writes: 2/3
[dc1_node2] Replicated to localhost:50136
[dc1_node2] Client GET: key='item:2758'
[dc1_node2] Reading from preference list: ['localhost:50171', 'localhost:50218']
[dc1_node2] Key='item:2758' not found
[dc1_node2] CONFLICT: 6 sibling versions for 'item:2758'
[dc1_node2] Client PUT: key='item:1341', value='value_1341_update_client19_op521'
[dc1_node2] Preference list for 'item:1341': ['localhost:50206', 'localhost:50129', 'localhost:50182']
[dc1_node2] Coordinator NOT in preference list, forwarding only
[dc1_node2] Internal PUT (replication): key='item:0693'
[dc1_node2] CONFLICT detected for key='item:0693', siblings=3
[dc1_node2] Replicated to localhost:50129
[dc1_node2] Internal PUT (replication): key='item:2466'
[dc1_node2] Replicated to localhost:50206
[dc1_node2] W-quorum achieved (2 writes), returning to client
[dc1_node2] Background replication continues for remaining nodes
[dc1_node2] Successful writes: 2/3
[dc1_node2] Saved 93 keys to disk
[dc1_node2] CONFLICT detected for key='item:2466', siblings=8
[dc1_node2] Saved 93 keys to disk
[dc1_node2] Internal PUT (replication): key='item:4341'
[dc1_node2] CONFLICT detected for key='item:4341', siblings=2
[dc1_node2] Replicated to localhost:50182
[dc1_node2] Saved 93 keys to disk
[dc1_node2] Internal PUT (replication): key='item:3227'
[dc1_node2] CONFLICT detected for key='item:3227', siblings=5
[dc1_node2] Saved 93 keys to disk
[dc1_node2] Retrieved key='item:0289', versions=5
[dc1_node2] Internal PUT (replication): key='item:0278'
[dc1_node2] CONFLICT detected for key='item:0278', siblings=3
[dc1_node2] Saved 93 keys to disk
[dc1_node2] Internal PUT (replication): key='item:3829'
[dc1_node2] CONFLICT detected for key='item:3829', siblings=6
[dc1_node2] Saved 93 keys to disk
[dc1_node2] Internal PUT (replication): key='item:2942'
[dc1_node2] CONFLICT detected for key='item:2942', siblings=5
[dc1_node2] Saved 93 keys to disk
[dc1_node2] Internal PUT (replication): key='item:3195'
[dc1_node2] CONFLICT detected for key='item:3195', siblings=3
[dc1_node2] Client GET: key='item:2747'
[dc1_node2] Reading from preference list: ['localhost:50192', 'localhost:50098']
[dc1_node2] Saved 93 keys to disk
[dc1_node2] Key='item:2747' not found
[dc1_node2] CONFLICT: 8 sibling versions for 'item:2747'
[dc1_node2] Retrieved key='item:1811', versions=4
[dc1_node2] Client PUT: key='item:0020', value='value_20_client36_op513'
[dc1_node2] Preference list for 'item:0020': ['localhost:50163', 'localhost:50052', 'localhost:50142']
[dc1_node2] CONFLICT detected for key='item:0020', siblings=5
[dc1_node2] Saved 93 keys to disk
[dc1_node2] Coordinator IS in preference list, stored locally
[dc1_node2] Replicated to localhost:50163
[dc1_node2] Replicated to localhost:50142
[dc1_node2] W-quorum achieved (2 writes), returning to client
[dc1_node2] Background replication continues for remaining nodes
[dc1_node2] Successful writes: 3/3
[dc1_node2] Retrieved key='item:1739', versions=4
[dc1_node2] Client PUT: key='item:3753', value='value_3753_client40_op518'
[dc1_node2] Preference list for 'item:3753': ['localhost:50228', 'localhost:50122', 'localhost:50173']
[dc1_node2] Coordinator NOT in preference list, forwarding only
[dc1_node2] Replicated to localhost:50228
[dc1_node2] Retrieved key='item:2440', versions=6
[dc1_node2] Replicated to localhost:50122
[dc1_node2] W-quorum achieved (2 writes), returning to client
[dc1_node2] Background replication continues for remaining nodes
[dc1_node2] Successful writes: 2/3
[dc1_node2] Replicated to localhost:50173
[dc1_node2] Internal PUT (replication): key='item:0020'
[dc1_node2] CONFLICT detected for key='item:0020', siblings=6
[dc1_node2] Saved 93 keys to disk
[dc1_node2] Retrieved key='item:3950', versions=5
[dc1_node2] Internal PUT (replication): key='item:0020'
[dc1_node2] CONFLICT detected for key='item:0020', siblings=7
[dc1_node2] Saved 93 keys to disk
[dc1_node2] Internal PUT (replication): key='item:4570'
[dc1_node2] CONFLICT detected for key='item:4570', siblings=5
[dc1_node2] Saved 93 keys to disk
[dc1_node2] Internal PUT (replication): key='item:0497'
[dc1_node2] CONFLICT detected for key='item:0497', siblings=7
[dc1_node2] Saved 93 keys to disk
[dc1_node2] Client GET: key='item:4093'
[dc1_node2] Reading from preference list: ['localhost:50134', 'localhost:50167']
[dc1_node2] Key='item:4093' not found
[dc1_node2] CONFLICT: 12 sibling versions for 'item:4093'
[dc1_node2] Internal PUT (replication): key='item:0738'
[dc1_node2] CONFLICT detected for key='item:0738', siblings=4
[dc1_node2] Saved 93 keys to disk
[dc1_node2] Retrieved key='item:4056', versions=4
[dc1_node2] Client GET: key='item:2723'
[dc1_node2] Reading from preference list: ['localhost:50115', 'localhost:50242']
[dc1_node2] Key='item:2723' not found
[dc1_node2] CONFLICT: 8 sibling versions for 'item:2723'
[dc1_node2] Internal PUT (replication): key='item:1857'
[dc1_node2] CONFLICT detected for key='item:1857', siblings=7
[dc1_node2] Saved 93 keys to disk
[dc1_node2] Internal PUT (replication): key='item:1661'
[dc1_node2] CONFLICT detected for key='item:1661', siblings=8
[dc1_node2] Saved 93 keys to disk
[dc1_node2] Client PUT: key='item:3573', value='value_3573_client43_op538'
[dc1_node2] Preference list for 'item:3573': ['localhost:50207', 'localhost:50057', 'localhost:50094']
[dc1_node2] Coordinator NOT in preference list, forwarding only
[dc1_node2] Replicated to localhost:50057
[dc1_node2] Replicated to localhost:50094
[dc1_node2] Internal PUT (replication): key='item:0020'
[dc1_node2] CONFLICT detected for key='item:0020', siblings=8
[dc1_node2] Saved 93 keys to disk
[dc1_node2] W-quorum achieved (2 writes), returning to client
[dc1_node2] Background replication continues for remaining nodes
[dc1_node2] Successful writes: 2/3
[dc1_node2] Client GET: key='item:3238'
[dc1_node2] Reading from preference list: ['localhost:50214', 'localhost:50093']
[dc1_node2] Key='item:3238' not found
[dc1_node2] Internal PUT (replication): key='item:2783'
[dc1_node2] CONFLICT detected for key='item:2783', siblings=5
[dc1_node2] Replicated to localhost:50207
[dc1_node2] CONFLICT: 8 sibling versions for 'item:3238'
[dc1_node2] Saved 93 keys to disk
[dc1_node2] Internal PUT (replication): key='item:0299'
[dc1_node2] CONFLICT detected for key='item:0299', siblings=11
[dc1_node2] Saved 93 keys to disk
[dc1_node2] Retrieved key='item:2440', versions=6
[dc1_node2] Internal PUT (replication): key='item:3829'
[dc1_node2] CONFLICT detected for key='item:3829', siblings=7
[dc1_node2] Saved 93 keys to disk
[dc1_node2] Internal PUT (replication): key='item:4454'
[dc1_node2] CONFLICT detected for key='item:4454', siblings=8
[dc1_node2] Saved 93 keys to disk
[dc1_node2] Internal PUT (replication): key='item:0289'
[dc1_node2] CONFLICT detected for key='item:0289', siblings=6
[dc1_node2] Saved 93 keys to disk
[dc1_node2] Internal PUT (replication): key='item:3418'
[dc1_node2] CONFLICT detected for key='item:3418', siblings=7
[dc1_node2] Saved 93 keys to disk
[dc1_node2] Retrieved key='item:2805', versions=3
[dc1_node2] Client PUT: key='item:2679', value='value_2679_update_client8_op532'
[dc1_node2] Preference list for 'item:2679': ['localhost:50181', 'localhost:50224', 'localhost:50163']
[dc1_node2] Coordinator NOT in preference list, forwarding only
[dc1_node2] Replicated to localhost:50224
[dc1_node2] Replicated to localhost:50181
[dc1_node2] Replicated to localhost:50163
[dc1_node2] W-quorum achieved (2 writes), returning to client
[dc1_node2] Background replication continues for remaining nodes
[dc1_node2] Successful writes: 3/3
[dc1_node2] Retrieved key='item:0408', versions=4
[dc1_node2] Internal PUT (replication): key='item:0615'
[dc1_node2] CONFLICT detected for key='item:0615', siblings=9
[dc1_node2] Saved 93 keys to disk
[dc1_node2] Internal PUT (replication): key='item:0883'
[dc1_node2] CONFLICT detected for key='item:0883', siblings=7
[dc1_node2] Saved 93 keys to disk
[dc1_node2] Internal PUT (replication): key='item:3829'
[dc1_node2] CONFLICT detected for key='item:3829', siblings=8
[dc1_node2] Saved 93 keys to disk
[dc1_node2] Client GET: key='item:2678'
[dc1_node2] Reading from preference list: ['localhost:50155', 'localhost:50211']
[dc1_node2] Key='item:2678' not found
[dc1_node2] CONFLICT: 5 sibling versions for 'item:2678'
[dc1_node2] Internal PUT (replication): key='item:4341'
[dc1_node2] CONFLICT detected for key='item:4341', siblings=3
[dc1_node2] Saved 93 keys to disk
[dc1_node2] Internal PUT (replication): key='item:0883'
[dc1_node2] CONFLICT detected for key='item:0883', siblings=8
[dc1_node2] Saved 93 keys to disk
[dc1_node2] Client PUT: key='item:0619', value='value_619_update_client36_op550'
[dc1_node2] Preference list for 'item:0619': ['localhost:50092', 'localhost:50189', 'localhost:50126']
[dc1_node2] Coordinator NOT in preference list, forwarding only
[dc1_node2] Replicated to localhost:50126
[dc1_node2] Replicated to localhost:50189
[dc1_node2] Replicated to localhost:50092
[dc1_node2] W-quorum achieved (2 writes), returning to client
[dc1_node2] Background replication continues for remaining nodes
[dc1_node2] Successful writes: 3/3
[dc1_node2] Client PUT: key='item:3167', value='value_3167_update_client8_op545'
[dc1_node2] Preference list for 'item:3167': ['localhost:50116', 'localhost:50181', 'localhost:50162']
[dc1_node2] Coordinator NOT in preference list, forwarding only
[dc1_node2] Replicated to localhost:50181
[dc1_node2] Replicated to localhost:50116
[dc1_node2] W-quorum achieved (2 writes), returning to client
[dc1_node2] Background replication continues for remaining nodes
[dc1_node2] Successful writes: 2/3
[dc1_node2] Replicated to localhost:50162
[dc1_node2] Internal PUT (replication): key='item:2942'
[dc1_node2] CONFLICT detected for key='item:2942', siblings=6
[dc1_node2] Saved 93 keys to disk
[dc1_node2] Client GET: key='item:4865'
[dc1_node2] Reading from preference list: ['localhost:50245', 'localhost:50052']
[dc1_node2] Retrieved key='item:4865', versions=3
[dc1_node2] CONFLICT: 6 sibling versions for 'item:4865'
[dc1_node2] Internal PUT (replication): key='item:3923'
[dc1_node2] CONFLICT detected for key='item:3923', siblings=4
[dc1_node2] Saved 93 keys to disk
[dc1_node2] Internal PUT (replication): key='item:0289'
[dc1_node2] CONFLICT detected for key='item:0289', siblings=7
[dc1_node2] Saved 93 keys to disk
[dc1_node2] Internal PUT (replication): key='item:4498'
[dc1_node2] CONFLICT detected for key='item:4498', siblings=7
[dc1_node2] Saved 93 keys to disk
[dc1_node2] Retrieved key='item:3068', versions=9
[dc1_node2] Client PUT: key='item:0981', value='value_981_update_client38_op539'
[dc1_node2] Preference list for 'item:0981': ['localhost:50064', 'localhost:50095', 'localhost:50173']
[dc1_node2] Coordinator NOT in preference list, forwarding only
[dc1_node2] Internal PUT (replication): key='item:2440'
[dc1_node2] CONFLICT detected for key='item:2440', siblings=7
[dc1_node2] Internal PUT (replication): key='item:0693'
[dc1_node2] Saved 93 keys to disk
[dc1_node2] CONFLICT detected for key='item:0693', siblings=4
[dc1_node2] Replicated to localhost:50064
[dc1_node2] Replicated to localhost:50095
[dc1_node2] Replicated to localhost:50173
[dc1_node2] Saved 93 keys to disk
[dc1_node2] W-quorum achieved (2 writes), returning to client
[dc1_node2] Background replication continues for remaining nodes
[dc1_node2] Successful writes: 3/3
[dc1_node2] Internal PUT (replication): key='item:2783'
[dc1_node2] CONFLICT detected for key='item:2783', siblings=6
[dc1_node2] Saved 93 keys to disk
[dc1_node2] Internal PUT (replication): key='item:1811'
[dc1_node2] CONFLICT detected for key='item:1811', siblings=5
[dc1_node2] Saved 93 keys to disk
[dc1_node2] Internal PUT (replication): key='item:1873'
[dc1_node2] CONFLICT detected for key='item:1873', siblings=4
[dc1_node2] Saved 93 keys to disk
[dc1_node2] Internal PUT (replication): key='item:2976'
[dc1_node2] CONFLICT detected for key='item:2976', siblings=5
[dc1_node2] Saved 93 keys to disk
[dc1_node2] Internal PUT (replication): key='item:2431'
[dc1_node2] CONFLICT detected for key='item:2431', siblings=5
[dc1_node2] Saved 93 keys to disk
[dc1_node2] Retrieved key='item:2482', versions=4
[dc1_node2] Internal PUT (replication): key='item:4636'
[dc1_node2] CONFLICT detected for key='item:4636', siblings=6
[dc1_node2] Saved 93 keys to disk
[dc1_node2] Internal PUT (replication): key='item:3563'
[dc1_node2] CONFLICT detected for key='item:3563', siblings=5
[dc1_node2] Saved 93 keys to disk
[dc1_node2] Client GET: key='item:3059'
[dc1_node2] Reading from preference list: ['localhost:50243', 'localhost:50092']
[dc1_node2] Key='item:3059' not found
[dc1_node2] CONFLICT: 6 sibling versions for 'item:3059'
[dc1_node2] Internal PUT (replication): key='item:1857'
[dc1_node2] CONFLICT detected for key='item:1857', siblings=8
[dc1_node2] Saved 93 keys to disk
[dc1_node2] Internal PUT (replication): key='item:3829'
[dc1_node2] CONFLICT detected for key='item:3829', siblings=9
[dc1_node2] Saved 93 keys to disk
[dc1_node2] Internal PUT (replication): key='item:1834'
[dc1_node2] CONFLICT detected for key='item:1834', siblings=7
[dc1_node2] Saved 93 keys to disk
[dc1_node2] Retrieved key='item:2805', versions=3
[dc1_node2] Internal PUT (replication): key='item:4454'
[dc1_node2] CONFLICT detected for key='item:4454', siblings=9
[dc1_node2] Saved 93 keys to disk
[dc1_node2] Internal PUT (replication): key='item:1857'
[dc1_node2] CONFLICT detected for key='item:1857', siblings=9
[dc1_node2] Saved 93 keys to disk
[dc1_node2] Internal PUT (replication): key='item:2440'
[dc1_node2] CONFLICT detected for key='item:2440', siblings=7
[dc1_node2] Saved 93 keys to disk
[dc1_node2] Retrieved key='item:0299', versions=11
[dc1_node2] Internal PUT (replication): key='item:1011'
[dc1_node2] CONFLICT detected for key='item:1011', siblings=3
[dc1_node2] Saved 93 keys to disk
[dc1_node2] Internal PUT (replication): key='item:3746'
[dc1_node2] CONFLICT detected for key='item:3746', siblings=4
[dc1_node2] Saved 93 keys to disk
[dc1_node2] Internal PUT (replication): key='item:2489'
[dc1_node2] CONFLICT detected for key='item:2489', siblings=6
[dc1_node2] Saved 93 keys to disk
[dc1_node2] Client PUT: key='item:3628', value='value_3628_client5_op581'
[dc1_node2] Preference list for 'item:3628': ['localhost:50199', 'localhost:50066', 'localhost:50170']
[dc1_node2] Coordinator NOT in preference list, forwarding only
[dc1_node2] Replicated to localhost:50199
[dc1_node2] Replicated to localhost:50170
[dc1_node2] Replicated to localhost:50066
[dc1_node2] W-quorum achieved (2 writes), returning to client
[dc1_node2] Background replication continues for remaining nodes
[dc1_node2] Successful writes: 3/3
[dc1_node2] Internal PUT (replication): key='item:2473'
[dc1_node2] CONFLICT detected for key='item:2473', siblings=7
[dc1_node2] Saved 93 keys to disk
[dc1_node2] Retrieved key='item:3829', versions=9
[dc1_node2] Internal PUT (replication): key='item:3551'
[dc1_node2] CONFLICT detected for key='item:3551', siblings=5
[dc1_node2] Saved 93 keys to disk
[dc1_node2] Retrieved key='item:1033', versions=5
[dc1_node2] Internal PUT (replication): key='item:0738'
[dc1_node2] CONFLICT detected for key='item:0738', siblings=5
[dc1_node2] Saved 93 keys to disk
[dc1_node2] Retrieved key='item:0299', versions=11
[dc1_node2] Client PUT: key='item:4024', value='value_4024_update_client17_op588'
[dc1_node2] Preference list for 'item:4024': ['localhost:50214', 'localhost:50069', 'localhost:50210']
[dc1_node2] Coordinator NOT in preference list, forwarding only
[dc1_node2] Replicated to localhost:50069
[dc1_node2] Replicated to localhost:50214
[dc1_node2] W-quorum achieved (2 writes), returning to client
[dc1_node2] Background replication continues for remaining nodes
[dc1_node2] Successful writes: 2/3
[dc1_node2] Replicated to localhost:50210
[dc1_node2] Retrieved key='item:0015', versions=7
[dc1_node2] Internal PUT (replication): key='item:0497'
[dc1_node2] CONFLICT detected for key='item:0497', siblings=8
[dc1_node2] Saved 93 keys to disk
[dc1_node2] Retrieved key='item:2473', versions=7
[dc1_node2] Internal PUT (replication): key='item:3991'
[dc1_node2] CONFLICT detected for key='item:3991', siblings=4
[dc1_node2] Client PUT: key='item:0479', value='value_479_update_client2_op587'
[dc1_node2] Preference list for 'item:0479': ['localhost:50053', 'localhost:50182', 'localhost:50122']
[dc1_node2] Coordinator NOT in preference list, forwarding only
[dc1_node2] Saved 93 keys to disk
[dc1_node2] Replicated to localhost:50053
[dc1_node2] Replicated to localhost:50122
[dc1_node2] W-quorum achieved (2 writes), returning to client
[dc1_node2] Background replication continues for remaining nodes
[dc1_node2] Successful writes: 2/3
[dc1_node2] Replicated to localhost:50182
[dc1_node2] Internal PUT (replication): key='item:3829'
[dc1_node2] CONFLICT detected for key='item:3829', siblings=10
[dc1_node2] Saved 93 keys to disk
[dc1_node2] Internal PUT (replication): key='item:3260'
[dc1_node2] CONFLICT detected for key='item:3260', siblings=5
[dc1_node2] Internal PUT (replication): key='item:1641'
[dc1_node2] Saved 93 keys to disk
[dc1_node2] CONFLICT detected for key='item:1641', siblings=3
[dc1_node2] Saved 93 keys to disk
[dc1_node2] Internal PUT (replication): key='item:2986'
[dc1_node2] CONFLICT detected for key='item:2986', siblings=3
[dc1_node2] Internal PUT (replication): key='item:2489'
[dc1_node2] Saved 93 keys to disk
[dc1_node2] CONFLICT detected for key='item:2489', siblings=7
[dc1_node2] Saved 93 keys to disk
[dc1_node2] Internal PUT (replication): key='item:3436'
[dc1_node2] CONFLICT detected for key='item:3436', siblings=5
[dc1_node2] Saved 93 keys to disk
[dc1_node2] Internal PUT (replication): key='item:2466'
[dc1_node2] CONFLICT detected for key='item:2466', siblings=9
[dc1_node2] Saved 93 keys to disk
[dc1_node2] Retrieved key='item:3829', versions=10
[dc1_node2] Internal PUT (replication): key='item:4636'
[dc1_node2] CONFLICT detected for key='item:4636', siblings=7
[dc1_node2] Saved 93 keys to disk
[dc1_node2] Internal PUT (replication): key='item:4570'
[dc1_node2] CONFLICT detected for key='item:4570', siblings=6
[dc1_node2] Saved 93 keys to disk
[dc1_node2] Client GET: key='item:2852'
[dc1_node2] Reading from preference list: ['localhost:50144', 'localhost:50238']
[dc1_node2] Key='item:2852' not found
[dc1_node2] Client PUT: key='item:2962', value='value_2962_update_client27_op592'
[dc1_node2] Preference list for 'item:2962': ['localhost:50155', 'localhost:50095', 'localhost:50176']
[dc1_node2] Coordinator NOT in preference list, forwarding only
[dc1_node2] CONFLICT: 11 sibling versions for 'item:2852'
[dc1_node2] Replicated to localhost:50095
[dc1_node2] Replicated to localhost:50176
[dc1_node2] W-quorum achieved (2 writes), returning to client
[dc1_node2] Background replication continues for remaining nodes
[dc1_node2] Successful writes: 2/3
[dc1_node2] Replicated to localhost:50155
[dc1_node2] Retrieved key='item:4865', versions=3
[dc1_node2] Retrieved key='item:4196', versions=5
[dc1_node2] Internal PUT (replication): key='item:0497'
[dc1_node2] CONFLICT detected for key='item:0497', siblings=9
[dc1_node2] Saved 93 keys to disk
[dc1_node2] Internal PUT (replication): key='item:3866'
[dc1_node2] CONFLICT detected for key='item:3866', siblings=9
[dc1_node2] Saved 93 keys to disk
[dc1_node2] Retrieved key='item:2247', versions=4
[dc1_node2] Internal PUT (replication): key='item:3776'
[dc1_node2] CONFLICT detected for key='item:3776', siblings=6
[dc1_node2] Saved 93 keys to disk
[dc1_node2] Internal PUT (replication): key='item:3195'
[dc1_node2] CONFLICT detected for key='item:3195', siblings=4
[dc1_node2] Saved 93 keys to disk
[dc1_node2] Retrieved key='item:0998', versions=4
[dc1_node2] Retrieved key='item:3195', versions=4
[dc1_node2] Internal PUT (replication): key='item:1857'
[dc1_node2] CONFLICT detected for key='item:1857', siblings=10
[dc1_node2] Saved 93 keys to disk
[dc1_node2] Retrieved key='item:3195', versions=4
[dc1_node2] Internal PUT (replication): key='item:2431'
[dc1_node2] CONFLICT detected for key='item:2431', siblings=6
[dc1_node2] Saved 93 keys to disk
[dc1_node2] Retrieved key='item:0289', versions=7
[dc1_node2] Retrieved key='item:4570', versions=6
[dc1_node2] Internal PUT (replication): key='item:3068'
[dc1_node2] CONFLICT detected for key='item:3068', siblings=10
[dc1_node2] Saved 93 keys to disk
[dc1_node2] Internal PUT (replication): key='item:2986'
[dc1_node2] CONFLICT detected for key='item:2986', siblings=4
[dc1_node2] Saved 93 keys to disk
[dc1_node2] Internal PUT (replication): key='item:2994'
[dc1_node2] CONFLICT detected for key='item:2994', siblings=5
[dc1_node2] Saved 93 keys to disk
[dc1_node2] Internal PUT (replication): key='item:2431'
[dc1_node2] CONFLICT detected for key='item:2431', siblings=7
[dc1_node2] Saved 93 keys to disk
[dc1_node2] Internal PUT (replication): key='item:3923'
[dc1_node2] CONFLICT detected for key='item:3923', siblings=5
[dc1_node2] Internal PUT (replication): key='item:2466'
[dc1_node2] Internal PUT (replication): key='item:3227'
[dc1_node2] Saved 93 keys to disk
[dc1_node2] CONFLICT detected for key='item:2466', siblings=10
[dc1_node2] Internal PUT (replication): key='item:4454'
[dc1_node2] Saved 93 keys to disk
[dc1_node2] CONFLICT detected for key='item:3227', siblings=6
[dc1_node2] Saved 93 keys to disk
[dc1_node2] CONFLICT detected for key='item:4454', siblings=10
[dc1_node2] Saved 93 keys to disk
[dc1_node2] Internal PUT (replication): key='item:1033'
[dc1_node2] CONFLICT detected for key='item:1033', siblings=6
[dc1_node2] Saved 93 keys to disk
[dc1_node2] Retrieved key='item:3866', versions=9
[dc1_node2] Internal PUT (replication): key='item:0615'
[dc1_node2] CONFLICT detected for key='item:0615', siblings=10
[dc1_node2] Saved 93 keys to disk
[dc1_node2] Retrieved key='item:2482', versions=4
[dc1_node2] Internal PUT (replication): key='item:1676'
[dc1_node2] CONFLICT detected for key='item:1676', siblings=6
[dc1_node2] Saved 93 keys to disk
[dc1_node2] Internal PUT (replication): key='item:3854'
[dc1_node2] CONFLICT detected for key='item:3854', siblings=5
[dc1_node2] Saved 93 keys to disk
[dc1_node2] Internal PUT (replication): key='item:2611'
[dc1_node2] CONFLICT detected for key='item:2611', siblings=5
[dc1_node2] Saved 93 keys to disk
[dc1_node2] Internal PUT (replication): key='item:0844'
[dc1_node2] CONFLICT detected for key='item:0844', siblings=6
[dc1_node2] Saved 93 keys to disk
[dc1_node2] Internal PUT (replication): key='item:0354'
[dc1_node2] CONFLICT detected for key='item:0354', siblings=7
[dc1_node2] Internal PUT (replication): key='item:2805'
[dc1_node2] Saved 93 keys to disk
[dc1_node2] CONFLICT detected for key='item:2805', siblings=4
[dc1_node2] Internal PUT (replication): key='item:4549'
[dc1_node2] Saved 93 keys to disk
[dc1_node2] CONFLICT detected for key='item:4549', siblings=9
[dc1_node2] Saved 93 keys to disk
[dc1_node2] Retrieved key='item:0299', versions=11
[dc1_node2] Internal PUT (replication): key='item:3923'
[dc1_node2] CONFLICT detected for key='item:3923', siblings=6
[dc1_node2] Saved 93 keys to disk
[dc1_node2] Internal PUT (replication): key='item:3746'
[dc1_node2] CONFLICT detected for key='item:3746', siblings=5
[dc1_node2] Saved 93 keys to disk
[dc1_node2] Client PUT: key='item:0315', value='value_315_client3_op653'
[dc1_node2] Preference list for 'item:0315': ['localhost:50104', 'localhost:50078', 'localhost:50150']
[dc1_node2] Coordinator NOT in preference list, forwarding only
[dc1_node2] Replicated to localhost:50104
[dc1_node2] Replicated to localhost:50150
[dc1_node2] Replicated to localhost:50078
[dc1_node2] W-quorum achieved (2 writes), returning to client
[dc1_node2] Background replication continues for remaining nodes
[dc1_node2] Successful writes: 3/3
[dc1_node2] Retrieved key='item:2805', versions=4
[dc1_node2] Internal PUT (replication): key='item:0309'
[dc1_node2] CONFLICT detected for key='item:0309', siblings=7
[dc1_node2] Saved 93 keys to disk
[dc1_node2] Retrieved key='item:3227', versions=6
[dc1_node2] Retrieved key='item:4056', versions=4
[dc1_node2] Retrieved key='item:3563', versions=5
[dc1_node2] Retrieved key='item:3260', versions=5
[dc1_node2] Client PUT: key='item:1378', value='value_1378_client48_op646'
[dc1_node2] Preference list for 'item:1378': ['localhost:50066', 'localhost:50204', 'localhost:50172']
[dc1_node2] Coordinator NOT in preference list, forwarding only
[dc1_node2] Replicated to localhost:50172
[dc1_node2] Internal PUT (replication): key='item:3991'
[dc1_node2] CONFLICT detected for key='item:3991', siblings=5
[dc1_node2] Replicated to localhost:50066
[dc1_node2] Saved 93 keys to disk
[dc1_node2] W-quorum achieved (2 writes), returning to client
[dc1_node2] Background replication continues for remaining nodes
[dc1_node2] Successful writes: 2/3
[dc1_node2] Replicated to localhost:50204
[dc1_node2] Internal PUT (replication): key='item:3854'
[dc1_node2] CONFLICT detected for key='item:3854', siblings=6
[dc1_node2] Saved 93 keys to disk
[dc1_node2] Internal PUT (replication): key='item:3938'
[dc1_node2] CONFLICT detected for key='item:3938', siblings=5
[dc1_node2] Saved 93 keys to disk
[dc1_node2] Internal PUT (replication): key='item:4636'
[dc1_node2] CONFLICT detected for key='item:4636', siblings=8
[dc1_node2] Saved 93 keys to disk
[dc1_node2] Retrieved key='item:0738', versions=5
[dc1_node2] Client GET: key='item:1854'
[dc1_node2] Reading from preference list: ['localhost:50056', 'localhost:50207']
[dc1_node2] Key='item:1854' not found
[dc1_node2] Client PUT: key='item:0259', value='value_259_client47_op650'
[dc1_node2] Preference list for 'item:0259': ['localhost:50099', 'localhost:50204', 'localhost:50121']
[dc1_node2] Coordinator NOT in preference list, forwarding only
[dc1_node2] Client PUT: key='item:0090', value='value_90_client15_op647'
[dc1_node2] Preference list for 'item:0090': ['localhost:50155', 'localhost:50217', 'localhost:50096']
[dc1_node2] Coordinator NOT in preference list, forwarding only
[dc1_node2] CONFLICT: 12 sibling versions for 'item:1854'
[dc1_node2] Replicated to localhost:50204
[dc1_node2] Replicated to localhost:50217
[dc1_node2] Replicated to localhost:50099
[dc1_node2] Replicated to localhost:50121
[dc1_node2] Replicated to localhost:50155
[dc1_node2] Replicated to localhost:50096
[dc1_node2] W-quorum achieved (2 writes), returning to client
[dc1_node2] Background replication continues for remaining nodes
[dc1_node2] Successful writes: 3/3
[dc1_node2] W-quorum achieved (2 writes), returning to client
[dc1_node2] Background replication continues for remaining nodes
[dc1_node2] Successful writes: 3/3
[dc1_node2] Client PUT: key='item:2239', value='value_2239_update_client38_op637'
[dc1_node2] Preference list for 'item:2239': ['localhost:50147', 'localhost:50077', 'localhost:50061']
[dc1_node2] Coordinator NOT in preference list, forwarding only
[dc1_node2] Retrieved key='item:3746', versions=5
[dc1_node2] Retrieved key='item:2653', versions=3
[dc1_node2] Replicated to localhost:50147
[dc1_node2] Replicated to localhost:50077
[dc1_node2] W-quorum achieved (2 writes), returning to client
[dc1_node2] Background replication continues for remaining nodes
[dc1_node2] Successful writes: 2/3
[dc1_node2] Replicated to localhost:50061
[dc1_node2] Internal PUT (replication): key='item:0408'
[dc1_node2] CONFLICT detected for key='item:0408', siblings=5
[dc1_node2] Saved 93 keys to disk
[dc1_node2] Client PUT: key='item:1758', value='value_1758_client6_op660'
[dc1_node2] Preference list for 'item:1758': ['localhost:50156', 'localhost:50217', 'localhost:50070']
[dc1_node2] Coordinator NOT in preference list, forwarding only
[dc1_node2] Internal PUT (replication): key='item:4865'
[dc1_node2] CONFLICT detected for key='item:4865', siblings=4
[dc1_node2] Replicated to localhost:50217
[dc1_node2] Saved 93 keys to disk
[dc1_node2] Replicated to localhost:50156
[dc1_node2] Replicated to localhost:50070
[dc1_node2] W-quorum achieved (2 writes), returning to client
[dc1_node2] Background replication continues for remaining nodes
[dc1_node2] Successful writes: 3/3
[dc1_node2] Internal PUT (replication): key='item:2431'
[dc1_node2] CONFLICT detected for key='item:2431', siblings=8
[dc1_node2] Saved 93 keys to disk
[dc1_node2] Client PUT: key='item:4600', value='value_4600_update_client7_op670'
[dc1_node2] Preference list for 'item:4600': ['localhost:50119', 'localhost:50242', 'localhost:50139']
[dc1_node2] Coordinator NOT in preference list, forwarding only
[dc1_node2] Replicated to localhost:50119
[dc1_node2] Replicated to localhost:50139
[dc1_node2] Replicated to localhost:50242
[dc1_node2] Internal PUT (replication): key='item:3418'
[dc1_node2] CONFLICT detected for key='item:3418', siblings=8
[dc1_node2] W-quorum achieved (2 writes), returning to client
[dc1_node2] Background replication continues for remaining nodes
[dc1_node2] Successful writes: 3/3
[dc1_node2] Saved 93 keys to disk
[dc1_node2] Retrieved key='item:3950', versions=5
[dc1_node2] Internal PUT (replication): key='item:0309'
[dc1_node2] CONFLICT detected for key='item:0309', siblings=8
[dc1_node2] Saved 93 keys to disk
[dc1_node2] Retrieved key='item:2994', versions=5
[dc1_node2] Client GET: key='item:3089'
[dc1_node2] Reading from preference list: ['localhost:50241', 'localhost:50094']
[dc1_node2] Key='item:3089' not found
[dc1_node2] CONFLICT: 12 sibling versions for 'item:3089'
[dc1_node2] Client PUT: key='item:4525', value='value_4525_client3_op679'
[dc1_node2] Preference list for 'item:4525': ['localhost:50103', 'localhost:50127', 'localhost:50174']
[dc1_node2] Coordinator NOT in preference list, forwarding only
[dc1_node2] Internal PUT (replication): key='item:1037'
[dc1_node2] CONFLICT detected for key='item:1037', siblings=5
[dc1_node2] Replicated to localhost:50174
[dc1_node2] Saved 93 keys to disk
[dc1_node2] Replicated to localhost:50103
[dc1_node2] Replicated to localhost:50127
[dc1_node2] Client GET: key='item:1629'
[dc1_node2] Reading from preference list: ['localhost:50179', 'localhost:50226']
[dc1_node2] Key='item:1629' not found
[dc1_node2] W-quorum achieved (2 writes), returning to client
[dc1_node2] Background replication continues for remaining nodes
[dc1_node2] Successful writes: 3/3
[dc1_node2] Internal PUT (replication): key='item:1676'
[dc1_node2] CONFLICT detected for key='item:1676', siblings=7
[dc1_node2] CONFLICT: 12 sibling versions for 'item:1629'
[dc1_node2] Saved 93 keys to disk
[dc1_node2] Internal PUT (replication): key='item:1873'
[dc1_node2] CONFLICT detected for key='item:1873', siblings=5
[dc1_node2] Saved 93 keys to disk
[dc1_node2] Client PUT: key='item:3413', value='value_3413_update_client13_op694'
[dc1_node2] Preference list for 'item:3413': ['localhost:50091', 'localhost:50129', 'localhost:50063']
[dc1_node2] Coordinator NOT in preference list, forwarding only
[dc1_node2] Replicated to localhost:50129
[dc1_node2] Replicated to localhost:50091
[dc1_node2] W-quorum achieved (2 writes), returning to client
[dc1_node2] Background replication continues for remaining nodes
[dc1_node2] Successful writes: 2/3
[dc1_node2] Replicated to localhost:50063
[dc1_node2] Internal PUT (replication): key='item:2783'
[dc1_node2] CONFLICT detected for key='item:2783', siblings=7
[dc1_node2] Saved 93 keys to disk
[dc1_node2] Internal PUT (replication): key='item:4341'
[dc1_node2] CONFLICT detected for key='item:4341', siblings=4
[dc1_node2] Saved 93 keys to disk
[dc1_node2] Internal PUT (replication): key='item:3815'
[dc1_node2] CONFLICT detected for key='item:3815', siblings=3
[dc1_node2] Saved 93 keys to disk
[dc1_node2] Internal PUT (replication): key='item:3923'
[dc1_node2] CONFLICT detected for key='item:3923', siblings=7
[dc1_node2] Saved 93 keys to disk
[dc1_node2] Client PUT: key='item:0950', value='value_950_client17_op667'
[dc1_node2] Preference list for 'item:0950': ['localhost:50226', 'localhost:50093', 'localhost:50162']
[dc1_node2] Coordinator NOT in preference list, forwarding only
[dc1_node2] Replicated to localhost:50162
[dc1_node2] Replicated to localhost:50226
[dc1_node2] W-quorum achieved (2 writes), returning to client
[dc1_node2] Background replication continues for remaining nodes
[dc1_node2] Successful writes: 2/3
[dc1_node2] Replicated to localhost:50093
[dc1_node2] Retrieved key='item:2942', versions=6
[dc1_node2] Internal PUT (replication): key='item:3068'
[dc1_node2] CONFLICT detected for key='item:3068', siblings=10
[dc1_node2] Saved 93 keys to disk
[dc1_node2] Internal PUT (replication): key='item:1011'
[dc1_node2] CONFLICT detected for key='item:1011', siblings=4
[dc1_node2] Saved 93 keys to disk
[dc1_node2] Internal PUT (replication): key='item:4636'
[dc1_node2] CONFLICT detected for key='item:4636', siblings=9
[dc1_node2] Saved 93 keys to disk
[dc1_node2] Retrieved key='item:0738', versions=5
[dc1_node2] Internal PUT (replication): key='item:0289'
[dc1_node2] CONFLICT detected for key='item:0289', siblings=8
[dc1_node2] Internal PUT (replication): key='item:4454'
[dc1_node2] Internal PUT (replication): key='item:4629'
[dc1_node2] Internal PUT (replication): key='item:3746'
[dc1_node2] Saved 93 keys to disk
[dc1_node2] CONFLICT detected for key='item:4454', siblings=10
[dc1_node2] Internal PUT (replication): key='item:3982'
[dc1_node2] Saved 93 keys to disk
[dc1_node2] CONFLICT detected for key='item:4629', siblings=5
[dc1_node2] Saved 93 keys to disk
[dc1_node2] CONFLICT detected for key='item:3746', siblings=6
[dc1_node2] Client GET: key='item:3086'
[dc1_node2] Reading from preference list: ['localhost:50228', 'localhost:50088']
[dc1_node2] Saved 93 keys to disk
[dc1_node2] CONFLICT detected for key='item:3982', siblings=7
[dc1_node2] Saved 93 keys to disk
[dc1_node2] Key='item:3086' not found
[dc1_node2] Internal PUT (replication): key='item:3829'
[dc1_node2] CONFLICT detected for key='item:3829', siblings=11
[dc1_node2] CONFLICT: 12 sibling versions for 'item:3086'
[dc1_node2] Saved 93 keys to disk
[dc1_node2] Retrieved key='item:2466', versions=10
[dc1_node2] Client PUT: key='item:4717', value='value_4717_client8_op679'
[dc1_node2] Preference list for 'item:4717': ['localhost:50120', 'localhost:50188', 'localhost:50074']
[dc1_node2] Coordinator NOT in preference list, forwarding only
[dc1_node2] Replicated to localhost:50074
[dc1_node2] Replicated to localhost:50188
[dc1_node2] W-quorum achieved (2 writes), returning to client
[dc1_node2] Background replication continues for remaining nodes
[dc1_node2] Successful writes: 2/3
[dc1_node2] Replicated to localhost:50120
[dc1_node2] Client PUT: key='item:2857', value='value_2857_update_client11_op679'
[dc1_node2] Preference list for 'item:2857': ['localhost:50092', 'localhost:50158', 'localhost:50148']
[dc1_node2] Coordinator NOT in preference list, forwarding only
[dc1_node2] Replicated to localhost:50092
[dc1_node2] Client GET: key='item:3544'
[dc1_node2] Reading from preference list: ['localhost:50220', 'localhost:50098']
[dc1_node2] Key='item:3544' not found
[dc1_node2] CONFLICT: 10 sibling versions for 'item:3544'
[dc1_node2] Replicated to localhost:50158
[dc1_node2] Replicated to localhost:50148
[dc1_node2] W-quorum achieved (2 writes), returning to client
[dc1_node2] Background replication continues for remaining nodes
[dc1_node2] Successful writes: 3/3
[dc1_node2] Internal PUT (replication): key='item:1107'
[dc1_node2] CONFLICT detected for key='item:1107', siblings=4
[dc1_node2] Saved 93 keys to disk
[dc1_node2] Retrieved key='item:0354', versions=7
[dc1_node2] Internal PUT (replication): key='item:3746'
[dc1_node2] CONFLICT detected for key='item:3746', siblings=7
[dc1_node2] Saved 93 keys to disk
[dc1_node2] Retrieved key='item:1037', versions=5
[dc1_node2] Internal PUT (replication): key='item:0408'
[dc1_node2] CONFLICT detected for key='item:0408', siblings=6
[dc1_node2] Saved 93 keys to disk
[dc1_node2] Internal PUT (replication): key='item:2466'
[dc1_node2] CONFLICT detected for key='item:2466', siblings=11
[dc1_node2] Saved 93 keys to disk
[dc1_node2] Internal PUT (replication): key='item:2464'
[dc1_node2] CONFLICT detected for key='item:2464', siblings=4
[dc1_node2] Internal PUT (replication): key='item:0615'
[dc1_node2] Saved 93 keys to disk
[dc1_node2] CONFLICT detected for key='item:0615', siblings=11
[dc1_node2] Client PUT: key='item:2287', value='value_2287_client49_op696'
[dc1_node2] Preference list for 'item:2287': ['localhost:50124', 'localhost:50178', 'localhost:50137']
[dc1_node2] Coordinator NOT in preference list, forwarding only
[dc1_node2] Replicated to localhost:50137
[dc1_node2] Replicated to localhost:50178
[dc1_node2] Saved 93 keys to disk
[dc1_node2] Replicated to localhost:50124
[dc1_node2] W-quorum achieved (2 writes), returning to client
[dc1_node2] Background replication continues for remaining nodes
[dc1_node2] Successful writes: 3/3
[dc1_node2] Internal PUT (replication): key='item:0844'
[dc1_node2] CONFLICT detected for key='item:0844', siblings=7
[dc1_node2] Saved 93 keys to disk
[dc1_node2] Retrieved key='item:0354', versions=7
[dc1_node2] Internal PUT (replication): key='item:2891'
[dc1_node2] CONFLICT detected for key='item:2891', siblings=2
[dc1_node2] Saved 93 keys to disk
[dc1_node2] Retrieved key='item:4056', versions=4
[dc1_node2] Internal PUT (replication): key='item:1033'
[dc1_node2] CONFLICT detected for key='item:1033', siblings=7
[dc1_node2] Saved 93 keys to disk
[dc1_node2] Retrieved key='item:2805', versions=4
[dc1_node2] Client PUT: key='item:1010', value='value_1010_client34_op678'
[dc1_node2] Preference list for 'item:1010': ['localhost:50230', 'localhost:50053', 'localhost:50243']
[dc1_node2] Coordinator NOT in preference list, forwarding only
[dc1_node2] Replicated to localhost:50230
[dc1_node2] Replicated to localhost:50243
[dc1_node2] W-quorum achieved (2 writes), returning to client
[dc1_node2] Background replication continues for remaining nodes
[dc1_node2] Successful writes: 2/3
[dc1_node2] Internal PUT (replication): key='item:2611'
[dc1_node2] CONFLICT detected for key='item:2611', siblings=6
[dc1_node2] Replicated to localhost:50053
[dc1_node2] Saved 93 keys to disk
[dc1_node2] Internal PUT (replication): key='item:4341'
[dc1_node2] CONFLICT detected for key='item:4341', siblings=5
[dc1_node2] Internal PUT (replication): key='item:1011'
[dc1_node2] Client PUT: key='item:1641', value='value_1641_client44_op716'
[dc1_node2] Preference list for 'item:1641': ['localhost:50160', 'localhost:50191', 'localhost:50052']
[dc1_node2] Saved 93 keys to disk
[dc1_node2] CONFLICT detected for key='item:1641', siblings=4
[dc1_node2] Client PUT: key='item:1741', value='value_1741_update_client21_op710'
[dc1_node2] Preference list for 'item:1741': ['localhost:50240', 'localhost:50228', 'localhost:50184']
[dc1_node2] Coordinator NOT in preference list, forwarding only
[dc1_node2] Saved 93 keys to disk
[dc1_node2] Coordinator IS in preference list, stored locally
[dc1_node2] CONFLICT detected for key='item:1011', siblings=5
[dc1_node2] Replicated to localhost:50240
[dc1_node2] Replicated to localhost:50160
[dc1_node2] Replicated to localhost:50228
[dc1_node2] Saved 93 keys to disk
[dc1_node2] W-quorum achieved (2 writes), returning to client
[dc1_node2] Background replication continues for remaining nodes
[dc1_node2] Successful writes: 2/3
[dc1_node2] W-quorum achieved (2 writes), returning to client
[dc1_node2] Background replication continues for remaining nodes
[dc1_node2] Successful writes: 2/3
[dc1_node2] Replicated to localhost:50191
[dc1_node2] Replicated to localhost:50184
[dc1_node2] Internal PUT (replication): key='item:1873'
[dc1_node2] CONFLICT detected for key='item:1873', siblings=6
[dc1_node2] Saved 93 keys to disk
[dc1_node2] Client GET: key='item:2924'
[dc1_node2] Reading from preference list: ['localhost:50245', 'localhost:50059']
[dc1_node2] Key='item:2924' not found
[dc1_node2] CONFLICT: 6 sibling versions for 'item:2924'
[dc1_node2] Client PUT: key='item:1206', value='value_1206_client10_op710'
[dc1_node2] Preference list for 'item:1206': ['localhost:50232', 'localhost:50133', 'localhost:50166']
[dc1_node2] Coordinator NOT in preference list, forwarding only
[dc1_node2] Replicated to localhost:50133
[dc1_node2] Replicated to localhost:50232
[dc1_node2] W-quorum achieved (2 writes), returning to client
[dc1_node2] Background replication continues for remaining nodes
[dc1_node2] Successful writes: 2/3
[dc1_node2] Replicated to localhost:50166
[dc1_node2] Internal PUT (replication): key='item:2879'
[dc1_node2] Stored NEW key='item:2879', value='value_2879_client45_op694', clock={dc1_node11:1}
[dc1_node2] Saved 94 keys to disk
[dc1_node2] Internal PUT (replication): key='item:4498'
[dc1_node2] CONFLICT detected for key='item:4498', siblings=8
[dc1_node2] Saved 94 keys to disk
[dc1_node2] Internal PUT (replication): key='item:0548'
[dc1_node2] CONFLICT detected for key='item:0548', siblings=7
[dc1_node2] Saved 94 keys to disk
[dc1_node2] Client GET: key='item:2752'
[dc1_node2] Reading from preference list: ['localhost:50199', 'localhost:50237']
[dc1_node2] Key='item:2752' not found
[dc1_node2] Retrieved key='item:2482', versions=4
[dc1_node2] CONFLICT: 12 sibling versions for 'item:2752'
[dc1_node2] Internal PUT (replication): key='item:1676'
[dc1_node2] CONFLICT detected for key='item:1676', siblings=8
[dc1_node2] Saved 94 keys to disk
[dc1_node2] Client PUT: key='item:1409', value='value_1409_client35_op711'
[dc1_node2] Preference list for 'item:1409': ['localhost:50086', 'localhost:50113', 'localhost:50229']
[dc1_node2] Coordinator NOT in preference list, forwarding only
[dc1_node2] Replicated to localhost:50086
[dc1_node2] Replicated to localhost:50229
[dc1_node2] Replicated to localhost:50113
[dc1_node2] W-quorum achieved (2 writes), returning to client
[dc1_node2] Background replication continues for remaining nodes
[dc1_node2] Successful writes: 3/3
[dc1_node2] Internal PUT (replication): key='item:0497'
[dc1_node2] CONFLICT detected for key='item:0497', siblings=10
[dc1_node2] Saved 94 keys to disk
[dc1_node2] Internal PUT (replication): key='item:2440'
[dc1_node2] CONFLICT detected for key='item:2440', siblings=8
[dc1_node2] Saved 94 keys to disk
[dc1_node2] Client PUT: key='item:2390', value='value_2390_update_client30_op737'
[dc1_node2] Preference list for 'item:2390': ['localhost:50085', 'localhost:50132', 'localhost:50058']
[dc1_node2] Coordinator NOT in preference list, forwarding only
[dc1_node2] Retrieved key='item:3866', versions=9
[dc1_node2] Internal PUT (replication): key='item:4196'
[dc1_node2] CONFLICT detected for key='item:4196', siblings=6
[dc1_node2] Replicated to localhost:50058
[dc1_node2] Saved 94 keys to disk
[dc1_node2] Replicated to localhost:50085
[dc1_node2] Replicated to localhost:50132
[dc1_node2] W-quorum achieved (2 writes), returning to client
[dc1_node2] Background replication continues for remaining nodes
[dc1_node2] Successful writes: 3/3
[dc1_node2] Internal PUT (replication): key='item:0883'
[dc1_node2] CONFLICT detected for key='item:0883', siblings=9
[dc1_node2] Saved 94 keys to disk
[dc1_node2] Retrieved key='item:1811', versions=5
[dc1_node2] Internal PUT (replication): key='item:1965'
[dc1_node2] CONFLICT detected for key='item:1965', siblings=5
[dc1_node2] Internal PUT (replication): key='item:1676'
[dc1_node2] Internal PUT (replication): key='item:1857'
[dc1_node2] Saved 94 keys to disk
[dc1_node2] CONFLICT detected for key='item:1676', siblings=9
[dc1_node2] Saved 94 keys to disk
[dc1_node2] CONFLICT detected for key='item:1857', siblings=11
[dc1_node2] Saved 94 keys to disk
[dc1_node2] Retrieved key='item:4865', versions=4
[dc1_node2] Internal PUT (replication): key='item:1834'
[dc1_node2] CONFLICT detected for key='item:1834', siblings=8
[dc1_node2] Internal PUT (replication): key='item:0883'
[dc1_node2] Saved 94 keys to disk
[dc1_node2] CONFLICT detected for key='item:0883', siblings=10
[dc1_node2] Saved 94 keys to disk
[dc1_node2] Internal PUT (replication): key='item:1834'
[dc1_node2] CONFLICT detected for key='item:1834', siblings=9
[dc1_node2] Saved 94 keys to disk
[dc1_node2] Internal PUT (replication): key='item:3776'
[dc1_node2] CONFLICT detected for key='item:3776', siblings=7
[dc1_node2] Saved 94 keys to disk
[dc1_node2] Internal PUT (replication): key='item:3195'
[dc1_node2] CONFLICT detected for key='item:3195', siblings=5
[dc1_node2] Saved 94 keys to disk
[dc1_node2] Retrieved key='item:3227', versions=6
[dc1_node2] Client PUT: key='item:0052', value='value_52_client14_op732'
[dc1_node2] Preference list for 'item:0052': ['localhost:50084', 'localhost:50195', 'localhost:50094']
[dc1_node2] Coordinator NOT in preference list, forwarding only
[dc1_node2] Internal PUT (replication): key='item:3776'
[dc1_node2] CONFLICT detected for key='item:3776', siblings=8
[dc1_node2] Replicated to localhost:50195
[dc1_node2] Replicated to localhost:50084
[dc1_node2] Replicated to localhost:50094
[dc1_node2] Internal PUT (replication): key='item:0354'
[dc1_node2] Saved 94 keys to disk
[dc1_node2] CONFLICT detected for key='item:0354', siblings=8
[dc1_node2] W-quorum achieved (2 writes), returning to client
[dc1_node2] Background replication continues for remaining nodes
[dc1_node2] Successful writes: 3/3
[dc1_node2] Saved 94 keys to disk
[dc1_node2] Internal PUT (replication): key='item:4397'
[dc1_node2] CONFLICT detected for key='item:4397', siblings=4
[dc1_node2] Saved 94 keys to disk
[dc1_node2] Internal PUT (replication): key='item:0354'
[dc1_node2] CONFLICT detected for key='item:0354', siblings=9
[dc1_node2] Saved 94 keys to disk
[dc1_node2] Client GET: key='item:3977'
[dc1_node2] Reading from preference list: ['localhost:50079', 'localhost:50243']
[dc1_node2] Key='item:3977' not found
[dc1_node2] Retrieved key='item:1811', versions=5
[dc1_node2] CONFLICT: 12 sibling versions for 'item:3977'
[dc1_node2] Internal PUT (replication): key='item:0299'
[dc1_node2] CONFLICT detected for key='item:0299', siblings=12
[dc1_node2] Saved 94 keys to disk
[dc1_node2] Internal PUT (replication): key='item:3854'
[dc1_node2] CONFLICT detected for key='item:3854', siblings=7
[dc1_node2] Saved 94 keys to disk
[dc1_node2] Internal PUT (replication): key='item:0309'
[dc1_node2] CONFLICT detected for key='item:0309', siblings=9
[dc1_node2] Internal PUT (replication): key='item:1661'
[dc1_node2] Saved 94 keys to disk
[dc1_node2] CONFLICT detected for key='item:1661', siblings=9
[dc1_node2] Saved 94 keys to disk
[dc1_node2] Internal PUT (replication): key='item:1811'
[dc1_node2] CONFLICT detected for key='item:1811', siblings=6
[dc1_node2] Saved 94 keys to disk
[dc1_node2] Client PUT: key='item:4766', value='value_4766_update_client7_op767'
[dc1_node2] Preference list for 'item:4766': ['localhost:50190', 'localhost:50134', 'localhost:50076']
[dc1_node2] Coordinator NOT in preference list, forwarding only
[dc1_node2] Replicated to localhost:50190
[dc1_node2] Replicated to localhost:50134
[dc1_node2] W-quorum achieved (2 writes), returning to client
[dc1_node2] Background replication continues for remaining nodes
[dc1_node2] Successful writes: 2/3
[dc1_node2] Replicated to localhost:50076
[dc1_node2] Internal PUT (replication): key='item:2805'
[dc1_node2] CONFLICT detected for key='item:2805', siblings=5
[dc1_node2] Client PUT: key='item:4293', value='value_4293_client22_op745'
[dc1_node2] Preference list for 'item:4293': ['localhost:50185', 'localhost:50137', 'localhost:50158']
[dc1_node2] Coordinator NOT in preference list, forwarding only
[dc1_node2] Client PUT: key='item:1453', value='value_1453_update_client27_op751'
[dc1_node2] Preference list for 'item:1453': ['localhost:50181', 'localhost:50053', 'localhost:50168']
[dc1_node2] Coordinator NOT in preference list, forwarding only
[dc1_node2] Saved 94 keys to disk
[dc1_node2] Replicated to localhost:50181
[dc1_node2] Replicated to localhost:50185
[dc1_node2] Replicated to localhost:50053
[dc1_node2] W-quorum achieved (2 writes), returning to client
[dc1_node2] Background replication continues for remaining nodes
[dc1_node2] Successful writes: 2/3
[dc1_node2] Replicated to localhost:50137
[dc1_node2] Replicated to localhost:50158
[dc1_node2] W-quorum achieved (2 writes), returning to client
[dc1_node2] Background replication continues for remaining nodes
[dc1_node2] Successful writes: 3/3
[dc1_node2] Internal PUT (replication): key='item:1811'
[dc1_node2] CONFLICT detected for key='item:1811', siblings=7
[dc1_node2] Internal PUT (replication): key='item:1011'
[dc1_node2] Saved 94 keys to disk
[dc1_node2] CONFLICT detected for key='item:1011', siblings=6
[dc1_node2] Replicated to localhost:50168
[dc1_node2] Internal PUT (replication): key='item:3982'
[dc1_node2] Saved 94 keys to disk
[dc1_node2] CONFLICT detected for key='item:3982', siblings=8
[dc1_node2] Saved 94 keys to disk
[dc1_node2] Internal PUT (replication): key='item:1857'
[dc1_node2] CONFLICT detected for key='item:1857', siblings=12
[dc1_node2] Saved 94 keys to disk
[dc1_node2] Client GET: key='item:3718'
[dc1_node2] Reading from preference list: ['localhost:50192', 'localhost:50114']
[dc1_node2] Key='item:3718' not found
[dc1_node2] Internal PUT (replication): key='item:0525'
[dc1_node2] CONFLICT detected for key='item:0525', siblings=4
[dc1_node2] CONFLICT: 12 sibling versions for 'item:3718'
[dc1_node2] Client PUT: key='item:3578', value='value_3578_update_client16_op768'
[dc1_node2] Preference list for 'item:3578': ['localhost:50159', 'localhost:50138', 'localhost:50172']
[dc1_node2] Coordinator NOT in preference list, forwarding only
[dc1_node2] Saved 94 keys to disk
[dc1_node2] Replicated to localhost:50159
[dc1_node2] Replicated to localhost:50172
[dc1_node2] Replicated to localhost:50138
[dc1_node2] W-quorum achieved (2 writes), returning to client
[dc1_node2] Background replication continues for remaining nodes
[dc1_node2] Successful writes: 3/3
[dc1_node2] Retrieved key='item:3854', versions=7
[dc1_node2] Retrieved key='item:2942', versions=6
[dc1_node2] Client PUT: key='item:3824', value='value_3824_client15_op762'
[dc1_node2] Preference list for 'item:3824': ['localhost:50108', 'localhost:50083', 'localhost:50220']
[dc1_node2] Coordinator NOT in preference list, forwarding only
[dc1_node2] Replicated to localhost:50083
[dc1_node2] Replicated to localhost:50108
[dc1_node2] Replicated to localhost:50220
[dc1_node2] W-quorum achieved (2 writes), returning to client
[dc1_node2] Background replication continues for remaining nodes
[dc1_node2] Successful writes: 3/3
[dc1_node2] Internal PUT (replication): key='item:3602'
[dc1_node2] CONFLICT detected for key='item:3602', siblings=7
[dc1_node2] Saved 94 keys to disk
[dc1_node2] Retrieved key='item:2440', versions=8
[dc1_node2] Internal PUT (replication): key='item:0338'
[dc1_node2] CONFLICT detected for key='item:0338', siblings=2
[dc1_node2] Saved 94 keys to disk
[dc1_node2] Internal PUT (replication): key='item:0883'
[dc1_node2] CONFLICT detected for key='item:0883', siblings=11
[dc1_node2] Internal PUT (replication): key='item:2986'
[dc1_node2] Saved 94 keys to disk
[dc1_node2] CONFLICT detected for key='item:2986', siblings=5
[dc1_node2] Saved 94 keys to disk
[dc1_node2] Internal PUT (replication): key='item:3068'
[dc1_node2] CONFLICT detected for key='item:3068', siblings=11
[dc1_node2] Saved 94 keys to disk
[dc1_node2] Internal PUT (replication): key='item:3521'
[dc1_node2] CONFLICT detected for key='item:3521', siblings=5
[dc1_node2] Saved 94 keys to disk
[dc1_node2] Client PUT: key='item:4475', value='value_4475_client18_op772'
[dc1_node2] Preference list for 'item:4475': ['localhost:50083', 'localhost:50130', 'localhost:50186']
[dc1_node2] Coordinator NOT in preference list, forwarding only
[dc1_node2] Replicated to localhost:50083
[dc1_node2] Replicated to localhost:50130
[dc1_node2] W-quorum achieved (2 writes), returning to client
[dc1_node2] Background replication continues for remaining nodes
[dc1_node2] Successful writes: 2/3
[dc1_node2] Replicated to localhost:50186
[dc1_node2] Internal PUT (replication): key='item:1834'
[dc1_node2] CONFLICT detected for key='item:1834', siblings=10
[dc1_node2] Saved 94 keys to disk
[dc1_node2] Retrieved key='item:0408', versions=6
[dc1_node2] Internal PUT (replication): key='item:2247'
[dc1_node2] CONFLICT detected for key='item:2247', siblings=5
[dc1_node2] Saved 94 keys to disk
[dc1_node2] Client PUT: key='item:3267', value='value_3267_update_client30_op779'
[dc1_node2] Preference list for 'item:3267': ['localhost:50053', 'localhost:50174', 'localhost:50233']
[dc1_node2] Coordinator NOT in preference list, forwarding only
[dc1_node2] Internal PUT (replication): key='item:0693'
[dc1_node2] CONFLICT detected for key='item:0693', siblings=5
[dc1_node2] Replicated to localhost:50053
[dc1_node2] Saved 94 keys to disk
[dc1_node2] Retrieved key='item:2986', versions=5
[dc1_node2] Replicated to localhost:50174
[dc1_node2] W-quorum achieved (2 writes), returning to client
[dc1_node2] Background replication continues for remaining nodes
[dc1_node2] Successful writes: 2/3
[dc1_node2] Replicated to localhost:50233
[dc1_node2] Client GET: key='item:1960'
[dc1_node2] Reading from preference list: ['localhost:50071', 'localhost:50119']
[dc1_node2] Key='item:1960' not found
[dc1_node2] CONFLICT: 10 sibling versions for 'item:1960'
[dc1_node2] Internal PUT (replication): key='item:4570'
[dc1_node2] CONFLICT detected for key='item:4570', siblings=7
[dc1_node2] Saved 94 keys to disk
[dc1_node2] Internal PUT (replication): key='item:3938'
[dc1_node2] CONFLICT detected for key='item:3938', siblings=6
[dc1_node2] Internal PUT (replication): key='item:1641'
[dc1_node2] Saved 94 keys to disk
[dc1_node2] CONFLICT detected for key='item:1641', siblings=5
[dc1_node2] Saved 94 keys to disk
[dc1_node2] Retrieved key='item:3923', versions=7
[dc1_node2] Internal PUT (replication): key='item:2611'
[dc1_node2] CONFLICT detected for key='item:2611', siblings=7
[dc1_node2] Saved 94 keys to disk
[dc1_node2] Internal PUT (replication): key='item:1965'
[dc1_node2] CONFLICT detected for key='item:1965', siblings=6
[dc1_node2] Client GET: key='item:1826'
[dc1_node2] Reading from preference list: ['localhost:50127', 'localhost:50231']
[dc1_node2] Internal PUT (replication): key='item:0354'
[dc1_node2] Saved 94 keys to disk
[dc1_node2] Key='item:1826' not found
[dc1_node2] CONFLICT detected for key='item:0354', siblings=10
[dc1_node2] CONFLICT: 9 sibling versions for 'item:1826'
[dc1_node2] Saved 94 keys to disk
[dc1_node2] Client GET: key='item:3176'
[dc1_node2] Reading from preference list: ['localhost:50085', 'localhost:50108']
[dc1_node2] Key='item:3176' not found
[dc1_node2] CONFLICT: 14 sibling versions for 'item:3176'
[dc1_node2] Client PUT: key='item:3276', value='value_3276_update_client38_op761'
[dc1_node2] Preference list for 'item:3276': ['localhost:50097', 'localhost:50221', 'localhost:50247']
[dc1_node2] Coordinator NOT in preference list, forwarding only
[dc1_node2] Replicated to localhost:50221
[dc1_node2] Replicated to localhost:50247
[dc1_node2] W-quorum achieved (2 writes), returning to client
[dc1_node2] Background replication continues for remaining nodes
[dc1_node2] Successful writes: 2/3
[dc1_node2] Replicated to localhost:50097
[dc1_node2] Internal PUT (replication): key='item:4341'
[dc1_node2] CONFLICT detected for key='item:4341', siblings=6
[dc1_node2] Saved 94 keys to disk
[dc1_node2] Internal PUT (replication): key='item:2431'
[dc1_node2] CONFLICT detected for key='item:2431', siblings=9
[dc1_node2] Saved 94 keys to disk
[dc1_node2] Retrieved key='item:4865', versions=4
[dc1_node2] Internal PUT (replication): key='item:2247'
[dc1_node2] CONFLICT detected for key='item:2247', siblings=5
[dc1_node2] Saved 94 keys to disk
[dc1_node2] Internal PUT (replication): key='item:3563'
[dc1_node2] CONFLICT detected for key='item:3563', siblings=6
[dc1_node2] Saved 94 keys to disk
[dc1_node2] Client GET: key='item:1659'
[dc1_node2] Reading from preference list: ['localhost:50127', 'localhost:50057']
[dc1_node2] Key='item:1659' not found
[dc1_node2] CONFLICT: 12 sibling versions for 'item:1659'
[dc1_node2] Client PUT: key='item:4874', value='value_4874_client40_op789'
[dc1_node2] Preference list for 'item:4874': ['localhost:50206', 'localhost:50230', 'localhost:50105']
[dc1_node2] Coordinator NOT in preference list, forwarding only
[dc1_node2] Internal PUT (replication): key='item:3351'
[dc1_node2] CONFLICT detected for key='item:3351', siblings=7
[dc1_node2] Replicated to localhost:50206
[dc1_node2] Replicated to localhost:50105
[dc1_node2] W-quorum achieved (2 writes), returning to client
[dc1_node2] Background replication continues for remaining nodes
[dc1_node2] Successful writes: 2/3
[dc1_node2] Replicated to localhost:50230
[dc1_node2] Internal PUT (replication): key='item:0071'
[dc1_node2] Saved 94 keys to disk
[dc1_node2] CONFLICT detected for key='item:0071', siblings=3
[dc1_node2] Saved 94 keys to disk
[dc1_node2] Retrieved key='item:3195', versions=5
[dc1_node2] Retrieved key='item:2994', versions=5
[dc1_node2] Internal PUT (replication): key='item:3746'
[dc1_node2] CONFLICT detected for key='item:3746', siblings=7
[dc1_node2] Saved 94 keys to disk
[dc1_node2] Retrieved key='item:1873', versions=6
[dc1_node2] Retrieved key='item:0693', versions=5
[dc1_node2] Internal PUT (replication): key='item:3923'
[dc1_node2] CONFLICT detected for key='item:3923', siblings=8
[dc1_node2] Internal PUT (replication): key='item:0883'
[dc1_node2] Saved 94 keys to disk
[dc1_node2] CONFLICT detected for key='item:0883', siblings=11
[dc1_node2] Saved 94 keys to disk
[dc1_node2] Internal PUT (replication): key='item:3982'
[dc1_node2] CONFLICT detected for key='item:3982', siblings=9
[dc1_node2] Saved 94 keys to disk
[dc1_node2] Internal PUT (replication): key='item:2440'
[dc1_node2] CONFLICT detected for key='item:2440', siblings=9
[dc1_node2] Saved 94 keys to disk
[dc1_node2] Retrieved key='item:1873', versions=6
[dc1_node2] Internal PUT (replication): key='item:1037'
[dc1_node2] CONFLICT detected for key='item:1037', siblings=6
[dc1_node2] Saved 94 keys to disk
[dc1_node2] Internal PUT (replication): key='item:0299'
[dc1_node2] CONFLICT detected for key='item:0299', siblings=13
[dc1_node2] Saved 94 keys to disk
[dc1_node2] Internal PUT (replication): key='item:3829'
[dc1_node2] CONFLICT detected for key='item:3829', siblings=12
[dc1_node2] Saved 94 keys to disk
[dc1_node2] Client PUT: key='item:1508', value='value_1508_update_client49_op802'
[dc1_node2] Preference list for 'item:1508': ['localhost:50118', 'localhost:50057', 'localhost:50161']
[dc1_node2] Coordinator NOT in preference list, forwarding only
[dc1_node2] Internal PUT (replication): key='item:1011'
[dc1_node2] CONFLICT detected for key='item:1011', siblings=7
[dc1_node2] Saved 94 keys to disk
[dc1_node2] Replicated to localhost:50057
[dc1_node2] Replicated to localhost:50161
[dc1_node2] W-quorum achieved (2 writes), returning to client
[dc1_node2] Background replication continues for remaining nodes
[dc1_node2] Successful writes: 2/3
[dc1_node2] Replicated to localhost:50118
[dc1_node2] Internal PUT (replication): key='item:2942'
[dc1_node2] CONFLICT detected for key='item:2942', siblings=7
[dc1_node2] Saved 94 keys to disk
[dc1_node2] Client PUT: key='item:4591', value='value_4591_update_client0_op804'
[dc1_node2] Preference list for 'item:4591': ['localhost:50119', 'localhost:50146', 'localhost:50075']
[dc1_node2] Coordinator NOT in preference list, forwarding only
[dc1_node2] Replicated to localhost:50119
[dc1_node2] Replicated to localhost:50146
[dc1_node2] Replicated to localhost:50075
[dc1_node2] W-quorum achieved (2 writes), returning to client
[dc1_node2] Background replication continues for remaining nodes
[dc1_node2] Successful writes: 3/3
[dc1_node2] Internal PUT (replication): key='item:1739'
[dc1_node2] CONFLICT detected for key='item:1739', siblings=5
[dc1_node2] Saved 94 keys to disk
[dc1_node2] Internal PUT (replication): key='item:4549'
[dc1_node2] CONFLICT detected for key='item:4549', siblings=10
[dc1_node2] Saved 94 keys to disk
[dc1_node2] Client GET: key='item:1041'
[dc1_node2] Reading from preference list: ['localhost:50229', 'localhost:50183']
[dc1_node2] Key='item:1041' not found
[dc1_node2] CONFLICT: 7 sibling versions for 'item:1041'
[dc1_node2] Client PUT: key='item:2174', value='value_2174_client2_op812'
[dc1_node2] Preference list for 'item:2174': ['localhost:50226', 'localhost:50191', 'localhost:50051']
[dc1_node2] Coordinator NOT in preference list, forwarding only
[dc1_node2] Replicated to localhost:50191
[dc1_node2] Replicated to localhost:50226
[dc1_node2] Replicated to localhost:50051
[dc1_node2] W-quorum achieved (2 writes), returning to client
[dc1_node2] Background replication continues for remaining nodes
[dc1_node2] Successful writes: 3/3
[dc1_node2] Internal PUT (replication): key='item:2440'
[dc1_node2] CONFLICT detected for key='item:2440', siblings=10
[dc1_node2] Saved 94 keys to disk
[dc1_node2] Internal PUT (replication): key='item:0020'
[dc1_node2] CONFLICT detected for key='item:0020', siblings=9
[dc1_node2] Saved 94 keys to disk
[dc1_node2] Retrieved key='item:2473', versions=7
[dc1_node2] Internal PUT (replication): key='item:2611'
[dc1_node2] CONFLICT detected for key='item:2611', siblings=8
[dc1_node2] Client PUT: key='item:4884', value='value_4884_update_client6_op828'
[dc1_node2] Preference list for 'item:4884': ['localhost:50093', 'localhost:50133', 'localhost:50070']
[dc1_node2] Coordinator NOT in preference list, forwarding only
[dc1_node2] Internal PUT (replication): key='item:2805'
[dc1_node2] Replicated to localhost:50093
[dc1_node2] Replicated to localhost:50133
[dc1_node2] Saved 94 keys to disk
[dc1_node2] CONFLICT detected for key='item:2805', siblings=6
[dc1_node2] W-quorum achieved (2 writes), returning to client
[dc1_node2] Background replication continues for remaining nodes
[dc1_node2] Successful writes: 2/3
[dc1_node2] Saved 94 keys to disk
[dc1_node2] Internal PUT (replication): key='item:0548'
[dc1_node2] CONFLICT detected for key='item:0548', siblings=8
[dc1_node2] Replicated to localhost:50070
[dc1_node2] Saved 94 keys to disk
[dc1_node2] Internal PUT (replication): key='item:4498'
[dc1_node2] CONFLICT detected for key='item:4498', siblings=9
[dc1_node2] Saved 94 keys to disk
[dc1_node2] Retrieved key='item:3746', versions=7
[dc1_node2] Client GET: key='item:4176'
[dc1_node2] Reading from preference list: ['localhost:50075', 'localhost:50221']
[dc1_node2] Key='item:4176' not found
[dc1_node2] CONFLICT: 10 sibling versions for 'item:4176'
[dc1_node2] Retrieved key='item:3551', versions=5
[dc1_node2] Internal PUT (replication): key='item:3829'
[dc1_node2] CONFLICT detected for key='item:3829', siblings=13
[dc1_node2] Saved 94 keys to disk
[dc1_node2] Internal PUT (replication): key='item:3866'
[dc1_node2] CONFLICT detected for key='item:3866', siblings=10
[dc1_node2] Internal PUT (replication): key='item:0015'
[dc1_node2] Saved 94 keys to disk
[dc1_node2] CONFLICT detected for key='item:0015', siblings=8
[dc1_node2] Saved 94 keys to disk
[dc1_node2] Retrieved key='item:1811', versions=7
[dc1_node2] Internal PUT (replication): key='item:0408'
[dc1_node2] CONFLICT detected for key='item:0408', siblings=7
[dc1_node2] Internal PUT (replication): key='item:0525'
[dc1_node2] Saved 94 keys to disk
[dc1_node2] CONFLICT detected for key='item:0525', siblings=5
[dc1_node2] Saved 94 keys to disk
[dc1_node2] Retrieved key='item:3563', versions=6
[dc1_node2] Internal PUT (replication): key='item:3602'
[dc1_node2] CONFLICT detected for key='item:3602', siblings=8
[dc1_node2] Saved 94 keys to disk
[dc1_node2] Client PUT: key='item:3765', value='value_3765_update_client38_op816'
[dc1_node2] Preference list for 'item:3765': ['localhost:50135', 'localhost:50151', 'localhost:50232']
[dc1_node2] Coordinator NOT in preference list, forwarding only
[dc1_node2] Replicated to localhost:50151
[dc1_node2] Replicated to localhost:50232
[dc1_node2] W-quorum achieved (2 writes), returning to client
[dc1_node2] Background replication continues for remaining nodes
[dc1_node2] Successful writes: 2/3
[dc1_node2] Retrieved key='item:0408', versions=7
[dc1_node2] Replicated to localhost:50135
[dc1_node2] Internal PUT (replication): key='item:4640'
[dc1_node2] CONFLICT detected for key='item:4640', siblings=5
[dc1_node2] Saved 94 keys to disk
[dc1_node2] Internal PUT (replication): key='item:2466'
[dc1_node2] CONFLICT detected for key='item:2466', siblings=11
[dc1_node2] Saved 94 keys to disk
[dc1_node2] Internal PUT (replication): key='item:0020'
[dc1_node2] CONFLICT detected for key='item:0020', siblings=10
[dc1_node2] Saved 94 keys to disk
[dc1_node2] Internal PUT (replication): key='item:1857'
[dc1_node2] CONFLICT detected for key='item:1857', siblings=13
[dc1_node2] Saved 94 keys to disk
[dc1_node2] Internal PUT (replication): key='item:2466'
[dc1_node2] CONFLICT detected for key='item:2466', siblings=12
[dc1_node2] Saved 94 keys to disk
[dc1_node2] Internal PUT (replication): key='item:2466'
[dc1_node2] CONFLICT detected for key='item:2466', siblings=13
[dc1_node2] Saved 94 keys to disk
[dc1_node2] Internal PUT (replication): key='item:0309'
[dc1_node2] CONFLICT detected for key='item:0309', siblings=10
[dc1_node2] Saved 94 keys to disk
[dc1_node2] Retrieved key='item:1252', versions=4
[dc1_node2] Internal PUT (replication): key='item:0020'
[dc1_node2] CONFLICT detected for key='item:0020', siblings=11
[dc1_node2] Saved 94 keys to disk
[dc1_node2] Internal PUT (replication): key='item:3991'
[dc1_node2] CONFLICT detected for key='item:3991', siblings=6
[dc1_node2] Saved 94 keys to disk
[dc1_node2] Client PUT: key='item:2805', value='value_2805_update_client0_op842'
[dc1_node2] Preference list for 'item:2805': ['localhost:50125', 'localhost:50052', 'localhost:50101']
[dc1_node2] CONFLICT detected for key='item:2805', siblings=7
[dc1_node2] Saved 94 keys to disk
[dc1_node2] Coordinator IS in preference list, stored locally
[dc1_node2] Retrieved key='item:3854', versions=7
[dc1_node2] Internal PUT (replication): key='item:2473'
[dc1_node2] CONFLICT detected for key='item:2473', siblings=8
[dc1_node2] Client PUT: key='item:0044', value='value_44_update_client28_op859'
[dc1_node2] Preference list for 'item:0044': ['localhost:50207', 'localhost:50091', 'localhost:50128']
[dc1_node2] Coordinator NOT in preference list, forwarding only
[dc1_node2] Replicated to localhost:50128
[dc1_node2] Replicated to localhost:50207
[dc1_node2] Replicated to localhost:50101
[dc1_node2] W-quorum achieved (2 writes), returning to client
[dc1_node2] Background replication continues for remaining nodes
[dc1_node2] Successful writes: 2/3
[dc1_node2] W-quorum achieved (2 writes), returning to client
[dc1_node2] Background replication continues for remaining nodes
[dc1_node2] Successful writes: 2/3
[dc1_node2] Replicated to localhost:50125
[dc1_node2] Internal PUT (replication): key='item:4196'
[dc1_node2] Saved 94 keys to disk
[dc1_node2] CONFLICT detected for key='item:4196', siblings=7
[dc1_node2] Replicated to localhost:50091
[dc1_node2] Saved 94 keys to disk
[dc1_node2] Internal PUT (replication): key='item:4549'
[dc1_node2] CONFLICT detected for key='item:4549', siblings=11
[dc1_node2] Saved 94 keys to disk
[dc1_node2] Internal PUT (replication): key='item:1864'
[dc1_node2] Stored NEW key='item:1864', value='value_1864_update_client21_op859', clock={dc2_node17:1}
[dc1_node2] Saved 95 keys to disk
[dc1_node2] Client PUT: key='item:2056', value='value_2056_client7_op886'
[dc1_node2] Preference list for 'item:2056': ['localhost:50098', 'localhost:50151', 'localhost:50139']
[dc1_node2] Coordinator NOT in preference list, forwarding only
[dc1_node2] Internal PUT (replication): key='item:3815'
[dc1_node2] CONFLICT detected for key='item:3815', siblings=4
[dc1_node2] Saved 95 keys to disk
[dc1_node2] Replicated to localhost:50098
[dc1_node2] Replicated to localhost:50151
[dc1_node2] Replicated to localhost:50139
[dc1_node2] W-quorum achieved (2 writes), returning to client
[dc1_node2] Background replication continues for remaining nodes
[dc1_node2] Successful writes: 3/3
[dc1_node2] Internal PUT (replication): key='item:3815'
[dc1_node2] CONFLICT detected for key='item:3815', siblings=5
[dc1_node2] Saved 95 keys to disk
[dc1_node2] Internal PUT (replication): key='item:0998'
[dc1_node2] CONFLICT detected for key='item:0998', siblings=5
[dc1_node2] Saved 95 keys to disk
[dc1_node2] Retrieved key='item:1739', versions=5
[dc1_node2] Client PUT: key='item:2566', value='value_2566_update_client35_op850'
[dc1_node2] Preference list for 'item:2566': ['localhost:50175', 'localhost:50170', 'localhost:50129']
[dc1_node2] Coordinator NOT in preference list, forwarding only
[dc1_node2] Replicated to localhost:50170
[dc1_node2] Replicated to localhost:50129
[dc1_node2] W-quorum achieved (2 writes), returning to client
[dc1_node2] Background replication continues for remaining nodes
[dc1_node2] Successful writes: 2/3
[dc1_node2] Replicated to localhost:50175
[dc1_node2] Internal PUT (replication): key='item:1873'
[dc1_node2] CONFLICT detected for key='item:1873', siblings=7
[dc1_node2] Saved 95 keys to disk
[dc1_node2] Internal PUT (replication): key='item:0408'
[dc1_node2] CONFLICT detected for key='item:0408', siblings=8
[dc1_node2] Internal PUT (replication): key='item:2994'
[dc1_node2] Saved 95 keys to disk
[dc1_node2] CONFLICT detected for key='item:2994', siblings=6
[dc1_node2] Saved 95 keys to disk
[dc1_node2] Internal PUT (replication): key='item:0299'
[dc1_node2] CONFLICT detected for key='item:0299', siblings=14
[dc1_node2] Saved 95 keys to disk
[dc1_node2] Retrieved key='item:0299', versions=14
[dc1_node2] Internal PUT (replication): key='item:2464'
[dc1_node2] CONFLICT detected for key='item:2464', siblings=5
[dc1_node2] Saved 95 keys to disk
[dc1_node2] Internal PUT (replication): key='item:2611'
[dc1_node2] CONFLICT detected for key='item:2611', siblings=9
[dc1_node2] Internal PUT (replication): key='item:2986'
[dc1_node2] Client GET: key='item:3399'
[dc1_node2] Reading from preference list: ['localhost:50057', 'localhost:50100']
[dc1_node2] Internal PUT (replication): key='item:3866'
[dc1_node2] Saved 95 keys to disk
[dc1_node2] CONFLICT detected for key='item:2986', siblings=6
[dc1_node2] Saved 95 keys to disk
[dc1_node2] Key='item:3399' not found
[dc1_node2] CONFLICT detected for key='item:3866', siblings=11
[dc1_node2] Saved 95 keys to disk
[dc1_node2] Internal PUT (replication): key='item:0738'
[dc1_node2] CONFLICT detected for key='item:0738', siblings=6
[dc1_node2] CONFLICT: 18 sibling versions for 'item:3399'
[dc1_node2] Saved 95 keys to disk
[dc1_node2] Internal PUT (replication): key='item:1857'
[dc1_node2] CONFLICT detected for key='item:1857', siblings=14
[dc1_node2] Saved 95 keys to disk
[dc1_node2] Client PUT: key='item:1664', value='value_1664_client39_op899'
[dc1_node2] Preference list for 'item:1664': ['localhost:50067', 'localhost:50161', 'localhost:50115']
[dc1_node2] Coordinator NOT in preference list, forwarding only
[dc1_node2] Replicated to localhost:50161
[dc1_node2] Internal PUT (replication): key='item:3950'
[dc1_node2] CONFLICT detected for key='item:3950', siblings=6
[dc1_node2] Replicated to localhost:50115
[dc1_node2] W-quorum achieved (2 writes), returning to client
[dc1_node2] Background replication continues for remaining nodes
[dc1_node2] Successful writes: 2/3
[dc1_node2] Saved 95 keys to disk
[dc1_node2] Replicated to localhost:50067
[dc1_node2] Client PUT: key='item:1441', value='value_1441_update_client40_op887'
[dc1_node2] Preference list for 'item:1441': ['localhost:50127', 'localhost:50143', 'localhost:50176']
[dc1_node2] Coordinator NOT in preference list, forwarding only
[dc1_node2] Replicated to localhost:50143
[dc1_node2] Replicated to localhost:50176
[dc1_node2] Replicated to localhost:50127
[dc1_node2] W-quorum achieved (2 writes), returning to client
[dc1_node2] Background replication continues for remaining nodes
[dc1_node2] Successful writes: 3/3
[dc1_node2] Internal PUT (replication): key='item:4636'
[dc1_node2] CONFLICT detected for key='item:4636', siblings=10
[dc1_node2] Saved 95 keys to disk
[dc1_node2] Internal PUT (replication): key='item:4056'
[dc1_node2] CONFLICT detected for key='item:4056', siblings=5
[dc1_node2] Saved 95 keys to disk
[dc1_node2] Internal PUT (replication): key='item:3351'
[dc1_node2] CONFLICT detected for key='item:3351', siblings=8
[dc1_node2] Saved 95 keys to disk
[dc1_node2] Internal PUT (replication): key='item:2653'
[dc1_node2] CONFLICT detected for key='item:2653', siblings=4
[dc1_node2] Saved 95 keys to disk
[dc1_node2] Client GET: key='item:0561'
[dc1_node2] Reading from preference list: ['localhost:50105', 'localhost:50233']
[dc1_node2] Key='item:0561' not found
[dc1_node2] CONFLICT: 12 sibling versions for 'item:0561'
[dc1_node2] Retrieved key='item:2431', versions=9
[dc1_node2] Retrieved key='item:3866', versions=11
[dc1_node2] Internal PUT (replication): key='item:0615'
[dc1_node2] CONFLICT detected for key='item:0615', siblings=11
[dc1_node2] Saved 95 keys to disk
[dc1_node2] Retrieved key='item:2653', versions=4
[dc1_node2] Internal PUT (replication): key='item:0015'
[dc1_node2] CONFLICT detected for key='item:0015', siblings=9
[dc1_node2] Saved 95 keys to disk
[dc1_node2] Internal PUT (replication): key='item:3923'
[dc1_node2] CONFLICT detected for key='item:3923', siblings=9
[dc1_node2] Saved 95 keys to disk
[dc1_node2] Client PUT: key='item:1684', value='value_1684_client32_op906'
[dc1_node2] Preference list for 'item:1684': ['localhost:50122', 'localhost:50224', 'localhost:50081']
[dc1_node2] Coordinator NOT in preference list, forwarding only
[dc1_node2] Replicated to localhost:50224
[dc1_node2] Retrieved key='item:3563', versions=6
[dc1_node2] Replicated to localhost:50122
[dc1_node2] W-quorum achieved (2 writes), returning to client
[dc1_node2] Background replication continues for remaining nodes
[dc1_node2] Successful writes: 2/3
[dc1_node2] Replicated to localhost:50081
[dc1_node2] Internal PUT (replication): key='item:0525'
[dc1_node2] CONFLICT detected for key='item:0525', siblings=6
[dc1_node2] Saved 95 keys to disk
[dc1_node2] Client PUT: key='item:1511', value='value_1511_update_client7_op916'
[dc1_node2] Preference list for 'item:1511': ['localhost:50075', 'localhost:50097', 'localhost:50249']
[dc1_node2] Coordinator NOT in preference list, forwarding only
[dc1_node2] Replicated to localhost:50097
[dc1_node2] Replicated to localhost:50249
[dc1_node2] W-quorum achieved (2 writes), returning to client
[dc1_node2] Background replication continues for remaining nodes
[dc1_node2] Successful writes: 2/3
[dc1_node2] Replicated to localhost:50075
[dc1_node2] Internal PUT (replication): key='item:1661'
[dc1_node2] CONFLICT detected for key='item:1661', siblings=10
[dc1_node2] Saved 95 keys to disk
[dc1_node2] Internal PUT (replication): key='item:3260'
[dc1_node2] CONFLICT detected for key='item:3260', siblings=6
[dc1_node2] Saved 95 keys to disk
[dc1_node2] Retrieved key='item:3418', versions=8
[dc1_node2] Client GET: key='item:1933'
[dc1_node2] Reading from preference list: ['localhost:50121', 'localhost:50058']
[dc1_node2] Key='item:1933' not found
[dc1_node2] CONFLICT: 20 sibling versions for 'item:1933'
[dc1_node2] Internal PUT (replication): key='item:3815'
[dc1_node2] CONFLICT detected for key='item:3815', siblings=6
[dc1_node2] Internal PUT (replication): key='item:2473'
[dc1_node2] Internal PUT (replication): key='item:1641'
[dc1_node2] Saved 95 keys to disk
[dc1_node2] CONFLICT detected for key='item:2473', siblings=9
[dc1_node2] Internal PUT (replication): key='item:3521'
[dc1_node2] Saved 95 keys to disk
[dc1_node2] CONFLICT detected for key='item:1641', siblings=6
[dc1_node2] Saved 95 keys to disk
[dc1_node2] CONFLICT detected for key='item:3521', siblings=6
[dc1_node2] Saved 95 keys to disk
[dc1_node2] Client PUT: key='item:1212', value='value_1212_client44_op904'
[dc1_node2] Preference list for 'item:1212': ['localhost:50079', 'localhost:50241', 'localhost:50185']
[dc1_node2] Coordinator NOT in preference list, forwarding only
[dc1_node2] Replicated to localhost:50185
[dc1_node2] Replicated to localhost:50241
[dc1_node2] W-quorum achieved (2 writes), returning to client
[dc1_node2] Background replication continues for remaining nodes
[dc1_node2] Successful writes: 2/3
[dc1_node2] Replicated to localhost:50079
[dc1_node2] Internal PUT (replication): key='item:4629'
[dc1_node2] CONFLICT detected for key='item:4629', siblings=6
[dc1_node2] Internal PUT (replication): key='item:3102'
[dc1_node2] Internal PUT (replication): key='item:2440'
[dc1_node2] Saved 95 keys to disk
[dc1_node2] CONFLICT detected for key='item:3102', siblings=4
[dc1_node2] Saved 95 keys to disk
[dc1_node2] CONFLICT detected for key='item:2440', siblings=11
[dc1_node2] Saved 95 keys to disk
[dc1_node2] Internal PUT (replication): key='item:3195'
[dc1_node2] CONFLICT detected for key='item:3195', siblings=6
[dc1_node2] Saved 95 keys to disk
[dc1_node2] Client PUT: key='item:2143', value='value_2143_update_client20_op910'
[dc1_node2] Preference list for 'item:2143': ['localhost:50104', 'localhost:50162', 'localhost:50114']
[dc1_node2] Coordinator NOT in preference list, forwarding only
[dc1_node2] Replicated to localhost:50104
[dc1_node2] Internal PUT (replication): key='item:0548'
[dc1_node2] CONFLICT detected for key='item:0548', siblings=9
[dc1_node2] Replicated to localhost:50114
[dc1_node2] Internal PUT (replication): key='item:3854'
[dc1_node2] W-quorum achieved (2 writes), returning to client
[dc1_node2] Background replication continues for remaining nodes
[dc1_node2] Successful writes: 2/3
[dc1_node2] Saved 95 keys to disk
[dc1_node2] CONFLICT detected for key='item:3854', siblings=8
[dc1_node2] Replicated to localhost:50162
[dc1_node2] Saved 95 keys to disk
[dc1_node2] Internal PUT (replication): key='item:3351'
[dc1_node2] CONFLICT detected for key='item:3351', siblings=9
[dc1_node2] Saved 95 keys to disk
[dc1_node2] Retrieved key='item:2247', versions=5
[dc1_node2] Internal PUT (replication): key='item:2805'
[dc1_node2] CONFLICT detected for key='item:2805', siblings=8
[dc1_node2] Saved 95 keys to disk
[dc1_node2] Internal PUT (replication): key='item:2247'
[dc1_node2] CONFLICT detected for key='item:2247', siblings=6
[dc1_node2] Saved 95 keys to disk
[dc1_node2] Client PUT: key='item:3497', value='value_3497_client35_op904'
[dc1_node2] Preference list for 'item:3497': ['localhost:50071', 'localhost:50068', 'localhost:50096']
[dc1_node2] Coordinator NOT in preference list, forwarding only
[dc1_node2] Replicated to localhost:50068
[dc1_node2] Replicated to localhost:50096
[dc1_node2] Replicated to localhost:50071
[dc1_node2] W-quorum achieved (2 writes), returning to client
[dc1_node2] Background replication continues for remaining nodes
[dc1_node2] Successful writes: 3/3
[dc1_node2] Client PUT: key='item:4401', value='value_4401_update_client24_op922'
[dc1_node2] Preference list for 'item:4401': ['localhost:50088', 'localhost:50118', 'localhost:50057']
[dc1_node2] Coordinator NOT in preference list, forwarding only
[dc1_node2] Client GET: key='item:4363'
[dc1_node2] Reading from preference list: ['localhost:50188', 'localhost:50124']
[dc1_node2] Key='item:4363' not found
[dc1_node2] Replicated to localhost:50057
[dc1_node2] CONFLICT: 6 sibling versions for 'item:4363'
[dc1_node2] Client PUT: key='item:3595', value='value_3595_update_client40_op920'
[dc1_node2] Preference list for 'item:3595': ['localhost:50130', 'localhost:50245', 'localhost:50203']
[dc1_node2] Coordinator NOT in preference list, forwarding only
[dc1_node2] Replicated to localhost:50088
[dc1_node2] W-quorum achieved (2 writes), returning to client
[dc1_node2] Background replication continues for remaining nodes
[dc1_node2] Successful writes: 2/3
[dc1_node2] Replicated to localhost:50245
[dc1_node2] Replicated to localhost:50118
[dc1_node2] Replicated to localhost:50130
[dc1_node2] W-quorum achieved (2 writes), returning to client
[dc1_node2] Background replication continues for remaining nodes
[dc1_node2] Successful writes: 2/3
[dc1_node2] Replicated to localhost:50203
[dc1_node2] Retrieved key='item:1873', versions=7
[dc1_node2] Retrieved key='item:1873', versions=7
[dc1_node2] Retrieved key='item:2464', versions=5
[dc1_node2] Internal PUT (replication): key='item:0015'
[dc1_node2] CONFLICT detected for key='item:0015', siblings=10
[dc1_node2] Saved 95 keys to disk
[dc1_node2] Retrieved key='item:2473', versions=9
[dc1_node2] Client PUT: key='item:3810', value='value_3810_update_client14_op890'
[dc1_node2] Preference list for 'item:3810': ['localhost:50071', 'localhost:50095', 'localhost:50054']
[dc1_node2] Coordinator NOT in preference list, forwarding only
[dc1_node2] Replicated to localhost:50071
[dc1_node2] Replicated to localhost:50095
[dc1_node2] W-quorum achieved (2 writes), returning to client
[dc1_node2] Background replication continues for remaining nodes
[dc1_node2] Successful writes: 2/3
[dc1_node2] Client PUT: key='item:2216', value='value_2216_update_client15_op914'
[dc1_node2] Preference list for 'item:2216': ['localhost:50109', 'localhost:50153', 'localhost:50222']
[dc1_node2] Coordinator NOT in preference list, forwarding only
[dc1_node2] Replicated to localhost:50222
[dc1_node2] Replicated to localhost:50109
[dc1_node2] W-quorum achieved (2 writes), returning to client
[dc1_node2] Background replication continues for remaining nodes
[dc1_node2] Successful writes: 2/3
[dc1_node2] Replicated to localhost:50153
[dc1_node2] Client GET: key='item:1033'
[dc1_node2] Reading from preference list: ['localhost:50052', 'localhost:50137']
[dc1_node2] Retrieved key='item:1033', versions=7
[dc1_node2] Internal PUT (replication): key='item:4640'
[dc1_node2] CONFLICT detected for key='item:4640', siblings=6
[dc1_node2] Saved 95 keys to disk
[dc1_node2] CONFLICT: 14 sibling versions for 'item:1033'
[dc1_node2] Replicated to localhost:50054
[dc1_node2] Client PUT: key='item:4678', value='value_4678_update_client11_op909'
[dc1_node2] Preference list for 'item:4678': ['localhost:50184', 'localhost:50063', 'localhost:50095']
[dc1_node2] Coordinator NOT in preference list, forwarding only
[dc1_node2] Replicated to localhost:50184
[dc1_node2] Internal PUT (replication): key='item:3866'
[dc1_node2] CONFLICT detected for key='item:3866', siblings=12
[dc1_node2] Replicated to localhost:50095
[dc1_node2] Replicated to localhost:50063
[dc1_node2] Saved 95 keys to disk
[dc1_node2] Retrieved key='item:4056', versions=5
[dc1_node2] W-quorum achieved (2 writes), returning to client
[dc1_node2] Background replication continues for remaining nodes
[dc1_node2] Successful writes: 3/3
[dc1_node2] Internal PUT (replication): key='item:1965'
[dc1_node2] CONFLICT detected for key='item:1965', siblings=7
[dc1_node2] Saved 95 keys to disk
[dc1_node2] Retrieved key='item:2482', versions=4
[dc1_node2] Client GET: key='item:0733'
[dc1_node2] Reading from preference list: ['localhost:50141', 'localhost:50178']
[dc1_node2] Key='item:0733' not found
[dc1_node2] CONFLICT: 6 sibling versions for 'item:0733'
[dc1_node2] Internal PUT (replication): key='item:2489'
[dc1_node2] CONFLICT detected for key='item:2489', siblings=8
[dc1_node2] Saved 95 keys to disk
[dc1_node2] Internal PUT (replication): key='item:2320'
[dc1_node2] CONFLICT detected for key='item:2320', siblings=8
[dc1_node2] Saved 95 keys to disk
[dc1_node2] Internal PUT (replication): key='item:2805'
[dc1_node2] CONFLICT detected for key='item:2805', siblings=9
[dc1_node2] Client PUT: key='item:3893', value='value_3893_update_client0_op927'
[dc1_node2] Preference list for 'item:3893': ['localhost:50152', 'localhost:50132', 'localhost:50209']
[dc1_node2] Coordinator NOT in preference list, forwarding only
[dc1_node2] Saved 95 keys to disk
[dc1_node2] Client GET: key='item:2411'
[dc1_node2] Reading from preference list: ['localhost:50087', 'localhost:50243']
[dc1_node2] Key='item:2411' not found
[dc1_node2] CONFLICT: 17 sibling versions for 'item:2411'
[dc1_node2] Internal PUT (replication): key='item:2247'
[dc1_node2] CONFLICT detected for key='item:2247', siblings=7
[dc1_node2] Replicated to localhost:50132
[dc1_node2] Replicated to localhost:50152
[dc1_node2] Replicated to localhost:50209
[dc1_node2] Saved 95 keys to disk
[dc1_node2] Retrieved key='item:4570', versions=7
[dc1_node2] W-quorum achieved (2 writes), returning to client
[dc1_node2] Background replication continues for remaining nodes
[dc1_node2] Successful writes: 3/3
[dc1_node2] Internal PUT (replication): key='item:3854'
[dc1_node2] CONFLICT detected for key='item:3854', siblings=9
[dc1_node2] Client PUT: key='item:0986', value='value_986_client8_op937'
[dc1_node2] Preference list for 'item:0986': ['localhost:50204', 'localhost:50101', 'localhost:50055']
[dc1_node2] Coordinator NOT in preference list, forwarding only
[dc1_node2] Internal PUT (replication): key='item:2466'
[dc1_node2] Replicated to localhost:50055
[dc1_node2] Replicated to localhost:50204
[dc1_node2] Saved 95 keys to disk
[dc1_node2] CONFLICT detected for key='item:2466', siblings=14
[dc1_node2] W-quorum achieved (2 writes), returning to client
[dc1_node2] Background replication continues for remaining nodes
[dc1_node2] Successful writes: 2/3
[dc1_node2] Internal PUT (replication): key='item:2653'
[dc1_node2] Replicated to localhost:50101
[dc1_node2] Saved 95 keys to disk
[dc1_node2] CONFLICT detected for key='item:2653', siblings=5
[dc1_node2] Saved 95 keys to disk
[dc1_node2] Retrieved key='item:2805', versions=9
[dc1_node2] Internal PUT (replication): key='item:3984'
[dc1_node2] Updated key='item:3984', value='value_3984_client16_op956', clock={dc2_node12:1}
[dc1_node2] Saved 95 keys to disk
[dc1_node2] Internal PUT (replication): key='item:3521'
[dc1_node2] CONFLICT detected for key='item:3521', siblings=7
[dc1_node2] Saved 95 keys to disk
[dc1_node2] Internal PUT (replication): key='item:1252'
[dc1_node2] CONFLICT detected for key='item:1252', siblings=5
[dc1_node2] Saved 95 keys to disk
[dc1_node2] Internal PUT (replication): key='item:1252'
[dc1_node2] CONFLICT detected for key='item:1252', siblings=6
[dc1_node2] Saved 95 keys to disk
[dc1_node2] Internal PUT (replication): key='item:4865'
[dc1_node2] CONFLICT detected for key='item:4865', siblings=5
[dc1_node2] Saved 95 keys to disk
[dc1_node2] Client GET: key='item:4349'
[dc1_node2] Reading from preference list: ['localhost:50178', 'localhost:50053']
[dc1_node2] Key='item:4349' not found
[dc1_node2] CONFLICT: 17 sibling versions for 'item:4349'
[dc1_node2] Client GET: key='item:0924'
[dc1_node2] Reading from preference list: ['localhost:50123', 'localhost:50156']
[dc1_node2] Key='item:0924' not found
[dc1_node2] CONFLICT: 22 sibling versions for 'item:0924'
[dc1_node2] Retrieved key='item:4196', versions=7
[dc1_node2] Retrieved key='item:1661', versions=10
[dc1_node2] Client PUT: key='item:4716', value='value_4716_update_client23_op943'
[dc1_node2] Preference list for 'item:4716': ['localhost:50217', 'localhost:50201', 'localhost:50151']
[dc1_node2] Coordinator NOT in preference list, forwarding only
[dc1_node2] Replicated to localhost:50217
[dc1_node2] Internal PUT (replication): key='item:0020'
[dc1_node2] CONFLICT detected for key='item:0020', siblings=12
[dc1_node2] Replicated to localhost:50201
[dc1_node2] Replicated to localhost:50151
[dc1_node2] W-quorum achieved (2 writes), returning to client
[dc1_node2] Background replication continues for remaining nodes
[dc1_node2] Successful writes: 3/3
[dc1_node2] Internal PUT (replication): key='item:3938'
[dc1_node2] Internal PUT (replication): key='item:4629'
[dc1_node2] Internal PUT (replication): key='item:3776'
[dc1_node2] Saved 95 keys to disk
[dc1_node2] CONFLICT detected for key='item:3938', siblings=7
[dc1_node2] Saved 95 keys to disk
[dc1_node2] CONFLICT detected for key='item:4629', siblings=7
[dc1_node2] Saved 95 keys to disk
[dc1_node2] CONFLICT detected for key='item:3776', siblings=9
[dc1_node2] Saved 95 keys to disk
[dc1_node2] Retrieved key='item:4865', versions=5
[dc1_node2] Internal PUT (replication): key='item:0738'
[dc1_node2] CONFLICT detected for key='item:0738', siblings=7
[dc1_node2] Saved 95 keys to disk
[dc1_node2] Retrieved key='item:1857', versions=14
[dc1_node2] Retrieved key='item:3551', versions=5
[dc1_node2] Client GET: key='item:4693'
[dc1_node2] Reading from preference list: ['localhost:50152', 'localhost:50085']
[dc1_node2] Key='item:4693' not found
[dc1_node2] CONFLICT: 10 sibling versions for 'item:4693'
[dc1_node2] Internal PUT (replication): key='item:0020'
[dc1_node2] CONFLICT detected for key='item:0020', siblings=13
[dc1_node2] Saved 95 keys to disk
[dc1_node2] Internal PUT (replication): key='item:4056'
[dc1_node2] CONFLICT detected for key='item:4056', siblings=6
[dc1_node2] Saved 95 keys to disk
[dc1_node2] Internal PUT (replication): key='item:0844'
[dc1_node2] CONFLICT detected for key='item:0844', siblings=8
[dc1_node2] Saved 95 keys to disk
[dc1_node2] Internal PUT (replication): key='item:2431'
[dc1_node2] CONFLICT detected for key='item:2431', siblings=10
[dc1_node2] Saved 95 keys to disk
[dc1_node2] Internal PUT (replication): key='item:0015'
[dc1_node2] CONFLICT detected for key='item:0015', siblings=11
[dc1_node2] Internal PUT (replication): key='item:4196'
[dc1_node2] Saved 95 keys to disk
[dc1_node2] CONFLICT detected for key='item:4196', siblings=8
[dc1_node2] Saved 95 keys to disk
[dc1_node2] Internal PUT (replication): key='item:3991'
[dc1_node2] CONFLICT detected for key='item:3991', siblings=7
[dc1_node2] Saved 95 keys to disk
[dc1_node2] Internal PUT (replication): key='item:1739'
[dc1_node2] CONFLICT detected for key='item:1739', siblings=6
[dc1_node2] Saved 95 keys to disk
[dc1_node2] Internal PUT (replication): key='item:1011'
[dc1_node2] CONFLICT detected for key='item:1011', siblings=8
[dc1_node2] Saved 95 keys to disk
[dc1_node2] Internal PUT (replication): key='item:4056'
[dc1_node2] CONFLICT detected for key='item:4056', siblings=7
[dc1_node2] Internal PUT (replication): key='item:4056'
[dc1_node2] Client PUT: key='item:2330', value='value_2330_update_client45_op973'
[dc1_node2] Preference list for 'item:2330': ['localhost:50074', 'localhost:50184', 'localhost:50100']
[dc1_node2] Coordinator NOT in preference list, forwarding only
[dc1_node2] Client PUT: key='item:1109', value='value_1109_update_client5_op1002'
[dc1_node2] Preference list for 'item:1109': ['localhost:50134', 'localhost:50106', 'localhost:50061']
[dc1_node2] Coordinator NOT in preference list, forwarding only
[dc1_node2] Saved 95 keys to disk
[dc1_node2] CONFLICT detected for key='item:4056', siblings=8
[dc1_node2] Replicated to localhost:50074
[dc1_node2] Replicated to localhost:50184
[dc1_node2] Replicated to localhost:50100
[dc1_node2] W-quorum achieved (2 writes), returning to client
[dc1_node2] Background replication continues for remaining nodes
[dc1_node2] Successful writes: 3/3
[dc1_node2] Client PUT: key='item:0658', value='value_658_client49_op984'
[dc1_node2] Preference list for 'item:0658': ['localhost:50062', 'localhost:50157', 'localhost:50108']
[dc1_node2] Coordinator NOT in preference list, forwarding only
[dc1_node2] Replicated to localhost:50134
[dc1_node2] Replicated to localhost:50108
[dc1_node2] Replicated to localhost:50106
[dc1_node2] Saved 95 keys to disk
[dc1_node2] W-quorum achieved (2 writes), returning to client
[dc1_node2] Background replication continues for remaining nodes
[dc1_node2] Successful writes: 2/3
[dc1_node2] Replicated to localhost:50061
[dc1_node2] Replicated to localhost:50157
[dc1_node2] W-quorum achieved (2 writes), returning to client
[dc1_node2] Background replication continues for remaining nodes
[dc1_node2] Successful writes: 2/3
[dc1_node2] Replicated to localhost:50062
[dc1_node2] Retrieved key='item:1033', versions=7
[dc1_node2] Internal PUT (replication): key='item:1252'
[dc1_node2] CONFLICT detected for key='item:1252', siblings=7
[dc1_node2] Saved 95 keys to disk
[dc1_node2] Internal PUT (replication): key='item:0525'
[dc1_node2] CONFLICT detected for key='item:0525', siblings=6
[dc1_node2] Saved 95 keys to disk
[dc1_node2] Retrieved key='item:0408', versions=8
[dc1_node2] Retrieved key='item:2942', versions=7
[dc1_node2] Client GET: key='item:3095'
[dc1_node2] Reading from preference list: ['localhost:50217', 'localhost:50156']
[dc1_node2] Key='item:3095' not found
[dc1_node2] CONFLICT: 6 sibling versions for 'item:3095'
[dc1_node2] Client GET: key='item:2024'
[dc1_node2] Reading from preference list: ['localhost:50136', 'localhost:50242']
[dc1_node2] Key='item:2024' not found
[dc1_node2] CONFLICT: 14 sibling versions for 'item:2024'
[dc1_node2] Internal PUT (replication): key='item:3563'
[dc1_node2] CONFLICT detected for key='item:3563', siblings=7
[dc1_node2] Saved 95 keys to disk
[dc1_node2] Retrieved key='item:3950', versions=6
[dc1_node2] Internal PUT (replication): key='item:1661'
[dc1_node2] CONFLICT detected for key='item:1661', siblings=11
[dc1_node2] Client GET: key='item:4609'
[dc1_node2] Reading from preference list: ['localhost:50080', 'localhost:50100']
[dc1_node2] Client GET: key='item:3183'
[dc1_node2] Reading from preference list: ['localhost:50238', 'localhost:50142']
[dc1_node2] Saved 95 keys to disk
[dc1_node2] Key='item:4609' not found
[dc1_node2] Key='item:3183' not found
[dc1_node2] CONFLICT: 14 sibling versions for 'item:4609'
[dc1_node2] CONFLICT: 24 sibling versions for 'item:3183'
[dc1_node2] Internal PUT (replication): key='item:2489'
[dc1_node2] CONFLICT detected for key='item:2489', siblings=9
[dc1_node2] Client GET: key='item:3214'
[dc1_node2] Reading from preference list: ['localhost:50162', 'localhost:50236']
[dc1_node2] Internal PUT (replication): key='item:3829'
[dc1_node2] Client PUT: key='item:1806', value='value_1806_client4_op1011'
[dc1_node2] Preference list for 'item:1806': ['localhost:50178', 'localhost:50161', 'localhost:50209']
[dc1_node2] Coordinator NOT in preference list, forwarding only
[dc1_node2] Internal PUT (replication): key='item:0998'
[dc1_node2] Saved 95 keys to disk
[dc1_node2] Key='item:3214' not found
[dc1_node2] Replicated to localhost:50178
[dc1_node2] CONFLICT detected for key='item:3829', siblings=14
[dc1_node2] Replicated to localhost:50209
[dc1_node2] CONFLICT: 23 sibling versions for 'item:3214'
[dc1_node2] W-quorum achieved (2 writes), returning to client
[dc1_node2] Background replication continues for remaining nodes
[dc1_node2] Successful writes: 2/3
[dc1_node2] Saved 95 keys to disk
[dc1_node2] CONFLICT detected for key='item:0998', siblings=6
[dc1_node2] Replicated to localhost:50161
[dc1_node2] Saved 95 keys to disk
[dc1_node2] Internal PUT (replication): key='item:3776'
[dc1_node2] CONFLICT detected for key='item:3776', siblings=10
[dc1_node2] Saved 95 keys to disk
[dc1_node2] Internal PUT (replication): key='item:2805'
[dc1_node2] CONFLICT detected for key='item:2805', siblings=10
[dc1_node2] Saved 95 keys to disk
[dc1_node2] Internal PUT (replication): key='item:2320'
[dc1_node2] CONFLICT detected for key='item:2320', siblings=9
[dc1_node2] Saved 95 keys to disk
[dc1_node2] Internal PUT (replication): key='item:3068'
[dc1_node2] CONFLICT detected for key='item:3068', siblings=12
[dc1_node2] Saved 95 keys to disk
[dc1_node2] Client PUT: key='item:2040', value='value_2040_update_client7_op1037'
[dc1_node2] Preference list for 'item:2040': ['localhost:50249', 'localhost:50141', 'localhost:50160']
[dc1_node2] Coordinator NOT in preference list, forwarding only
[dc1_node2] Internal PUT (replication): key='item:0615'
[dc1_node2] CONFLICT detected for key='item:0615', siblings=12
[dc1_node2] Internal PUT (replication): key='item:2247'
[dc1_node2] Internal PUT (replication): key='item:2489'
[dc1_node2] Internal PUT (replication): key='item:1676'
[dc1_node2] Internal PUT (replication): key='item:2320'
[dc1_node2] Replicated to localhost:50160
[dc1_node2] Saved 95 keys to disk
[dc1_node2] CONFLICT detected for key='item:2247', siblings=8
[dc1_node2] Internal PUT (replication): key='item:3776'
[dc1_node2] Replicated to localhost:50249
[dc1_node2] W-quorum achieved (2 writes), returning to client
[dc1_node2] Background replication continues for remaining nodes
[dc1_node2] Successful writes: 2/3
[dc1_node2] Replicated to localhost:50141
[dc1_node2] Internal PUT (replication): key='item:1834'
[dc1_node2] Internal PUT (replication): key='item:4640'
[dc1_node2] Internal PUT (replication): key='item:3551'
[dc1_node2] Saved 95 keys to disk
[dc1_node2] CONFLICT detected for key='item:2489', siblings=10
[dc1_node2] Saved 95 keys to disk
[dc1_node2] Retrieved key='item:0525', versions=6
[dc1_node2] CONFLICT detected for key='item:1676', siblings=10
[dc1_node2] Saved 95 keys to disk
[dc1_node2] CONFLICT detected for key='item:2320', siblings=10
[dc1_node2] Saved 95 keys to disk
[dc1_node2] CONFLICT detected for key='item:3776', siblings=11
[dc1_node2] Saved 95 keys to disk
[dc1_node2] CONFLICT detected for key='item:1834', siblings=11
[dc1_node2] Saved 95 keys to disk
[dc1_node2] CONFLICT detected for key='item:4640', siblings=7
[dc1_node2] Saved 95 keys to disk
[dc1_node2] CONFLICT detected for key='item:3551', siblings=6
[dc1_node2] Client PUT: key='item:0946', value='value_946_client13_op1037'
[dc1_node2] Preference list for 'item:0946': ['localhost:50161', 'localhost:50249', 'localhost:50220']
[dc1_node2] Coordinator NOT in preference list, forwarding only
[dc1_node2] Replicated to localhost:50161
[dc1_node2] Replicated to localhost:50249
[dc1_node2] W-quorum achieved (2 writes), returning to client
[dc1_node2] Background replication continues for remaining nodes
[dc1_node2] Successful writes: 2/3
[dc1_node2] Replicated to localhost:50220
[dc1_node2] Saved 95 keys to disk
[dc1_node2] Internal PUT (replication): key='item:2879'
[dc1_node2] CONFLICT detected for key='item:2879', siblings=2
[dc1_node2] Client PUT: key='item:4772', value='value_4772_update_client16_op1035'
[dc1_node2] Preference list for 'item:4772': ['localhost:50121', 'localhost:50173', 'localhost:50131']
[dc1_node2] Coordinator NOT in preference list, forwarding only
[dc1_node2] Saved 95 keys to disk
[dc1_node2] Replicated to localhost:50131
[dc1_node2] Replicated to localhost:50121
[dc1_node2] W-quorum achieved (2 writes), returning to client
[dc1_node2] Background replication continues for remaining nodes
[dc1_node2] Successful writes: 2/3
[dc1_node2] Retrieved key='item:3260', versions=6
[dc1_node2] Replicated to localhost:50173
[dc1_node2] Internal PUT (replication): key='item:1641'
[dc1_node2] CONFLICT detected for key='item:1641', siblings=7
[dc1_node2] Saved 95 keys to disk
[dc1_node2] Internal PUT (replication): key='item:4196'
[dc1_node2] CONFLICT detected for key='item:4196', siblings=9
[dc1_node2] Internal PUT (replication): key='item:2473'
[dc1_node2] Client GET: key='item:1925'
[dc1_node2] Reading from preference list: ['localhost:50222', 'localhost:50195']
[dc1_node2] Saved 95 keys to disk
[dc1_node2] CONFLICT detected for key='item:2473', siblings=10
[dc1_node2] Client PUT: key='item:1772', value='value_1772_client33_op1008'
[dc1_node2] Preference list for 'item:1772': ['localhost:50138', 'localhost:50063', 'localhost:50209']
[dc1_node2] Coordinator NOT in preference list, forwarding only
[dc1_node2] Saved 95 keys to disk
[dc1_node2] Key='item:1925' not found
[dc1_node2] Replicated to localhost:50209
[dc1_node2] Replicated to localhost:50138
[dc1_node2] W-quorum achieved (2 writes), returning to client
[dc1_node2] Background replication continues for remaining nodes
[dc1_node2] Successful writes: 2/3
[dc1_node2] CONFLICT: 13 sibling versions for 'item:1925'
[dc1_node2] Internal PUT (replication): key='item:3551'
[dc1_node2] CONFLICT detected for key='item:3551', siblings=7
[dc1_node2] Saved 95 keys to disk
[dc1_node2] Retrieved key='item:4397', versions=4
[dc1_node2] Internal PUT (replication): key='item:0693'
[dc1_node2] CONFLICT detected for key='item:0693', siblings=6
[dc1_node2] Replicated to localhost:50063
[dc1_node2] Saved 95 keys to disk
[dc1_node2] Internal PUT (replication): key='item:0299'
[dc1_node2] CONFLICT detected for key='item:0299', siblings=15
[dc1_node2] Client GET: key='item:3217'
[dc1_node2] Reading from preference list: ['localhost:50203', 'localhost:50103']
[dc1_node2] Saved 95 keys to disk
[dc1_node2] Key='item:3217' not found
[dc1_node2] Internal PUT (replication): key='item:4397'
[dc1_node2] CONFLICT detected for key='item:4397', siblings=5
[dc1_node2] Client PUT: key='item:3647', value='value_3647_update_client8_op1034'
[dc1_node2] Preference list for 'item:3647': ['localhost:50071', 'localhost:50163', 'localhost:50125']
[dc1_node2] Coordinator NOT in preference list, forwarding only
[dc1_node2] Internal PUT (replication): key='item:2805'
[dc1_node2] Internal PUT (replication): key='item:0998'
[dc1_node2] Client PUT: key='item:2607', value='value_2607_update_client45_op1014'
[dc1_node2] Preference list for 'item:2607': ['localhost:50245', 'localhost:50091', 'localhost:50113']
[dc1_node2] Coordinator NOT in preference list, forwarding only
[dc1_node2] Replicated to localhost:50163
[dc1_node2] Replicated to localhost:50245
[dc1_node2] Replicated to localhost:50091
[dc1_node2] W-quorum achieved (2 writes), returning to client
[dc1_node2] Background replication continues for remaining nodes
[dc1_node2] Successful writes: 2/3
[dc1_node2] Saved 95 keys to disk
[dc1_node2] CONFLICT detected for key='item:2805', siblings=11
[dc1_node2] Replicated to localhost:50125
[dc1_node2] W-quorum achieved (2 writes), returning to client
[dc1_node2] Background replication continues for remaining nodes
[dc1_node2] Successful writes: 2/3
[dc1_node2] Replicated to localhost:50113
[dc1_node2] CONFLICT: 20 sibling versions for 'item:3217'
[dc1_node2] Saved 95 keys to disk
[dc1_node2] CONFLICT detected for key='item:0998', siblings=7
[dc1_node2] Internal PUT (replication): key='item:2247'
[dc1_node2] Replicated to localhost:50071
[dc1_node2] Saved 95 keys to disk
[dc1_node2] Retrieved key='item:3866', versions=12
[dc1_node2] CONFLICT detected for key='item:2247', siblings=9
[dc1_node2] Client PUT: key='item:2265', value='value_2265_client10_op1035'
[dc1_node2] Preference list for 'item:2265': ['localhost:50140', 'localhost:50197', 'localhost:50057']
[dc1_node2] Coordinator NOT in preference list, forwarding only
[dc1_node2] Replicated to localhost:50197
[dc1_node2] Saved 95 keys to disk
[dc1_node2] Replicated to localhost:50140
[dc1_node2] W-quorum achieved (2 writes), returning to client
[dc1_node2] Background replication continues for remaining nodes
[dc1_node2] Successful writes: 2/3
[dc1_node2] Replicated to localhost:50057
[dc1_node2] Client GET: key='item:3835'
[dc1_node2] Reading from preference list: ['localhost:50249', 'localhost:50063']
[dc1_node2] Key='item:3835' not found
[dc1_node2] CONFLICT: 14 sibling versions for 'item:3835'
[dc1_node2] Internal PUT (replication): key='item:0497'
[dc1_node2] CONFLICT detected for key='item:0497', siblings=11
[dc1_node2] Saved 95 keys to disk
[dc1_node2] Client PUT: key='item:1616', value='value_1616_update_client25_op1035'
[dc1_node2] Preference list for 'item:1616': ['localhost:50146', 'localhost:50079', 'localhost:50062']
[dc1_node2] Coordinator NOT in preference list, forwarding only
[dc1_node2] Internal PUT (replication): key='item:0354'
[dc1_node2] CONFLICT detected for key='item:0354', siblings=11
[dc1_node2] Replicated to localhost:50146
[dc1_node2] Replicated to localhost:50062
[dc1_node2] Saved 95 keys to disk
[dc1_node2] W-quorum achieved (2 writes), returning to client
[dc1_node2] Background replication continues for remaining nodes
[dc1_node2] Successful writes: 2/3
[dc1_node2] Replicated to localhost:50079
[dc1_node2] Client PUT: key='item:0499', value='value_499_client21_op1031'
[dc1_node2] Preference list for 'item:0499': ['localhost:50242', 'localhost:50137', 'localhost:50185']
[dc1_node2] Coordinator NOT in preference list, forwarding only
[dc1_node2] Replicated to localhost:50242
[dc1_node2] Replicated to localhost:50137
[dc1_node2] W-quorum achieved (2 writes), returning to client
[dc1_node2] Background replication continues for remaining nodes
[dc1_node2] Successful writes: 2/3
[dc1_node2] Client PUT: key='item:2072', value='value_2072_update_client16_op1054'
[dc1_node2] Preference list for 'item:2072': ['localhost:50165', 'localhost:50231', 'localhost:50181']
[dc1_node2] Coordinator NOT in preference list, forwarding only
[dc1_node2] Replicated to localhost:50185
[dc1_node2] Client GET: key='item:0155'
[dc1_node2] Reading from preference list: ['localhost:50167', 'localhost:50104']
[dc1_node2] Key='item:0155' not found
[dc1_node2] CONFLICT: 10 sibling versions for 'item:0155'
[dc1_node2] Replicated to localhost:50231
[dc1_node2] Replicated to localhost:50181
[dc1_node2] W-quorum achieved (2 writes), returning to client
[dc1_node2] Background replication continues for remaining nodes
[dc1_node2] Successful writes: 2/3
[dc1_node2] Replicated to localhost:50165
[dc1_node2] Internal PUT (replication): key='item:4629'
[dc1_node2] CONFLICT detected for key='item:4629', siblings=8
[dc1_node2] Saved 95 keys to disk
[dc1_node2] Retrieved key='item:4865', versions=5
[dc1_node2] Internal PUT (replication): key='item:3436'
[dc1_node2] CONFLICT detected for key='item:3436', siblings=6
[dc1_node2] Saved 95 keys to disk
[dc1_node2] Internal PUT (replication): key='item:2976'
[dc1_node2] CONFLICT detected for key='item:2976', siblings=6
[dc1_node2] Client PUT: key='item:1007', value='value_1007_client38_op1023'
[dc1_node2] Preference list for 'item:1007': ['localhost:50214', 'localhost:50126', 'localhost:50166']
[dc1_node2] Coordinator NOT in preference list, forwarding only
[dc1_node2] Replicated to localhost:50166
[dc1_node2] Replicated to localhost:50214
[dc1_node2] W-quorum achieved (2 writes), returning to client
[dc1_node2] Background replication continues for remaining nodes
[dc1_node2] Successful writes: 2/3
[dc1_node2] Internal PUT (replication): key='item:4640'
[dc1_node2] Saved 95 keys to disk
[dc1_node2] CONFLICT detected for key='item:4640', siblings=8
[dc1_node2] Replicated to localhost:50126
[dc1_node2] Saved 95 keys to disk
[dc1_node2] Client PUT: key='item:1194', value='value_1194_update_client47_op1016'
[dc1_node2] Preference list for 'item:1194': ['localhost:50066', 'localhost:50088', 'localhost:50206']
[dc1_node2] Coordinator NOT in preference list, forwarding only
[dc1_node2] Replicated to localhost:50066
[dc1_node2] Retrieved key='item:0015', versions=11
[dc1_node2] Replicated to localhost:50088
[dc1_node2] Internal PUT (replication): key='item:1811'
[dc1_node2] CONFLICT detected for key='item:1811', siblings=8
[dc1_node2] W-quorum achieved (2 writes), returning to client
[dc1_node2] Background replication continues for remaining nodes
[dc1_node2] Successful writes: 2/3
[dc1_node2] Replicated to localhost:50206
[dc1_node2] Saved 95 keys to disk
[dc1_node2] Internal PUT (replication): key='item:4744'
[dc1_node2] CONFLICT detected for key='item:4744', siblings=3
[dc1_node2] Internal PUT (replication): key='item:2440'
[dc1_node2] Internal PUT (replication): key='item:4056'
[dc1_node2] Saved 95 keys to disk
[dc1_node2] CONFLICT detected for key='item:2440', siblings=12
[dc1_node2] Saved 95 keys to disk
[dc1_node2] CONFLICT detected for key='item:4056', siblings=9
[dc1_node2] Internal PUT (replication): key='item:0015'
[dc1_node2] Client GET: key='item:3022'
[dc1_node2] Reading from preference list: ['localhost:50072', 'localhost:50093']
[dc1_node2] Saved 95 keys to disk
[dc1_node2] CONFLICT detected for key='item:0015', siblings=12
[dc1_node2] Saved 95 keys to disk
[dc1_node2] Key='item:3022' not found
[dc1_node2] Retrieved key='item:3950', versions=6
[dc1_node2] CONFLICT: 10 sibling versions for 'item:3022'
[dc1_node2] Internal PUT (replication): key='item:2994'
[dc1_node2] CONFLICT detected for key='item:2994', siblings=7
[dc1_node2] Saved 95 keys to disk
[dc1_node2] Retrieved key='item:0525', versions=6
[dc1_node2] Internal PUT (replication): key='item:4196'
[dc1_node2] CONFLICT detected for key='item:4196', siblings=10
[dc1_node2] Saved 95 keys to disk
[dc1_node2] Internal PUT (replication): key='item:3521'
[dc1_node2] CONFLICT detected for key='item:3521', siblings=8
[dc1_node2] Saved 95 keys to disk
[dc1_node2] Client PUT: key='item:3683', value='value_3683_client27_op1058'
[dc1_node2] Preference list for 'item:3683': ['localhost:50097', 'localhost:50087', 'localhost:50191']
[dc1_node2] Coordinator NOT in preference list, forwarding only
[dc1_node2] Replicated to localhost:50097
[dc1_node2] Replicated to localhost:50191
[dc1_node2] Replicated to localhost:50087
[dc1_node2] W-quorum achieved (2 writes), returning to client
[dc1_node2] Background replication continues for remaining nodes
[dc1_node2] Successful writes: 3/3
[dc1_node2] Internal PUT (replication): key='item:1834'
[dc1_node2] CONFLICT detected for key='item:1834', siblings=12
[dc1_node2] Saved 95 keys to disk
[dc1_node2] Internal PUT (replication): key='item:3776'
[dc1_node2] CONFLICT detected for key='item:3776', siblings=12
[dc1_node2] Saved 95 keys to disk
[dc1_node2] Internal PUT (replication): key='item:2320'
[dc1_node2] CONFLICT detected for key='item:2320', siblings=11
[dc1_node2] Saved 95 keys to disk
[dc1_node2] Retrieved key='item:3602', versions=8
[dc1_node2] Internal PUT (replication): key='item:1739'
[dc1_node2] CONFLICT detected for key='item:1739', siblings=7
[dc1_node2] Internal PUT (replication): key='item:4636'
[dc1_node2] Saved 95 keys to disk
[dc1_node2] CONFLICT detected for key='item:4636', siblings=11
[dc1_node2] Client PUT: key='item:3510', value='value_3510_update_client37_op1056'
[dc1_node2] Preference list for 'item:3510': ['localhost:50203', 'localhost:50190', 'localhost:50121']
[dc1_node2] Coordinator NOT in preference list, forwarding only
[dc1_node2] Saved 95 keys to disk
[dc1_node2] Replicated to localhost:50203
[dc1_node2] Replicated to localhost:50121
[dc1_node2] Replicated to localhost:50190
[dc1_node2] W-quorum achieved (2 writes), returning to client
[dc1_node2] Background replication continues for remaining nodes
[dc1_node2] Successful writes: 3/3
[dc1_node2] Client PUT: key='item:3506', value='value_3506_update_client45_op1043'
[dc1_node2] Preference list for 'item:3506': ['localhost:50102', 'localhost:50221', 'localhost:50061']
[dc1_node2] Coordinator NOT in preference list, forwarding only
[dc1_node2] Replicated to localhost:50061
[dc1_node2] Replicated to localhost:50221
[dc1_node2] W-quorum achieved (2 writes), returning to client
[dc1_node2] Background replication continues for remaining nodes
[dc1_node2] Successful writes: 2/3
[dc1_node2] Replicated to localhost:50102
[dc1_node2] Retrieved key='item:3776', versions=12
[dc1_node2] Client GET: key='item:2240'
[dc1_node2] Reading from preference list: ['localhost:50170', 'localhost:50104']
[dc1_node2] Key='item:2240' not found
[dc1_node2] CONFLICT: 24 sibling versions for 'item:2240'
[dc1_node2] Retrieved key='item:3260', versions=6
[dc1_node2] Internal PUT (replication): key='item:3829'
[dc1_node2] CONFLICT detected for key='item:3829', siblings=15
[dc1_node2] Internal PUT (replication): key='item:0104'
[dc1_node2] Saved 95 keys to disk
[dc1_node2] CONFLICT detected for key='item:0104', siblings=2
[dc1_node2] Internal PUT (replication): key='item:4640'
[dc1_node2] Saved 95 keys to disk
[dc1_node2] CONFLICT detected for key='item:4640', siblings=8
[dc1_node2] Internal PUT (replication): key='item:2994'
[dc1_node2] Saved 95 keys to disk
[dc1_node2] CONFLICT detected for key='item:2994', siblings=8
[dc1_node2] Saved 95 keys to disk
[dc1_node2] Internal PUT (replication): key='item:0497'
[dc1_node2] CONFLICT detected for key='item:0497', siblings=12
[dc1_node2] Saved 95 keys to disk
[dc1_node2] Internal PUT (replication): key='item:2320'
[dc1_node2] CONFLICT detected for key='item:2320', siblings=12
[dc1_node2] Internal PUT (replication): key='item:2783'
[dc1_node2] Internal PUT (replication): key='item:3923'
[dc1_node2] Saved 95 keys to disk
[dc1_node2] Retrieved key='item:1661', versions=11
[dc1_node2] CONFLICT detected for key='item:2783', siblings=8
[dc1_node2] Saved 95 keys to disk
[dc1_node2] CONFLICT detected for key='item:3923', siblings=10
[dc1_node2] Saved 95 keys to disk
[dc1_node2] Internal PUT (replication): key='item:4865'
[dc1_node2] CONFLICT detected for key='item:4865', siblings=6
[dc1_node2] Saved 95 keys to disk
[dc1_node2] Internal PUT (replication): key='item:3521'
[dc1_node2] CONFLICT detected for key='item:3521', siblings=9
[dc1_node2] Saved 95 keys to disk
[dc1_node2] Internal PUT (replication): key='item:3923'
[dc1_node2] CONFLICT detected for key='item:3923', siblings=11
[dc1_node2] Saved 95 keys to disk
[dc1_node2] Internal PUT (replication): key='item:2783'
[dc1_node2] CONFLICT detected for key='item:2783', siblings=9
[dc1_node2] Client PUT: key='item:4174', value='value_4174_client9_op1075'
[dc1_node2] Preference list for 'item:4174': ['localhost:50186', 'localhost:50116', 'localhost:50095']
[dc1_node2] Coordinator NOT in preference list, forwarding only
[dc1_node2] Replicated to localhost:50095
[dc1_node2] Saved 95 keys to disk
[dc1_node2] Replicated to localhost:50186
[dc1_node2] Replicated to localhost:50116
[dc1_node2] W-quorum achieved (2 writes), returning to client
[dc1_node2] Background replication continues for remaining nodes
[dc1_node2] Successful writes: 3/3
[dc1_node2] Client GET: key='item:2612'
[dc1_node2] Reading from preference list: ['localhost:50125', 'localhost:50210']
[dc1_node2] Key='item:2612' not found
[dc1_node2] CONFLICT: 21 sibling versions for 'item:2612'
[dc1_node2] Client GET: key='item:1769'
[dc1_node2] Reading from preference list: ['localhost:50181', 'localhost:50214']
[dc1_node2] Key='item:1769' not found
[dc1_node2] CONFLICT: 12 sibling versions for 'item:1769'
[dc1_node2] Retrieved key='item:2247', versions=9
[dc1_node2] Internal PUT (replication): key='item:0548'
[dc1_node2] CONFLICT detected for key='item:0548', siblings=10
[dc1_node2] Saved 95 keys to disk
[dc1_node2] Internal PUT (replication): key='item:4498'
[dc1_node2] CONFLICT detected for key='item:4498', siblings=10
[dc1_node2] Saved 95 keys to disk
[dc1_node2] Retrieved key='item:0299', versions=15
[dc1_node2] Internal PUT (replication): key='item:0289'
[dc1_node2] CONFLICT detected for key='item:0289', siblings=9
[dc1_node2] Saved 95 keys to disk
[dc1_node2] Internal PUT (replication): key='item:2942'
[dc1_node2] CONFLICT detected for key='item:2942', siblings=8
[dc1_node2] Saved 95 keys to disk
[dc1_node2] Internal PUT (replication): key='item:3982'
[dc1_node2] CONFLICT detected for key='item:3982', siblings=10
[dc1_node2] Saved 95 keys to disk
[dc1_node2] Client PUT: key='item:0087', value='value_87_update_client44_op1086'
[dc1_node2] Preference list for 'item:0087': ['localhost:50164', 'localhost:50130', 'localhost:50179']
[dc1_node2] Coordinator NOT in preference list, forwarding only
[dc1_node2] Replicated to localhost:50164
[dc1_node2] Replicated to localhost:50130
[dc1_node2] W-quorum achieved (2 writes), returning to client
[dc1_node2] Background replication continues for remaining nodes
[dc1_node2] Successful writes: 2/3
[dc1_node2] Replicated to localhost:50179
[dc1_node2] Retrieved key='item:0309', versions=10
[dc1_node2] Internal PUT (replication): key='item:2247'
[dc1_node2] CONFLICT detected for key='item:2247', siblings=10
[dc1_node2] Saved 95 keys to disk
[dc1_node2] Client GET: key='item:4009'
[dc1_node2] Reading from preference list: ['localhost:50173', 'localhost:50074']
[dc1_node2] Key='item:4009' not found
[dc1_node2] CONFLICT: 26 sibling versions for 'item:4009'
[dc1_node2] Retrieved key='item:0015', versions=12
[dc1_node2] Internal PUT (replication): key='item:0289'
[dc1_node2] CONFLICT detected for key='item:0289', siblings=10
[dc1_node2] Client GET: key='item:4357'
[dc1_node2] Reading from preference list: ['localhost:50245', 'localhost:50113']
[dc1_node2] Saved 95 keys to disk
[dc1_node2] Key='item:4357' not found
[dc1_node2] Internal PUT (replication): key='item:3102'
[dc1_node2] CONFLICT detected for key='item:3102', siblings=4
[dc1_node2] Client GET: key='item:1671'
[dc1_node2] Reading from preference list: ['localhost:50188', 'localhost:50087']
[dc1_node2] CONFLICT: 8 sibling versions for 'item:4357'
[dc1_node2] Internal PUT (replication): key='item:3950'
[dc1_node2] Client PUT: key='item:0347', value='value_347_update_client40_op1093'
[dc1_node2] Preference list for 'item:0347': ['localhost:50111', 'localhost:50235', 'localhost:50145']
[dc1_node2] Coordinator NOT in preference list, forwarding only
[dc1_node2] Replicated to localhost:50111
[dc1_node2] Saved 95 keys to disk
[dc1_node2] Key='item:1671' not found
[dc1_node2] CONFLICT detected for key='item:3950', siblings=7
[dc1_node2] CONFLICT: 20 sibling versions for 'item:1671'
[dc1_node2] Replicated to localhost:50235
[dc1_node2] W-quorum achieved (2 writes), returning to client
[dc1_node2] Background replication continues for remaining nodes
[dc1_node2] Successful writes: 2/3
[dc1_node2] Replicated to localhost:50145
[dc1_node2] Internal PUT (replication): key='item:3746'
[dc1_node2] Saved 95 keys to disk
[dc1_node2] CONFLICT detected for key='item:3746', siblings=8
[dc1_node2] Saved 95 keys to disk
[dc1_node2] Client GET: key='item:1598'
[dc1_node2] Reading from preference list: ['localhost:50221', 'localhost:50105']
[dc1_node2] Key='item:1598' not found
[dc1_node2] CONFLICT: 22 sibling versions for 'item:1598'
[dc1_node2] Internal PUT (replication): key='item:2653'
[dc1_node2] CONFLICT detected for key='item:2653', siblings=6
[dc1_node2] Saved 95 keys to disk
[dc1_node2] Client GET: key='item:1922'
[dc1_node2] Reading from preference list: ['localhost:50094', 'localhost:50159']
[dc1_node2] Key='item:1922' not found
[dc1_node2] CONFLICT: 18 sibling versions for 'item:1922'
[dc1_node2] Client GET: key='item:0168'
[dc1_node2] Reading from preference list: ['localhost:50093', 'localhost:50145']
[dc1_node2] Key='item:0168' not found
[dc1_node2] CONFLICT: 20 sibling versions for 'item:0168'
[dc1_node2] Internal PUT (replication): key='item:4570'
[dc1_node2] CONFLICT detected for key='item:4570', siblings=8
[dc1_node2] Saved 95 keys to disk
[dc1_node2] Internal PUT (replication): key='item:4865'
[dc1_node2] CONFLICT detected for key='item:4865', siblings=7
[dc1_node2] Internal PUT (replication): key='item:3602'
[dc1_node2] Saved 95 keys to disk
[dc1_node2] CONFLICT detected for key='item:3602', siblings=9
[dc1_node2] Saved 95 keys to disk
[dc1_node2] Internal PUT (replication): key='item:3521'
[dc1_node2] CONFLICT detected for key='item:3521', siblings=10
[dc1_node2] Saved 95 keys to disk
[dc1_node2] Client PUT: key='item:2532', value='value_2532_update_client32_op1121'
[dc1_node2] Preference list for 'item:2532': ['localhost:50168', 'localhost:50099', 'localhost:50060']
[dc1_node2] Coordinator NOT in preference list, forwarding only
[dc1_node2] Client PUT: key='item:3971', value='value_3971_update_client2_op1104'
[dc1_node2] Preference list for 'item:3971': ['localhost:50158', 'localhost:50173', 'localhost:50055']
[dc1_node2] Coordinator NOT in preference list, forwarding only
[dc1_node2] Replicated to localhost:50168
[dc1_node2] Replicated to localhost:50158
[dc1_node2] Replicated to localhost:50055
[dc1_node2] W-quorum achieved (2 writes), returning to client
[dc1_node2] Background replication continues for remaining nodes
[dc1_node2] Successful writes: 2/3
[dc1_node2] Replicated to localhost:50173
[dc1_node2] Replicated to localhost:50060
[dc1_node2] W-quorum achieved (2 writes), returning to client
[dc1_node2] Background replication continues for remaining nodes
[dc1_node2] Successful writes: 2/3
[dc1_node2] Replicated to localhost:50099
[dc1_node2] Internal PUT (replication): key='item:0299'
[dc1_node2] CONFLICT detected for key='item:0299', siblings=16
[dc1_node2] Saved 95 keys to disk
[dc1_node2] Internal PUT (replication): key='item:1965'
[dc1_node2] CONFLICT detected for key='item:1965', siblings=8
[dc1_node2] Saved 95 keys to disk
[dc1_node2] Retrieved key='item:0071', versions=3
[dc1_node2] Internal PUT (replication): key='item:3854'
[dc1_node2] CONFLICT detected for key='item:3854', siblings=10
[dc1_node2] Client PUT: key='item:2534', value='value_2534_client20_op1122'
[dc1_node2] Preference list for 'item:2534': ['localhost:50197', 'localhost:50110', 'localhost:50115']
[dc1_node2] Coordinator NOT in preference list, forwarding only
[dc1_node2] Replicated to localhost:50110
[dc1_node2] Replicated to localhost:50115
[dc1_node2] W-quorum achieved (2 writes), returning to client
[dc1_node2] Background replication continues for remaining nodes
[dc1_node2] Successful writes: 2/3
[dc1_node2] Client PUT: key='item:3566', value='value_3566_update_client20_op1123'
[dc1_node2] Preference list for 'item:3566': ['localhost:50237', 'localhost:50112', 'localhost:50144']
[dc1_node2] Coordinator NOT in preference list, forwarding only
[dc1_node2] Saved 95 keys to disk
[dc1_node2] Replicated to localhost:50197
[dc1_node2] Internal PUT (replication): key='item:1676'
[dc1_node2] CONFLICT detected for key='item:1676', siblings=11
[dc1_node2] Saved 95 keys to disk
[dc1_node2] Replicated to localhost:50144
[dc1_node2] Internal PUT (replication): key='item:3521'
[dc1_node2] CONFLICT detected for key='item:3521', siblings=11
[dc1_node2] Client GET: key='item:1337'
[dc1_node2] Reading from preference list: ['localhost:50061', 'localhost:50134']
[dc1_node2] Replicated to localhost:50237
[dc1_node2] W-quorum achieved (2 writes), returning to client
[dc1_node2] Background replication continues for remaining nodes
[dc1_node2] Successful writes: 2/3
[dc1_node2] Replicated to localhost:50112
[dc1_node2] Saved 95 keys to disk
[dc1_node2] Key='item:1337' not found
[dc1_node2] CONFLICT: 30 sibling versions for 'item:1337'
[dc1_node2] Client PUT: key='item:1250', value='value_1250_client5_op1132'
[dc1_node2] Preference list for 'item:1250': ['localhost:50065', 'localhost:50123', 'localhost:50135']
[dc1_node2] Coordinator NOT in preference list, forwarding only
[dc1_node2] Client PUT: key='item:0635', value='value_635_client3_op1153'
[dc1_node2] Preference list for 'item:0635': ['localhost:50113', 'localhost:50059', 'localhost:50149']
[dc1_node2] Coordinator NOT in preference list, forwarding only
[dc1_node2] Replicated to localhost:50065
[dc1_node2] Replicated to localhost:50059
[dc1_node2] Replicated to localhost:50135
[dc1_node2] W-quorum achieved (2 writes), returning to client
[dc1_node2] Background replication continues for remaining nodes
[dc1_node2] Successful writes: 2/3
[dc1_node2] Replicated to localhost:50123
[dc1_node2] Replicated to localhost:50113
[dc1_node2] W-quorum achieved (2 writes), returning to client
[dc1_node2] Background replication continues for remaining nodes
[dc1_node2] Successful writes: 2/3
[dc1_node2] Internal PUT (replication): key='item:1834'
[dc1_node2] CONFLICT detected for key='item:1834', siblings=13
[dc1_node2] Replicated to localhost:50149
[dc1_node2] Internal PUT (replication): key='item:2320'
[dc1_node2] Saved 95 keys to disk
[dc1_node2] CONFLICT detected for key='item:2320', siblings=13
[dc1_node2] Saved 95 keys to disk
[dc1_node2] Client PUT: key='item:1641', value='value_1641_update_client6_op1142'
[dc1_node2] Preference list for 'item:1641': ['localhost:50160', 'localhost:50191', 'localhost:50052']
[dc1_node2] CONFLICT detected for key='item:1641', siblings=7
[dc1_node2] Saved 95 keys to disk
[dc1_node2] Coordinator IS in preference list, stored locally
[dc1_node2] Replicated to localhost:50160
[dc1_node2] W-quorum achieved (2 writes), returning to client
[dc1_node2] Background replication continues for remaining nodes
[dc1_node2] Successful writes: 2/3
[dc1_node2] Replicated to localhost:50191
[dc1_node2] Internal PUT (replication): key='item:0354'
[dc1_node2] CONFLICT detected for key='item:0354', siblings=12
[dc1_node2] Client PUT: key='item:2068', value='value_2068_update_client16_op1144'
[dc1_node2] Preference list for 'item:2068': ['localhost:50094', 'localhost:50054', 'localhost:50134']
[dc1_node2] Coordinator NOT in preference list, forwarding only
[dc1_node2] Saved 95 keys to disk
[dc1_node2] Replicated to localhost:50054
[dc1_node2] Replicated to localhost:50134
[dc1_node2] W-quorum achieved (2 writes), returning to client
[dc1_node2] Background replication continues for remaining nodes
[dc1_node2] Successful writes: 2/3
[dc1_node2] Internal PUT (replication): key='item:3436'
[dc1_node2] CONFLICT detected for key='item:3436', siblings=7
[dc1_node2] Internal PUT (replication): key='item:1739'
[dc1_node2] Replicated to localhost:50094
[dc1_node2] Saved 95 keys to disk
[dc1_node2] CONFLICT detected for key='item:1739', siblings=8
[dc1_node2] Saved 95 keys to disk
[dc1_node2] Internal PUT (replication): key='item:3551'
[dc1_node2] CONFLICT detected for key='item:3551', siblings=8
[dc1_node2] Saved 95 keys to disk
[dc1_node2] Internal PUT (replication): key='item:2466'
[dc1_node2] CONFLICT detected for key='item:2466', siblings=15
[dc1_node2] Saved 95 keys to disk
[dc1_node2] Internal PUT (replication): key='item:2247'
[dc1_node2] CONFLICT detected for key='item:2247', siblings=11
[dc1_node2] Saved 95 keys to disk
[dc1_node2] Internal PUT (replication): key='item:4498'
[dc1_node2] CONFLICT detected for key='item:4498', siblings=11
[dc1_node2] Saved 95 keys to disk
[dc1_node2] Internal PUT (replication): key='item:2247'
[dc1_node2] CONFLICT detected for key='item:2247', siblings=12
[dc1_node2] Saved 95 keys to disk
[dc1_node2] Client PUT: key='item:4174', value='value_4174_update_client10_op1141'
[dc1_node2] Preference list for 'item:4174': ['localhost:50186', 'localhost:50116', 'localhost:50095']
[dc1_node2] Coordinator NOT in preference list, forwarding only
[dc1_node2] Replicated to localhost:50095
[dc1_node2] Replicated to localhost:50116
[dc1_node2] W-quorum achieved (2 writes), returning to client
[dc1_node2] Background replication continues for remaining nodes
[dc1_node2] Successful writes: 2/3
[dc1_node2] Retrieved key='item:2994', versions=8
[dc1_node2] Replicated to localhost:50186
[dc1_node2] Internal PUT (replication): key='item:4498'
[dc1_node2] CONFLICT detected for key='item:4498', siblings=12
[dc1_node2] Internal PUT (replication): key='item:4498'
[dc1_node2] Saved 95 keys to disk
[dc1_node2] CONFLICT detected for key='item:4498', siblings=13
[dc1_node2] Client GET: key='item:4388'
[dc1_node2] Reading from preference list: ['localhost:50070', 'localhost:50080']
[dc1_node2] Saved 95 keys to disk
[dc1_node2] Key='item:4388' not found
[dc1_node2] CONFLICT: 16 sibling versions for 'item:4388'
[dc1_node2] Internal PUT (replication): key='item:0548'
[dc1_node2] CONFLICT detected for key='item:0548', siblings=10
[dc1_node2] Saved 95 keys to disk
[dc1_node2] Internal PUT (replication): key='item:3563'
[dc1_node2] CONFLICT detected for key='item:3563', siblings=8
[dc1_node2] Client GET: key='item:3704'
[dc1_node2] Reading from preference list: ['localhost:50119', 'localhost:50146']
[dc1_node2] Saved 95 keys to disk
[dc1_node2] Key='item:3704' not found
[dc1_node2] CONFLICT: 24 sibling versions for 'item:3704'
[dc1_node2] Internal PUT (replication): key='item:1676'
[dc1_node2] CONFLICT detected for key='item:1676', siblings=12
[dc1_node2] Internal PUT (replication): key='item:2986'
[dc1_node2] Saved 95 keys to disk
[dc1_node2] CONFLICT detected for key='item:2986', siblings=7
[dc1_node2] Internal PUT (replication): key='item:0497'
[dc1_node2] Client GET: key='item:1578'
[dc1_node2] Reading from preference list: ['localhost:50072', 'localhost:50106']
[dc1_node2] Saved 95 keys to disk
[dc1_node2] CONFLICT detected for key='item:0497', siblings=13
[dc1_node2] Saved 95 keys to disk
[dc1_node2] Key='item:1578' not found
[dc1_node2] CONFLICT: 20 sibling versions for 'item:1578'
[dc1_node2] Client PUT: key='item:0095', value='value_95_update_client14_op1115'
[dc1_node2] Preference list for 'item:0095': ['localhost:50085', 'localhost:50192', 'localhost:50104']
[dc1_node2] Coordinator NOT in preference list, forwarding only
[dc1_node2] Internal PUT (replication): key='item:3938'
[dc1_node2] CONFLICT detected for key='item:3938', siblings=8
[dc1_node2] Replicated to localhost:50085
[dc1_node2] Replicated to localhost:50192
[dc1_node2] W-quorum achieved (2 writes), returning to client
[dc1_node2] Background replication continues for remaining nodes
[dc1_node2] Successful writes: 2/3
[dc1_node2] Saved 95 keys to disk
[dc1_node2] Client GET: key='item:3914'
[dc1_node2] Reading from preference list: ['localhost:50070', 'localhost:50163']
[dc1_node2] Key='item:3914' not found
[dc1_node2] Replicated to localhost:50104
[dc1_node2] Internal PUT (replication): key='item:0354'
[dc1_node2] CONFLICT detected for key='item:0354', siblings=13
[dc1_node2] CONFLICT: 17 sibling versions for 'item:3914'
[dc1_node2] Internal PUT (replication): key='item:4570'
[dc1_node2] Saved 95 keys to disk
[dc1_node2] CONFLICT detected for key='item:4570', siblings=9
[dc1_node2] Saved 95 keys to disk
[dc1_node2] Internal PUT (replication): key='item:3068'
[dc1_node2] CONFLICT detected for key='item:3068', siblings=13
[dc1_node2] Saved 95 keys to disk
[dc1_node2] Internal PUT (replication): key='item:4640'
[dc1_node2] CONFLICT detected for key='item:4640', siblings=9
[dc1_node2] Saved 95 keys to disk
[dc1_node2] Client GET: key='item:1221'
[dc1_node2] Reading from preference list: ['localhost:50153', 'localhost:50117']
[dc1_node2] Key='item:1221' not found
[dc1_node2] CONFLICT: 24 sibling versions for 'item:1221'
[dc1_node2] Internal PUT (replication): key='item:3815'
[dc1_node2] CONFLICT detected for key='item:3815', siblings=7
[dc1_node2] Saved 95 keys to disk
[dc1_node2] Internal PUT (replication): key='item:3854'
[dc1_node2] CONFLICT detected for key='item:3854', siblings=11
[dc1_node2] Saved 95 keys to disk
[dc1_node2] Internal PUT (replication): key='item:0309'
[dc1_node2] CONFLICT detected for key='item:0309', siblings=11
[dc1_node2] Internal PUT (replication): key='item:3854'
[dc1_node2] Saved 95 keys to disk
[dc1_node2] CONFLICT detected for key='item:3854', siblings=12
[dc1_node2] Saved 95 keys to disk
[dc1_node2] Internal PUT (replication): key='item:4549'
[dc1_node2] CONFLICT detected for key='item:4549', siblings=12
[dc1_node2] Saved 95 keys to disk
[dc1_node2] Internal PUT (replication): key='item:2473'
[dc1_node2] CONFLICT detected for key='item:2473', siblings=11
[dc1_node2] Internal PUT (replication): key='item:4196'
[dc1_node2] Saved 95 keys to disk
[dc1_node2] CONFLICT detected for key='item:4196', siblings=11
[dc1_node2] Internal PUT (replication): key='item:1965'
[dc1_node2] Saved 95 keys to disk
[dc1_node2] Retrieved key='item:0998', versions=7
[dc1_node2] CONFLICT detected for key='item:1965', siblings=9
[dc1_node2] Saved 95 keys to disk
[dc1_node2] Retrieved key='item:0289', versions=10
[dc1_node2] Client PUT: key='item:0885', value='value_885_update_client13_op1189'
[dc1_node2] Preference list for 'item:0885': ['localhost:50054', 'localhost:50150', 'localhost:50236']
[dc1_node2] Coordinator NOT in preference list, forwarding only
[dc1_node2] Replicated to localhost:50236
[dc1_node2] Replicated to localhost:50150
[dc1_node2] W-quorum achieved (2 writes), returning to client
[dc1_node2] Background replication continues for remaining nodes
[dc1_node2] Successful writes: 2/3
[dc1_node2] Replicated to localhost:50054
[dc1_node2] Internal PUT (replication): key='item:4636'
[dc1_node2] CONFLICT detected for key='item:4636', siblings=12
[dc1_node2] Saved 95 keys to disk
[dc1_node2] Internal PUT (replication): key='item:1107'
[dc1_node2] CONFLICT detected for key='item:1107', siblings=5
[dc1_node2] Saved 95 keys to disk
[dc1_node2] Retrieved key='item:0998', versions=7
[dc1_node2] Client PUT: key='item:3042', value='value_3042_update_client45_op1152'
[dc1_node2] Preference list for 'item:3042': ['localhost:50087', 'localhost:50171', 'localhost:50133']
[dc1_node2] Coordinator NOT in preference list, forwarding only
[dc1_node2] Replicated to localhost:50133
[dc1_node2] Replicated to localhost:50087
[dc1_node2] Replicated to localhost:50171
[dc1_node2] W-quorum achieved (2 writes), returning to client
[dc1_node2] Background replication continues for remaining nodes
[dc1_node2] Successful writes: 3/3
[dc1_node2] Retrieved key='item:1857', versions=14
[dc1_node2] Client GET: key='item:2046'
[dc1_node2] Reading from preference list: ['localhost:50070', 'localhost:50232']
[dc1_node2] Key='item:2046' not found
[dc1_node2] CONFLICT: 15 sibling versions for 'item:2046'
[dc1_node2] Client GET: key='item:4863'
[dc1_node2] Reading from preference list: ['localhost:50161', 'localhost:50056']
[dc1_node2] Key='item:4863' not found
[dc1_node2] CONFLICT: 14 sibling versions for 'item:4863'
[dc1_node2] Internal PUT (replication): key='item:2994'
[dc1_node2] CONFLICT detected for key='item:2994', siblings=9
[dc1_node2] Saved 95 keys to disk
[dc1_node2] Internal PUT (replication): key='item:3563'
[dc1_node2] CONFLICT detected for key='item:3563', siblings=9
[dc1_node2] Saved 95 keys to disk
[dc1_node2] Internal PUT (replication): key='item:3938'
[dc1_node2] CONFLICT detected for key='item:3938', siblings=9
[dc1_node2] Internal PUT (replication): key='item:0497'
[dc1_node2] Saved 95 keys to disk
[dc1_node2] CONFLICT detected for key='item:0497', siblings=14
[dc1_node2] Internal PUT (replication): key='item:4498'
[dc1_node2] Saved 95 keys to disk
[dc1_node2] CONFLICT detected for key='item:4498', siblings=14
[dc1_node2] Internal PUT (replication): key='item:2783'
[dc1_node2] Saved 95 keys to disk
[dc1_node2] CONFLICT detected for key='item:2783', siblings=10
[dc1_node2] Internal PUT (replication): key='item:0693'
[dc1_node2] Internal PUT (replication): key='item:0354'
[dc1_node2] Saved 95 keys to disk
[dc1_node2] Retrieved key='item:4196', versions=11
[dc1_node2] CONFLICT detected for key='item:0693', siblings=7
[dc1_node2] Saved 95 keys to disk
[dc1_node2] CONFLICT detected for key='item:0354', siblings=14
[dc1_node2] Saved 95 keys to disk
[dc1_node2] Internal PUT (replication): key='item:4636'
[dc1_node2] CONFLICT detected for key='item:4636', siblings=13
[dc1_node2] Saved 95 keys to disk
[dc1_node2] Internal PUT (replication): key='item:1661'
[dc1_node2] CONFLICT detected for key='item:1661', siblings=12
[dc1_node2] Saved 95 keys to disk
[dc1_node2] Internal PUT (replication): key='item:0289'
[dc1_node2] CONFLICT detected for key='item:0289', siblings=11
[dc1_node2] Saved 95 keys to disk
[dc1_node2] Client PUT: key='item:3330', value='value_3330_client33_op1164'
[dc1_node2] Preference list for 'item:3330': ['localhost:50146', 'localhost:50075', 'localhost:50062']
[dc1_node2] Coordinator NOT in preference list, forwarding only
[dc1_node2] Replicated to localhost:50062
[dc1_node2] Replicated to localhost:50146
[dc1_node2] W-quorum achieved (2 writes), returning to client
[dc1_node2] Background replication continues for remaining nodes
[dc1_node2] Successful writes: 2/3
[dc1_node2] Replicated to localhost:50075
[dc1_node2] Internal PUT (replication): key='item:4056'
[dc1_node2] CONFLICT detected for key='item:4056', siblings=10
[dc1_node2] Saved 95 keys to disk
[dc1_node2] Client PUT: key='item:0178', value='value_178_update_client2_op1177'
[dc1_node2] Preference list for 'item:0178': ['localhost:50057', 'localhost:50094', 'localhost:50143']
[dc1_node2] Coordinator NOT in preference list, forwarding only
[dc1_node2] Client PUT: key='item:0127', value='value_127_client10_op1191'
[dc1_node2] Preference list for 'item:0127': ['localhost:50166', 'localhost:50186', 'localhost:50053']
[dc1_node2] Coordinator NOT in preference list, forwarding only
[dc1_node2] Replicated to localhost:50166
[dc1_node2] Replicated to localhost:50053
[dc1_node2] Replicated to localhost:50186
[dc1_node2] W-quorum achieved (2 writes), returning to client
[dc1_node2] Background replication continues for remaining nodes
[dc1_node2] Successful writes: 3/3
[dc1_node2] Internal PUT (replication): key='item:3866'
[dc1_node2] CONFLICT detected for key='item:3866', siblings=13
[dc1_node2] Replicated to localhost:50094
[dc1_node2] Replicated to localhost:50143
[dc1_node2] W-quorum achieved (2 writes), returning to client
[dc1_node2] Background replication continues for remaining nodes
[dc1_node2] Successful writes: 2/3
[dc1_node2] Replicated to localhost:50057
[dc1_node2] Saved 95 keys to disk
[dc1_node2] Client PUT: key='item:4793', value='value_4793_update_client33_op1171'
[dc1_node2] Preference list for 'item:4793': ['localhost:50090', 'localhost:50237', 'localhost:50092']
[dc1_node2] Coordinator NOT in preference list, forwarding only
[dc1_node2] Replicated to localhost:50092
[dc1_node2] Replicated to localhost:50090
[dc1_node2] W-quorum achieved (2 writes), returning to client
[dc1_node2] Background replication continues for remaining nodes
[dc1_node2] Successful writes: 2/3
[dc1_node2] Replicated to localhost:50237
[dc1_node2] Internal PUT (replication): key='item:3436'
[dc1_node2] CONFLICT detected for key='item:3436', siblings=7
[dc1_node2] Saved 95 keys to disk
[dc1_node2] Retrieved key='item:2805', versions=11
[dc1_node2] Retrieved key='item:0354', versions=14
[dc1_node2] Client PUT: key='item:0988', value='value_988_client41_op1191'
[dc1_node2] Preference list for 'item:0988': ['localhost:50144', 'localhost:50111', 'localhost:50168']
[dc1_node2] Coordinator NOT in preference list, forwarding only
[dc1_node2] Replicated to localhost:50111
[dc1_node2] Client GET: key='item:4464'
[dc1_node2] Reading from preference list: ['localhost:50231', 'localhost:50174']
[dc1_node2] Key='item:4464' not found
[dc1_node2] Internal PUT (replication): key='item:3521'
[dc1_node2] CONFLICT detected for key='item:3521', siblings=12
[dc1_node2] CONFLICT: 10 sibling versions for 'item:4464'
[dc1_node2] Replicated to localhost:50144
[dc1_node2] W-quorum achieved (2 writes), returning to client
[dc1_node2] Background replication continues for remaining nodes
[dc1_node2] Successful writes: 2/3
[dc1_node2] Replicated to localhost:50168
[dc1_node2] Saved 95 keys to disk
[dc1_node2] Client PUT: key='item:1647', value='value_1647_update_client35_op1185'
[dc1_node2] Preference list for 'item:1647': ['localhost:50222', 'localhost:50155', 'localhost:50073']
[dc1_node2] Coordinator NOT in preference list, forwarding only
[dc1_node2] Internal PUT (replication): key='item:4341'
[dc1_node2] CONFLICT detected for key='item:4341', siblings=7
[dc1_node2] Replicated to localhost:50073
[dc1_node2] Saved 95 keys to disk
[dc1_node2] Replicated to localhost:50155
[dc1_node2] W-quorum achieved (2 writes), returning to client
[dc1_node2] Background replication continues for remaining nodes
[dc1_node2] Successful writes: 2/3
[dc1_node2] Replicated to localhost:50222
[dc1_node2] Internal PUT (replication): key='item:1661'
[dc1_node2] CONFLICT detected for key='item:1661', siblings=13
[dc1_node2] Saved 95 keys to disk
[dc1_node2] Internal PUT (replication): key='item:1033'
[dc1_node2] CONFLICT detected for key='item:1033', siblings=8
[dc1_node2] Client PUT: key='item:0358', value='value_358_update_client27_op1202'
[dc1_node2] Preference list for 'item:0358': ['localhost:50121', 'localhost:50243', 'localhost:50107']
[dc1_node2] Coordinator NOT in preference list, forwarding only
[dc1_node2] Internal PUT (replication): key='item:3938'
[dc1_node2] Replicated to localhost:50243
[dc1_node2] Saved 95 keys to disk
[dc1_node2] Retrieved key='item:3195', versions=6
[dc1_node2] Replicated to localhost:50121
[dc1_node2] CONFLICT detected for key='item:3938', siblings=10
[dc1_node2] W-quorum achieved (2 writes), returning to client
[dc1_node2] Background replication continues for remaining nodes
[dc1_node2] Successful writes: 2/3
[dc1_node2] Replicated to localhost:50107
[dc1_node2] Saved 95 keys to disk
[dc1_node2] Retrieved key='item:3521', versions=12
[dc1_node2] Retrieved key='item:2994', versions=9
[dc1_node2] Client PUT: key='item:1037', value='value_1037_client1_op1187'
[dc1_node2] Preference list for 'item:1037': ['localhost:50052', 'localhost:50077', 'localhost:50224']
[dc1_node2] CONFLICT detected for key='item:1037', siblings=7
[dc1_node2] Saved 95 keys to disk
[dc1_node2] Coordinator IS in preference list, stored locally
[dc1_node2] Replicated to localhost:50224
[dc1_node2] W-quorum achieved (2 writes), returning to client
[dc1_node2] Background replication continues for remaining nodes
[dc1_node2] Successful writes: 2/3
[dc1_node2] Replicated to localhost:50077
[dc1_node2] Retrieved key='item:1857', versions=14
[dc1_node2] Internal PUT (replication): key='item:3866'
[dc1_node2] CONFLICT detected for key='item:3866', siblings=14
[dc1_node2] Saved 95 keys to disk
[dc1_node2] Internal PUT (replication): key='item:3418'
[dc1_node2] CONFLICT detected for key='item:3418', siblings=9
[dc1_node2] Saved 95 keys to disk
[dc1_node2] Internal PUT (replication): key='item:4056'
[dc1_node2] CONFLICT detected for key='item:4056', siblings=11
[dc1_node2] Internal PUT (replication): key='item:0615'
[dc1_node2] Saved 95 keys to disk
[dc1_node2] CONFLICT detected for key='item:0615', siblings=13
[dc1_node2] Saved 95 keys to disk
[dc1_node2] Internal PUT (replication): key='item:3418'
[dc1_node2] CONFLICT detected for key='item:3418', siblings=10
[dc1_node2] Saved 95 keys to disk
[dc1_node2] Internal PUT (replication): key='item:2431'
[dc1_node2] CONFLICT detected for key='item:2431', siblings=11
[dc1_node2] Internal PUT (replication): key='item:1739'
[dc1_node2] Saved 95 keys to disk
[dc1_node2] CONFLICT detected for key='item:1739', siblings=9
[dc1_node2] Internal PUT (replication): key='item:4549'
[dc1_node2] Internal PUT (replication): key='item:3521'
[dc1_node2] Client PUT: key='item:2209', value='value_2209_client22_op1199'
[dc1_node2] Preference list for 'item:2209': ['localhost:50203', 'localhost:50063', 'localhost:50084']
[dc1_node2] Coordinator NOT in preference list, forwarding only
[dc1_node2] Saved 95 keys to disk
[dc1_node2] CONFLICT detected for key='item:4549', siblings=13
[dc1_node2] Saved 95 keys to disk
[dc1_node2] CONFLICT detected for key='item:3521', siblings=13
[dc1_node2] Internal PUT (replication): key='item:3418'
[dc1_node2] Replicated to localhost:50084
[dc1_node2] Replicated to localhost:50063
[dc1_node2] W-quorum achieved (2 writes), returning to client
[dc1_node2] Background replication continues for remaining nodes
[dc1_node2] Successful writes: 2/3
[dc1_node2] Saved 95 keys to disk
[dc1_node2] CONFLICT detected for key='item:3418', siblings=11
[dc1_node2] Replicated to localhost:50203
[dc1_node2] Internal PUT (replication): key='item:1857'
[dc1_node2] Client PUT: key='item:3994', value='value_3994_update_client18_op1216'
[dc1_node2] Preference list for 'item:3994': ['localhost:50185', 'localhost:50083', 'localhost:50056']
[dc1_node2] Coordinator NOT in preference list, forwarding only
[dc1_node2] Saved 95 keys to disk
[dc1_node2] CONFLICT detected for key='item:1857', siblings=15
[dc1_node2] Internal PUT (replication): key='item:3351'
[dc1_node2] Replicated to localhost:50083
[dc1_node2] Replicated to localhost:50056
[dc1_node2] Replicated to localhost:50185
[dc1_node2] W-quorum achieved (2 writes), returning to client
[dc1_node2] Background replication continues for remaining nodes
[dc1_node2] Successful writes: 3/3
[dc1_node2] Saved 95 keys to disk
[dc1_node2] CONFLICT detected for key='item:3351', siblings=9
[dc1_node2] Saved 95 keys to disk
[dc1_node2] Retrieved key='item:2440', versions=12
[dc1_node2] Retrieved key='item:4056', versions=11
[dc1_node2] Internal PUT (replication): key='item:4454'
[dc1_node2] CONFLICT detected for key='item:4454', siblings=11
[dc1_node2] Client PUT: key='item:4173', value='value_4173_update_client15_op1208'
[dc1_node2] Preference list for 'item:4173': ['localhost:50084', 'localhost:50069', 'localhost:50156']
[dc1_node2] Coordinator NOT in preference list, forwarding only
[dc1_node2] Replicated to localhost:50084
[dc1_node2] Client PUT: key='item:2066', value='value_2066_client27_op1218'
[dc1_node2] Preference list for 'item:2066': ['localhost:50210', 'localhost:50214', 'localhost:50159']
[dc1_node2] Coordinator NOT in preference list, forwarding only
[dc1_node2] Saved 95 keys to disk
[dc1_node2] Replicated to localhost:50159
[dc1_node2] Replicated to localhost:50214
[dc1_node2] Replicated to localhost:50069
[dc1_node2] W-quorum achieved (2 writes), returning to client
[dc1_node2] Background replication continues for remaining nodes
[dc1_node2] Successful writes: 2/3
[dc1_node2] Replicated to localhost:50156
[dc1_node2] W-quorum achieved (2 writes), returning to client
[dc1_node2] Background replication continues for remaining nodes
[dc1_node2] Successful writes: 3/3
[dc1_node2] Internal PUT (replication): key='item:2611'
[dc1_node2] CONFLICT detected for key='item:2611', siblings=10
[dc1_node2] Replicated to localhost:50210
[dc1_node2] Internal PUT (replication): key='item:2986'
[dc1_node2] Saved 95 keys to disk
[dc1_node2] CONFLICT detected for key='item:2986', siblings=8
[dc1_node2] Internal PUT (replication): key='item:3227'
[dc1_node2] Saved 95 keys to disk
[dc1_node2] CONFLICT detected for key='item:3227', siblings=7
[dc1_node2] Internal PUT (replication): key='item:4056'
[dc1_node2] Saved 95 keys to disk
[dc1_node2] CONFLICT detected for key='item:4056', siblings=12
[dc1_node2] Saved 95 keys to disk
[dc1_node2] Internal PUT (replication): key='item:1834'
[dc1_node2] CONFLICT detected for key='item:1834', siblings=14
[dc1_node2] Saved 95 keys to disk
[dc1_node2] Retrieved key='item:2247', versions=12
[dc1_node2] Internal PUT (replication): key='item:3260'
[dc1_node2] CONFLICT detected for key='item:3260', siblings=7
[dc1_node2] Internal PUT (replication): key='item:3991'
[dc1_node2] Saved 95 keys to disk
[dc1_node2] CONFLICT detected for key='item:3991', siblings=8
[dc1_node2] Saved 95 keys to disk
[dc1_node2] Client PUT: key='item:3936', value='value_3936_client33_op1200'
[dc1_node2] Preference list for 'item:3936': ['localhost:50086', 'localhost:50199', 'localhost:50119']
[dc1_node2] Coordinator NOT in preference list, forwarding only
[dc1_node2] Internal PUT (replication): key='item:3351'
[dc1_node2] CONFLICT detected for key='item:3351', siblings=10
[dc1_node2] Replicated to localhost:50086
[dc1_node2] Saved 95 keys to disk
[dc1_node2] Internal PUT (replication): key='item:1011'
[dc1_node2] CONFLICT detected for key='item:1011', siblings=9
[dc1_node2] Client GET: key='item:0466'
[dc1_node2] Reading from preference list: ['localhost:50214', 'localhost:50240']
[dc1_node2] Replicated to localhost:50119
[dc1_node2] W-quorum achieved (2 writes), returning to client
[dc1_node2] Background replication continues for remaining nodes
[dc1_node2] Successful writes: 2/3
[dc1_node2] Replicated to localhost:50199
[dc1_node2] Internal PUT (replication): key='item:2942'
[dc1_node2] Internal PUT (replication): key='item:2247'
[dc1_node2] Saved 95 keys to disk
[dc1_node2] Key='item:0466' not found
[dc1_node2] Retrieved key='item:4865', versions=7
[dc1_node2] CONFLICT detected for key='item:2942', siblings=9
[dc1_node2] Internal PUT (replication): key='item:2247'
[dc1_node2] Saved 95 keys to disk
[dc1_node2] CONFLICT detected for key='item:2247', siblings=13
[dc1_node2] Saved 95 keys to disk
[dc1_node2] CONFLICT detected for key='item:2247', siblings=14
[dc1_node2] Saved 95 keys to disk
[dc1_node2] Internal PUT (replication): key='item:1037'
[dc1_node2] CONFLICT detected for key='item:1037', siblings=8
[dc1_node2] Client PUT: key='item:3840', value='value_3840_update_client43_op1255'
[dc1_node2] Preference list for 'item:3840': ['localhost:50075', 'localhost:50146', 'localhost:50094']
[dc1_node2] Coordinator NOT in preference list, forwarding only
[dc1_node2] CONFLICT: 17 sibling versions for 'item:0466'
[dc1_node2] Saved 95 keys to disk
[dc1_node2] Replicated to localhost:50094
[dc1_node2] Replicated to localhost:50146
[dc1_node2] W-quorum achieved (2 writes), returning to client
[dc1_node2] Background replication continues for remaining nodes
[dc1_node2] Successful writes: 2/3
[dc1_node2] Replicated to localhost:50075
[dc1_node2] Internal PUT (replication): key='item:0883'
[dc1_node2] CONFLICT detected for key='item:0883', siblings=12
[dc1_node2] Internal PUT (replication): key='item:3776'
[dc1_node2] Saved 95 keys to disk
[dc1_node2] CONFLICT detected for key='item:3776', siblings=13
[dc1_node2] Saved 95 keys to disk
[dc1_node2] Client GET: key='item:2842'
[dc1_node2] Reading from preference list: ['localhost:50125', 'localhost:50075']
[dc1_node2] Key='item:2842' not found
[dc1_node2] CONFLICT: 24 sibling versions for 'item:2842'
[dc1_node2] Internal PUT (replication): key='item:3551'
[dc1_node2] CONFLICT detected for key='item:3551', siblings=9
[dc1_node2] Internal PUT (replication): key='item:3195'
[dc1_node2] Internal PUT (replication): key='item:1873'
[dc1_node2] Saved 95 keys to disk
[dc1_node2] CONFLICT detected for key='item:3195', siblings=7
[dc1_node2] Saved 95 keys to disk
[dc1_node2] CONFLICT detected for key='item:1873', siblings=8
[dc1_node2] Saved 95 keys to disk
[dc1_node2] Client GET: key='item:1340'
[dc1_node2] Reading from preference list: ['localhost:50204', 'localhost:50072']
[dc1_node2] Key='item:1340' not found
[dc1_node2] Client GET: key='item:3863'
[dc1_node2] Reading from preference list: ['localhost:50188', 'localhost:50217']
[dc1_node2] Key='item:3863' not found
[dc1_node2] CONFLICT: 14 sibling versions for 'item:3863'
[dc1_node2] Internal PUT (replication): key='item:2466'
[dc1_node2] CONFLICT detected for key='item:2466', siblings=16
[dc1_node2] Internal PUT (replication): key='item:3602'
[dc1_node2] CONFLICT: 14 sibling versions for 'item:1340'
[dc1_node2] Saved 95 keys to disk
[dc1_node2] CONFLICT detected for key='item:3602', siblings=10
[dc1_node2] Saved 95 keys to disk
[dc1_node2] Client GET: key='item:3822'
[dc1_node2] Reading from preference list: ['localhost:50187', 'localhost:50092']
[dc1_node2] Key='item:3822' not found
[dc1_node2] CONFLICT: 15 sibling versions for 'item:3822'
[dc1_node2] Retrieved key='item:2482', versions=4
[dc1_node2] Internal PUT (replication): key='item:2473'
[dc1_node2] CONFLICT detected for key='item:2473', siblings=12
[dc1_node2] Saved 95 keys to disk
[dc1_node2] Retrieved key='item:2805', versions=11
[dc1_node2] Retrieved key='item:4636', versions=13
[dc1_node2] Client GET: key='item:1013'
[dc1_node2] Reading from preference list: ['localhost:50156', 'localhost:50098']
[dc1_node2] Key='item:1013' not found
[dc1_node2] CONFLICT: 14 sibling versions for 'item:1013'
[dc1_node2] Internal PUT (replication): key='item:4056'
[dc1_node2] CONFLICT detected for key='item:4056', siblings=13
[dc1_node2] Saved 95 keys to disk
[dc1_node2] Retrieved key='item:4196', versions=11
[dc1_node2] Internal PUT (replication): key='item:0693'
[dc1_node2] CONFLICT detected for key='item:0693', siblings=8
[dc1_node2] Internal PUT (replication): key='item:2466'
[dc1_node2] Saved 95 keys to disk
[dc1_node2] CONFLICT detected for key='item:2466', siblings=17
[dc1_node2] Internal PUT (replication): key='item:4549'
[dc1_node2] Internal PUT (replication): key='item:4196'
[dc1_node2] Internal PUT (replication): key='item:3982'
[dc1_node2] Saved 95 keys to disk
[dc1_node2] CONFLICT detected for key='item:4549', siblings=14
[dc1_node2] Saved 95 keys to disk
[dc1_node2] CONFLICT detected for key='item:4196', siblings=12
[dc1_node2] Saved 95 keys to disk
[dc1_node2] CONFLICT detected for key='item:3982', siblings=11
[dc1_node2] Saved 95 keys to disk
[dc1_node2] Retrieved key='item:0299', versions=16
[dc1_node2] Internal PUT (replication): key='item:1641'
[dc1_node2] CONFLICT detected for key='item:1641', siblings=7
[dc1_node2] Saved 95 keys to disk
[dc1_node2] Client PUT: key='item:4344', value='value_4344_client25_op1274'
[dc1_node2] Preference list for 'item:4344': ['localhost:50165', 'localhost:50096', 'localhost:50207']
[dc1_node2] Coordinator NOT in preference list, forwarding only
[dc1_node2] Replicated to localhost:50165
[dc1_node2] Replicated to localhost:50207
[dc1_node2] W-quorum achieved (2 writes), returning to client
[dc1_node2] Background replication continues for remaining nodes
[dc1_node2] Successful writes: 2/3
[dc1_node2] Replicated to localhost:50096
[dc1_node2] Internal PUT (replication): key='item:2783'
[dc1_node2] CONFLICT detected for key='item:2783', siblings=11
[dc1_node2] Saved 95 keys to disk
[dc1_node2] Internal PUT (replication): key='item:3815'
[dc1_node2] CONFLICT detected for key='item:3815', siblings=8
[dc1_node2] Saved 95 keys to disk
[dc1_node2] Internal PUT (replication): key='item:4454'
[dc1_node2] CONFLICT detected for key='item:4454', siblings=12
[dc1_node2] Saved 95 keys to disk
[dc1_node2] Client GET: key='item:3373'
[dc1_node2] Reading from preference list: ['localhost:50184', 'localhost:50130']
[dc1_node2] Key='item:3373' not found
[dc1_node2] CONFLICT: 28 sibling versions for 'item:3373'
[dc1_node2] Retrieved key='item:3227', versions=7
[dc1_node2] Retrieved key='item:2466', versions=17
[dc1_node2] Internal PUT (replication): key='item:1641'
[dc1_node2] CONFLICT detected for key='item:1641', siblings=8
[dc1_node2] Internal PUT (replication): key='item:1676'
[dc1_node2] Internal PUT (replication): key='item:2466'
[dc1_node2] Saved 95 keys to disk
[dc1_node2] CONFLICT detected for key='item:1676', siblings=13
[dc1_node2] Saved 95 keys to disk
[dc1_node2] CONFLICT detected for key='item:2466', siblings=18
[dc1_node2] Saved 95 keys to disk
[dc1_node2] Internal PUT (replication): key='item:0738'
[dc1_node2] CONFLICT detected for key='item:0738', siblings=8
[dc1_node2] Saved 95 keys to disk
[dc1_node2] Retrieved key='item:3260', versions=7
[dc1_node2] Retrieved key='item:0071', versions=3
[dc1_node2] Retrieved key='item:1873', versions=8
[dc1_node2] Internal PUT (replication): key='item:3436'
[dc1_node2] CONFLICT detected for key='item:3436', siblings=8
[dc1_node2] Saved 95 keys to disk
[dc1_node2] Internal PUT (replication): key='item:3829'
[dc1_node2] CONFLICT detected for key='item:3829', siblings=16
[dc1_node2] Internal PUT (replication): key='item:3436'
[dc1_node2] Saved 95 keys to disk
[dc1_node2] CONFLICT detected for key='item:3436', siblings=9
[dc1_node2] Client PUT: key='item:4332', value='value_4332_client18_op1283'
[dc1_node2] Preference list for 'item:4332': ['localhost:50104', 'localhost:50174', 'localhost:50240']
[dc1_node2] Coordinator NOT in preference list, forwarding only
[dc1_node2] Replicated to localhost:50104
[dc1_node2] Saved 95 keys to disk
[dc1_node2] Replicated to localhost:50174
[dc1_node2] W-quorum achieved (2 writes), returning to client
[dc1_node2] Background replication continues for remaining nodes
[dc1_node2] Successful writes: 2/3
[dc1_node2] Retrieved key='item:0071', versions=3
[dc1_node2] Replicated to localhost:50240
[dc1_node2] Internal PUT (replication): key='item:1873'
[dc1_node2] CONFLICT detected for key='item:1873', siblings=9
[dc1_node2] Saved 95 keys to disk
[dc1_node2] Client GET: key='item:3140'
[dc1_node2] Reading from preference list: ['localhost:50125', 'localhost:50179']
[dc1_node2] Key='item:3140' not found
[dc1_node2] CONFLICT: 16 sibling versions for 'item:3140'
[dc1_node2] Retrieved key='item:0408', versions=8
[dc1_node2] Internal PUT (replication): key='item:2489'
[dc1_node2] CONFLICT detected for key='item:2489', siblings=11
[dc1_node2] Saved 95 keys to disk
[dc1_node2] Internal PUT (replication): key='item:2489'
[dc1_node2] CONFLICT detected for key='item:2489', siblings=12
[dc1_node2] Saved 95 keys to disk
[dc1_node2] Internal PUT (replication): key='item:0548'
[dc1_node2] CONFLICT detected for key='item:0548', siblings=11
[dc1_node2] Client PUT: key='item:0090', value='value_90_update_client47_op1265'
[dc1_node2] Preference list for 'item:0090': ['localhost:50155', 'localhost:50217', 'localhost:50096']
[dc1_node2] Coordinator NOT in preference list, forwarding only
[dc1_node2] Saved 95 keys to disk
[dc1_node2] Replicated to localhost:50096
[dc1_node2] Client GET: key='item:4005'
[dc1_node2] Reading from preference list: ['localhost:50231', 'localhost:50059']
[dc1_node2] Key='item:4005' not found
[dc1_node2] CONFLICT: 17 sibling versions for 'item:4005'
[dc1_node2] Replicated to localhost:50217
[dc1_node2] W-quorum achieved (2 writes), returning to client
[dc1_node2] Background replication continues for remaining nodes
[dc1_node2] Successful writes: 2/3
[dc1_node2] Internal PUT (replication): key='item:3776'
[dc1_node2] CONFLICT detected for key='item:3776', siblings=13
[dc1_node2] Replicated to localhost:50155
[dc1_node2] Internal PUT (replication): key='item:2976'
[dc1_node2] Saved 95 keys to disk
[dc1_node2] CONFLICT detected for key='item:2976', siblings=7
[dc1_node2] Saved 95 keys to disk
[dc1_node2] Internal PUT (replication): key='item:2440'
[dc1_node2] CONFLICT detected for key='item:2440', siblings=13
[dc1_node2] Client PUT: key='item:2701', value='value_2701_update_client17_op1304'
[dc1_node2] Preference list for 'item:2701': ['localhost:50068', 'localhost:50140', 'localhost:50178']
[dc1_node2] Coordinator NOT in preference list, forwarding only
[dc1_node2] Saved 95 keys to disk
[dc1_node2] Replicated to localhost:50068
[dc1_node2] Internal PUT (replication): key='item:2942'
[dc1_node2] CONFLICT detected for key='item:2942', siblings=10
[dc1_node2] Replicated to localhost:50140
[dc1_node2] W-quorum achieved (2 writes), returning to client
[dc1_node2] Background replication continues for remaining nodes
[dc1_node2] Successful writes: 2/3
[dc1_node2] Replicated to localhost:50178
[dc1_node2] Saved 95 keys to disk
[dc1_node2] Client GET: key='item:0171'
[dc1_node2] Reading from preference list: ['localhost:50092', 'localhost:50197']
[dc1_node2] Key='item:0171' not found
[dc1_node2] CONFLICT: 26 sibling versions for 'item:0171'
[dc1_node2] Internal PUT (replication): key='item:3991'
[dc1_node2] CONFLICT detected for key='item:3991', siblings=9
[dc1_node2] Saved 95 keys to disk
[dc1_node2] Internal PUT (replication): key='item:2611'
[dc1_node2] CONFLICT detected for key='item:2611', siblings=11
[dc1_node2] Saved 95 keys to disk
[dc1_node2] Retrieved key='item:2482', versions=4
[dc1_node2] Client PUT: key='item:3243', value='value_3243_client48_op1309'
[dc1_node2] Preference list for 'item:3243': ['localhost:50209', 'localhost:50104', 'localhost:50121']
[dc1_node2] Coordinator NOT in preference list, forwarding only
[dc1_node2] Replicated to localhost:50121
[dc1_node2] Replicated to localhost:50209
[dc1_node2] W-quorum achieved (2 writes), returning to client
[dc1_node2] Background replication continues for remaining nodes
[dc1_node2] Successful writes: 2/3
[dc1_node2] Retrieved key='item:2805', versions=11
[dc1_node2] Replicated to localhost:50104
[dc1_node2] Client GET: key='item:2603'
[dc1_node2] Reading from preference list: ['localhost:50114', 'localhost:50177']
[dc1_node2] Key='item:2603' not found
[dc1_node2] CONFLICT: 20 sibling versions for 'item:2603'
[dc1_node2] Internal PUT (replication): key='item:0844'
[dc1_node2] CONFLICT detected for key='item:0844', siblings=9
[dc1_node2] Client PUT: key='item:3978', value='value_3978_update_client41_op1297'
[dc1_node2] Preference list for 'item:3978': ['localhost:50195', 'localhost:50236', 'localhost:50054']
[dc1_node2] Coordinator NOT in preference list, forwarding only
[dc1_node2] Internal PUT (replication): key='item:1676'
[dc1_node2] Replicated to localhost:50195
[dc1_node2] Saved 95 keys to disk
[dc1_node2] CONFLICT detected for key='item:1676', siblings=14
[dc1_node2] Saved 95 keys to disk
[dc1_node2] Replicated to localhost:50236
[dc1_node2] Replicated to localhost:50054
[dc1_node2] W-quorum achieved (2 writes), returning to client
[dc1_node2] Background replication continues for remaining nodes
[dc1_node2] Successful writes: 3/3
[dc1_node2] Retrieved key='item:3866', versions=14
[dc1_node2] Retrieved key='item:4397', versions=5
[dc1_node2] Retrieved key='item:1739', versions=9
[dc1_node2] Client PUT: key='item:4330', value='value_4330_update_client37_op1306'
[dc1_node2] Preference list for 'item:4330': ['localhost:50068', 'localhost:50096', 'localhost:50155']
[dc1_node2] Coordinator NOT in preference list, forwarding only
[dc1_node2] Replicated to localhost:50068
[dc1_node2] Internal PUT (replication): key='item:4341'
[dc1_node2] CONFLICT detected for key='item:4341', siblings=8
[dc1_node2] Replicated to localhost:50096
[dc1_node2] W-quorum achieved (2 writes), returning to client
[dc1_node2] Background replication continues for remaining nodes
[dc1_node2] Successful writes: 2/3
[dc1_node2] Saved 95 keys to disk
[dc1_node2] Replicated to localhost:50155
[dc1_node2] Internal PUT (replication): key='item:1641'
[dc1_node2] CONFLICT detected for key='item:1641', siblings=9
[dc1_node2] Saved 95 keys to disk
[dc1_node2] Retrieved key='item:0015', versions=12
[dc1_node2] Internal PUT (replication): key='item:3521'
[dc1_node2] CONFLICT detected for key='item:3521', siblings=14
[dc1_node2] Saved 95 keys to disk
[dc1_node2] Internal PUT (replication): key='item:3746'
[dc1_node2] CONFLICT detected for key='item:3746', siblings=8
[dc1_node2] Saved 95 keys to disk
[dc1_node2] Internal PUT (replication): key='item:0020'
[dc1_node2] CONFLICT detected for key='item:0020', siblings=14
[dc1_node2] Saved 95 keys to disk
[dc1_node2] Client PUT: key='item:4894', value='value_4894_update_client24_op1328'
[dc1_node2] Preference list for 'item:4894': ['localhost:50129', 'localhost:50160', 'localhost:50080']
[dc1_node2] Coordinator NOT in preference list, forwarding only
[dc1_node2] Replicated to localhost:50160
[dc1_node2] Replicated to localhost:50129
[dc1_node2] W-quorum achieved (2 writes), returning to client
[dc1_node2] Background replication continues for remaining nodes
[dc1_node2] Successful writes: 2/3
[dc1_node2] Replicated to localhost:50080
[dc1_node2] Internal PUT (replication): key='item:2482'
[dc1_node2] CONFLICT detected for key='item:2482', siblings=4
[dc1_node2] Saved 95 keys to disk
[dc1_node2] Retrieved key='item:4865', versions=7
[dc1_node2] Internal PUT (replication): key='item:2986'
[dc1_node2] CONFLICT detected for key='item:2986', siblings=9
[dc1_node2] Saved 95 keys to disk
[dc1_node2] Retrieved key='item:3563', versions=9
[dc1_node2] Client GET: key='item:3887'
[dc1_node2] Reading from preference list: ['localhost:50206', 'localhost:50085']
[dc1_node2] Key='item:3887' not found
[dc1_node2] CONFLICT: 16 sibling versions for 'item:3887'
[dc1_node2] Client PUT: key='item:4557', value='value_4557_update_client24_op1334'
[dc1_node2] Preference list for 'item:4557': ['localhost:50097', 'localhost:50203', 'localhost:50218']
[dc1_node2] Coordinator NOT in preference list, forwarding only
[dc1_node2] Replicated to localhost:50097
[dc1_node2] Replicated to localhost:50218
[dc1_node2] W-quorum achieved (2 writes), returning to client
[dc1_node2] Background replication continues for remaining nodes
[dc1_node2] Successful writes: 2/3
[dc1_node2] Replicated to localhost:50203
[dc1_node2] Internal PUT (replication): key='item:0844'
[dc1_node2] CONFLICT detected for key='item:0844', siblings=10
[dc1_node2] Saved 95 keys to disk
[dc1_node2] Internal PUT (replication): key='item:2653'
[dc1_node2] CONFLICT detected for key='item:2653', siblings=7
[dc1_node2] Saved 95 keys to disk
[dc1_node2] Internal PUT (replication): key='item:1252'
[dc1_node2] CONFLICT detected for key='item:1252', siblings=8
[dc1_node2] Internal PUT (replication): key='item:4454'
[dc1_node2] Saved 95 keys to disk
[dc1_node2] CONFLICT detected for key='item:4454', siblings=13
[dc1_node2] Saved 95 keys to disk
[dc1_node2] Retrieved key='item:0309', versions=11
[dc1_node2] Internal PUT (replication): key='item:0071'
[dc1_node2] CONFLICT detected for key='item:0071', siblings=4
[dc1_node2] Saved 95 keys to disk
[dc1_node2] Retrieved key='item:0015', versions=12
[dc1_node2] Retrieved key='item:1739', versions=9
[dc1_node2] Internal PUT (replication): key='item:2482'
[dc1_node2] CONFLICT detected for key='item:2482', siblings=5
[dc1_node2] Saved 95 keys to disk
[dc1_node2] Client PUT: key='item:2569', value='value_2569_client20_op1340'
[dc1_node2] Preference list for 'item:2569': ['localhost:50225', 'localhost:50185', 'localhost:50209']
[dc1_node2] Coordinator NOT in preference list, forwarding only
[dc1_node2] Client PUT: key='item:1748', value='value_1748_client31_op1312'
[dc1_node2] Preference list for 'item:1748': ['localhost:50125', 'localhost:50163', 'localhost:50229']
[dc1_node2] Coordinator NOT in preference list, forwarding only
[dc1_node2] Replicated to localhost:50225
[dc1_node2] Replicated to localhost:50209
[dc1_node2] W-quorum achieved (2 writes), returning to client
[dc1_node2] Background replication continues for remaining nodes
[dc1_node2] Successful writes: 2/3
[dc1_node2] Replicated to localhost:50229
[dc1_node2] Replicated to localhost:50163
[dc1_node2] W-quorum achieved (2 writes), returning to client
[dc1_node2] Background replication continues for remaining nodes
[dc1_node2] Successful writes: 2/3
[dc1_node2] Internal PUT (replication): key='item:4549'
[dc1_node2] CONFLICT detected for key='item:4549', siblings=15
[dc1_node2] Saved 95 keys to disk
[dc1_node2] Retrieved key='item:0299', versions=16
[dc1_node2] Replicated to localhost:50125
[dc1_node2] Replicated to localhost:50185
[dc1_node2] Client PUT: key='item:4702', value='value_4702_update_client9_op1326'
[dc1_node2] Preference list for 'item:4702': ['localhost:50233', 'localhost:50152', 'localhost:50099']
[dc1_node2] Coordinator NOT in preference list, forwarding only
[dc1_node2] Replicated to localhost:50099
[dc1_node2] Internal PUT (replication): key='item:2473'
[dc1_node2] CONFLICT detected for key='item:2473', siblings=13
[dc1_node2] Replicated to localhost:50152
[dc1_node2] W-quorum achieved (2 writes), returning to client
[dc1_node2] Background replication continues for remaining nodes
[dc1_node2] Successful writes: 2/3
[dc1_node2] Saved 95 keys to disk
[dc1_node2] Retrieved key='item:2473', versions=13
[dc1_node2] Retrieved key='item:0309', versions=11
[dc1_node2] Replicated to localhost:50233
[dc1_node2] Internal PUT (replication): key='item:0020'
[dc1_node2] CONFLICT detected for key='item:0020', siblings=15
[dc1_node2] Saved 95 keys to disk
[dc1_node2] Retrieved key='item:3866', versions=14
[dc1_node2] Client GET: key='item:4619'
[dc1_node2] Reading from preference list: ['localhost:50229', 'localhost:50195']
[dc1_node2] Key='item:4619' not found
[dc1_node2] CONFLICT: 14 sibling versions for 'item:4619'
[dc1_node2] Client GET: key='item:0346'
[dc1_node2] Reading from preference list: ['localhost:50054', 'localhost:50175']
[dc1_node2] Key='item:0346' not found
[dc1_node2] CONFLICT: 16 sibling versions for 'item:0346'
[dc1_node2] Internal PUT (replication): key='item:3866'
[dc1_node2] CONFLICT detected for key='item:3866', siblings=15
[dc1_node2] Saved 95 keys to disk
[dc1_node2] Retrieved key='item:3815', versions=8
[dc1_node2] Retrieved key='item:2431', versions=11
[dc1_node2] Internal PUT (replication): key='item:0354'
[dc1_node2] CONFLICT detected for key='item:0354', siblings=15
[dc1_node2] Saved 95 keys to disk
[dc1_node2] Internal PUT (replication): key='item:2247'
[dc1_node2] CONFLICT detected for key='item:2247', siblings=15
[dc1_node2] Internal PUT (replication): key='item:0020'
[dc1_node2] Internal PUT (replication): key='item:3102'
[dc1_node2] Internal PUT (replication): key='item:3776'
[dc1_node2] Client GET: key='item:1195'
[dc1_node2] Reading from preference list: ['localhost:50183', 'localhost:50099']
[dc1_node2] Saved 95 keys to disk
[dc1_node2] CONFLICT detected for key='item:0020', siblings=16
[dc1_node2] Saved 95 keys to disk
[dc1_node2] CONFLICT detected for key='item:3102', siblings=5
[dc1_node2] Internal PUT (replication): key='item:4744'
[dc1_node2] Saved 95 keys to disk
[dc1_node2] CONFLICT detected for key='item:3776', siblings=14
[dc1_node2] Saved 95 keys to disk
[dc1_node2] Key='item:1195' not found
[dc1_node2] CONFLICT detected for key='item:4744', siblings=4
[dc1_node2] CONFLICT: 20 sibling versions for 'item:1195'
[dc1_node2] Saved 95 keys to disk
[dc1_node2] Retrieved key='item:2466', versions=18
[dc1_node2] Client PUT: key='item:3176', value='value_3176_update_client27_op1360'
[dc1_node2] Preference list for 'item:3176': ['localhost:50085', 'localhost:50108', 'localhost:50125']
[dc1_node2] Coordinator NOT in preference list, forwarding only
[dc1_node2] Replicated to localhost:50108
[dc1_node2] Internal PUT (replication): key='item:4056'
[dc1_node2] CONFLICT detected for key='item:4056', siblings=14
[dc1_node2] Replicated to localhost:50085
[dc1_node2] W-quorum achieved (2 writes), returning to client
[dc1_node2] Background replication continues for remaining nodes
[dc1_node2] Successful writes: 2/3
[dc1_node2] Internal PUT (replication): key='item:3866'
[dc1_node2] Client GET: key='item:3337'
[dc1_node2] Reading from preference list: ['localhost:50199', 'localhost:50121']
[dc1_node2] Replicated to localhost:50125
[dc1_node2] Saved 95 keys to disk
[dc1_node2] Retrieved key='item:0299', versions=16
[dc1_node2] CONFLICT detected for key='item:3866', siblings=16
[dc1_node2] Saved 95 keys to disk
[dc1_node2] Key='item:3337' not found
[dc1_node2] CONFLICT: 10 sibling versions for 'item:3337'
[dc1_node2] Internal PUT (replication): key='item:2994'
[dc1_node2] CONFLICT detected for key='item:2994', siblings=10
[dc1_node2] Saved 95 keys to disk
[dc1_node2] Internal PUT (replication): key='item:3866'
[dc1_node2] CONFLICT detected for key='item:3866', siblings=17
[dc1_node2] Client PUT: key='item:1448', value='value_1448_client12_op1395'
[dc1_node2] Preference list for 'item:1448': ['localhost:50109', 'localhost:50123', 'localhost:50171']
[dc1_node2] Coordinator NOT in preference list, forwarding only
[dc1_node2] Saved 95 keys to disk
[dc1_node2] Replicated to localhost:50123
[dc1_node2] Replicated to localhost:50109
[dc1_node2] Replicated to localhost:50171
[dc1_node2] W-quorum achieved (2 writes), returning to client
[dc1_node2] Background replication continues for remaining nodes
[dc1_node2] Successful writes: 3/3
[dc1_node2] Internal PUT (replication): key='item:4570'
[dc1_node2] CONFLICT detected for key='item:4570', siblings=10
[dc1_node2] Saved 95 keys to disk
[dc1_node2] Internal PUT (replication): key='item:3746'
[dc1_node2] CONFLICT detected for key='item:3746', siblings=9
[dc1_node2] Saved 95 keys to disk
[dc1_node2] Internal PUT (replication): key='item:1857'
[dc1_node2] CONFLICT detected for key='item:1857', siblings=16
[dc1_node2] Saved 95 keys to disk
[dc1_node2] Internal PUT (replication): key='item:3815'
[dc1_node2] CONFLICT detected for key='item:3815', siblings=9
[dc1_node2] Saved 95 keys to disk
[dc1_node2] Internal PUT (replication): key='item:3068'
[dc1_node2] CONFLICT detected for key='item:3068', siblings=14
[dc1_node2] Internal PUT (replication): key='item:1834'
[dc1_node2] Saved 95 keys to disk
[dc1_node2] CONFLICT detected for key='item:1834', siblings=14
[dc1_node2] Saved 95 keys to disk
[dc1_node2] Client GET: key='item:2255'
[dc1_node2] Reading from preference list: ['localhost:50139', 'localhost:50210']
[dc1_node2] Key='item:2255' not found
[dc1_node2] CONFLICT: 13 sibling versions for 'item:2255'
[dc1_node2] Internal PUT (replication): key='item:3746'
[dc1_node2] CONFLICT detected for key='item:3746', siblings=10
[dc1_node2] Saved 95 keys to disk
[dc1_node2] Internal PUT (replication): key='item:0693'
[dc1_node2] CONFLICT detected for key='item:0693', siblings=9
[dc1_node2] Saved 95 keys to disk
[dc1_node2] Internal PUT (replication): key='item:1107'
[dc1_node2] CONFLICT detected for key='item:1107', siblings=6
[dc1_node2] Saved 95 keys to disk
[dc1_node2] Client GET: key='item:1551'
[dc1_node2] Reading from preference list: ['localhost:50161', 'localhost:50095']
[dc1_node2] Key='item:1551' not found
[dc1_node2] CONFLICT: 22 sibling versions for 'item:1551'
[dc1_node2] Retrieved key='item:4397', versions=5
[dc1_node2] Internal PUT (replication): key='item:4454'
[dc1_node2] CONFLICT detected for key='item:4454', siblings=14
[dc1_node2] Saved 95 keys to disk
[dc1_node2] Client PUT: key='item:2653', value='value_2653_update_client28_op1377'
[dc1_node2] Preference list for 'item:2653': ['localhost:50190', 'localhost:50052', 'localhost:50137']
[dc1_node2] CONFLICT detected for key='item:2653', siblings=8
[dc1_node2] Saved 95 keys to disk
[dc1_node2] Coordinator IS in preference list, stored locally
[dc1_node2] Retrieved key='item:0998', versions=7
[dc1_node2] Replicated to localhost:50137
[dc1_node2] W-quorum achieved (2 writes), returning to client
[dc1_node2] Background replication continues for remaining nodes
[dc1_node2] Successful writes: 2/3
[dc1_node2] Replicated to localhost:50190
[dc1_node2] Client PUT: key='item:2883', value='value_2883_update_client29_op1384'
[dc1_node2] Preference list for 'item:2883': ['localhost:50113', 'localhost:50248', 'localhost:50098']
[dc1_node2] Coordinator NOT in preference list, forwarding only
[dc1_node2] Internal PUT (replication): key='item:4065'
[dc1_node2] CONFLICT detected for key='item:4065', siblings=2
[dc1_node2] Replicated to localhost:50098
[dc1_node2] Replicated to localhost:50248
[dc1_node2] W-quorum achieved (2 writes), returning to client
[dc1_node2] Background replication continues for remaining nodes
[dc1_node2] Successful writes: 2/3
[dc1_node2] Saved 95 keys to disk
[dc1_node2] Replicated to localhost:50113
[dc1_node2] Internal PUT (replication): key='item:4196'
[dc1_node2] CONFLICT detected for key='item:4196', siblings=13
[dc1_node2] Saved 95 keys to disk
[dc1_node2] Internal PUT (replication): key='item:0497'
[dc1_node2] CONFLICT detected for key='item:0497', siblings=15
[dc1_node2] Saved 95 keys to disk
[dc1_node2] Retrieved key='item:0998', versions=7
[dc1_node2] Client PUT: key='item:1222', value='value_1222_update_client5_op1393'
[dc1_node2] Preference list for 'item:1222': ['localhost:50129', 'localhost:50060', 'localhost:50220']
[dc1_node2] Coordinator NOT in preference list, forwarding only
[dc1_node2] Replicated to localhost:50060
[dc1_node2] Replicated to localhost:50220
[dc1_node2] W-quorum achieved (2 writes), returning to client
[dc1_node2] Background replication continues for remaining nodes
[dc1_node2] Successful writes: 2/3
[dc1_node2] Client PUT: key='item:3543', value='value_3543_update_client33_op1347'
[dc1_node2] Preference list for 'item:3543': ['localhost:50236', 'localhost:50076', 'localhost:50092']
[dc1_node2] Coordinator NOT in preference list, forwarding only
[dc1_node2] Replicated to localhost:50129
[dc1_node2] Replicated to localhost:50236
[dc1_node2] Retrieved key='item:3227', versions=7
[dc1_node2] Replicated to localhost:50076
[dc1_node2] W-quorum achieved (2 writes), returning to client
[dc1_node2] Background replication continues for remaining nodes
[dc1_node2] Successful writes: 2/3
[dc1_node2] Replicated to localhost:50092
[dc1_node2] Internal PUT (replication): key='item:2994'
[dc1_node2] CONFLICT detected for key='item:2994', siblings=11
[dc1_node2] Client PUT: key='item:2652', value='value_2652_update_client27_op1386'
[dc1_node2] Preference list for 'item:2652': ['localhost:50152', 'localhost:50188', 'localhost:50059']
[dc1_node2] Coordinator NOT in preference list, forwarding only
[dc1_node2] Replicated to localhost:50152
[dc1_node2] Replicated to localhost:50188
[dc1_node2] W-quorum achieved (2 writes), returning to client
[dc1_node2] Background replication continues for remaining nodes
[dc1_node2] Successful writes: 2/3
[dc1_node2] Saved 95 keys to disk
[dc1_node2] Replicated to localhost:50059
[dc1_node2] Internal PUT (replication): key='item:0693'
[dc1_node2] CONFLICT detected for key='item:0693', siblings=10
[dc1_node2] Saved 95 keys to disk
[dc1_node2] Internal PUT (replication): key='item:0738'
[dc1_node2] CONFLICT detected for key='item:0738', siblings=9
[dc1_node2] Saved 95 keys to disk
[dc1_node2] Internal PUT (replication): key='item:1641'
[dc1_node2] CONFLICT detected for key='item:1641', siblings=10
[dc1_node2] Internal PUT (replication): key='item:0525'
[dc1_node2] Internal PUT (replication): key='item:0615'
[dc1_node2] Internal PUT (replication): key='item:1033'
[dc1_node2] Saved 95 keys to disk
[dc1_node2] Retrieved key='item:0615', versions=13
[dc1_node2] CONFLICT detected for key='item:0525', siblings=7
[dc1_node2] Saved 95 keys to disk
[dc1_node2] Retrieved key='item:1661', versions=13
[dc1_node2] CONFLICT detected for key='item:0615', siblings=14
[dc1_node2] Saved 95 keys to disk
[dc1_node2] CONFLICT detected for key='item:1033', siblings=9
[dc1_node2] Client PUT: key='item:0034', value='value_34_client31_op1365'
[dc1_node2] Preference list for 'item:0034': ['localhost:50218', 'localhost:50172', 'localhost:50136']
[dc1_node2] Coordinator NOT in preference list, forwarding only
[dc1_node2] Saved 95 keys to disk
[dc1_node2] Replicated to localhost:50172
[dc1_node2] Retrieved key='item:2247', versions=15
[dc1_node2] Replicated to localhost:50136
[dc1_node2] W-quorum achieved (2 writes), returning to client
[dc1_node2] Background replication continues for remaining nodes
[dc1_node2] Successful writes: 2/3
[dc1_node2] Replicated to localhost:50218
[dc1_node2] Internal PUT (replication): key='item:2805'
[dc1_node2] CONFLICT detected for key='item:2805', siblings=12
[dc1_node2] Internal PUT (replication): key='item:1107'
[dc1_node2] Saved 95 keys to disk
[dc1_node2] CONFLICT detected for key='item:1107', siblings=7
[dc1_node2] Saved 95 keys to disk
[dc1_node2] Internal PUT (replication): key='item:0548'
[dc1_node2] CONFLICT detected for key='item:0548', siblings=12
[dc1_node2] Saved 95 keys to disk
[dc1_node2] Internal PUT (replication): key='item:3938'
[dc1_node2] CONFLICT detected for key='item:3938', siblings=11
[dc1_node2] Client PUT: key='item:4454', value='value_4454_update_client1_op1386'
[dc1_node2] Preference list for 'item:4454': ['localhost:50190', 'localhost:50230', 'localhost:50052']
[dc1_node2] Saved 95 keys to disk
[dc1_node2] Retrieved key='item:1033', versions=9
[dc1_node2] CONFLICT detected for key='item:4454', siblings=15
[dc1_node2] Saved 95 keys to disk
[dc1_node2] Coordinator IS in preference list, stored locally
[dc1_node2] Internal PUT (replication): key='item:4549'
[dc1_node2] CONFLICT detected for key='item:4549', siblings=16
[dc1_node2] Replicated to localhost:50230
[dc1_node2] W-quorum achieved (2 writes), returning to client
[dc1_node2] Background replication continues for remaining nodes
[dc1_node2] Successful writes: 2/3
[dc1_node2] Replicated to localhost:50190
[dc1_node2] Saved 95 keys to disk
[dc1_node2] Client GET: key='item:2123'
[dc1_node2] Reading from preference list: ['localhost:50125', 'localhost:50084']
[dc1_node2] Key='item:2123' not found
[dc1_node2] CONFLICT: 22 sibling versions for 'item:2123'
[dc1_node2] Internal PUT (replication): key='item:3602'
[dc1_node2] CONFLICT detected for key='item:3602', siblings=11
[dc1_node2] Internal PUT (replication): key='item:2464'
[dc1_node2] Saved 95 keys to disk
[dc1_node2] CONFLICT detected for key='item:2464', siblings=6
[dc1_node2] Saved 95 keys to disk
[dc1_node2] Internal PUT (replication): key='item:0497'
[dc1_node2] CONFLICT detected for key='item:0497', siblings=16
[dc1_node2] Saved 95 keys to disk
[dc1_node2] Retrieved key='item:1811', versions=8
[dc1_node2] Internal PUT (replication): key='item:2473'
[dc1_node2] CONFLICT detected for key='item:2473', siblings=14
[dc1_node2] Internal PUT (replication): key='item:3563'
[dc1_node2] Saved 95 keys to disk
[dc1_node2] CONFLICT detected for key='item:3563', siblings=10
[dc1_node2] Saved 95 keys to disk
[dc1_node2] Client GET: key='item:2776'
[dc1_node2] Reading from preference list: ['localhost:50228', 'localhost:50128']
[dc1_node2] Key='item:2776' not found
[dc1_node2] Retrieved key='item:2431', versions=11
[dc1_node2] CONFLICT: 17 sibling versions for 'item:2776'
[dc1_node2] Internal PUT (replication): key='item:1857'
[dc1_node2] CONFLICT detected for key='item:1857', siblings=17
[dc1_node2] Client PUT: key='item:0448', value='value_448_client45_op1398'
[dc1_node2] Preference list for 'item:0448': ['localhost:50210', 'localhost:50143', 'localhost:50059']
[dc1_node2] Coordinator NOT in preference list, forwarding only
[dc1_node2] Replicated to localhost:50059
[dc1_node2] Saved 95 keys to disk
[dc1_node2] Replicated to localhost:50143
[dc1_node2] Replicated to localhost:50210
[dc1_node2] W-quorum achieved (2 writes), returning to client
[dc1_node2] Background replication continues for remaining nodes
[dc1_node2] Successful writes: 3/3
[dc1_node2] Internal PUT (replication): key='item:3923'
[dc1_node2] CONFLICT detected for key='item:3923', siblings=12
[dc1_node2] Saved 95 keys to disk
[dc1_node2] Internal PUT (replication): key='item:0497'
[dc1_node2] CONFLICT detected for key='item:0497', siblings=17
[dc1_node2] Saved 95 keys to disk
[dc1_node2] Retrieved key='item:3521', versions=14
[dc1_node2] Retrieved key='item:2986', versions=9
[dc1_node2] Internal PUT (replication): key='item:0693'
[dc1_node2] CONFLICT detected for key='item:0693', siblings=11
[dc1_node2] Saved 95 keys to disk
[dc1_node2] Internal PUT (replication): key='item:0998'
[dc1_node2] CONFLICT detected for key='item:0998', siblings=8
[dc1_node2] Saved 95 keys to disk
[dc1_node2] Client PUT: key='item:4044', value='value_4044_client29_op1424'
[dc1_node2] Preference list for 'item:4044': ['localhost:50242', 'localhost:50230', 'localhost:50177']
[dc1_node2] Coordinator NOT in preference list, forwarding only
[dc1_node2] Replicated to localhost:50230
[dc1_node2] Replicated to localhost:50177
[dc1_node2] W-quorum achieved (2 writes), returning to client
[dc1_node2] Background replication continues for remaining nodes
[dc1_node2] Successful writes: 2/3
[dc1_node2] Replicated to localhost:50242
[dc1_node2] Internal PUT (replication): key='item:3866'
[dc1_node2] CONFLICT detected for key='item:3866', siblings=18
[dc1_node2] Saved 95 keys to disk
[dc1_node2] Internal PUT (replication): key='item:1011'
[dc1_node2] CONFLICT detected for key='item:1011', siblings=10
[dc1_node2] Client GET: key='item:1596'
[dc1_node2] Reading from preference list: ['localhost:50076', 'localhost:50114']
[dc1_node2] Saved 95 keys to disk
[dc1_node2] Key='item:1596' not found
[dc1_node2] Client GET: key='item:0944'
[dc1_node2] Reading from preference list: ['localhost:50103', 'localhost:50135']
[dc1_node2] Key='item:0944' not found
[dc1_node2] CONFLICT: 18 sibling versions for 'item:1596'
[dc1_node2] Retrieved key='item:2440', versions=13
[dc1_node2] Retrieved key='item:2805', versions=12
[dc1_node2] CONFLICT: 34 sibling versions for 'item:0944'
[dc1_node2] Client PUT: key='item:2206', value='value_2206_client13_op1438'
[dc1_node2] Preference list for 'item:2206': ['localhost:50173', 'localhost:50222', 'localhost:50054']
[dc1_node2] Coordinator NOT in preference list, forwarding only
[dc1_node2] Replicated to localhost:50222
[dc1_node2] Replicated to localhost:50054
[dc1_node2] W-quorum achieved (2 writes), returning to client
[dc1_node2] Background replication continues for remaining nodes
[dc1_node2] Successful writes: 2/3
[dc1_node2] Internal PUT (replication): key='item:4636'
[dc1_node2] CONFLICT detected for key='item:4636', siblings=14
[dc1_node2] Replicated to localhost:50173
[dc1_node2] Client GET: key='item:0673'
[dc1_node2] Reading from preference list: ['localhost:50111', 'localhost:50101']
[dc1_node2] Saved 95 keys to disk
[dc1_node2] Key='item:0673' not found
[dc1_node2] Retrieved key='item:2783', versions=11
[dc1_node2] CONFLICT: 22 sibling versions for 'item:0673'
[dc1_node2] Internal PUT (replication): key='item:2994'
[dc1_node2] CONFLICT detected for key='item:2994', siblings=12
[dc1_node2] Saved 95 keys to disk
[dc1_node2] Client PUT: key='item:3052', value='value_3052_update_client9_op1413'
[dc1_node2] Preference list for 'item:3052': ['localhost:50068', 'localhost:50075', 'localhost:50188']
[dc1_node2] Coordinator NOT in preference list, forwarding only
[dc1_node2] Replicated to localhost:50188
[dc1_node2] Internal PUT (replication): key='item:0883'
[dc1_node2] CONFLICT detected for key='item:0883', siblings=13
[dc1_node2] Internal PUT (replication): key='item:0071'
[dc1_node2] Client GET: key='item:4336'
[dc1_node2] Reading from preference list: ['localhost:50243', 'localhost:50115']
[dc1_node2] Internal PUT (replication): key='item:3521'
[dc1_node2] Internal PUT (replication): key='item:0354'
[dc1_node2] Internal PUT (replication): key='item:0998'
[dc1_node2] Replicated to localhost:50075
[dc1_node2] W-quorum achieved (2 writes), returning to client
[dc1_node2] Background replication continues for remaining nodes
[dc1_node2] Successful writes: 2/3
[dc1_node2] Saved 95 keys to disk
[dc1_node2] CONFLICT detected for key='item:0071', siblings=5
[dc1_node2] Saved 95 keys to disk
[dc1_node2] Key='item:4336' not found
[dc1_node2] CONFLICT detected for key='item:3521', siblings=15
[dc1_node2] Internal PUT (replication): key='item:0020'
[dc1_node2] Saved 95 keys to disk
[dc1_node2] CONFLICT detected for key='item:0354', siblings=16
[dc1_node2] Internal PUT (replication): key='item:2464'
[dc1_node2] Saved 95 keys to disk
[dc1_node2] CONFLICT detected for key='item:0998', siblings=9
[dc1_node2] CONFLICT: 12 sibling versions for 'item:4336'
[dc1_node2] Replicated to localhost:50068
[dc1_node2] Internal PUT (replication): key='item:1739'
[dc1_node2] Saved 95 keys to disk
[dc1_node2] CONFLICT detected for key='item:0020', siblings=17
[dc1_node2] Saved 95 keys to disk
[dc1_node2] CONFLICT detected for key='item:2464', siblings=7
[dc1_node2] Saved 95 keys to disk
[dc1_node2] CONFLICT detected for key='item:1739', siblings=10
[dc1_node2] Saved 95 keys to disk
[dc1_node2] Client PUT: key='item:3223', value='value_3223_client0_op1401'
[dc1_node2] Preference list for 'item:3223': ['localhost:50166', 'localhost:50075', 'localhost:50175']
[dc1_node2] Coordinator NOT in preference list, forwarding only
[dc1_node2] Replicated to localhost:50075
[dc1_node2] Retrieved key='item:2440', versions=13
[dc1_node2] Replicated to localhost:50166
[dc1_node2] W-quorum achieved (2 writes), returning to client
[dc1_node2] Background replication continues for remaining nodes
[dc1_node2] Successful writes: 2/3
[dc1_node2] Replicated to localhost:50175
[dc1_node2] Client PUT: key='item:4599', value='value_4599_update_client26_op1390'
[dc1_node2] Preference list for 'item:4599': ['localhost:50069', 'localhost:50138', 'localhost:50112']
[dc1_node2] Coordinator NOT in preference list, forwarding only
[dc1_node2] Retrieved key='item:2440', versions=13
[dc1_node2] Replicated to localhost:50138
[dc1_node2] Replicated to localhost:50112
[dc1_node2] Replicated to localhost:50069
[dc1_node2] W-quorum achieved (2 writes), returning to client
[dc1_node2] Background replication continues for remaining nodes
[dc1_node2] Successful writes: 3/3
[dc1_node2] Client PUT: key='item:3987', value='value_3987_update_client0_op1406'
[dc1_node2] Preference list for 'item:3987': ['localhost:50051', 'localhost:50134', 'localhost:50186']
[dc1_node2] Coordinator NOT in preference list, forwarding only
[dc1_node2] Replicated to localhost:50186
[dc1_node2] Internal PUT (replication): key='item:0309'
[dc1_node2] CONFLICT detected for key='item:0309', siblings=12
[dc1_node2] Replicated to localhost:50134
[dc1_node2] Saved 95 keys to disk
[dc1_node2] W-quorum achieved (2 writes), returning to client
[dc1_node2] Background replication continues for remaining nodes
[dc1_node2] Successful writes: 2/3
[dc1_node2] Replicated to localhost:50051
[dc1_node2] Internal PUT (replication): key='item:3866'
[dc1_node2] CONFLICT detected for key='item:3866', siblings=19
[dc1_node2] Client GET: key='item:4370'
[dc1_node2] Reading from preference list: ['localhost:50135', 'localhost:50195']
[dc1_node2] Saved 95 keys to disk
[dc1_node2] Key='item:4370' not found
[dc1_node2] Internal PUT (replication): key='item:1033'
[dc1_node2] CONFLICT detected for key='item:1033', siblings=10
[dc1_node2] CONFLICT: 22 sibling versions for 'item:4370'
[dc1_node2] Saved 95 keys to disk
[dc1_node2] Internal PUT (replication): key='item:2783'
[dc1_node2] CONFLICT detected for key='item:2783', siblings=12
[dc1_node2] Saved 95 keys to disk
[dc1_node2] Internal PUT (replication): key='item:4629'
[dc1_node2] CONFLICT detected for key='item:4629', siblings=9
[dc1_node2] Saved 95 keys to disk
[dc1_node2] Internal PUT (replication): key='item:1834'
[dc1_node2] CONFLICT detected for key='item:1834', siblings=15
[dc1_node2] Saved 95 keys to disk
[dc1_node2] Internal PUT (replication): key='item:0354'
[dc1_node2] CONFLICT detected for key='item:0354', siblings=17
[dc1_node2] Saved 95 keys to disk
[dc1_node2] Internal PUT (replication): key='item:1811'
[dc1_node2] CONFLICT detected for key='item:1811', siblings=9
[dc1_node2] Internal PUT (replication): key='item:0289'
[dc1_node2] Saved 95 keys to disk
[dc1_node2] CONFLICT detected for key='item:0289', siblings=12
[dc1_node2] Saved 95 keys to disk
[dc1_node2] Internal PUT (replication): key='item:1857'
[dc1_node2] CONFLICT detected for key='item:1857', siblings=18
[dc1_node2] Internal PUT (replication): key='item:0015'
[dc1_node2] Internal PUT (replication): key='item:1739'
[dc1_node2] Saved 95 keys to disk
[dc1_node2] CONFLICT detected for key='item:0015', siblings=13
[dc1_node2] Internal PUT (replication): key='item:3351'
[dc1_node2] Saved 95 keys to disk
[dc1_node2] CONFLICT detected for key='item:1739', siblings=11
[dc1_node2] Saved 95 keys to disk
[dc1_node2] CONFLICT detected for key='item:3351', siblings=11
[dc1_node2] Saved 95 keys to disk
[dc1_node2] Retrieved key='item:1834', versions=15
[dc1_node2] Internal PUT (replication): key='item:0693'
[dc1_node2] CONFLICT detected for key='item:0693', siblings=12
[dc1_node2] Saved 95 keys to disk
[dc1_node2] Client PUT: key='item:0513', value='value_513_client34_op1391'
[dc1_node2] Preference list for 'item:0513': ['localhost:50199', 'localhost:50161', 'localhost:50242']
[dc1_node2] Coordinator NOT in preference list, forwarding only
[dc1_node2] Replicated to localhost:50242
[dc1_node2] Replicated to localhost:50199
[dc1_node2] Internal PUT (replication): key='item:3563'
[dc1_node2] CONFLICT detected for key='item:3563', siblings=11
[dc1_node2] W-quorum achieved (2 writes), returning to client
[dc1_node2] Background replication continues for remaining nodes
[dc1_node2] Successful writes: 2/3
[dc1_node2] Internal PUT (replication): key='item:2466'
[dc1_node2] Internal PUT (replication): key='item:0693'
[dc1_node2] Replicated to localhost:50161
[dc1_node2] Saved 95 keys to disk
[dc1_node2] CONFLICT detected for key='item:2466', siblings=19
[dc1_node2] Saved 95 keys to disk
[dc1_node2] CONFLICT detected for key='item:0693', siblings=12
[dc1_node2] Saved 95 keys to disk
[dc1_node2] Retrieved key='item:2247', versions=15
[dc1_node2] Internal PUT (replication): key='item:2466'
[dc1_node2] CONFLICT detected for key='item:2466', siblings=19
[dc1_node2] Internal PUT (replication): key='item:3521'
[dc1_node2] Saved 95 keys to disk
[dc1_node2] CONFLICT detected for key='item:3521', siblings=16
[dc1_node2] Saved 95 keys to disk
[dc1_node2] Internal PUT (replication): key='item:3776'
[dc1_node2] CONFLICT detected for key='item:3776', siblings=15
[dc1_node2] Saved 95 keys to disk
[dc1_node2] Client PUT: key='item:0494', value='value_494_client16_op1457'
[dc1_node2] Preference list for 'item:0494': ['localhost:50125', 'localhost:50078', 'localhost:50235']
[dc1_node2] Coordinator NOT in preference list, forwarding only
[dc1_node2] Replicated to localhost:50078
[dc1_node2] Client GET: key='item:4822'
[dc1_node2] Reading from preference list: ['localhost:50106', 'localhost:50140']
[dc1_node2] Key='item:4822' not found
[dc1_node2] Replicated to localhost:50235
[dc1_node2] W-quorum achieved (2 writes), returning to client
[dc1_node2] Background replication continues for remaining nodes
[dc1_node2] Successful writes: 2/3
[dc1_node2] Replicated to localhost:50125
[dc1_node2] Internal PUT (replication): key='item:1965'
[dc1_node2] CONFLICT detected for key='item:1965', siblings=10
[dc1_node2] Internal PUT (replication): key='item:4341'
[dc1_node2] Internal PUT (replication): key='item:1811'
[dc1_node2] Saved 95 keys to disk
[dc1_node2] CONFLICT detected for key='item:4341', siblings=9
[dc1_node2] Saved 95 keys to disk
[dc1_node2] CONFLICT detected for key='item:1811', siblings=10
[dc1_node2] Client PUT: key='item:2870', value='value_2870_update_client21_op1432'
[dc1_node2] Preference list for 'item:2870': ['localhost:50226', 'localhost:50242', 'localhost:50168']
[dc1_node2] Coordinator NOT in preference list, forwarding only
[dc1_node2] Internal PUT (replication): key='item:4397'
[dc1_node2] Replicated to localhost:50168
[dc1_node2] Replicated to localhost:50226
[dc1_node2] Saved 95 keys to disk
[dc1_node2] CONFLICT detected for key='item:4397', siblings=6
[dc1_node2] CONFLICT: 20 sibling versions for 'item:4822'
[dc1_node2] W-quorum achieved (2 writes), returning to client
[dc1_node2] Background replication continues for remaining nodes
[dc1_node2] Successful writes: 2/3
[dc1_node2] Internal PUT (replication): key='item:3950'
[dc1_node2] Saved 95 keys to disk
[dc1_node2] CONFLICT detected for key='item:3950', siblings=8
[dc1_node2] Replicated to localhost:50242
[dc1_node2] Internal PUT (replication): key='item:3923'
[dc1_node2] Client GET: key='item:4156'
[dc1_node2] Reading from preference list: ['localhost:50122', 'localhost:50163']
[dc1_node2] Saved 95 keys to disk
[dc1_node2] Retrieved key='item:3746', versions=10
[dc1_node2] CONFLICT detected for key='item:3923', siblings=13
[dc1_node2] Client PUT: key='item:3008', value='value_3008_client20_op1466'
[dc1_node2] Preference list for 'item:3008': ['localhost:50136', 'localhost:50236', 'localhost:50075']
[dc1_node2] Coordinator NOT in preference list, forwarding only
[dc1_node2] Internal PUT (replication): key='item:4636'
[dc1_node2] Replicated to localhost:50236
[dc1_node2] Replicated to localhost:50075
[dc1_node2] W-quorum achieved (2 writes), returning to client
[dc1_node2] Background replication continues for remaining nodes
[dc1_node2] Successful writes: 2/3
[dc1_node2] Saved 95 keys to disk
[dc1_node2] Key='item:4156' not found
[dc1_node2] CONFLICT detected for key='item:4636', siblings=15
[dc1_node2] Client PUT: key='item:4943', value='value_4943_update_client48_op1465'
[dc1_node2] Preference list for 'item:4943': ['localhost:50183', 'localhost:50075', 'localhost:50167']
[dc1_node2] Coordinator NOT in preference list, forwarding only
[dc1_node2] Replicated to localhost:50167
[dc1_node2] Replicated to localhost:50183
[dc1_node2] W-quorum achieved (2 writes), returning to client
[dc1_node2] Background replication continues for remaining nodes
[dc1_node2] Successful writes: 2/3
[dc1_node2] Replicated to localhost:50136
[dc1_node2] Internal PUT (replication): key='item:0015'
[dc1_node2] CONFLICT: 12 sibling versions for 'item:4156'
[dc1_node2] Saved 95 keys to disk
[dc1_node2] CONFLICT detected for key='item:0015', siblings=14
[dc1_node2] Replicated to localhost:50075
[dc1_node2] Internal PUT (replication): key='item:4640'
[dc1_node2] Saved 95 keys to disk
[dc1_node2] Retrieved key='item:3551', versions=9
[dc1_node2] CONFLICT detected for key='item:4640', siblings=10
[dc1_node2] Client PUT: key='item:0055', value='value_55_update_client11_op1449'
[dc1_node2] Preference list for 'item:0055': ['localhost:50217', 'localhost:50134', 'localhost:50233']
[dc1_node2] Coordinator NOT in preference list, forwarding only
[dc1_node2] Replicated to localhost:50217
[dc1_node2] Internal PUT (replication): key='item:2653'
[dc1_node2] Internal PUT (replication): key='item:4196'
[dc1_node2] Replicated to localhost:50134
[dc1_node2] Saved 95 keys to disk
[dc1_node2] CONFLICT detected for key='item:2653', siblings=9
[dc1_node2] W-quorum achieved (2 writes), returning to client
[dc1_node2] Background replication continues for remaining nodes
[dc1_node2] Successful writes: 2/3
[dc1_node2] Saved 95 keys to disk
[dc1_node2] CONFLICT detected for key='item:4196', siblings=14
[dc1_node2] Internal PUT (replication): key='item:2783'
[dc1_node2] Internal PUT (replication): key='item:2473'
[dc1_node2] Saved 95 keys to disk
[dc1_node2] CONFLICT detected for key='item:2783', siblings=13
[dc1_node2] Replicated to localhost:50233
[dc1_node2] Internal PUT (replication): key='item:4865'
[dc1_node2] Saved 95 keys to disk
[dc1_node2] Retrieved key='item:0354', versions=17
[dc1_node2] CONFLICT detected for key='item:2473', siblings=15
[dc1_node2] Saved 95 keys to disk
[dc1_node2] CONFLICT detected for key='item:4865', siblings=8
[dc1_node2] Client PUT: key='item:1708', value='value_1708_client47_op1446'
[dc1_node2] Preference list for 'item:1708': ['localhost:50188', 'localhost:50120', 'localhost:50149']
[dc1_node2] Coordinator NOT in preference list, forwarding only
[dc1_node2] Replicated to localhost:50149
[dc1_node2] Replicated to localhost:50188
[dc1_node2] W-quorum achieved (2 writes), returning to client
[dc1_node2] Background replication continues for remaining nodes
[dc1_node2] Successful writes: 2/3
[dc1_node2] Saved 95 keys to disk
[dc1_node2] Replicated to localhost:50120
[dc1_node2] Client PUT: key='item:1584', value='value_1584_client16_op1470'
[dc1_node2] Preference list for 'item:1584': ['localhost:50152', 'localhost:50076', 'localhost:50190']
[dc1_node2] Coordinator NOT in preference list, forwarding only
[dc1_node2] Retrieved key='item:0408', versions=8
[dc1_node2] Replicated to localhost:50152
[dc1_node2] Replicated to localhost:50076
[dc1_node2] W-quorum achieved (2 writes), returning to client
[dc1_node2] Background replication continues for remaining nodes
[dc1_node2] Successful writes: 2/3
[dc1_node2] Replicated to localhost:50190
[dc1_node2] Client PUT: key='item:4176', value='value_4176_update_client29_op1484'
[dc1_node2] Preference list for 'item:4176': ['localhost:50075', 'localhost:50221', 'localhost:50103']
[dc1_node2] Coordinator NOT in preference list, forwarding only
[dc1_node2] Replicated to localhost:50103
[dc1_node2] Replicated to localhost:50221
[dc1_node2] W-quorum achieved (2 writes), returning to client
[dc1_node2] Background replication continues for remaining nodes
[dc1_node2] Successful writes: 2/3
[dc1_node2] Replicated to localhost:50075
[dc1_node2] Client PUT: key='item:4183', value='value_4183_client0_op1449'
[dc1_node2] Preference list for 'item:4183': ['localhost:50133', 'localhost:50127', 'localhost:50176']
[dc1_node2] Coordinator NOT in preference list, forwarding only
[dc1_node2] Internal PUT (replication): key='item:0299'
[dc1_node2] CONFLICT detected for key='item:0299', siblings=17
[dc1_node2] Saved 95 keys to disk
[dc1_node2] Replicated to localhost:50133
[dc1_node2] Retrieved key='item:3521', versions=16
[dc1_node2] Replicated to localhost:50176
[dc1_node2] W-quorum achieved (2 writes), returning to client
[dc1_node2] Background replication continues for remaining nodes
[dc1_node2] Successful writes: 2/3
[dc1_node2] Replicated to localhost:50127
[dc1_node2] Internal PUT (replication): key='item:2783'
[dc1_node2] CONFLICT detected for key='item:2783', siblings=14
[dc1_node2] Internal PUT (replication): key='item:4640'
[dc1_node2] Saved 95 keys to disk
[dc1_node2] CONFLICT detected for key='item:4640', siblings=11
[dc1_node2] Client GET: key='item:2069'
[dc1_node2] Reading from preference list: ['localhost:50195', 'localhost:50248']
[dc1_node2] Client PUT: key='item:4259', value='value_4259_update_client23_op1467'
[dc1_node2] Preference list for 'item:4259': ['localhost:50099', 'localhost:50061', 'localhost:50190']
[dc1_node2] Coordinator NOT in preference list, forwarding only
[dc1_node2] Replicated to localhost:50190
[dc1_node2] Saved 95 keys to disk
[dc1_node2] Key='item:2069' not found
[dc1_node2] CONFLICT: 6 sibling versions for 'item:2069'
[dc1_node2] Replicated to localhost:50099
[dc1_node2] Replicated to localhost:50061
[dc1_node2] W-quorum achieved (2 writes), returning to client
[dc1_node2] Background replication continues for remaining nodes
[dc1_node2] Successful writes: 3/3
[dc1_node2] Internal PUT (replication): key='item:0615'
[dc1_node2] CONFLICT detected for key='item:0615', siblings=15
[dc1_node2] Internal PUT (replication): key='item:2247'
[dc1_node2] Saved 95 keys to disk
[dc1_node2] CONFLICT detected for key='item:2247', siblings=16
[dc1_node2] Saved 95 keys to disk
[dc1_node2] Retrieved key='item:2482', versions=5
[dc1_node2] Client PUT: key='item:4996', value='value_4996_client7_op1503'
[dc1_node2] Preference list for 'item:4996': ['localhost:50071', 'localhost:50158', 'localhost:50116']
[dc1_node2] Coordinator NOT in preference list, forwarding only
[dc1_node2] Replicated to localhost:50158
[dc1_node2] Replicated to localhost:50116
[dc1_node2] W-quorum achieved (2 writes), returning to client
[dc1_node2] Background replication continues for remaining nodes
[dc1_node2] Successful writes: 2/3
[dc1_node2] Replicated to localhost:50071
[dc1_node2] Internal PUT (replication): key='item:3563'
[dc1_node2] CONFLICT detected for key='item:3563', siblings=12
[dc1_node2] Saved 95 keys to disk
[dc1_node2] Internal PUT (replication): key='item:3829'
[dc1_node2] CONFLICT detected for key='item:3829', siblings=17
[dc1_node2] Internal PUT (replication): key='item:3923'
[dc1_node2] Saved 95 keys to disk
[dc1_node2] CONFLICT detected for key='item:3923', siblings=14
[dc1_node2] Saved 95 keys to disk
[dc1_node2] Retrieved key='item:2473', versions=15
[dc1_node2] Retrieved key='item:3950', versions=8
[dc1_node2] Internal PUT (replication): key='item:2783'
[dc1_node2] CONFLICT detected for key='item:2783', siblings=15
[dc1_node2] Saved 95 keys to disk
[dc1_node2] Client PUT: key='item:4270', value='value_4270_update_client15_op1478'
[dc1_node2] Preference list for 'item:4270': ['localhost:50167', 'localhost:50192', 'localhost:50147']
[dc1_node2] Coordinator NOT in preference list, forwarding only
[dc1_node2] Replicated to localhost:50167
[dc1_node2] Client GET: key='item:2803'
[dc1_node2] Reading from preference list: ['localhost:50068', 'localhost:50217']
[dc1_node2] Key='item:2803' not found
[dc1_node2] CONFLICT: 12 sibling versions for 'item:2803'
[dc1_node2] Replicated to localhost:50147
[dc1_node2] W-quorum achieved (2 writes), returning to client
[dc1_node2] Background replication continues for remaining nodes
[dc1_node2] Successful writes: 2/3
[dc1_node2] Retrieved key='item:1037', versions=8
[dc1_node2] Replicated to localhost:50192
[dc1_node2] Client PUT: key='item:2671', value='value_2671_update_client7_op1516'
[dc1_node2] Preference list for 'item:2671': ['localhost:50176', 'localhost:50117', 'localhost:50134']
[dc1_node2] Coordinator NOT in preference list, forwarding only
[dc1_node2] Replicated to localhost:50117
[dc1_node2] Replicated to localhost:50134
[dc1_node2] W-quorum achieved (2 writes), returning to client
[dc1_node2] Background replication continues for remaining nodes
[dc1_node2] Successful writes: 2/3
[dc1_node2] Replicated to localhost:50176
[dc1_node2] Internal PUT (replication): key='item:3982'
[dc1_node2] CONFLICT detected for key='item:3982', siblings=12
[dc1_node2] Saved 95 keys to disk
[dc1_node2] Internal PUT (replication): key='item:4549'
[dc1_node2] CONFLICT detected for key='item:4549', siblings=17
[dc1_node2] Client PUT: key='item:4974', value='value_4974_update_client34_op1443'
[dc1_node2] Preference list for 'item:4974': ['localhost:50108', 'localhost:50145', 'localhost:50240']
[dc1_node2] Coordinator NOT in preference list, forwarding only
[dc1_node2] Replicated to localhost:50108
[dc1_node2] Client GET: key='item:2617'
[dc1_node2] Reading from preference list: ['localhost:50061', 'localhost:50178']
[dc1_node2] Saved 95 keys to disk
[dc1_node2] Key='item:2617' not found
[dc1_node2] Replicated to localhost:50145
[dc1_node2] W-quorum achieved (2 writes), returning to client
[dc1_node2] Background replication continues for remaining nodes
[dc1_node2] Successful writes: 2/3
[dc1_node2] CONFLICT: 18 sibling versions for 'item:2617'
[dc1_node2] Internal PUT (replication): key='item:2247'
[dc1_node2] CONFLICT detected for key='item:2247', siblings=17
[dc1_node2] Internal PUT (replication): key='item:2473'
[dc1_node2] Client GET: key='item:3013'
[dc1_node2] Reading from preference list: ['localhost:50221', 'localhost:50088']
[dc1_node2] Client GET: key='item:3123'
[dc1_node2] Reading from preference list: ['localhost:50153', 'localhost:50181']
[dc1_node2] Client GET: key='item:4817'
[dc1_node2] Reading from preference list: ['localhost:50241', 'localhost:50097']
[dc1_node2] Replicated to localhost:50240
[dc1_node2] Saved 95 keys to disk
[dc1_node2] CONFLICT detected for key='item:2473', siblings=16
[dc1_node2] Saved 95 keys to disk
[dc1_node2] Key='item:3013' not found
[dc1_node2] Key='item:3123' not found
[dc1_node2] Key='item:4817' not found
[dc1_node2] Retrieved key='item:3260', versions=7
[dc1_node2] Retrieved key='item:3866', versions=19
[dc1_node2] Retrieved key='item:0408', versions=8
[dc1_node2] CONFLICT: 22 sibling versions for 'item:3013'
[dc1_node2] Retrieved key='item:3418', versions=11
[dc1_node2] Internal PUT (replication): key='item:4636'
[dc1_node2] CONFLICT detected for key='item:4636', siblings=16
[dc1_node2] CONFLICT: 16 sibling versions for 'item:4817'
[dc1_node2] CONFLICT: 20 sibling versions for 'item:3123'
[dc1_node2] Internal PUT (replication): key='item:3418'
[dc1_node2] Internal PUT (replication): key='item:0020'
[dc1_node2] Internal PUT (replication): key='item:0015'
[dc1_node2] Saved 95 keys to disk
[dc1_node2] CONFLICT detected for key='item:3418', siblings=12
[dc1_node2] Saved 95 keys to disk
[dc1_node2] CONFLICT detected for key='item:0020', siblings=18
[dc1_node2] Client GET: key='item:2706'
[dc1_node2] Reading from preference list: ['localhost:50249', 'localhost:50147']
[dc1_node2] Internal PUT (replication): key='item:2473'
[dc1_node2] Client PUT: key='item:0533', value='value_533_update_client22_op1498'
[dc1_node2] Preference list for 'item:0533': ['localhost:50221', 'localhost:50159', 'localhost:50104']
[dc1_node2] Coordinator NOT in preference list, forwarding only
[dc1_node2] Internal PUT (replication): key='item:2783'
[dc1_node2] Saved 95 keys to disk
[dc1_node2] CONFLICT detected for key='item:0015', siblings=14
[dc1_node2] Saved 95 keys to disk
[dc1_node2] Key='item:2706' not found
[dc1_node2] CONFLICT detected for key='item:2473', siblings=17
[dc1_node2] Client PUT: key='item:2900', value='value_2900_client24_op1535'
[dc1_node2] Preference list for 'item:2900': ['localhost:50117', 'localhost:50083', 'localhost:50141']
[dc1_node2] Coordinator NOT in preference list, forwarding only
[dc1_node2] CONFLICT: 18 sibling versions for 'item:2706'
[dc1_node2] Replicated to localhost:50141
[dc1_node2] Internal PUT (replication): key='item:1661'
[dc1_node2] Replicated to localhost:50159
[dc1_node2] Replicated to localhost:50221
[dc1_node2] W-quorum achieved (2 writes), returning to client
[dc1_node2] Background replication continues for remaining nodes
[dc1_node2] Successful writes: 2/3
[dc1_node2] Replicated to localhost:50117
[dc1_node2] Replicated to localhost:50083
[dc1_node2] W-quorum achieved (2 writes), returning to client
[dc1_node2] Background replication continues for remaining nodes
[dc1_node2] Successful writes: 3/3
[dc1_node2] Saved 95 keys to disk
[dc1_node2] CONFLICT detected for key='item:2783', siblings=16
[dc1_node2] Saved 95 keys to disk
[dc1_node2] Retrieved key='item:4341', versions=9
[dc1_node2] CONFLICT detected for key='item:1661', siblings=14
[dc1_node2] Replicated to localhost:50104
[dc1_node2] Internal PUT (replication): key='item:3866'
[dc1_node2] Saved 95 keys to disk
[dc1_node2] CONFLICT detected for key='item:3866', siblings=20
[dc1_node2] Internal PUT (replication): key='item:1252'
[dc1_node2] Internal PUT (replication): key='item:0408'
[dc1_node2] Internal PUT (replication): key='item:0497'
[dc1_node2] Internal PUT (replication): key='item:0615'
[dc1_node2] Saved 95 keys to disk
[dc1_node2] Retrieved key='item:1739', versions=11
[dc1_node2] CONFLICT detected for key='item:1252', siblings=9
[dc1_node2] Saved 95 keys to disk
[dc1_node2] CONFLICT detected for key='item:0408', siblings=9
[dc1_node2] Client PUT: key='item:1075', value='value_1075_client27_op1524'
[dc1_node2] Preference list for 'item:1075': ['localhost:50097', 'localhost:50206', 'localhost:50059']
[dc1_node2] Coordinator NOT in preference list, forwarding only
[dc1_node2] Replicated to localhost:50206
[dc1_node2] Saved 95 keys to disk
[dc1_node2] CONFLICT detected for key='item:0497', siblings=18
[dc1_node2] Replicated to localhost:50059
[dc1_node2] W-quorum achieved (2 writes), returning to client
[dc1_node2] Background replication continues for remaining nodes
[dc1_node2] Successful writes: 2/3
[dc1_node2] Replicated to localhost:50097
[dc1_node2] Internal PUT (replication): key='item:1641'
[dc1_node2] Saved 95 keys to disk
[dc1_node2] CONFLICT detected for key='item:0615', siblings=16
[dc1_node2] Saved 95 keys to disk
[dc1_node2] CONFLICT detected for key='item:1641', siblings=10
[dc1_node2] Client GET: key='item:2501'
[dc1_node2] Reading from preference list: ['localhost:50112', 'localhost:50203']
[dc1_node2] Internal PUT (replication): key='item:0497'
[dc1_node2] Saved 95 keys to disk
[dc1_node2] Key='item:2501' not found
[dc1_node2] Retrieved key='item:4570', versions=10
[dc1_node2] Retrieved key='item:3602', versions=11
[dc1_node2] CONFLICT detected for key='item:0497', siblings=19
[dc1_node2] CONFLICT: 17 sibling versions for 'item:2501'
[dc1_node2] Saved 95 keys to disk
[dc1_node2] Client PUT: key='item:4287', value='value_4287_update_client10_op1526'
[dc1_node2] Preference list for 'item:4287': ['localhost:50233', 'localhost:50064', 'localhost:50125']
[dc1_node2] Coordinator NOT in preference list, forwarding only
[dc1_node2] Replicated to localhost:50233
[dc1_node2] Internal PUT (replication): key='item:1676'
[dc1_node2] CONFLICT detected for key='item:1676', siblings=15
[dc1_node2] Saved 95 keys to disk
[dc1_node2] Retrieved key='item:3418', versions=12
[dc1_node2] Replicated to localhost:50064
[dc1_node2] W-quorum achieved (2 writes), returning to client
[dc1_node2] Background replication continues for remaining nodes
[dc1_node2] Successful writes: 2/3
[dc1_node2] Replicated to localhost:50125
[dc1_node2] Client GET: key='item:0930'
[dc1_node2] Reading from preference list: ['localhost:50189', 'localhost:50096']
[dc1_node2] Key='item:0930' not found
[dc1_node2] Internal PUT (replication): key='item:2994'
[dc1_node2] CONFLICT detected for key='item:2994', siblings=12
[dc1_node2] CONFLICT: 22 sibling versions for 'item:0930'
[dc1_node2] Saved 95 keys to disk
[dc1_node2] Internal PUT (replication): key='item:3991'
[dc1_node2] CONFLICT detected for key='item:3991', siblings=10
[dc1_node2] Saved 95 keys to disk
[dc1_node2] Retrieved key='item:3829', versions=17
[dc1_node2] Internal PUT (replication): key='item:4570'
[dc1_node2] CONFLICT detected for key='item:4570', siblings=11
[dc1_node2] Saved 95 keys to disk
[dc1_node2] Internal PUT (replication): key='item:3776'
[dc1_node2] CONFLICT detected for key='item:3776', siblings=16
[dc1_node2] Saved 95 keys to disk
[dc1_node2] Retrieved key='item:4341', versions=9
[dc1_node2] Client GET: key='item:2150'
[dc1_node2] Reading from preference list: ['localhost:50127', 'localhost:50244']
[dc1_node2] Key='item:2150' not found
[dc1_node2] CONFLICT: 20 sibling versions for 'item:2150'
[dc1_node2] Internal PUT (replication): key='item:2653'
[dc1_node2] CONFLICT detected for key='item:2653', siblings=9
[dc1_node2] Saved 95 keys to disk
[dc1_node2] Internal PUT (replication): key='item:1033'
[dc1_node2] CONFLICT detected for key='item:1033', siblings=11
[dc1_node2] Client PUT: key='item:2457', value='value_2457_client48_op1537'
[dc1_node2] Preference list for 'item:2457': ['localhost:50117', 'localhost:50056', 'localhost:50195']
[dc1_node2] Coordinator NOT in preference list, forwarding only
[dc1_node2] Internal PUT (replication): key='item:4196'
[dc1_node2] Saved 95 keys to disk
[dc1_node2] CONFLICT detected for key='item:4196', siblings=15
[dc1_node2] Internal PUT (replication): key='item:2783'
[dc1_node2] Replicated to localhost:50195
[dc1_node2] Replicated to localhost:50056
[dc1_node2] W-quorum achieved (2 writes), returning to client
[dc1_node2] Background replication continues for remaining nodes
[dc1_node2] Successful writes: 2/3
[dc1_node2] Saved 95 keys to disk
[dc1_node2] CONFLICT detected for key='item:2783', siblings=17
[dc1_node2] Internal PUT (replication): key='item:0020'
[dc1_node2] Saved 95 keys to disk
[dc1_node2] CONFLICT detected for key='item:0020', siblings=19
[dc1_node2] Replicated to localhost:50117
[dc1_node2] Internal PUT (replication): key='item:1037'
[dc1_node2] Internal PUT (replication): key='item:0693'
[dc1_node2] Saved 95 keys to disk
[dc1_node2] CONFLICT detected for key='item:1037', siblings=9
[dc1_node2] Saved 95 keys to disk
[dc1_node2] CONFLICT detected for key='item:0693', siblings=13
[dc1_node2] Saved 95 keys to disk
[dc1_node2] Client GET: key='item:1006'
[dc1_node2] Reading from preference list: ['localhost:50062', 'localhost:50164']
[dc1_node2] Key='item:1006' not found
[dc1_node2] CONFLICT: 34 sibling versions for 'item:1006'
[dc1_node2] Retrieved key='item:3551', versions=9
[dc1_node2] Internal PUT (replication): key='item:2653'
[dc1_node2] CONFLICT detected for key='item:2653', siblings=10
[dc1_node2] Client PUT: key='item:3549', value='value_3549_update_client25_op1554'
[dc1_node2] Preference list for 'item:3549': ['localhost:50102', 'localhost:50188', 'localhost:50059']
[dc1_node2] Coordinator NOT in preference list, forwarding only
[dc1_node2] Replicated to localhost:50102
[dc1_node2] Replicated to localhost:50188
[dc1_node2] W-quorum achieved (2 writes), returning to client
[dc1_node2] Background replication continues for remaining nodes
[dc1_node2] Successful writes: 2/3
[dc1_node2] Saved 95 keys to disk
[dc1_node2] Retrieved key='item:3563', versions=12
[dc1_node2] Replicated to localhost:50059
[dc1_node2] Internal PUT (replication): key='item:3521'
[dc1_node2] CONFLICT detected for key='item:3521', siblings=17
[dc1_node2] Saved 95 keys to disk
[dc1_node2] Internal PUT (replication): key='item:1037'
[dc1_node2] CONFLICT detected for key='item:1037', siblings=10
[dc1_node2] Saved 95 keys to disk
[dc1_node2] Internal PUT (replication): key='item:3854'
[dc1_node2] CONFLICT detected for key='item:3854', siblings=13
[dc1_node2] Saved 95 keys to disk
[dc1_node2] Client PUT: key='item:2423', value='value_2423_update_client9_op1537'
[dc1_node2] Preference list for 'item:2423': ['localhost:50248', 'localhost:50171', 'localhost:50091']
[dc1_node2] Coordinator NOT in preference list, forwarding only
[dc1_node2] Internal PUT (replication): key='item:0497'
[dc1_node2] CONFLICT detected for key='item:0497', siblings=20
[dc1_node2] Replicated to localhost:50248
[dc1_node2] Replicated to localhost:50171
[dc1_node2] W-quorum achieved (2 writes), returning to client
[dc1_node2] Background replication continues for remaining nodes
[dc1_node2] Successful writes: 2/3
[dc1_node2] Internal PUT (replication): key='item:2653'
[dc1_node2] Replicated to localhost:50091
[dc1_node2] Saved 95 keys to disk
[dc1_node2] CONFLICT detected for key='item:2653', siblings=11
[dc1_node2] Internal PUT (replication): key='item:1037'
[dc1_node2] Client GET: key='item:1622'
[dc1_node2] Reading from preference list: ['localhost:50095', 'localhost:50051']
[dc1_node2] Client GET: key='item:0548'
[dc1_node2] Reading from preference list: ['localhost:50148', 'localhost:50074']
[dc1_node2] Saved 95 keys to disk
[dc1_node2] CONFLICT detected for key='item:1037', siblings=11
[dc1_node2] Saved 95 keys to disk
[dc1_node2] Retrieved key='item:2473', versions=17
[dc1_node2] Key='item:1622' not found
[dc1_node2] Retrieved key='item:0548', versions=12
[dc1_node2] Internal PUT (replication): key='item:0693'
[dc1_node2] CONFLICT detected for key='item:0693', siblings=14
[dc1_node2] CONFLICT: 36 sibling versions for 'item:0548'
[dc1_node2] Saved 95 keys to disk
[dc1_node2] CONFLICT: 18 sibling versions for 'item:1622'
[dc1_node2] Retrieved key='item:0525', versions=7
[dc1_node2] Retrieved key='item:0015', versions=14
[dc1_node2] Client GET: key='item:4757'
[dc1_node2] Reading from preference list: ['localhost:50085', 'localhost:50164']
[dc1_node2] Key='item:4757' not found
[dc1_node2] CONFLICT: 26 sibling versions for 'item:4757'
[dc1_node2] Client GET: key='item:2259'
[dc1_node2] Reading from preference list: ['localhost:50065', 'localhost:50124']
[dc1_node2] Key='item:2259' not found
[dc1_node2] CONFLICT: 16 sibling versions for 'item:2259'
[dc1_node2] Internal PUT (replication): key='item:3351'
[dc1_node2] CONFLICT detected for key='item:3351', siblings=12
[dc1_node2] Saved 95 keys to disk
[dc1_node2] Internal PUT (replication): key='item:3227'
[dc1_node2] CONFLICT detected for key='item:3227', siblings=8
[dc1_node2] Saved 95 keys to disk
[dc1_node2] Internal PUT (replication): key='item:3982'
[dc1_node2] CONFLICT detected for key='item:3982', siblings=13
[dc1_node2] Saved 95 keys to disk
[dc1_node2] Client PUT: key='item:3609', value='value_3609_update_client39_op1587'
[dc1_node2] Preference list for 'item:3609': ['localhost:50115', 'localhost:50064', 'localhost:50139']
[dc1_node2] Coordinator NOT in preference list, forwarding only
[dc1_node2] Client GET: key='item:3674'
[dc1_node2] Reading from preference list: ['localhost:50056', 'localhost:50125']
[dc1_node2] Key='item:3674' not found
[dc1_node2] Replicated to localhost:50115
[dc1_node2] Replicated to localhost:50064
[dc1_node2] W-quorum achieved (2 writes), returning to client
[dc1_node2] Background replication continues for remaining nodes
[dc1_node2] Successful writes: 2/3
[dc1_node2] CONFLICT: 14 sibling versions for 'item:3674'
[dc1_node2] Internal PUT (replication): key='item:2431'
[dc1_node2] CONFLICT detected for key='item:2431', siblings=12
[dc1_node2] Internal PUT (replication): key='item:3436'
[dc1_node2] Saved 95 keys to disk
[dc1_node2] CONFLICT detected for key='item:3436', siblings=10
[dc1_node2] Replicated to localhost:50139
[dc1_node2] Saved 95 keys to disk
[dc1_node2] Client PUT: key='item:3435', value='value_3435_client45_op1557'
[dc1_node2] Preference list for 'item:3435': ['localhost:50149', 'localhost:50225', 'localhost:50127']
[dc1_node2] Coordinator NOT in preference list, forwarding only
[dc1_node2] Replicated to localhost:50149
[dc1_node2] Replicated to localhost:50127
[dc1_node2] W-quorum achieved (2 writes), returning to client
[dc1_node2] Background replication continues for remaining nodes
[dc1_node2] Successful writes: 2/3
[dc1_node2] Internal PUT (replication): key='item:2489'
[dc1_node2] CONFLICT detected for key='item:2489', siblings=13
[dc1_node2] Saved 95 keys to disk
[dc1_node2] Replicated to localhost:50225
[dc1_node2] Internal PUT (replication): key='item:2891'
[dc1_node2] CONFLICT detected for key='item:2891', siblings=3
[dc1_node2] Saved 95 keys to disk
[dc1_node2] Client PUT: key='item:0016', value='value_16_update_client8_op1556'
[dc1_node2] Preference list for 'item:0016': ['localhost:50116', 'localhost:50211', 'localhost:50062']
[dc1_node2] Coordinator NOT in preference list, forwarding only
[dc1_node2] Client PUT: key='item:2805', value='value_2805_client29_op1584'
[dc1_node2] Preference list for 'item:2805': ['localhost:50125', 'localhost:50052', 'localhost:50101']
[dc1_node2] CONFLICT detected for key='item:2805', siblings=12
[dc1_node2] Internal PUT (replication): key='item:4865'
[dc1_node2] Replicated to localhost:50211
[dc1_node2] Replicated to localhost:50062
[dc1_node2] Saved 95 keys to disk
[dc1_node2] Coordinator IS in preference list, stored locally
[dc1_node2] CONFLICT detected for key='item:4865', siblings=9
[dc1_node2] W-quorum achieved (2 writes), returning to client
[dc1_node2] Background replication continues for remaining nodes
[dc1_node2] Successful writes: 2/3
[dc1_node2] Replicated to localhost:50116
[dc1_node2] Saved 95 keys to disk
[dc1_node2] Replicated to localhost:50125
[dc1_node2] W-quorum achieved (2 writes), returning to client
[dc1_node2] Background replication continues for remaining nodes
[dc1_node2] Successful writes: 2/3
[dc1_node2] Client PUT: key='item:0884', value='value_884_client45_op1565'
[dc1_node2] Preference list for 'item:0884': ['localhost:50137', 'localhost:50155', 'localhost:50242']
[dc1_node2] Coordinator NOT in preference list, forwarding only
[dc1_node2] Replicated to localhost:50101
[dc1_node2] Replicated to localhost:50242
[dc1_node2] Replicated to localhost:50155
[dc1_node2] W-quorum achieved (2 writes), returning to client
[dc1_node2] Background replication continues for remaining nodes
[dc1_node2] Successful writes: 2/3
[dc1_node2] Replicated to localhost:50137
[dc1_node2] Retrieved key='item:0615', versions=16
[dc1_node2] Client PUT: key='item:4838', value='value_4838_update_client38_op1569'
[dc1_node2] Preference list for 'item:4838': ['localhost:50071', 'localhost:50235', 'localhost:50055']
[dc1_node2] Coordinator NOT in preference list, forwarding only
[dc1_node2] Replicated to localhost:50055
[dc1_node2] Client PUT: key='item:0803', value='value_803_client2_op1564'
[dc1_node2] Preference list for 'item:0803': ['localhost:50161', 'localhost:50243', 'localhost:50116']
[dc1_node2] Coordinator NOT in preference list, forwarding only
[dc1_node2] Internal PUT (replication): key='item:0354'
[dc1_node2] CONFLICT detected for key='item:0354', siblings=18
[dc1_node2] Replicated to localhost:50235
[dc1_node2] W-quorum achieved (2 writes), returning to client
[dc1_node2] Background replication continues for remaining nodes
[dc1_node2] Successful writes: 2/3
[dc1_node2] Replicated to localhost:50161
[dc1_node2] Replicated to localhost:50116
[dc1_node2] W-quorum achieved (2 writes), returning to client
[dc1_node2] Background replication continues for remaining nodes
[dc1_node2] Successful writes: 2/3
[dc1_node2] Replicated to localhost:50243
[dc1_node2] Replicated to localhost:50071
[dc1_node2] Saved 95 keys to disk
[dc1_node2] Retrieved key='item:3950', versions=8
[dc1_node2] Internal PUT (replication): key='item:1857'
[dc1_node2] CONFLICT detected for key='item:1857', siblings=19
[dc1_node2] Saved 95 keys to disk
[dc1_node2] Client GET: key='item:1234'
[dc1_node2] Reading from preference list: ['localhost:50079', 'localhost:50162']
[dc1_node2] Key='item:1234' not found
[dc1_node2] CONFLICT: 16 sibling versions for 'item:1234'
[dc1_node2] Client PUT: key='item:2957', value='value_2957_client28_op1592'
[dc1_node2] Preference list for 'item:2957': ['localhost:50229', 'localhost:50149', 'localhost:50152']
[dc1_node2] Coordinator NOT in preference list, forwarding only
[dc1_node2] Internal PUT (replication): key='item:0693'
[dc1_node2] CONFLICT detected for key='item:0693', siblings=15
[dc1_node2] Replicated to localhost:50229
[dc1_node2] Internal PUT (replication): key='item:3418'
[dc1_node2] Replicated to localhost:50149
[dc1_node2] W-quorum achieved (2 writes), returning to client
[dc1_node2] Background replication continues for remaining nodes
[dc1_node2] Successful writes: 2/3
[dc1_node2] Saved 95 keys to disk
[dc1_node2] CONFLICT detected for key='item:3418', siblings=13
[dc1_node2] Client GET: key='item:1029'
[dc1_node2] Reading from preference list: ['localhost:50149', 'localhost:50161']
[dc1_node2] Replicated to localhost:50152
[dc1_node2] Saved 95 keys to disk
[dc1_node2] Key='item:1029' not found
[dc1_node2] Client GET: key='item:1060'
[dc1_node2] Reading from preference list: ['localhost:50175', 'localhost:50136']
[dc1_node2] Key='item:1060' not found
[dc1_node2] CONFLICT: 20 sibling versions for 'item:1029'
[dc1_node2] Internal PUT (replication): key='item:1037'
[dc1_node2] CONFLICT detected for key='item:1037', siblings=12
[dc1_node2] CONFLICT: 26 sibling versions for 'item:1060'
[dc1_node2] Client GET: key='item:4508'
[dc1_node2] Reading from preference list: ['localhost:50121', 'localhost:50244']
[dc1_node2] Saved 95 keys to disk
[dc1_node2] Key='item:4508' not found
[dc1_node2] CONFLICT: 20 sibling versions for 'item:4508'
[dc1_node2] Retrieved key='item:1873', versions=9
[dc1_node2] Internal PUT (replication): key='item:3982'
[dc1_node2] CONFLICT detected for key='item:3982', siblings=14
[dc1_node2] Saved 95 keys to disk
[dc1_node2] Retrieved key='item:0309', versions=12
[dc1_node2] Internal PUT (replication): key='item:2464'
[dc1_node2] CONFLICT detected for key='item:2464', siblings=8
[dc1_node2] Saved 95 keys to disk
[dc1_node2] Retrieved key='item:1811', versions=10
[dc1_node2] Internal PUT (replication): key='item:2466'
[dc1_node2] CONFLICT detected for key='item:2466', siblings=19
[dc1_node2] Saved 95 keys to disk
[dc1_node2] Retrieved key='item:2440', versions=13
[dc1_node2] Retrieved key='item:4636', versions=16
[dc1_node2] Client PUT: key='item:2545', value='value_2545_update_client29_op1617'
[dc1_node2] Preference list for 'item:2545': ['localhost:50244', 'localhost:50087', 'localhost:50192']
[dc1_node2] Coordinator NOT in preference list, forwarding only
[dc1_node2] Replicated to localhost:50244
[dc1_node2] Replicated to localhost:50087
[dc1_node2] W-quorum achieved (2 writes), returning to client
[dc1_node2] Background replication continues for remaining nodes
[dc1_node2] Successful writes: 2/3
[dc1_node2] Replicated to localhost:50192
[dc1_node2] Internal PUT (replication): key='item:2986'
[dc1_node2] CONFLICT detected for key='item:2986', siblings=10
[dc1_node2] Saved 95 keys to disk
[dc1_node2] Internal PUT (replication): key='item:3563'
[dc1_node2] CONFLICT detected for key='item:3563', siblings=13
[dc1_node2] Saved 95 keys to disk
[dc1_node2] Internal PUT (replication): key='item:0525'
[dc1_node2] CONFLICT detected for key='item:0525', siblings=8
[dc1_node2] Saved 95 keys to disk
[dc1_node2] Internal PUT (replication): key='item:0071'
[dc1_node2] CONFLICT detected for key='item:0071', siblings=6
[dc1_node2] Saved 95 keys to disk
[dc1_node2] Internal PUT (replication): key='item:3551'
[dc1_node2] CONFLICT detected for key='item:3551', siblings=10
[dc1_node2] Internal PUT (replication): key='item:3866'
[dc1_node2] Saved 95 keys to disk
[dc1_node2] CONFLICT detected for key='item:3866', siblings=21
[dc1_node2] Saved 95 keys to disk
[dc1_node2] Internal PUT (replication): key='item:3866'
[dc1_node2] CONFLICT detected for key='item:3866', siblings=22
[dc1_node2] Saved 95 keys to disk
[dc1_node2] Internal PUT (replication): key='item:0844'
[dc1_node2] CONFLICT detected for key='item:0844', siblings=11
[dc1_node2] Saved 95 keys to disk
[dc1_node2] Internal PUT (replication): key='item:0071'
[dc1_node2] CONFLICT detected for key='item:0071', siblings=7
[dc1_node2] Saved 95 keys to disk
[dc1_node2] Internal PUT (replication): key='item:1641'
[dc1_node2] CONFLICT detected for key='item:1641', siblings=11
[dc1_node2] Client GET: key='item:4103'
[dc1_node2] Reading from preference list: ['localhost:50127', 'localhost:50064']
[dc1_node2] Saved 95 keys to disk
[dc1_node2] Key='item:4103' not found
[dc1_node2] CONFLICT: 24 sibling versions for 'item:4103'
[dc1_node2] Internal PUT (replication): key='item:3351'
[dc1_node2] CONFLICT detected for key='item:3351', siblings=13
[dc1_node2] Client PUT: key='item:2020', value='value_2020_client38_op1608'
[dc1_node2] Preference list for 'item:2020': ['localhost:50114', 'localhost:50164', 'localhost:50065']
[dc1_node2] Coordinator NOT in preference list, forwarding only
[dc1_node2] Client PUT: key='item:0981', value='value_981_client28_op1616'
[dc1_node2] Preference list for 'item:0981': ['localhost:50064', 'localhost:50095', 'localhost:50173']
[dc1_node2] Coordinator NOT in preference list, forwarding only
[dc1_node2] Replicated to localhost:50065
[dc1_node2] Replicated to localhost:50114
[dc1_node2] W-quorum achieved (2 writes), returning to client
[dc1_node2] Background replication continues for remaining nodes
[dc1_node2] Successful writes: 2/3
[dc1_node2] Replicated to localhost:50173
[dc1_node2] Replicated to localhost:50095
[dc1_node2] W-quorum achieved (2 writes), returning to client
[dc1_node2] Background replication continues for remaining nodes
[dc1_node2] Successful writes: 2/3
[dc1_node2] Internal PUT (replication): key='item:1811'
[dc1_node2] Saved 95 keys to disk
[dc1_node2] CONFLICT detected for key='item:1811', siblings=11
[dc1_node2] Replicated to localhost:50164
[dc1_node2] Saved 95 keys to disk
[dc1_node2] Replicated to localhost:50064
[dc1_node2] Client PUT: key='item:1872', value='value_1872_update_client1_op1610'
[dc1_node2] Preference list for 'item:1872': ['localhost:50057', 'localhost:50176', 'localhost:50129']
[dc1_node2] Coordinator NOT in preference list, forwarding only
[dc1_node2] Client PUT: key='item:3658', value='value_3658_client38_op1614'
[dc1_node2] Preference list for 'item:3658': ['localhost:50143', 'localhost:50114', 'localhost:50183']
[dc1_node2] Coordinator NOT in preference list, forwarding only
[dc1_node2] Replicated to localhost:50183
[dc1_node2] Replicated to localhost:50057
[dc1_node2] Replicated to localhost:50176
[dc1_node2] Replicated to localhost:50143
[dc1_node2] W-quorum achieved (2 writes), returning to client
[dc1_node2] Background replication continues for remaining nodes
[dc1_node2] Successful writes: 2/3
[dc1_node2] W-quorum achieved (2 writes), returning to client
[dc1_node2] Background replication continues for remaining nodes
[dc1_node2] Successful writes: 2/3
[dc1_node2] Replicated to localhost:50129
[dc1_node2] Replicated to localhost:50114
[dc1_node2] Internal PUT (replication): key='item:0408'
[dc1_node2] CONFLICT detected for key='item:0408', siblings=10
[dc1_node2] Internal PUT (replication): key='item:1834'
[dc1_node2] Internal PUT (replication): key='item:3068'
[dc1_node2] Client GET: key='item:1021'
[dc1_node2] Reading from preference list: ['localhost:50184', 'localhost:50107']
[dc1_node2] Saved 95 keys to disk
[dc1_node2] CONFLICT detected for key='item:1834', siblings=15
[dc1_node2] Client GET: key='item:2149'
[dc1_node2] Reading from preference list: ['localhost:50163', 'localhost:50226']
[dc1_node2] Saved 95 keys to disk
[dc1_node2] CONFLICT detected for key='item:3068', siblings=15
[dc1_node2] Saved 95 keys to disk
[dc1_node2] Key='item:1021' not found
[dc1_node2] Key='item:2149' not found
[dc1_node2] Retrieved key='item:2994', versions=12
[dc1_node2] CONFLICT: 11 sibling versions for 'item:2149'
[dc1_node2] Internal PUT (replication): key='item:2320'
[dc1_node2] CONFLICT detected for key='item:2320', siblings=14
[dc1_node2] CONFLICT: 18 sibling versions for 'item:1021'
[dc1_node2] Internal PUT (replication): key='item:1011'
[dc1_node2] Saved 95 keys to disk
[dc1_node2] CONFLICT detected for key='item:1011', siblings=11
[dc1_node2] Saved 95 keys to disk
[dc1_node2] Internal PUT (replication): key='item:0844'
[dc1_node2] CONFLICT detected for key='item:0844', siblings=12
[dc1_node2] Client PUT: key='item:0786', value='value_786_update_client24_op1646'
[dc1_node2] Preference list for 'item:0786': ['localhost:50203', 'localhost:50063', 'localhost:50084']
[dc1_node2] Coordinator NOT in preference list, forwarding only
[dc1_node2] Internal PUT (replication): key='item:4629'
[dc1_node2] Replicated to localhost:50203
[dc1_node2] Saved 95 keys to disk
[dc1_node2] CONFLICT detected for key='item:4629', siblings=10
[dc1_node2] Replicated to localhost:50084
[dc1_node2] Replicated to localhost:50063
[dc1_node2] W-quorum achieved (2 writes), returning to client
[dc1_node2] Background replication continues for remaining nodes
[dc1_node2] Successful writes: 3/3
[dc1_node2] Saved 95 keys to disk
[dc1_node2] Internal PUT (replication): key='item:2320'
[dc1_node2] CONFLICT detected for key='item:2320', siblings=15
[dc1_node2] Saved 95 keys to disk
[dc1_node2] Retrieved key='item:4570', versions=11
[dc1_node2] Retrieved key='item:2805', versions=12
[dc1_node2] Internal PUT (replication): key='item:1661'
[dc1_node2] CONFLICT detected for key='item:1661', siblings=15
[dc1_node2] Saved 95 keys to disk
[dc1_node2] Retrieved key='item:1873', versions=9
[dc1_node2] Internal PUT (replication): key='item:0354'
[dc1_node2] CONFLICT detected for key='item:0354', siblings=19
[dc1_node2] Client PUT: key='item:1063', value='value_1063_update_client49_op1637'
[dc1_node2] Preference list for 'item:1063': ['localhost:50224', 'localhost:50145', 'localhost:50206']
[dc1_node2] Coordinator NOT in preference list, forwarding only
[dc1_node2] Replicated to localhost:50224
[dc1_node2] Saved 95 keys to disk
[dc1_node2] Replicated to localhost:50206
[dc1_node2] W-quorum achieved (2 writes), returning to client
[dc1_node2] Background replication continues for remaining nodes
[dc1_node2] Successful writes: 2/3
[dc1_node2] Replicated to localhost:50145
[dc1_node2] Internal PUT (replication): key='item:1739'
[dc1_node2] CONFLICT detected for key='item:1739', siblings=12
[dc1_node2] Saved 95 keys to disk
[dc1_node2] Internal PUT (replication): key='item:1033'
[dc1_node2] CONFLICT detected for key='item:1033', siblings=12
[dc1_node2] Internal PUT (replication): key='item:0299'
[dc1_node2] Saved 95 keys to disk
[dc1_node2] CONFLICT detected for key='item:0299', siblings=18
[dc1_node2] Client PUT: key='item:4440', value='value_4440_update_client9_op1619'
[dc1_node2] Preference list for 'item:4440': ['localhost:50089', 'localhost:50240', 'localhost:50160']
[dc1_node2] Coordinator NOT in preference list, forwarding only
[dc1_node2] Replicated to localhost:50160
[dc1_node2] Saved 95 keys to disk
[dc1_node2] Replicated to localhost:50089
[dc1_node2] W-quorum achieved (2 writes), returning to client
[dc1_node2] Background replication continues for remaining nodes
[dc1_node2] Successful writes: 2/3
[dc1_node2] Replicated to localhost:50240
[dc1_node2] Internal PUT (replication): key='item:1033'
[dc1_node2] CONFLICT detected for key='item:1033', siblings=13
[dc1_node2] Saved 95 keys to disk
[dc1_node2] Client PUT: key='item:4250', value='value_4250_client47_op1618'
[dc1_node2] Preference list for 'item:4250': ['localhost:50067', 'localhost:50097', 'localhost:50225']
[dc1_node2] Coordinator NOT in preference list, forwarding only
[dc1_node2] Internal PUT (replication): key='item:2320'
[dc1_node2] CONFLICT detected for key='item:2320', siblings=15
[dc1_node2] Saved 95 keys to disk
[dc1_node2] Replicated to localhost:50225
[dc1_node2] Replicated to localhost:50097
[dc1_node2] W-quorum achieved (2 writes), returning to client
[dc1_node2] Background replication continues for remaining nodes
[dc1_node2] Successful writes: 2/3
[dc1_node2] Replicated to localhost:50067
[dc1_node2] Internal PUT (replication): key='item:2247'
[dc1_node2] CONFLICT detected for key='item:2247', siblings=18
[dc1_node2] Client PUT: key='item:3534', value='value_3534_update_client32_op1652'
[dc1_node2] Preference list for 'item:3534': ['localhost:50149', 'localhost:50072', 'localhost:50057']
[dc1_node2] Coordinator NOT in preference list, forwarding only
[dc1_node2] Replicated to localhost:50149
[dc1_node2] Saved 95 keys to disk
[dc1_node2] Internal PUT (replication): key='item:0309'
[dc1_node2] CONFLICT detected for key='item:0309', siblings=13
[dc1_node2] Client PUT: key='item:1905', value='value_1905_update_client10_op1638'
[dc1_node2] Preference list for 'item:1905': ['localhost:50065', 'localhost:50244', 'localhost:50199']
[dc1_node2] Coordinator NOT in preference list, forwarding only
[dc1_node2] Saved 95 keys to disk
[dc1_node2] Client PUT: key='item:0922', value='value_922_client26_op1609'
[dc1_node2] Preference list for 'item:0922': ['localhost:50174', 'localhost:50231', 'localhost:50132']
[dc1_node2] Coordinator NOT in preference list, forwarding only
[dc1_node2] Replicated to localhost:50132
[dc1_node2] Replicated to localhost:50057
[dc1_node2] W-quorum achieved (2 writes), returning to client
[dc1_node2] Background replication continues for remaining nodes
[dc1_node2] Successful writes: 2/3
[dc1_node2] Replicated to localhost:50244
[dc1_node2] Replicated to localhost:50199
[dc1_node2] W-quorum achieved (2 writes), returning to client
[dc1_node2] Background replication continues for remaining nodes
[dc1_node2] Successful writes: 2/3
[dc1_node2] Replicated to localhost:50065
[dc1_node2] Replicated to localhost:50174
[dc1_node2] Replicated to localhost:50072
[dc1_node2] W-quorum achieved (2 writes), returning to client
[dc1_node2] Background replication continues for remaining nodes
[dc1_node2] Successful writes: 2/3
[dc1_node2] Replicated to localhost:50231
[dc1_node2] Client PUT: key='item:3843', value='value_3843_client32_op1654'
[dc1_node2] Preference list for 'item:3843': ['localhost:50228', 'localhost:50162', 'localhost:50236']
[dc1_node2] Coordinator NOT in preference list, forwarding only
[dc1_node2] Replicated to localhost:50228
[dc1_node2] Client PUT: key='item:4066', value='value_4066_client30_op1632'
[dc1_node2] Preference list for 'item:4066': ['localhost:50063', 'localhost:50131', 'localhost:50099']
[dc1_node2] Coordinator NOT in preference list, forwarding only
[dc1_node2] Replicated to localhost:50236
[dc1_node2] Retrieved key='item:3950', versions=8
[dc1_node2] W-quorum achieved (2 writes), returning to client
[dc1_node2] Background replication continues for remaining nodes
[dc1_node2] Successful writes: 2/3
[dc1_node2] Internal PUT (replication): key='item:2466'
[dc1_node2] CONFLICT detected for key='item:2466', siblings=19
[dc1_node2] Replicated to localhost:50131
[dc1_node2] Saved 95 keys to disk
[dc1_node2] Replicated to localhost:50063
[dc1_node2] W-quorum achieved (2 writes), returning to client
[dc1_node2] Background replication continues for remaining nodes
[dc1_node2] Successful writes: 2/3
[dc1_node2] Replicated to localhost:50099
[dc1_node2] Replicated to localhost:50162
[dc1_node2] Retrieved key='item:2942', versions=10
[dc1_node2] Internal PUT (replication): key='item:2489'
[dc1_node2] CONFLICT detected for key='item:2489', siblings=14
[dc1_node2] Saved 95 keys to disk
[dc1_node2] Retrieved key='item:2431', versions=12
[dc1_node2] Retrieved key='item:1834', versions=15
[dc1_node2] Internal PUT (replication): key='item:4056'
[dc1_node2] CONFLICT detected for key='item:4056', siblings=15
[dc1_node2] Saved 95 keys to disk
[dc1_node2] Internal PUT (replication): key='item:3563'
[dc1_node2] CONFLICT detected for key='item:3563', siblings=13
[dc1_node2] Saved 95 keys to disk
[dc1_node2] Internal PUT (replication): key='item:2431'
[dc1_node2] CONFLICT detected for key='item:2431', siblings=13
[dc1_node2] Saved 95 keys to disk
[dc1_node2] Retrieved key='item:4056', versions=15
[dc1_node2] Internal PUT (replication): key='item:1739'
[dc1_node2] CONFLICT detected for key='item:1739', siblings=13
[dc1_node2] Saved 95 keys to disk
[dc1_node2] Internal PUT (replication): key='item:1811'
[dc1_node2] CONFLICT detected for key='item:1811', siblings=12
[dc1_node2] Client PUT: key='item:1200', value='value_1200_client0_op1626'
[dc1_node2] Preference list for 'item:1200': ['localhost:50096', 'localhost:50237', 'localhost:50147']
[dc1_node2] Coordinator NOT in preference list, forwarding only
[dc1_node2] Replicated to localhost:50096
[dc1_node2] Saved 95 keys to disk
[dc1_node2] Retrieved key='item:3227', versions=8
[dc1_node2] Retrieved key='item:1965', versions=10
[dc1_node2] Replicated to localhost:50147
[dc1_node2] Client PUT: key='item:2301', value='value_2301_update_client42_op1631'
[dc1_node2] Preference list for 'item:2301': ['localhost:50249', 'localhost:50157', 'localhost:50078']
[dc1_node2] Coordinator NOT in preference list, forwarding only
[dc1_node2] W-quorum achieved (2 writes), returning to client
[dc1_node2] Background replication continues for remaining nodes
[dc1_node2] Successful writes: 2/3
[dc1_node2] Replicated to localhost:50237
[dc1_node2] Replicated to localhost:50078
[dc1_node2] Retrieved key='item:3854', versions=13
[dc1_node2] Replicated to localhost:50157
[dc1_node2] W-quorum achieved (2 writes), returning to client
[dc1_node2] Background replication continues for remaining nodes
[dc1_node2] Successful writes: 2/3
[dc1_node2] Replicated to localhost:50249
[dc1_node2] Internal PUT (replication): key='item:0309'
[dc1_node2] CONFLICT detected for key='item:0309', siblings=14
[dc1_node2] Client GET: key='item:3358'
[dc1_node2] Reading from preference list: ['localhost:50103', 'localhost:50163']
[dc1_node2] Internal PUT (replication): key='item:0408'
[dc1_node2] Internal PUT (replication): key='item:0705'
[dc1_node2] Client PUT: key='item:2979', value='value_2979_client35_op1629'
[dc1_node2] Preference list for 'item:2979': ['localhost:50147', 'localhost:50116', 'localhost:50166']
[dc1_node2] Coordinator NOT in preference list, forwarding only
[dc1_node2] Replicated to localhost:50116
[dc1_node2] Saved 95 keys to disk
[dc1_node2] Key='item:3358' not found
[dc1_node2] CONFLICT detected for key='item:0408', siblings=11
[dc1_node2] Replicated to localhost:50166
[dc1_node2] CONFLICT: 28 sibling versions for 'item:3358'
[dc1_node2] W-quorum achieved (2 writes), returning to client
[dc1_node2] Background replication continues for remaining nodes
[dc1_node2] Successful writes: 2/3
[dc1_node2] Replicated to localhost:50147
[dc1_node2] Client GET: key='item:3979'
[dc1_node2] Reading from preference list: ['localhost:50210', 'localhost:50153']
[dc1_node2] Saved 95 keys to disk
[dc1_node2] Stored NEW key='item:0705', value='value_705_update_client32_op1673', clock={dc1_node3:1}
[dc1_node2] Internal PUT (replication): key='item:2805'
[dc1_node2] Saved 96 keys to disk
[dc1_node2] Key='item:3979' not found
[dc1_node2] CONFLICT detected for key='item:2805', siblings=12
[dc1_node2] Client PUT: key='item:2946', value='value_2946_update_client22_op1653'
[dc1_node2] Preference list for 'item:2946': ['localhost:50166', 'localhost:50232', 'localhost:50076']
[dc1_node2] Coordinator NOT in preference list, forwarding only
[dc1_node2] CONFLICT: 24 sibling versions for 'item:3979'
[dc1_node2] Replicated to localhost:50166
[dc1_node2] Replicated to localhost:50076
[dc1_node2] W-quorum achieved (2 writes), returning to client
[dc1_node2] Background replication continues for remaining nodes
[dc1_node2] Successful writes: 2/3
[dc1_node2] Internal PUT (replication): key='item:4636'
[dc1_node2] Replicated to localhost:50232
[dc1_node2] Saved 96 keys to disk
[dc1_node2] CONFLICT detected for key='item:4636', siblings=17
[dc1_node2] Saved 96 keys to disk
[dc1_node2] Internal PUT (replication): key='item:3418'
[dc1_node2] CONFLICT detected for key='item:3418', siblings=14
[dc1_node2] Client PUT: key='item:1169', value='value_1169_update_client23_op1645'
[dc1_node2] Preference list for 'item:1169': ['localhost:50080', 'localhost:50142', 'localhost:50240']
[dc1_node2] Coordinator NOT in preference list, forwarding only
[dc1_node2] Replicated to localhost:50240
[dc1_node2] Replicated to localhost:50080
[dc1_node2] W-quorum achieved (2 writes), returning to client
[dc1_node2] Background replication continues for remaining nodes
[dc1_node2] Successful writes: 2/3
[dc1_node2] Replicated to localhost:50142
[dc1_node2] Saved 96 keys to disk
[dc1_node2] Retrieved key='item:1834', versions=15
[dc1_node2] Internal PUT (replication): key='item:0844'
[dc1_node2] CONFLICT detected for key='item:0844', siblings=12
[dc1_node2] Client PUT: key='item:3839', value='value_3839_client27_op1693'
[dc1_node2] Preference list for 'item:3839': ['localhost:50112', 'localhost:50083', 'localhost:50142']
[dc1_node2] Coordinator NOT in preference list, forwarding only
[dc1_node2] Replicated to localhost:50112
[dc1_node2] Replicated to localhost:50083
[dc1_node2] W-quorum achieved (2 writes), returning to client
[dc1_node2] Background replication continues for remaining nodes
[dc1_node2] Successful writes: 2/3
[dc1_node2] Client PUT: key='item:3977', value='value_3977_update_client27_op1695'
[dc1_node2] Preference list for 'item:3977': ['localhost:50079', 'localhost:50243', 'localhost:50188']
[dc1_node2] Coordinator NOT in preference list, forwarding only
[dc1_node2] Replicated to localhost:50142
[dc1_node2] Replicated to localhost:50079
[dc1_node2] Replicated to localhost:50188
[dc1_node2] W-quorum achieved (2 writes), returning to client
[dc1_node2] Background replication continues for remaining nodes
[dc1_node2] Successful writes: 2/3
[dc1_node2] Replicated to localhost:50243
[dc1_node2] Saved 96 keys to disk
[dc1_node2] Retrieved key='item:0309', versions=14
[dc1_node2] Retrieved key='item:2994', versions=12
[dc1_node2] Internal PUT (replication): key='item:3776'
[dc1_node2] CONFLICT detected for key='item:3776', siblings=17
[dc1_node2] Saved 96 keys to disk
[dc1_node2] Internal PUT (replication): key='item:4498'
[dc1_node2] CONFLICT detected for key='item:4498', siblings=15
[dc1_node2] Internal PUT (replication): key='item:3866'
[dc1_node2] Saved 96 keys to disk
[dc1_node2] CONFLICT detected for key='item:3866', siblings=23
[dc1_node2] Saved 96 keys to disk
[dc1_node2] Retrieved key='item:2431', versions=13
[dc1_node2] Internal PUT (replication): key='item:0693'
[dc1_node2] CONFLICT detected for key='item:0693', siblings=16
[dc1_node2] Saved 96 keys to disk
[dc1_node2] Internal PUT (replication): key='item:0844'
[dc1_node2] CONFLICT detected for key='item:0844', siblings=13
[dc1_node2] Saved 96 keys to disk
[dc1_node2] Internal PUT (replication): key='item:3950'
[dc1_node2] CONFLICT detected for key='item:3950', siblings=9
[dc1_node2] Saved 96 keys to disk
[dc1_node2] Internal PUT (replication): key='item:4397'
[dc1_node2] CONFLICT detected for key='item:4397', siblings=7
[dc1_node2] Client PUT: key='item:3272', value='value_3272_client7_op1714'
[dc1_node2] Preference list for 'item:3272': ['localhost:50073', 'localhost:50144', 'localhost:50051']
[dc1_node2] Coordinator NOT in preference list, forwarding only
[dc1_node2] Saved 96 keys to disk
[dc1_node2] Replicated to localhost:50051
[dc1_node2] Replicated to localhost:50073
[dc1_node2] W-quorum achieved (2 writes), returning to client
[dc1_node2] Background replication continues for remaining nodes
[dc1_node2] Successful writes: 2/3
[dc1_node2] Replicated to localhost:50144
[dc1_node2] Internal PUT (replication): key='item:0548'
[dc1_node2] CONFLICT detected for key='item:0548', siblings=13
[dc1_node2] Client GET: key='item:4058'
[dc1_node2] Reading from preference list: ['localhost:50203', 'localhost:50092']
[dc1_node2] Client GET: key='item:0436'
[dc1_node2] Reading from preference list: ['localhost:50081', 'localhost:50059']
[dc1_node2] Saved 96 keys to disk
[dc1_node2] Key='item:4058' not found
[dc1_node2] Key='item:0436' not found
[dc1_node2] CONFLICT: 16 sibling versions for 'item:4058'
[dc1_node2] Internal PUT (replication): key='item:3866'
[dc1_node2] CONFLICT detected for key='item:3866', siblings=24
[dc1_node2] CONFLICT: 14 sibling versions for 'item:0436'
[dc1_node2] Saved 96 keys to disk
[dc1_node2] Retrieved key='item:2653', versions=11
[dc1_node2] Internal PUT (replication): key='item:2976'
[dc1_node2] CONFLICT detected for key='item:2976', siblings=8
[dc1_node2] Saved 96 keys to disk
[dc1_node2] Internal PUT (replication): key='item:0844'
[dc1_node2] CONFLICT detected for key='item:0844', siblings=14
[dc1_node2] Saved 96 keys to disk
[dc1_node2] Internal PUT (replication): key='item:2489'
[dc1_node2] CONFLICT detected for key='item:2489', siblings=15
[dc1_node2] Saved 96 keys to disk
[dc1_node2] Client PUT: key='item:2691', value='value_2691_client16_op1702'
[dc1_node2] Preference list for 'item:2691': ['localhost:50165', 'localhost:50117', 'localhost:50171']
[dc1_node2] Coordinator NOT in preference list, forwarding only
[dc1_node2] Replicated to localhost:50171
[dc1_node2] Retrieved key='item:1252', versions=9
[dc1_node2] Replicated to localhost:50117
[dc1_node2] W-quorum achieved (2 writes), returning to client
[dc1_node2] Background replication continues for remaining nodes
[dc1_node2] Successful writes: 2/3
[dc1_node2] Client PUT: key='item:3847', value='value_3847_update_client43_op1698'
[dc1_node2] Preference list for 'item:3847': ['localhost:50178', 'localhost:50123', 'localhost:50132']
[dc1_node2] Coordinator NOT in preference list, forwarding only
[dc1_node2] Replicated to localhost:50165
[dc1_node2] Retrieved key='item:4570', versions=11
[dc1_node2] Client GET: key='item:4843'
[dc1_node2] Reading from preference list: ['localhost:50147', 'localhost:50116']
[dc1_node2] Key='item:4843' not found
[dc1_node2] Replicated to localhost:50132
[dc1_node2] CONFLICT: 26 sibling versions for 'item:4843'
[dc1_node2] Replicated to localhost:50123
[dc1_node2] W-quorum achieved (2 writes), returning to client
[dc1_node2] Background replication continues for remaining nodes
[dc1_node2] Successful writes: 2/3
[dc1_node2] Client GET: key='item:1572'
[dc1_node2] Reading from preference list: ['localhost:50188', 'localhost:50093']
[dc1_node2] Key='item:1572' not found
[dc1_node2] CONFLICT: 32 sibling versions for 'item:1572'
[dc1_node2] Internal PUT (replication): key='item:2783'
[dc1_node2] CONFLICT detected for key='item:2783', siblings=18
[dc1_node2] Internal PUT (replication): key='item:4065'
[dc1_node2] Replicated to localhost:50178
[dc1_node2] Saved 96 keys to disk
[dc1_node2] CONFLICT detected for key='item:4065', siblings=3
[dc1_node2] Internal PUT (replication): key='item:3551'
[dc1_node2] Internal PUT (replication): key='item:2464'
[dc1_node2] Saved 96 keys to disk
[dc1_node2] CONFLICT detected for key='item:3551', siblings=11
[dc1_node2] Saved 96 keys to disk
[dc1_node2] CONFLICT detected for key='item:2464', siblings=9
[dc1_node2] Client GET: key='item:3491'
[dc1_node2] Reading from preference list: ['localhost:50218', 'localhost:50166']
[dc1_node2] Saved 96 keys to disk
[dc1_node2] Key='item:3491' not found
[dc1_node2] Retrieved key='item:1739', versions=13
[dc1_node2] CONFLICT: 15 sibling versions for 'item:3491'
[dc1_node2] Client PUT: key='item:1854', value='value_1854_client28_op1715'
[dc1_node2] Preference list for 'item:1854': ['localhost:50056', 'localhost:50207', 'localhost:50127']
[dc1_node2] Coordinator NOT in preference list, forwarding only
[dc1_node2] Replicated to localhost:50056
[dc1_node2] Replicated to localhost:50207
[dc1_node2] W-quorum achieved (2 writes), returning to client
[dc1_node2] Background replication continues for remaining nodes
[dc1_node2] Successful writes: 2/3
[dc1_node2] Replicated to localhost:50127
[dc1_node2] Internal PUT (replication): key='item:2976'
[dc1_node2] CONFLICT detected for key='item:2976', siblings=9
[dc1_node2] Saved 96 keys to disk
[dc1_node2] Retrieved key='item:2482', versions=5
[dc1_node2] Retrieved key='item:3551', versions=11
[dc1_node2] Client PUT: key='item:2821', value='value_2821_update_client32_op1727'
[dc1_node2] Preference list for 'item:2821': ['localhost:50116', 'localhost:50104', 'localhost:50088']
[dc1_node2] Coordinator NOT in preference list, forwarding only
[dc1_node2] Replicated to localhost:50116
[dc1_node2] Replicated to localhost:50104
[dc1_node2] W-quorum achieved (2 writes), returning to client
[dc1_node2] Background replication continues for remaining nodes
[dc1_node2] Successful writes: 2/3
[dc1_node2] Replicated to localhost:50088
[dc1_node2] Internal PUT (replication): key='item:1252'
[dc1_node2] CONFLICT detected for key='item:1252', siblings=10
[dc1_node2] Saved 96 keys to disk
[dc1_node2] Client GET: key='item:4952'
[dc1_node2] Reading from preference list: ['localhost:50185', 'localhost:50111']
[dc1_node2] Key='item:4952' not found
[dc1_node2] CONFLICT: 20 sibling versions for 'item:4952'
[dc1_node2] Internal PUT (replication): key='item:3854'
[dc1_node2] CONFLICT detected for key='item:3854', siblings=14
[dc1_node2] Internal PUT (replication): key='item:1661'
[dc1_node2] Saved 96 keys to disk
[dc1_node2] CONFLICT detected for key='item:1661', siblings=16
[dc1_node2] Saved 96 keys to disk
[dc1_node2] Client PUT: key='item:2859', value='value_2859_client32_op1733'
[dc1_node2] Preference list for 'item:2859': ['localhost:50241', 'localhost:50177', 'localhost:50225']
[dc1_node2] Coordinator NOT in preference list, forwarding only
[dc1_node2] Replicated to localhost:50241
[dc1_node2] Client GET: key='item:0156'
[dc1_node2] Reading from preference list: ['localhost:50151', 'localhost:50192']
[dc1_node2] Key='item:0156' not found
[dc1_node2] Replicated to localhost:50225
[dc1_node2] W-quorum achieved (2 writes), returning to client
[dc1_node2] Background replication continues for remaining nodes
[dc1_node2] Successful writes: 2/3
[dc1_node2] Replicated to localhost:50177
[dc1_node2] CONFLICT: 20 sibling versions for 'item:0156'
[dc1_node2] Internal PUT (replication): key='item:4636'
[dc1_node2] CONFLICT detected for key='item:4636', siblings=18
[dc1_node2] Saved 96 keys to disk
[dc1_node2] Internal PUT (replication): key='item:3950'
[dc1_node2] CONFLICT detected for key='item:3950', siblings=10
[dc1_node2] Saved 96 keys to disk
[dc1_node2] Internal PUT (replication): key='item:1811'
[dc1_node2] CONFLICT detected for key='item:1811', siblings=13
[dc1_node2] Saved 96 keys to disk
[dc1_node2] Retrieved key='item:1252', versions=10
[dc1_node2] Client PUT: key='item:4333', value='value_4333_client13_op1739'
[dc1_node2] Preference list for 'item:4333': ['localhost:50103', 'localhost:50156', 'localhost:50111']
[dc1_node2] Coordinator NOT in preference list, forwarding only
[dc1_node2] Retrieved key='item:3602', versions=11
[dc1_node2] Replicated to localhost:50156
[dc1_node2] Replicated to localhost:50111
[dc1_node2] W-quorum achieved (2 writes), returning to client
[dc1_node2] Background replication continues for remaining nodes
[dc1_node2] Successful writes: 2/3
[dc1_node2] Internal PUT (replication): key='item:2482'
[dc1_node2] CONFLICT detected for key='item:2482', siblings=6
[dc1_node2] Internal PUT (replication): key='item:2320'
[dc1_node2] Replicated to localhost:50103
[dc1_node2] Saved 96 keys to disk
[dc1_node2] CONFLICT detected for key='item:2320', siblings=15
[dc1_node2] Client GET: key='item:1218'
[dc1_node2] Reading from preference list: ['localhost:50203', 'localhost:50103']
[dc1_node2] Internal PUT (replication): key='item:3351'
[dc1_node2] Saved 96 keys to disk
[dc1_node2] Key='item:1218' not found
[dc1_node2] CONFLICT detected for key='item:3351', siblings=14
[dc1_node2] Saved 96 keys to disk
[dc1_node2] Internal PUT (replication): key='item:3746'
[dc1_node2] CONFLICT detected for key='item:3746', siblings=11
[dc1_node2] CONFLICT: 22 sibling versions for 'item:1218'
[dc1_node2] Saved 96 keys to disk
[dc1_node2] Internal PUT (replication): key='item:3521'
[dc1_node2] CONFLICT detected for key='item:3521', siblings=18
[dc1_node2] Client PUT: key='item:3833', value='value_3833_update_client29_op1749'
[dc1_node2] Preference list for 'item:3833': ['localhost:50162', 'localhost:50054', 'localhost:50120']
[dc1_node2] Coordinator NOT in preference list, forwarding only
[dc1_node2] Replicated to localhost:50054
[dc1_node2] Saved 96 keys to disk
[dc1_node2] Replicated to localhost:50120
[dc1_node2] Client PUT: key='item:2808', value='value_2808_update_client20_op1741'
[dc1_node2] Preference list for 'item:2808': ['localhost:50101', 'localhost:50147', 'localhost:50171']
[dc1_node2] Coordinator NOT in preference list, forwarding only
[dc1_node2] W-quorum achieved (2 writes), returning to client
[dc1_node2] Background replication continues for remaining nodes
[dc1_node2] Successful writes: 2/3
[dc1_node2] Replicated to localhost:50162
[dc1_node2] Internal PUT (replication): key='item:1011'
[dc1_node2] CONFLICT detected for key='item:1011', siblings=12
[dc1_node2] Replicated to localhost:50171
[dc1_node2] Saved 96 keys to disk
[dc1_node2] Internal PUT (replication): key='item:4549'
[dc1_node2] CONFLICT detected for key='item:4549', siblings=18
[dc1_node2] Internal PUT (replication): key='item:0548'
[dc1_node2] Internal PUT (replication): key='item:0844'
[dc1_node2] Saved 96 keys to disk
[dc1_node2] CONFLICT detected for key='item:0548', siblings=14
[dc1_node2] Replicated to localhost:50101
[dc1_node2] W-quorum achieved (2 writes), returning to client
[dc1_node2] Background replication continues for remaining nodes
[dc1_node2] Successful writes: 2/3
[dc1_node2] Saved 96 keys to disk
[dc1_node2] CONFLICT detected for key='item:0844', siblings=14
[dc1_node2] Saved 96 keys to disk
[dc1_node2] Replicated to localhost:50147
[dc1_node2] Retrieved key='item:3776', versions=17
[dc1_node2] Client GET: key='item:1145'
[dc1_node2] Reading from preference list: ['localhost:50159', 'localhost:50247']
[dc1_node2] Key='item:1145' not found
[dc1_node2] CONFLICT: 32 sibling versions for 'item:1145'
[dc1_node2] Client PUT: key='item:4897', value='value_4897_client44_op1716'
[dc1_node2] Preference list for 'item:4897': ['localhost:50247', 'localhost:50071', 'localhost:50173']
[dc1_node2] Coordinator NOT in preference list, forwarding only
[dc1_node2] Replicated to localhost:50247
[dc1_node2] Replicated to localhost:50173
[dc1_node2] W-quorum achieved (2 writes), returning to client
[dc1_node2] Background replication continues for remaining nodes
[dc1_node2] Successful writes: 2/3
[dc1_node2] Client PUT: key='item:4608', value='value_4608_client27_op1760'
[dc1_node2] Preference list for 'item:4608': ['localhost:50055', 'localhost:50177', 'localhost:50244']
[dc1_node2] Coordinator NOT in preference list, forwarding only
[dc1_node2] Internal PUT (replication): key='item:4341'
[dc1_node2] CONFLICT detected for key='item:4341', siblings=10
[dc1_node2] Replicated to localhost:50071
[dc1_node2] Internal PUT (replication): key='item:4031'
[dc1_node2] Internal PUT (replication): key='item:4865'
[dc1_node2] Saved 96 keys to disk
[dc1_node2] Retrieved key='item:0615', versions=16
[dc1_node2] Stored NEW key='item:4031', value='value_4031_client19_op1740', clock={dc3_node5:1}
[dc1_node2] Saved 97 keys to disk
[dc1_node2] CONFLICT detected for key='item:4865', siblings=10
[dc1_node2] Saved 97 keys to disk
[dc1_node2] Replicated to localhost:50177
[dc1_node2] Retrieved key='item:2473', versions=17
[dc1_node2] Replicated to localhost:50244
[dc1_node2] Client PUT: key='item:1144', value='value_1144_update_client33_op1700'
[dc1_node2] Preference list for 'item:1144': ['localhost:50154', 'localhost:50084', 'localhost:50221']
[dc1_node2] Coordinator NOT in preference list, forwarding only
[dc1_node2] W-quorum achieved (2 writes), returning to client
[dc1_node2] Background replication continues for remaining nodes
[dc1_node2] Successful writes: 2/3
[dc1_node2] Replicated to localhost:50221
[dc1_node2] Replicated to localhost:50055
[dc1_node2] Replicated to localhost:50084
[dc1_node2] W-quorum achieved (2 writes), returning to client
[dc1_node2] Background replication continues for remaining nodes
[dc1_node2] Successful writes: 2/3
[dc1_node2] Replicated to localhost:50154
[dc1_node2] Client PUT: key='item:4326', value='value_4326_update_client3_op1778'
[dc1_node2] Preference list for 'item:4326': ['localhost:50156', 'localhost:50143', 'localhost:50123']
[dc1_node2] Coordinator NOT in preference list, forwarding only
[dc1_node2] Replicated to localhost:50143
[dc1_node2] Replicated to localhost:50156
[dc1_node2] W-quorum achieved (2 writes), returning to client
[dc1_node2] Background replication continues for remaining nodes
[dc1_node2] Successful writes: 2/3
[dc1_node2] Internal PUT (replication): key='item:3854'
[dc1_node2] CONFLICT detected for key='item:3854', siblings=15
[dc1_node2] Saved 97 keys to disk
[dc1_node2] Replicated to localhost:50123
[dc1_node2] Client PUT: key='item:2070', value='value_2070_client20_op1752'
[dc1_node2] Preference list for 'item:2070': ['localhost:50169', 'localhost:50051', 'localhost:50098']
[dc1_node2] Coordinator NOT in preference list, forwarding only
[dc1_node2] Replicated to localhost:50169
[dc1_node2] Client PUT: key='item:0958', value='value_958_update_client39_op1770'
[dc1_node2] Preference list for 'item:0958': ['localhost:50079', 'localhost:50186', 'localhost:50113']
[dc1_node2] Coordinator NOT in preference list, forwarding only
[dc1_node2] Replicated to localhost:50079
[dc1_node2] Replicated to localhost:50113
[dc1_node2] W-quorum achieved (2 writes), returning to client
[dc1_node2] Background replication continues for remaining nodes
[dc1_node2] Successful writes: 2/3
[dc1_node2] Internal PUT (replication): key='item:2986'
[dc1_node2] CONFLICT detected for key='item:2986', siblings=11
[dc1_node2] Saved 97 keys to disk
[dc1_node2] Replicated to localhost:50098
[dc1_node2] Replicated to localhost:50051
[dc1_node2] W-quorum achieved (2 writes), returning to client
[dc1_node2] Background replication continues for remaining nodes
[dc1_node2] Successful writes: 3/3
[dc1_node2] Replicated to localhost:50186
[dc1_node2] Retrieved key='item:3602', versions=11
[dc1_node2] Internal PUT (replication): key='item:3923'
[dc1_node2] CONFLICT detected for key='item:3923', siblings=14
[dc1_node2] Internal PUT (replication): key='item:3815'
[dc1_node2] Saved 97 keys to disk
[dc1_node2] CONFLICT detected for key='item:3815', siblings=10
[dc1_node2] Internal PUT (replication): key='item:3436'
[dc1_node2] Saved 97 keys to disk
[dc1_node2] CONFLICT detected for key='item:3436', siblings=11
[dc1_node2] Saved 97 keys to disk
[dc1_node2] Internal PUT (replication): key='item:0289'
[dc1_node2] CONFLICT detected for key='item:0289', siblings=13
[dc1_node2] Saved 97 keys to disk
[dc1_node2] Retrieved key='item:2473', versions=17
[dc1_node2] Retrieved key='item:3950', versions=10
[dc1_node2] Internal PUT (replication): key='item:1252'
[dc1_node2] CONFLICT detected for key='item:1252', siblings=11
[dc1_node2] Saved 97 keys to disk
[dc1_node2] Internal PUT (replication): key='item:3602'
[dc1_node2] CONFLICT detected for key='item:3602', siblings=12
[dc1_node2] Client GET: key='item:0086'
[dc1_node2] Reading from preference list: ['localhost:50229', 'localhost:50128']
[dc1_node2] Saved 97 keys to disk
[dc1_node2] Key='item:0086' not found
[dc1_node2] Internal PUT (replication): key='item:3776'
[dc1_node2] CONFLICT detected for key='item:3776', siblings=18
[dc1_node2] Internal PUT (replication): key='item:2440'
[dc1_node2] Saved 97 keys to disk
[dc1_node2] CONFLICT detected for key='item:2440', siblings=14
[dc1_node2] CONFLICT: 36 sibling versions for 'item:0086'
[dc1_node2] Internal PUT (replication): key='item:3351'
[dc1_node2] Internal PUT (replication): key='item:2986'
[dc1_node2] Saved 97 keys to disk
[dc1_node2] Retrieved key='item:2464', versions=9
[dc1_node2] Retrieved key='item:2431', versions=13
[dc1_node2] CONFLICT detected for key='item:3351', siblings=15
[dc1_node2] Saved 97 keys to disk
[dc1_node2] CONFLICT detected for key='item:2986', siblings=12
[dc1_node2] Internal PUT (replication): key='item:1107'
[dc1_node2] Saved 97 keys to disk
[dc1_node2] CONFLICT detected for key='item:1107', siblings=8
[dc1_node2] Internal PUT (replication): key='item:1661'
[dc1_node2] Saved 97 keys to disk
[dc1_node2] Retrieved key='item:0309', versions=14
[dc1_node2] CONFLICT detected for key='item:1661', siblings=17
[dc1_node2] Saved 97 keys to disk
[dc1_node2] Retrieved key='item:3436', versions=11
[dc1_node2] Client GET: key='item:3892'
[dc1_node2] Reading from preference list: ['localhost:50159', 'localhost:50225']
[dc1_node2] Key='item:3892' not found
[dc1_node2] CONFLICT: 20 sibling versions for 'item:3892'
[dc1_node2] Internal PUT (replication): key='item:1033'
[dc1_node2] CONFLICT detected for key='item:1033', siblings=14
[dc1_node2] Saved 97 keys to disk
[dc1_node2] Internal PUT (replication): key='item:3227'
[dc1_node2] CONFLICT detected for key='item:3227', siblings=8
[dc1_node2] Saved 97 keys to disk
[dc1_node2] Client PUT: key='item:4204', value='value_4204_client36_op1762'
[dc1_node2] Preference list for 'item:4204': ['localhost:50078', 'localhost:50051', 'localhost:50101']
[dc1_node2] Coordinator NOT in preference list, forwarding only
[dc1_node2] Replicated to localhost:50101
[dc1_node2] Replicated to localhost:50051
[dc1_node2] W-quorum achieved (2 writes), returning to client
[dc1_node2] Background replication continues for remaining nodes
[dc1_node2] Successful writes: 2/3
[dc1_node2] Replicated to localhost:50078
[dc1_node2] Retrieved key='item:2247', versions=18
[dc1_node2] Retrieved key='item:3551', versions=11
[dc1_node2] Internal PUT (replication): key='item:1011'
[dc1_node2] CONFLICT detected for key='item:1011', siblings=13
[dc1_node2] Saved 97 keys to disk
[dc1_node2] Retrieved key='item:3227', versions=8
[dc1_node2] Client PUT: key='item:4821', value='value_4821_client40_op1746'
[dc1_node2] Preference list for 'item:4821': ['localhost:50233', 'localhost:50184', 'localhost:50069']
[dc1_node2] Coordinator NOT in preference list, forwarding only
[dc1_node2] Client PUT: key='item:0263', value='value_263_update_client7_op1798'
[dc1_node2] Preference list for 'item:0263': ['localhost:50114', 'localhost:50226', 'localhost:50187']
[dc1_node2] Coordinator NOT in preference list, forwarding only
[dc1_node2] Replicated to localhost:50233
[dc1_node2] Replicated to localhost:50184
[dc1_node2] W-quorum achieved (2 writes), returning to client
[dc1_node2] Background replication continues for remaining nodes
[dc1_node2] Successful writes: 2/3
[dc1_node2] Replicated to localhost:50226
[dc1_node2] Replicated to localhost:50069
[dc1_node2] Replicated to localhost:50114
[dc1_node2] W-quorum achieved (2 writes), returning to client
[dc1_node2] Background replication continues for remaining nodes
[dc1_node2] Successful writes: 2/3
[dc1_node2] Replicated to localhost:50187
[dc1_node2] Client GET: key='item:2184'
[dc1_node2] Reading from preference list: ['localhost:50109', 'localhost:50218']
[dc1_node2] Key='item:2184' not found
[dc1_node2] CONFLICT: 26 sibling versions for 'item:2184'
[dc1_node2] Retrieved key='item:4196', versions=15
[dc1_node2] Internal PUT (replication): key='item:1011'
[dc1_node2] CONFLICT detected for key='item:1011', siblings=13
[dc1_node2] Client PUT: key='item:2672', value='value_2672_client32_op1791'
[dc1_node2] Preference list for 'item:2672': ['localhost:50220', 'localhost:50076', 'localhost:50092']
[dc1_node2] Coordinator NOT in preference list, forwarding only
[dc1_node2] Replicated to localhost:50220
[dc1_node2] Replicated to localhost:50076
[dc1_node2] W-quorum achieved (2 writes), returning to client
[dc1_node2] Background replication continues for remaining nodes
[dc1_node2] Successful writes: 2/3
[dc1_node2] Saved 97 keys to disk
[dc1_node2] Replicated to localhost:50092
[dc1_node2] Retrieved key='item:1037', versions=12
[dc1_node2] Client PUT: key='item:2001', value='value_2001_update_client26_op1745'
[dc1_node2] Preference list for 'item:2001': ['localhost:50136', 'localhost:50077', 'localhost:50099']
[dc1_node2] Coordinator NOT in preference list, forwarding only
[dc1_node2] Replicated to localhost:50136
[dc1_node2] Replicated to localhost:50099
[dc1_node2] W-quorum achieved (2 writes), returning to client
[dc1_node2] Background replication continues for remaining nodes
[dc1_node2] Successful writes: 2/3
[dc1_node2] Replicated to localhost:50077
[dc1_node2] Client GET: key='item:4859'
[dc1_node2] Reading from preference list: ['localhost:50150', 'localhost:50078']
[dc1_node2] Key='item:4859' not found
[dc1_node2] CONFLICT: 24 sibling versions for 'item:4859'
[dc1_node2] Internal PUT (replication): key='item:3195'
[dc1_node2] CONFLICT detected for key='item:3195', siblings=8
[dc1_node2] Saved 97 keys to disk
[dc1_node2] Internal PUT (replication): key='item:2611'
[dc1_node2] CONFLICT detected for key='item:2611', siblings=12
[dc1_node2] Saved 97 keys to disk
[dc1_node2] Client GET: key='item:2655'
[dc1_node2] Reading from preference list: ['localhost:50158', 'localhost:50241']
[dc1_node2] Key='item:2655' not found
[dc1_node2] CONFLICT: 11 sibling versions for 'item:2655'
[dc1_node2] Internal PUT (replication): key='item:2464'
[dc1_node2] CONFLICT detected for key='item:2464', siblings=10
[dc1_node2] Saved 97 keys to disk
[dc1_node2] Retrieved key='item:1811', versions=13
[dc1_node2] Client PUT: key='item:0292', value='value_292_client4_op1793'
[dc1_node2] Preference list for 'item:0292': ['localhost:50148', 'localhost:50235', 'localhost:50071']
[dc1_node2] Coordinator NOT in preference list, forwarding only
[dc1_node2] Internal PUT (replication): key='item:0408'
[dc1_node2] CONFLICT detected for key='item:0408', siblings=12
[dc1_node2] Replicated to localhost:50148
[dc1_node2] Saved 97 keys to disk
[dc1_node2] Retrieved key='item:0615', versions=16
[dc1_node2] Replicated to localhost:50071
[dc1_node2] W-quorum achieved (2 writes), returning to client
[dc1_node2] Background replication continues for remaining nodes
[dc1_node2] Successful writes: 2/3
[dc1_node2] Replicated to localhost:50235
[dc1_node2] Internal PUT (replication): key='item:3923'
[dc1_node2] CONFLICT detected for key='item:3923', siblings=15
[dc1_node2] Saved 97 keys to disk
[dc1_node2] Client PUT: key='item:3303', value='value_3303_update_client43_op1803'
[dc1_node2] Preference list for 'item:3303': ['localhost:50138', 'localhost:50074', 'localhost:50161']
[dc1_node2] Coordinator NOT in preference list, forwarding only
[dc1_node2] Internal PUT (replication): key='item:4056'
[dc1_node2] CONFLICT detected for key='item:4056', siblings=16
[dc1_node2] Replicated to localhost:50138
[dc1_node2] Saved 97 keys to disk
[dc1_node2] Replicated to localhost:50074
[dc1_node2] W-quorum achieved (2 writes), returning to client
[dc1_node2] Background replication continues for remaining nodes
[dc1_node2] Successful writes: 2/3
[dc1_node2] Replicated to localhost:50161
[dc1_node2] Internal PUT (replication): key='item:4454'
[dc1_node2] CONFLICT detected for key='item:4454', siblings=16
[dc1_node2] Saved 97 keys to disk
[dc1_node2] Retrieved key='item:1252', versions=11
[dc1_node2] Internal PUT (replication): key='item:3746'
[dc1_node2] CONFLICT detected for key='item:3746', siblings=12
[dc1_node2] Saved 97 keys to disk
[dc1_node2] Client PUT: key='item:1238', value='value_1238_update_client28_op1808'
[dc1_node2] Preference list for 'item:1238': ['localhost:50185', 'localhost:50149', 'localhost:50104']
[dc1_node2] Coordinator NOT in preference list, forwarding only
[dc1_node2] Internal PUT (replication): key='item:1252'
[dc1_node2] CONFLICT detected for key='item:1252', siblings=12
[dc1_node2] Replicated to localhost:50104
[dc1_node2] Replicated to localhost:50149
[dc1_node2] W-quorum achieved (2 writes), returning to client
[dc1_node2] Background replication continues for remaining nodes
[dc1_node2] Successful writes: 2/3
[dc1_node2] Replicated to localhost:50185
[dc1_node2] Saved 97 keys to disk
[dc1_node2] Retrieved key='item:1811', versions=13
[dc1_node2] Internal PUT (replication): key='item:2466'
[dc1_node2] CONFLICT detected for key='item:2466', siblings=20
[dc1_node2] Saved 97 keys to disk
[dc1_node2] Internal PUT (replication): key='item:0844'
[dc1_node2] CONFLICT detected for key='item:0844', siblings=15
[dc1_node2] Saved 97 keys to disk
[dc1_node2] Client PUT: key='item:2020', value='value_2020_client8_op1813'
[dc1_node2] Preference list for 'item:2020': ['localhost:50114', 'localhost:50164', 'localhost:50065']
[dc1_node2] Coordinator NOT in preference list, forwarding only
[dc1_node2] Internal PUT (replication): key='item:3982'
[dc1_node2] CONFLICT detected for key='item:3982', siblings=15
[dc1_node2] Client PUT: key='item:3598', value='value_3598_update_client48_op1800'
[dc1_node2] Preference list for 'item:3598': ['localhost:50129', 'localhost:50203', 'localhost:50175']
[dc1_node2] Coordinator NOT in preference list, forwarding only
[dc1_node2] Saved 97 keys to disk
[dc1_node2] Client PUT: key='item:4837', value='value_4837_client30_op1795'
[dc1_node2] Preference list for 'item:4837': ['localhost:50158', 'localhost:50241', 'localhost:50206']
[dc1_node2] Coordinator NOT in preference list, forwarding only
[dc1_node2] Replicated to localhost:50175
[dc1_node2] Replicated to localhost:50129
[dc1_node2] Replicated to localhost:50158
[dc1_node2] Internal PUT (replication): key='item:0693'
[dc1_node2] CONFLICT detected for key='item:0693', siblings=17
[dc1_node2] W-quorum achieved (2 writes), returning to client
[dc1_node2] Background replication continues for remaining nodes
[dc1_node2] Successful writes: 2/3
[dc1_node2] Replicated to localhost:50065
[dc1_node2] Replicated to localhost:50241
[dc1_node2] W-quorum achieved (2 writes), returning to client
[dc1_node2] Background replication continues for remaining nodes
[dc1_node2] Successful writes: 2/3
[dc1_node2] Replicated to localhost:50114
[dc1_node2] Replicated to localhost:50203
[dc1_node2] W-quorum achieved (2 writes), returning to client
[dc1_node2] Background replication continues for remaining nodes
[dc1_node2] Successful writes: 2/3
[dc1_node2] Replicated to localhost:50164
[dc1_node2] Replicated to localhost:50206
[dc1_node2] Saved 97 keys to disk
[dc1_node2] Retrieved key='item:0354', versions=19
[dc1_node2] Internal PUT (replication): key='item:4636'
[dc1_node2] CONFLICT detected for key='item:4636', siblings=18
[dc1_node2] Saved 97 keys to disk
[dc1_node2] Internal PUT (replication): key='item:0020'
[dc1_node2] CONFLICT detected for key='item:0020', siblings=20
[dc1_node2] Internal PUT (replication): key='item:2976'
[dc1_node2] Client GET: key='item:2411'
[dc1_node2] Reading from preference list: ['localhost:50087', 'localhost:50243']
[dc1_node2] Client GET: key='item:0728'
[dc1_node2] Reading from preference list: ['localhost:50178', 'localhost:50163']
[dc1_node2] Saved 97 keys to disk
[dc1_node2] CONFLICT detected for key='item:2976', siblings=10
[dc1_node2] Saved 97 keys to disk
[dc1_node2] Key='item:2411' not found
[dc1_node2] Key='item:0728' not found
[dc1_node2] CONFLICT: 21 sibling versions for 'item:0728'
[dc1_node2] Internal PUT (replication): key='item:4676'
[dc1_node2] Stored NEW key='item:4676', value='value_4676_update_client45_op1800', clock={dc1_node6:1}
[dc1_node2] CONFLICT: 25 sibling versions for 'item:2411'
[dc1_node2] Saved 98 keys to disk
[dc1_node2] Retrieved key='item:3521', versions=18
[dc1_node2] Retrieved key='item:2464', versions=10
[dc1_node2] Internal PUT (replication): key='item:3776'
[dc1_node2] CONFLICT detected for key='item:3776', siblings=18
[dc1_node2] Internal PUT (replication): key='item:4629'
[dc1_node2] Saved 98 keys to disk
[dc1_node2] CONFLICT detected for key='item:4629', siblings=11
[dc1_node2] Client PUT: key='item:4818', value='value_4818_client22_op1802'
[dc1_node2] Preference list for 'item:4818': ['localhost:50053', 'localhost:50220', 'localhost:50161']
[dc1_node2] Coordinator NOT in preference list, forwarding only
[dc1_node2] Internal PUT (replication): key='item:1857'
[dc1_node2] Replicated to localhost:50053
[dc1_node2] Saved 98 keys to disk
[dc1_node2] CONFLICT detected for key='item:1857', siblings=19
[dc1_node2] Replicated to localhost:50161
[dc1_node2] W-quorum achieved (2 writes), returning to client
[dc1_node2] Background replication continues for remaining nodes
[dc1_node2] Successful writes: 2/3
[dc1_node2] Saved 98 keys to disk
[dc1_node2] Client PUT: key='item:1106', value='value_1106_client40_op1795'
[dc1_node2] Preference list for 'item:1106': ['localhost:50065', 'localhost:50177', 'localhost:50159']
[dc1_node2] Coordinator NOT in preference list, forwarding only
[dc1_node2] Replicated to localhost:50159
[dc1_node2] Replicated to localhost:50220
[dc1_node2] Replicated to localhost:50065
[dc1_node2] Internal PUT (replication): key='item:2247'
[dc1_node2] CONFLICT detected for key='item:2247', siblings=19
[dc1_node2] W-quorum achieved (2 writes), returning to client
[dc1_node2] Background replication continues for remaining nodes
[dc1_node2] Successful writes: 2/3
[dc1_node2] Client PUT: key='item:2942', value='value_2942_update_client11_op1821'
[dc1_node2] Preference list for 'item:2942': ['localhost:50072', 'localhost:50052', 'localhost:50157']
[dc1_node2] Saved 98 keys to disk
[dc1_node2] Retrieved key='item:2473', versions=17
[dc1_node2] CONFLICT detected for key='item:2942', siblings=11
[dc1_node2] Replicated to localhost:50177
[dc1_node2] Client PUT: key='item:3566', value='value_3566_client8_op1834'
[dc1_node2] Preference list for 'item:3566': ['localhost:50237', 'localhost:50112', 'localhost:50144']
[dc1_node2] Coordinator NOT in preference list, forwarding only
[dc1_node2] Saved 98 keys to disk
[dc1_node2] Coordinator IS in preference list, stored locally
[dc1_node2] Retrieved key='item:0408', versions=12
[dc1_node2] Replicated to localhost:50072
[dc1_node2] W-quorum achieved (2 writes), returning to client
[dc1_node2] Background replication continues for remaining nodes
[dc1_node2] Successful writes: 2/3
[dc1_node2] Replicated to localhost:50237
[dc1_node2] Replicated to localhost:50144
[dc1_node2] W-quorum achieved (2 writes), returning to client
[dc1_node2] Background replication continues for remaining nodes
[dc1_node2] Successful writes: 2/3
[dc1_node2] Replicated to localhost:50157
[dc1_node2] Replicated to localhost:50112
[dc1_node2] Retrieved key='item:0354', versions=19
[dc1_node2] Retrieved key='item:1834', versions=15
[dc1_node2] Internal PUT (replication): key='item:3854'
[dc1_node2] CONFLICT detected for key='item:3854', siblings=16
[dc1_node2] Internal PUT (replication): key='item:4341'
[dc1_node2] Saved 98 keys to disk
[dc1_node2] CONFLICT detected for key='item:4341', siblings=11
[dc1_node2] Internal PUT (replication): key='item:0883'
[dc1_node2] Internal PUT (replication): key='item:3563'
[dc1_node2] Saved 98 keys to disk
[dc1_node2] CONFLICT detected for key='item:0883', siblings=14
[dc1_node2] Saved 98 keys to disk
[dc1_node2] CONFLICT detected for key='item:3563', siblings=14
[dc1_node2] Internal PUT (replication): key='item:3260'
[dc1_node2] Saved 98 keys to disk
[dc1_node2] CONFLICT detected for key='item:3260', siblings=8
[dc1_node2] Internal PUT (replication): key='item:3866'
[dc1_node2] Saved 98 keys to disk
[dc1_node2] CONFLICT detected for key='item:3866', siblings=25
[dc1_node2] Saved 98 keys to disk
[dc1_node2] Retrieved key='item:3746', versions=12
[dc1_node2] Internal PUT (replication): key='item:0071'
[dc1_node2] CONFLICT detected for key='item:0071', siblings=8
[dc1_node2] Saved 98 keys to disk
[dc1_node2] Retrieved key='item:3068', versions=15
[dc1_node2] Client GET: key='item:2827'
[dc1_node2] Reading from preference list: ['localhost:50224', 'localhost:50145']
[dc1_node2] Key='item:2827' not found
[dc1_node2] CONFLICT: 15 sibling versions for 'item:2827'
[dc1_node2] Client GET: key='item:4780'
[dc1_node2] Reading from preference list: ['localhost:50146', 'localhost:50248']
[dc1_node2] Key='item:4780' not found
[dc1_node2] CONFLICT: 37 sibling versions for 'item:4780'
[dc1_node2] Internal PUT (replication): key='item:3776'
[dc1_node2] CONFLICT detected for key='item:3776', siblings=19
[dc1_node2] Saved 98 keys to disk
[dc1_node2] Internal PUT (replication): key='item:1641'
[dc1_node2] CONFLICT detected for key='item:1641', siblings=12
[dc1_node2] Saved 98 keys to disk
[dc1_node2] Retrieved key='item:2431', versions=13
[dc1_node2] Internal PUT (replication): key='item:3866'
[dc1_node2] CONFLICT detected for key='item:3866', siblings=26
[dc1_node2] Internal PUT (replication): key='item:1037'
[dc1_node2] Saved 98 keys to disk
[dc1_node2] Retrieved key='item:4397', versions=7
[dc1_node2] CONFLICT detected for key='item:1037', siblings=13
[dc1_node2] Client GET: key='item:4249'
[dc1_node2] Reading from preference list: ['localhost:50231', 'localhost:50074']
[dc1_node2] Client GET: key='item:2596'
[dc1_node2] Reading from preference list: ['localhost:50135', 'localhost:50105']
[dc1_node2] Saved 98 keys to disk
[dc1_node2] Key='item:4249' not found
[dc1_node2] Key='item:2596' not found
[dc1_node2] Retrieved key='item:2994', versions=12
[dc1_node2] CONFLICT: 31 sibling versions for 'item:4249'
[dc1_node2] CONFLICT: 32 sibling versions for 'item:2596'
[dc1_node2] Client PUT: key='item:0924', value='value_924_client15_op1816'
[dc1_node2] Preference list for 'item:0924': ['localhost:50123', 'localhost:50156', 'localhost:50107']
[dc1_node2] Coordinator NOT in preference list, forwarding only
[dc1_node2] Replicated to localhost:50123
[dc1_node2] Replicated to localhost:50156
[dc1_node2] W-quorum achieved (2 writes), returning to client
[dc1_node2] Background replication continues for remaining nodes
[dc1_node2] Successful writes: 2/3
[dc1_node2] Replicated to localhost:50107
[dc1_node2] Retrieved key='item:1252', versions=12
[dc1_node2] Retrieved key='item:1834', versions=15
[dc1_node2] Internal PUT (replication): key='item:1641'
[dc1_node2] CONFLICT detected for key='item:1641', siblings=13
[dc1_node2] Internal PUT (replication): key='item:4454'
[dc1_node2] Saved 98 keys to disk
[dc1_node2] CONFLICT detected for key='item:4454', siblings=17
[dc1_node2] Internal PUT (replication): key='item:3551'
[dc1_node2] Saved 98 keys to disk
[dc1_node2] CONFLICT detected for key='item:3551', siblings=12
[dc1_node2] Saved 98 keys to disk
[dc1_node2] Retrieved key='item:1037', versions=13
[dc1_node2] Client GET: key='item:3551'
[dc1_node2] Reading from preference list: ['localhost:50052', 'localhost:50188']
[dc1_node2] Retrieved key='item:3551', versions=12
[dc1_node2] CONFLICT: 23 sibling versions for 'item:3551'
[dc1_node2] Internal PUT (replication): key='item:1873'
[dc1_node2] CONFLICT detected for key='item:1873', siblings=9
[dc1_node2] Saved 98 keys to disk
[dc1_node2] Client GET: key='item:0881'
[dc1_node2] Reading from preference list: ['localhost:50157', 'localhost:50172']
[dc1_node2] Key='item:0881' not found
[dc1_node2] CONFLICT: 24 sibling versions for 'item:0881'
[dc1_node2] Internal PUT (replication): key='item:2440'
[dc1_node2] CONFLICT detected for key='item:2440', siblings=15
[dc1_node2] Saved 98 keys to disk
[dc1_node2] Client PUT: key='item:0186', value='value_186_update_client7_op1878'
[dc1_node2] Preference list for 'item:0186': ['localhost:50242', 'localhost:50158', 'localhost:50063']
[dc1_node2] Coordinator NOT in preference list, forwarding only
[dc1_node2] Replicated to localhost:50063
[dc1_node2] Replicated to localhost:50242
[dc1_node2] W-quorum achieved (2 writes), returning to client
[dc1_node2] Background replication continues for remaining nodes
[dc1_node2] Successful writes: 2/3
[dc1_node2] Replicated to localhost:50158
[dc1_node2] Internal PUT (replication): key='item:2473'
[dc1_node2] CONFLICT detected for key='item:2473', siblings=18
[dc1_node2] Saved 98 keys to disk
[dc1_node2] Internal PUT (replication): key='item:3068'
[dc1_node2] CONFLICT detected for key='item:3068', siblings=16
[dc1_node2] Internal PUT (replication): key='item:3227'
[dc1_node2] Saved 98 keys to disk
[dc1_node2] Retrieved key='item:0998', versions=9
[dc1_node2] CONFLICT detected for key='item:3227', siblings=9
[dc1_node2] Saved 98 keys to disk
[dc1_node2] Retrieved key='item:0354', versions=19
[dc1_node2] Retrieved key='item:1661', versions=17
[dc1_node2] Retrieved key='item:2942', versions=11
[dc1_node2] Internal PUT (replication): key='item:3746'
[dc1_node2] CONFLICT detected for key='item:3746', siblings=13
[dc1_node2] Saved 98 keys to disk
[dc1_node2] Internal PUT (replication): key='item:3551'
[dc1_node2] CONFLICT detected for key='item:3551', siblings=13
[dc1_node2] Saved 98 keys to disk
[dc1_node2] Internal PUT (replication): key='item:2942'
[dc1_node2] CONFLICT detected for key='item:2942', siblings=12
[dc1_node2] Saved 98 keys to disk
[dc1_node2] Client PUT: key='item:0528', value='value_528_client33_op1815'
[dc1_node2] Preference list for 'item:0528': ['localhost:50058', 'localhost:50244', 'localhost:50191']
[dc1_node2] Coordinator NOT in preference list, forwarding only
[dc1_node2] Client PUT: key='item:2264', value='value_2264_client30_op1845'
[dc1_node2] Preference list for 'item:2264': ['localhost:50241', 'localhost:50138', 'localhost:50199']
[dc1_node2] Coordinator NOT in preference list, forwarding only
[dc1_node2] Replicated to localhost:50244
[dc1_node2] Replicated to localhost:50199
[dc1_node2] Client GET: key='item:3326'
[dc1_node2] Reading from preference list: ['localhost:50111', 'localhost:50080']
[dc1_node2] Key='item:3326' not found
[dc1_node2] CONFLICT: 32 sibling versions for 'item:3326'
[dc1_node2] Replicated to localhost:50058
[dc1_node2] W-quorum achieved (2 writes), returning to client
[dc1_node2] Background replication continues for remaining nodes
[dc1_node2] Successful writes: 2/3
[dc1_node2] Replicated to localhost:50191
[dc1_node2] Retrieved key='item:3195', versions=8
[dc1_node2] Replicated to localhost:50241
[dc1_node2] W-quorum achieved (2 writes), returning to client
[dc1_node2] Background replication continues for remaining nodes
[dc1_node2] Successful writes: 2/3
[dc1_node2] Internal PUT (replication): key='item:0883'
[dc1_node2] CONFLICT detected for key='item:0883', siblings=15
[dc1_node2] Replicated to localhost:50138
[dc1_node2] Saved 98 keys to disk
[dc1_node2] Client PUT: key='item:0205', value='value_205_update_client7_op1894'
[dc1_node2] Preference list for 'item:0205': ['localhost:50163', 'localhost:50171', 'localhost:50126']
[dc1_node2] Coordinator NOT in preference list, forwarding only
[dc1_node2] Replicated to localhost:50171
[dc1_node2] Replicated to localhost:50126
[dc1_node2] W-quorum achieved (2 writes), returning to client
[dc1_node2] Background replication continues for remaining nodes
[dc1_node2] Successful writes: 2/3
[dc1_node2] Replicated to localhost:50163
[dc1_node2] Internal PUT (replication): key='item:2986'
[dc1_node2] CONFLICT detected for key='item:2986', siblings=13
[dc1_node2] Saved 98 keys to disk
[dc1_node2] Client GET: key='item:1169'
[dc1_node2] Reading from preference list: ['localhost:50080', 'localhost:50142']
[dc1_node2] Key='item:1169' not found
[dc1_node2] CONFLICT: 14 sibling versions for 'item:1169'
[dc1_node2] Internal PUT (replication): key='item:2464'
[dc1_node2] CONFLICT detected for key='item:2464', siblings=11
[dc1_node2] Saved 98 keys to disk
[dc1_node2] Retrieved key='item:2783', versions=18
[dc1_node2] Retrieved key='item:2783', versions=18
[dc1_node2] Client PUT: key='item:3998', value='value_3998_client43_op1872'
[dc1_node2] Preference list for 'item:3998': ['localhost:50081', 'localhost:50119', 'localhost:50093']
[dc1_node2] Coordinator NOT in preference list, forwarding only
[dc1_node2] Replicated to localhost:50081
[dc1_node2] Internal PUT (replication): key='item:3854'
[dc1_node2] CONFLICT detected for key='item:3854', siblings=17
[dc1_node2] Saved 98 keys to disk
[dc1_node2] Replicated to localhost:50119
[dc1_node2] W-quorum achieved (2 writes), returning to client
[dc1_node2] Background replication continues for remaining nodes
[dc1_node2] Successful writes: 2/3
[dc1_node2] Replicated to localhost:50093
[dc1_node2] Internal PUT (replication): key='item:1033'
[dc1_node2] CONFLICT detected for key='item:1033', siblings=15
[dc1_node2] Saved 98 keys to disk
[dc1_node2] Retrieved key='item:0354', versions=19
[dc1_node2] Client GET: key='item:1020'
[dc1_node2] Reading from preference list: ['localhost:50230', 'localhost:50057']
[dc1_node2] Key='item:1020' not found
[dc1_node2] CONFLICT: 16 sibling versions for 'item:1020'
[dc1_node2] Internal PUT (replication): key='item:2247'
[dc1_node2] CONFLICT detected for key='item:2247', siblings=20
[dc1_node2] Saved 98 keys to disk
[dc1_node2] Internal PUT (replication): key='item:2986'
[dc1_node2] CONFLICT detected for key='item:2986', siblings=14
[dc1_node2] Internal PUT (replication): key='item:3950'
[dc1_node2] Saved 98 keys to disk
[dc1_node2] CONFLICT detected for key='item:3950', siblings=11
[dc1_node2] Saved 98 keys to disk
[dc1_node2] Internal PUT (replication): key='item:3991'
[dc1_node2] CONFLICT detected for key='item:3991', siblings=11
[dc1_node2] Saved 98 keys to disk
[dc1_node2] Client PUT: key='item:3753', value='value_3753_client19_op1889'
[dc1_node2] Preference list for 'item:3753': ['localhost:50228', 'localhost:50122', 'localhost:50173']
[dc1_node2] Coordinator NOT in preference list, forwarding only
[dc1_node2] Replicated to localhost:50228
[dc1_node2] Replicated to localhost:50173
[dc1_node2] W-quorum achieved (2 writes), returning to client
[dc1_node2] Background replication continues for remaining nodes
[dc1_node2] Successful writes: 2/3
[dc1_node2] Internal PUT (replication): key='item:3436'
[dc1_node2] CONFLICT detected for key='item:3436', siblings=12
[dc1_node2] Client PUT: key='item:3586', value='value_3586_update_client0_op1857'
[dc1_node2] Preference list for 'item:3586': ['localhost:50072', 'localhost:50245', 'localhost:50120']
[dc1_node2] Coordinator NOT in preference list, forwarding only
[dc1_node2] Replicated to localhost:50122
[dc1_node2] Replicated to localhost:50245
[dc1_node2] Saved 98 keys to disk
[dc1_node2] Internal PUT (replication): key='item:1873'
[dc1_node2] CONFLICT detected for key='item:1873', siblings=9
[dc1_node2] Replicated to localhost:50072
[dc1_node2] W-quorum achieved (2 writes), returning to client
[dc1_node2] Background replication continues for remaining nodes
[dc1_node2] Successful writes: 2/3
[dc1_node2] Saved 98 keys to disk
[dc1_node2] Retrieved key='item:2994', versions=12
[dc1_node2] Replicated to localhost:50120
[dc1_node2] Internal PUT (replication): key='item:0408'
[dc1_node2] CONFLICT detected for key='item:0408', siblings=13
[dc1_node2] Saved 98 keys to disk
[dc1_node2] Internal PUT (replication): key='item:3068'
[dc1_node2] CONFLICT detected for key='item:3068', siblings=17
[dc1_node2] Saved 98 keys to disk
[dc1_node2] Retrieved key='item:3563', versions=14
[dc1_node2] Internal PUT (replication): key='item:3602'
[dc1_node2] CONFLICT detected for key='item:3602', siblings=13
[dc1_node2] Saved 98 keys to disk
[dc1_node2] Internal PUT (replication): key='item:1033'
[dc1_node2] CONFLICT detected for key='item:1033', siblings=16
[dc1_node2] Saved 98 keys to disk
[dc1_node2] Internal PUT (replication): key='item:0309'
[dc1_node2] CONFLICT detected for key='item:0309', siblings=15
[dc1_node2] Saved 98 keys to disk
[dc1_node2] Internal PUT (replication): key='item:3938'
[dc1_node2] CONFLICT detected for key='item:3938', siblings=12
[dc1_node2] Internal PUT (replication): key='item:1037'
[dc1_node2] Saved 98 keys to disk
[dc1_node2] CONFLICT detected for key='item:1037', siblings=14
[dc1_node2] Internal PUT (replication): key='item:3923'
[dc1_node2] Client PUT: key='item:3569', value='value_3569_client25_op1883'
[dc1_node2] Preference list for 'item:3569': ['localhost:50106', 'localhost:50204', 'localhost:50138']
[dc1_node2] Coordinator NOT in preference list, forwarding only
[dc1_node2] Saved 98 keys to disk
[dc1_node2] CONFLICT detected for key='item:3923', siblings=16
[dc1_node2] Replicated to localhost:50138
[dc1_node2] Replicated to localhost:50204
[dc1_node2] W-quorum achieved (2 writes), returning to client
[dc1_node2] Background replication continues for remaining nodes
[dc1_node2] Successful writes: 2/3
[dc1_node2] Saved 98 keys to disk
[dc1_node2] Internal PUT (replication): key='item:4056'
[dc1_node2] CONFLICT detected for key='item:4056', siblings=17
[dc1_node2] Replicated to localhost:50106
[dc1_node2] Saved 98 keys to disk
[dc1_node2] Internal PUT (replication): key='item:4865'
[dc1_node2] CONFLICT detected for key='item:4865', siblings=11
[dc1_node2] Saved 98 keys to disk
[dc1_node2] Internal PUT (replication): key='item:1873'
[dc1_node2] CONFLICT detected for key='item:1873', siblings=10
[dc1_node2] Internal PUT (replication): key='item:2440'
[dc1_node2] Saved 98 keys to disk
[dc1_node2] CONFLICT detected for key='item:2440', siblings=16
[dc1_node2] Internal PUT (replication): key='item:2942'
[dc1_node2] Saved 98 keys to disk
[dc1_node2] CONFLICT detected for key='item:2942', siblings=13
[dc1_node2] Saved 98 keys to disk
[dc1_node2] Internal PUT (replication): key='item:0883'
[dc1_node2] CONFLICT detected for key='item:0883', siblings=16
[dc1_node2] Saved 98 keys to disk
[dc1_node2] Internal PUT (replication): key='item:3436'
[dc1_node2] CONFLICT detected for key='item:3436', siblings=13
[dc1_node2] Internal PUT (replication): key='item:2464'
[dc1_node2] Client GET: key='item:3681'
[dc1_node2] Reading from preference list: ['localhost:50108', 'localhost:50222']
[dc1_node2] Internal PUT (replication): key='item:4498'
[dc1_node2] Saved 98 keys to disk
[dc1_node2] CONFLICT detected for key='item:2464', siblings=12
[dc1_node2] Internal PUT (replication): key='item:2466'
[dc1_node2] Saved 98 keys to disk
[dc1_node2] Key='item:3681' not found
[dc1_node2] CONFLICT detected for key='item:4498', siblings=16
[dc1_node2] Internal PUT (replication): key='item:3991'
[dc1_node2] CONFLICT: 29 sibling versions for 'item:3681'
[dc1_node2] Saved 98 keys to disk
[dc1_node2] CONFLICT detected for key='item:2466', siblings=21
[dc1_node2] Saved 98 keys to disk
[dc1_node2] CONFLICT detected for key='item:3991', siblings=12
[dc1_node2] Saved 98 keys to disk
[dc1_node2] Retrieved key='item:2783', versions=18
[dc1_node2] Client PUT: key='item:3996', value='value_3996_client31_op1858'
[dc1_node2] Preference list for 'item:3996': ['localhost:50060', 'localhost:50188', 'localhost:50207']
[dc1_node2] Coordinator NOT in preference list, forwarding only
[dc1_node2] Internal PUT (replication): key='item:0548'
[dc1_node2] CONFLICT detected for key='item:0548', siblings=15
[dc1_node2] Replicated to localhost:50207
[dc1_node2] Replicated to localhost:50060
[dc1_node2] W-quorum achieved (2 writes), returning to client
[dc1_node2] Background replication continues for remaining nodes
[dc1_node2] Successful writes: 2/3
[dc1_node2] Replicated to localhost:50188
[dc1_node2] Saved 98 keys to disk
[dc1_node2] Retrieved key='item:1037', versions=14
[dc1_node2] Internal PUT (replication): key='item:3227'
[dc1_node2] CONFLICT detected for key='item:3227', siblings=9
[dc1_node2] Saved 98 keys to disk
[dc1_node2] Retrieved key='item:3776', versions=19
[dc1_node2] Internal PUT (replication): key='item:0020'
[dc1_node2] CONFLICT detected for key='item:0020', siblings=20
[dc1_node2] Internal PUT (replication): key='item:4056'
[dc1_node2] Saved 98 keys to disk
[dc1_node2] CONFLICT detected for key='item:4056', siblings=18
[dc1_node2] Saved 98 keys to disk
[dc1_node2] Retrieved key='item:1834', versions=15
[dc1_node2] Client PUT: key='item:3259', value='value_3259_client29_op1928'
[dc1_node2] Preference list for 'item:3259': ['localhost:50066', 'localhost:50114', 'localhost:50105']
[dc1_node2] Coordinator NOT in preference list, forwarding only
[dc1_node2] Replicated to localhost:50114
[dc1_node2] Replicated to localhost:50105
[dc1_node2] W-quorum achieved (2 writes), returning to client
[dc1_node2] Background replication continues for remaining nodes
[dc1_node2] Successful writes: 2/3
[dc1_node2] Replicated to localhost:50066
[dc1_node2] Internal PUT (replication): key='item:0693'
[dc1_node2] CONFLICT detected for key='item:0693', siblings=18
[dc1_node2] Saved 98 keys to disk
[dc1_node2] Client PUT: key='item:3414', value='value_3414_update_client22_op1888'
[dc1_node2] Preference list for 'item:3414': ['localhost:50247', 'localhost:50179', 'localhost:50136']
[dc1_node2] Coordinator NOT in preference list, forwarding only
[dc1_node2] Replicated to localhost:50136
[dc1_node2] Replicated to localhost:50179
[dc1_node2] W-quorum achieved (2 writes), returning to client
[dc1_node2] Background replication continues for remaining nodes
[dc1_node2] Successful writes: 2/3
[dc1_node2] Client PUT: key='item:3888', value='value_3888_update_client22_op1890'
[dc1_node2] Preference list for 'item:3888': ['localhost:50168', 'localhost:50109', 'localhost:50241']
[dc1_node2] Coordinator NOT in preference list, forwarding only
[dc1_node2] Replicated to localhost:50247
[dc1_node2] Replicated to localhost:50109
[dc1_node2] Replicated to localhost:50168
[dc1_node2] W-quorum achieved (2 writes), returning to client
[dc1_node2] Background replication continues for remaining nodes
[dc1_node2] Successful writes: 2/3
[dc1_node2] Replicated to localhost:50241
[dc1_node2] Internal PUT (replication): key='item:2466'
[dc1_node2] CONFLICT detected for key='item:2466', siblings=21
[dc1_node2] Internal PUT (replication): key='item:3746'
[dc1_node2] Saved 98 keys to disk
[dc1_node2] Retrieved key='item:0615', versions=16
[dc1_node2] CONFLICT detected for key='item:3746', siblings=14
[dc1_node2] Saved 98 keys to disk
[dc1_node2] Internal PUT (replication): key='item:0289'
[dc1_node2] CONFLICT detected for key='item:0289', siblings=14
[dc1_node2] Client PUT: key='item:3101', value='value_3101_client38_op1914'
[dc1_node2] Preference list for 'item:3101': ['localhost:50139', 'localhost:50189', 'localhost:50242']
[dc1_node2] Coordinator NOT in preference list, forwarding only
[dc1_node2] Saved 98 keys to disk
[dc1_node2] Replicated to localhost:50139
[dc1_node2] Replicated to localhost:50242
[dc1_node2] W-quorum achieved (2 writes), returning to client
[dc1_node2] Background replication continues for remaining nodes
[dc1_node2] Successful writes: 2/3
[dc1_node2] Replicated to localhost:50189
[dc1_node2] Internal PUT (replication): key='item:3866'
[dc1_node2] CONFLICT detected for key='item:3866', siblings=27
[dc1_node2] Saved 98 keys to disk
[dc1_node2] Internal PUT (replication): key='item:3418'
[dc1_node2] CONFLICT detected for key='item:3418', siblings=15
[dc1_node2] Client GET: key='item:0168'
[dc1_node2] Reading from preference list: ['localhost:50093', 'localhost:50145']
[dc1_node2] Internal PUT (replication): key='item:0289'
[dc1_node2] Client GET: key='item:3103'
[dc1_node2] Reading from preference list: ['localhost:50206', 'localhost:50220']
[dc1_node2] Saved 98 keys to disk
[dc1_node2] Key='item:0168' not found
[dc1_node2] CONFLICT detected for key='item:0289', siblings=15
[dc1_node2] CONFLICT: 26 sibling versions for 'item:0168'
[dc1_node2] Saved 98 keys to disk
[dc1_node2] Key='item:3103' not found
[dc1_node2] Client GET: key='item:1179'
[dc1_node2] Reading from preference list: ['localhost:50109', 'localhost:50051']
[dc1_node2] Key='item:1179' not found
[dc1_node2] CONFLICT: 30 sibling versions for 'item:1179'
[dc1_node2] CONFLICT: 29 sibling versions for 'item:3103'
[dc1_node2] Internal PUT (replication): key='item:4570'
[dc1_node2] CONFLICT detected for key='item:4570', siblings=12
[dc1_node2] Saved 98 keys to disk
[dc1_node2] Client GET: key='item:2346'
[dc1_node2] Reading from preference list: ['localhost:50210', 'localhost:50143']
[dc1_node2] Key='item:2346' not found
[dc1_node2] Client GET: key='item:2471'
[dc1_node2] Reading from preference list: ['localhost:50187', 'localhost:50063']
[dc1_node2] Key='item:2471' not found
[dc1_node2] CONFLICT: 28 sibling versions for 'item:2471'
[dc1_node2] Internal PUT (replication): key='item:1033'
[dc1_node2] CONFLICT detected for key='item:1033', siblings=17
[dc1_node2] CONFLICT: 24 sibling versions for 'item:2346'
[dc1_node2] Saved 98 keys to disk
[dc1_node2] Client GET: key='item:3318'
[dc1_node2] Reading from preference list: ['localhost:50076', 'localhost:50230']
[dc1_node2] Key='item:3318' not found
[dc1_node2] Client GET: key='item:2647'
[dc1_node2] Reading from preference list: ['localhost:50086', 'localhost:50155']
[dc1_node2] Key='item:2647' not found
[dc1_node2] CONFLICT: 22 sibling versions for 'item:2647'
[dc1_node2] CONFLICT: 32 sibling versions for 'item:3318'
[dc1_node2] Internal PUT (replication): key='item:3815'
[dc1_node2] CONFLICT detected for key='item:3815', siblings=11
[dc1_node2] Internal PUT (replication): key='item:2482'
[dc1_node2] Saved 98 keys to disk
[dc1_node2] Retrieved key='item:2482', versions=6
[dc1_node2] CONFLICT detected for key='item:2482', siblings=7
[dc1_node2] Saved 98 keys to disk
[dc1_node2] Client PUT: key='item:4456', value='value_4456_client35_op1907'
[dc1_node2] Preference list for 'item:4456': ['localhost:50072', 'localhost:50137', 'localhost:50160']
[dc1_node2] Coordinator NOT in preference list, forwarding only
[dc1_node2] Internal PUT (replication): key='item:3068'
[dc1_node2] CONFLICT detected for key='item:3068', siblings=18
[dc1_node2] Internal PUT (replication): key='item:2482'
[dc1_node2] Replicated to localhost:50072
[dc1_node2] Replicated to localhost:50160
[dc1_node2] Saved 98 keys to disk
[dc1_node2] W-quorum achieved (2 writes), returning to client
[dc1_node2] Background replication continues for remaining nodes
[dc1_node2] Successful writes: 2/3
[dc1_node2] CONFLICT detected for key='item:2482', siblings=8
[dc1_node2] Replicated to localhost:50137
[dc1_node2] Saved 98 keys to disk
[dc1_node2] Client PUT: key='item:3735', value='value_3735_client45_op1932'
[dc1_node2] Preference list for 'item:3735': ['localhost:50242', 'localhost:50066', 'localhost:50144']
[dc1_node2] Coordinator NOT in preference list, forwarding only
[dc1_node2] Replicated to localhost:50242
[dc1_node2] Replicated to localhost:50066
[dc1_node2] W-quorum achieved (2 writes), returning to client
[dc1_node2] Background replication continues for remaining nodes
[dc1_node2] Successful writes: 2/3
[dc1_node2] Replicated to localhost:50144
[dc1_node2] Client PUT: key='item:0201', value='value_201_client32_op1953'
[dc1_node2] Preference list for 'item:0201': ['localhost:50120', 'localhost:50175', 'localhost:50143']
[dc1_node2] Coordinator NOT in preference list, forwarding only
[dc1_node2] Replicated to localhost:50143
[dc1_node2] Internal PUT (replication): key='item:2466'
[dc1_node2] CONFLICT detected for key='item:2466', siblings=22
[dc1_node2] Internal PUT (replication): key='item:1033'
[dc1_node2] Saved 98 keys to disk
[dc1_node2] CONFLICT detected for key='item:1033', siblings=18
[dc1_node2] Saved 98 keys to disk
[dc1_node2] Replicated to localhost:50175
[dc1_node2] W-quorum achieved (2 writes), returning to client
[dc1_node2] Background replication continues for remaining nodes
[dc1_node2] Successful writes: 2/3
[dc1_node2] Replicated to localhost:50120
[dc1_node2] Internal PUT (replication): key='item:3418'
[dc1_node2] CONFLICT detected for key='item:3418', siblings=16
[dc1_node2] Internal PUT (replication): key='item:2994'
[dc1_node2] Internal PUT (replication): key='item:3551'
[dc1_node2] Saved 98 keys to disk
[dc1_node2] Retrieved key='item:2994', versions=12
[dc1_node2] CONFLICT detected for key='item:2994', siblings=13
[dc1_node2] Saved 98 keys to disk
[dc1_node2] CONFLICT detected for key='item:3551', siblings=14
[dc1_node2] Internal PUT (replication): key='item:3991'
[dc1_node2] Saved 98 keys to disk
[dc1_node2] CONFLICT detected for key='item:3991', siblings=13
[dc1_node2] Internal PUT (replication): key='item:3815'
[dc1_node2] Saved 98 keys to disk
[dc1_node2] Retrieved key='item:3746', versions=14
[dc1_node2] CONFLICT detected for key='item:3815', siblings=12
[dc1_node2] Client PUT: key='item:1455', value='value_1455_client26_op1907'
[dc1_node2] Preference list for 'item:1455': ['localhost:50186', 'localhost:50248', 'localhost:50143']
[dc1_node2] Coordinator NOT in preference list, forwarding only
[dc1_node2] Saved 98 keys to disk
[dc1_node2] Replicated to localhost:50186
[dc1_node2] Replicated to localhost:50143
[dc1_node2] Replicated to localhost:50248
[dc1_node2] W-quorum achieved (2 writes), returning to client
[dc1_node2] Background replication continues for remaining nodes
[dc1_node2] Successful writes: 3/3
[dc1_node2] Internal PUT (replication): key='item:2466'
[dc1_node2] CONFLICT detected for key='item:2466', siblings=23
[dc1_node2] Saved 98 keys to disk
[dc1_node2] Retrieved key='item:3938', versions=12
[dc1_node2] Internal PUT (replication): key='item:0408'
[dc1_node2] CONFLICT detected for key='item:0408', siblings=14
[dc1_node2] Saved 98 keys to disk
[dc1_node2] Internal PUT (replication): key='item:1811'
[dc1_node2] CONFLICT detected for key='item:1811', siblings=14
[dc1_node2] Saved 98 keys to disk
[dc1_node2] Client PUT: key='item:0662', value='value_662_client2_op1938'
[dc1_node2] Preference list for 'item:0662': ['localhost:50070', 'localhost:50149', 'localhost:50093']
[dc1_node2] Coordinator NOT in preference list, forwarding only
[dc1_node2] Internal PUT (replication): key='item:1873'
[dc1_node2] CONFLICT detected for key='item:1873', siblings=11
[dc1_node2] Replicated to localhost:50093
[dc1_node2] Replicated to localhost:50070
[dc1_node2] W-quorum achieved (2 writes), returning to client
[dc1_node2] Background replication continues for remaining nodes
[dc1_node2] Successful writes: 2/3
[dc1_node2] Replicated to localhost:50149
[dc1_node2] Saved 98 keys to disk
[dc1_node2] Internal PUT (replication): key='item:3746'
[dc1_node2] CONFLICT detected for key='item:3746', siblings=15
[dc1_node2] Saved 98 keys to disk
[dc1_node2] Internal PUT (replication): key='item:2440'
[dc1_node2] CONFLICT detected for key='item:2440', siblings=17
[dc1_node2] Saved 98 keys to disk
[dc1_node2] Internal PUT (replication): key='item:1661'
[dc1_node2] CONFLICT detected for key='item:1661', siblings=18
[dc1_node2] Saved 98 keys to disk
[dc1_node2] Internal PUT (replication): key='item:2942'
[dc1_node2] CONFLICT detected for key='item:2942', siblings=14
[dc1_node2] Saved 98 keys to disk
[dc1_node2] Internal PUT (replication): key='item:2482'
[dc1_node2] CONFLICT detected for key='item:2482', siblings=9
[dc1_node2] Client GET: key='item:3767'
[dc1_node2] Reading from preference list: ['localhost:50124', 'localhost:50164']
[dc1_node2] Saved 98 keys to disk
[dc1_node2] Key='item:3767' not found
[dc1_node2] CONFLICT: 28 sibling versions for 'item:3767'
[dc1_node2] Internal PUT (replication): key='item:3991'
[dc1_node2] CONFLICT detected for key='item:3991', siblings=14
[dc1_node2] Saved 98 keys to disk
[dc1_node2] Client PUT: key='item:0140', value='value_140_update_client11_op1956'
[dc1_node2] Preference list for 'item:0140': ['localhost:50128', 'localhost:50067', 'localhost:50179']
[dc1_node2] Coordinator NOT in preference list, forwarding only
[dc1_node2] Replicated to localhost:50179
[dc1_node2] Replicated to localhost:50067
[dc1_node2] Replicated to localhost:50128
[dc1_node2] W-quorum achieved (2 writes), returning to client
[dc1_node2] Background replication continues for remaining nodes
[dc1_node2] Successful writes: 3/3
[dc1_node2] Internal PUT (replication): key='item:0548'
[dc1_node2] CONFLICT detected for key='item:0548', siblings=16
[dc1_node2] Saved 98 keys to disk
[dc1_node2] Client GET: key='item:3820'
[dc1_node2] Reading from preference list: ['localhost:50124', 'localhost:50165']
[dc1_node2] Key='item:3820' not found
[dc1_node2] CONFLICT: 20 sibling versions for 'item:3820'
[dc1_node2] Internal PUT (replication): key='item:2879'
[dc1_node2] CONFLICT detected for key='item:2879', siblings=3
[dc1_node2] Saved 98 keys to disk
[dc1_node2] Retrieved key='item:2466', versions=23
[dc1_node2] Internal PUT (replication): key='item:0354'
[dc1_node2] CONFLICT detected for key='item:0354', siblings=20
[dc1_node2] Client PUT: key='item:4415', value='value_4415_client5_op1984'
[dc1_node2] Preference list for 'item:4415': ['localhost:50162', 'localhost:50121', 'localhost:50148']
[dc1_node2] Coordinator NOT in preference list, forwarding only
[dc1_node2] Client GET: key='item:1956'
[dc1_node2] Reading from preference list: ['localhost:50119', 'localhost:50132']
[dc1_node2] Saved 98 keys to disk
[dc1_node2] Key='item:1956' not found
[dc1_node2] Client PUT: key='item:4838', value='value_4838_client9_op1971'
[dc1_node2] Preference list for 'item:4838': ['localhost:50071', 'localhost:50235', 'localhost:50055']
[dc1_node2] Coordinator NOT in preference list, forwarding only
[dc1_node2] Replicated to localhost:50162
[dc1_node2] Replicated to localhost:50235
[dc1_node2] Replicated to localhost:50055
[dc1_node2] W-quorum achieved (2 writes), returning to client
[dc1_node2] Background replication continues for remaining nodes
[dc1_node2] Successful writes: 2/3
[dc1_node2] Replicated to localhost:50121
[dc1_node2] W-quorum achieved (2 writes), returning to client
[dc1_node2] Background replication continues for remaining nodes
[dc1_node2] Successful writes: 2/3
[dc1_node2] Replicated to localhost:50071
[dc1_node2] Replicated to localhost:50148
[dc1_node2] Internal PUT (replication): key='item:4341'
[dc1_node2] CONFLICT detected for key='item:4341', siblings=11
[dc1_node2] CONFLICT: 30 sibling versions for 'item:1956'
[dc1_node2] Client PUT: key='item:1086', value='value_1086_client31_op1932'
[dc1_node2] Preference list for 'item:1086': ['localhost:50134', 'localhost:50225', 'localhost:50244']
[dc1_node2] Coordinator NOT in preference list, forwarding only
[dc1_node2] Saved 98 keys to disk
[dc1_node2] Replicated to localhost:50134
[dc1_node2] Replicated to localhost:50244
[dc1_node2] W-quorum achieved (2 writes), returning to client
[dc1_node2] Background replication continues for remaining nodes
[dc1_node2] Successful writes: 2/3
[dc1_node2] Replicated to localhost:50225
[dc1_node2] Internal PUT (replication): key='item:0693'
[dc1_node2] CONFLICT detected for key='item:0693', siblings=18
[dc1_node2] Saved 98 keys to disk
[dc1_node2] Internal PUT (replication): key='item:4570'
[dc1_node2] CONFLICT detected for key='item:4570', siblings=13
[dc1_node2] Saved 98 keys to disk
[dc1_node2] Retrieved key='item:3854', versions=17
[dc1_node2] Retrieved key='item:4865', versions=11
[dc1_node2] Client PUT: key='item:1476', value='value_1476_update_client0_op1953'
[dc1_node2] Preference list for 'item:1476': ['localhost:50165', 'localhost:50224', 'localhost:50136']
[dc1_node2] Coordinator NOT in preference list, forwarding only
[dc1_node2] Replicated to localhost:50165
[dc1_node2] Replicated to localhost:50136
[dc1_node2] W-quorum achieved (2 writes), returning to client
[dc1_node2] Background replication continues for remaining nodes
[dc1_node2] Successful writes: 2/3
[dc1_node2] Client PUT: key='item:1898', value='value_1898_update_client26_op1949'
[dc1_node2] Preference list for 'item:1898': ['localhost:50238', 'localhost:50109', 'localhost:50153']
[dc1_node2] Coordinator NOT in preference list, forwarding only
[dc1_node2] Replicated to localhost:50224
[dc1_node2] Replicated to localhost:50238
[dc1_node2] Internal PUT (replication): key='item:2986'
[dc1_node2] CONFLICT detected for key='item:2986', siblings=15
[dc1_node2] Replicated to localhost:50109
[dc1_node2] Saved 98 keys to disk
[dc1_node2] W-quorum achieved (2 writes), returning to client
[dc1_node2] Background replication continues for remaining nodes
[dc1_node2] Successful writes: 2/3
[dc1_node2] Replicated to localhost:50153
[dc1_node2] Client GET: key='item:1143'
[dc1_node2] Reading from preference list: ['localhost:50125', 'localhost:50150']
[dc1_node2] Key='item:1143' not found
[dc1_node2] CONFLICT: 28 sibling versions for 'item:1143'
[dc1_node2] Client PUT: key='item:3400', value='value_3400_update_client33_op1957'
[dc1_node2] Preference list for 'item:3400': ['localhost:50240', 'localhost:50081', 'localhost:50183']
[dc1_node2] Coordinator NOT in preference list, forwarding only
[dc1_node2] Replicated to localhost:50081
[dc1_node2] Replicated to localhost:50240
[dc1_node2] Internal PUT (replication): key='item:1252'
[dc1_node2] CONFLICT detected for key='item:1252', siblings=13
[dc1_node2] W-quorum achieved (2 writes), returning to client
[dc1_node2] Background replication continues for remaining nodes
[dc1_node2] Successful writes: 2/3
[dc1_node2] Client PUT: key='item:4002', value='value_4002_update_client38_op1982'
[dc1_node2] Preference list for 'item:4002': ['localhost:50141', 'localhost:50225', 'localhost:50241']
[dc1_node2] Coordinator NOT in preference list, forwarding only
[dc1_node2] Replicated to localhost:50183
[dc1_node2] Replicated to localhost:50225
[dc1_node2] Saved 98 keys to disk
[dc1_node2] Replicated to localhost:50141
[dc1_node2] W-quorum achieved (2 writes), returning to client
[dc1_node2] Background replication continues for remaining nodes
[dc1_node2] Successful writes: 2/3
[dc1_node2] Replicated to localhost:50241
[dc1_node2] Internal PUT (replication): key='item:4549'
[dc1_node2] CONFLICT detected for key='item:4549', siblings=19
[dc1_node2] Saved 98 keys to disk
[dc1_node2] Retrieved key='item:0299', versions=18
[dc1_node2] Internal PUT (replication): key='item:3521'
[dc1_node2] CONFLICT detected for key='item:3521', siblings=19
[dc1_node2] Saved 98 keys to disk
[dc1_node2] Retrieved key='item:0525', versions=8
[dc1_node2] Internal PUT (replication): key='item:2942'
[dc1_node2] CONFLICT detected for key='item:2942', siblings=15
[dc1_node2] Saved 98 keys to disk
[dc1_node2] Internal PUT (replication): key='item:3551'
[dc1_node2] CONFLICT detected for key='item:3551', siblings=15
[dc1_node2] Client PUT: key='item:4967', value='value_4967_update_client36_op1984'
[dc1_node2] Preference list for 'item:4967': ['localhost:50146', 'localhost:50127', 'localhost:50079']
[dc1_node2] Coordinator NOT in preference list, forwarding only
[dc1_node2] Client PUT: key='item:4964', value='value_4964_update_client15_op1988'
[dc1_node2] Preference list for 'item:4964': ['localhost:50177', 'localhost:50191', 'localhost:50221']
[dc1_node2] Coordinator NOT in preference list, forwarding only
[dc1_node2] Saved 98 keys to disk
[dc1_node2] Replicated to localhost:50079
[dc1_node2] Replicated to localhost:50221
[dc1_node2] Replicated to localhost:50177
[dc1_node2] W-quorum achieved (2 writes), returning to client
[dc1_node2] Background replication continues for remaining nodes
[dc1_node2] Successful writes: 2/3
[dc1_node2] Replicated to localhost:50127
[dc1_node2] W-quorum achieved (2 writes), returning to client
[dc1_node2] Background replication continues for remaining nodes
[dc1_node2] Successful writes: 2/3
[dc1_node2] Replicated to localhost:50191
[dc1_node2] Replicated to localhost:50146
[dc1_node2] Client PUT: key='item:2468', value='value_2468_client36_op1986'
[dc1_node2] Preference list for 'item:2468': ['localhost:50168', 'localhost:50099', 'localhost:50060']
[dc1_node2] Coordinator NOT in preference list, forwarding only
[dc1_node2] Replicated to localhost:50060
[dc1_node2] Replicated to localhost:50099
[dc1_node2] W-quorum achieved (2 writes), returning to client
[dc1_node2] Background replication continues for remaining nodes
[dc1_node2] Successful writes: 2/3
[dc1_node2] Replicated to localhost:50168
[dc1_node2] Internal PUT (replication): key='item:1661'
[dc1_node2] CONFLICT detected for key='item:1661', siblings=19
[dc1_node2] Saved 98 keys to disk
[dc1_node2] Client PUT: key='item:0412', value='value_412_update_client35_op1984'
[dc1_node2] Preference list for 'item:0412': ['localhost:50099', 'localhost:50240', 'localhost:50126']
[dc1_node2] Coordinator NOT in preference list, forwarding only
[dc1_node2] Replicated to localhost:50240
[dc1_node2] Replicated to localhost:50126
[dc1_node2] Internal PUT (replication): key='item:1661'
[dc1_node2] CONFLICT detected for key='item:1661', siblings=20
[dc1_node2] W-quorum achieved (2 writes), returning to client
[dc1_node2] Background replication continues for remaining nodes
[dc1_node2] Successful writes: 2/3
[dc1_node2] Replicated to localhost:50099
[dc1_node2] Saved 98 keys to disk
[dc1_node2] Retrieved key='item:4196', versions=15
[dc1_node2] Internal PUT (replication): key='item:4782'
[dc1_node2] Stored NEW key='item:4782', value='value_4782_update_client23_op1985', clock={dc1_node6:1}
[dc1_node2] Saved 99 keys to disk
[dc1_node2] Internal PUT (replication): key='item:2489'
[dc1_node2] CONFLICT detected for key='item:2489', siblings=16
[dc1_node2] Saved 99 keys to disk
[dc1_node2] Internal PUT (replication): key='item:2320'
[dc1_node2] CONFLICT detected for key='item:2320', siblings=16
[dc1_node2] Saved 99 keys to disk
[dc1_node2] Client GET: key='item:0557'
[dc1_node2] Reading from preference list: ['localhost:50093', 'localhost:50229']
[dc1_node2] Key='item:0557' not found
[dc1_node2] CONFLICT: 20 sibling versions for 'item:0557'
[dc1_node2] Client PUT: key='item:0663', value='value_663_update_client35_op1995'
[dc1_node2] Preference list for 'item:0663': ['localhost:50163', 'localhost:50127', 'localhost:50222']
[dc1_node2] Coordinator NOT in preference list, forwarding only
[dc1_node2] Replicated to localhost:50222
[dc1_node2] Replicated to localhost:50163
[dc1_node2] W-quorum achieved (2 writes), returning to client
[dc1_node2] Background replication continues for remaining nodes
[dc1_node2] Successful writes: 2/3
[dc1_node2] Replicated to localhost:50127
[dc1_node2] Internal PUT (replication): key='item:2320'
[dc1_node2] CONFLICT detected for key='item:2320', siblings=17
[dc1_node2] Client PUT: key='item:1133', value='value_1133_update_client35_op1998'
[dc1_node2] Preference list for 'item:1133': ['localhost:50095', 'localhost:50244', 'localhost:50190']
[dc1_node2] Coordinator NOT in preference list, forwarding only
[dc1_node2] Saved 99 keys to disk
[dc1_node2] Retrieved key='item:2440', versions=17
[dc1_node2] Replicated to localhost:50095
[dc1_node2] Replicated to localhost:50244
[dc1_node2] Replicated to localhost:50190
[dc1_node2] W-quorum achieved (2 writes), returning to client
[dc1_node2] Background replication continues for remaining nodes
[dc1_node2] Successful writes: 3/3
[dc1_node2] Internal PUT (replication): key='item:4570'
[dc1_node2] CONFLICT detected for key='item:4570', siblings=14
[dc1_node2] Saved 99 keys to disk
[dc1_node2] Retrieved key='item:2805', versions=12
[dc1_node2] Internal PUT (replication): key='item:1676'
[dc1_node2] CONFLICT detected for key='item:1676', siblings=16
[dc1_node2] Saved 99 keys to disk
[dc1_node2] Internal PUT (replication): key='item:2994'
[dc1_node2] CONFLICT detected for key='item:2994', siblings=14
[dc1_node2] Saved 99 keys to disk
[dc1_node2] Client GET: key='item:2489'
[dc1_node2] Reading from preference list: ['localhost:50080', 'localhost:50052']
[dc1_node2] Retrieved key='item:2489', versions=16
[dc1_node2] CONFLICT: 32 sibling versions for 'item:2489'
[dc1_node2] Client GET: key='item:4839'
[dc1_node2] Reading from preference list: ['localhost:50206', 'localhost:50189']
[dc1_node2] Key='item:4839' not found
[dc1_node2] CONFLICT: 35 sibling versions for 'item:4839'
[dc1_node2] Retrieved key='item:3923', versions=16
[dc1_node2] Retrieved key='item:3923', versions=16
[dc1_node2] Retrieved key='item:3923', versions=16
[dc1_node2] Retrieved key='item:3923', versions=16
[dc1_node2] Retrieved key='item:3923', versions=16
[dc1_node2] Client GET: key='item:1791'
[dc1_node2] Reading from preference list: ['localhost:50145', 'localhost:50238']
[dc1_node2] Key='item:1791' not found
[dc1_node2] CONFLICT: 25 sibling versions for 'item:1791'
[dc1_node2] Client GET: key='item:4605'
[dc1_node2] Reading from preference list: ['localhost:50138', 'localhost:50172']
[dc1_node2] Key='item:4605' not found
[dc1_node2] CONFLICT: 30 sibling versions for 'item:4605'
[dc1_node2] Client GET: key='item:3787'
[dc1_node2] Reading from preference list: ['localhost:50174', 'localhost:50159']
[dc1_node2] Key='item:3787' not found
[dc1_node2] CONFLICT: 35 sibling versions for 'item:3787'
[dc1_node2] Client GET: key='item:4232'
[dc1_node2] Reading from preference list: ['localhost:50051', 'localhost:50140']
[dc1_node2] Key='item:4232' not found
[dc1_node2] CONFLICT: 20 sibling versions for 'item:4232'
[dc1_node2] Internal PUT (replication): key='item:0497'
[dc1_node2] CONFLICT detected for key='item:0497', siblings=21
[dc1_node2] Saved 99 keys to disk
[dc1_node2] Internal PUT (replication): key='item:3938'
[dc1_node2] CONFLICT detected for key='item:3938', siblings=13
[dc1_node2] Saved 99 keys to disk
[dc1_node2] Client PUT: key='item:0680', value='stress_2_34'
[dc1_node2] Preference list for 'item:0680': ['localhost:50107', 'localhost:50116', 'localhost:50209']
[dc1_node2] Coordinator NOT in preference list, forwarding only
[dc1_node2] Replicated to localhost:50209
[dc1_node2] Replicated to localhost:50116
[dc1_node2] Replicated to localhost:50107
[dc1_node2] W-quorum achieved (2 writes), returning to client
[dc1_node2] Background replication continues for remaining nodes
[dc1_node2] Successful writes: 3/3
[dc1_node2] Client GET: key='item:4838'
[dc1_node2] Reading from preference list: ['localhost:50071', 'localhost:50235']
[dc1_node2] Key='item:4838' not found
[dc1_node2] CONFLICT: 23 sibling versions for 'item:4838'
[dc1_node2] Retrieved key='item:4196', versions=15
[dc1_node2] Client PUT: key='item:3854', value='stress_9_32'
[dc1_node2] Preference list for 'item:3854': ['localhost:50052', 'localhost:50183', 'localhost:50152']
[dc1_node2] CONFLICT detected for key='item:3854', siblings=18
[dc1_node2] Saved 99 keys to disk
[dc1_node2] Coordinator IS in preference list, stored locally
[dc1_node2] Replicated to localhost:50152
[dc1_node2] W-quorum achieved (2 writes), returning to client
[dc1_node2] Background replication continues for remaining nodes
[dc1_node2] Successful writes: 2/3
[dc1_node2] Replicated to localhost:50183
[dc1_node2] Internal PUT (replication): key='item:1252'
[dc1_node2] CONFLICT detected for key='item:1252', siblings=14
[dc1_node2] Client PUT: key='item:3933', value='stress_0_41'
[dc1_node2] Preference list for 'item:3933': ['localhost:50184', 'localhost:50248', 'localhost:50053']
[dc1_node2] Coordinator NOT in preference list, forwarding only
[dc1_node2] Saved 99 keys to disk
[dc1_node2] Replicated to localhost:50184
[dc1_node2] Replicated to localhost:50248
[dc1_node2] Replicated to localhost:50053
[dc1_node2] W-quorum achieved (2 writes), returning to client
[dc1_node2] Background replication continues for remaining nodes
[dc1_node2] Successful writes: 3/3
[dc1_node2] Client PUT: key='item:2716', value='stress_5_50'
[dc1_node2] Preference list for 'item:2716': ['localhost:50131', 'localhost:50066', 'localhost:50197']
[dc1_node2] Coordinator NOT in preference list, forwarding only
[dc1_node2] Replicated to localhost:50066
[dc1_node2] Replicated to localhost:50197
[dc1_node2] Replicated to localhost:50131
[dc1_node2] W-quorum achieved (2 writes), returning to client
[dc1_node2] Background replication continues for remaining nodes
[dc1_node2] Successful writes: 3/3
[dc1_node2] Retrieved key='item:3602', versions=13
[dc1_node2] Client GET: key='item:2940'
[dc1_node2] Reading from preference list: ['localhost:50076', 'localhost:50161']
[dc1_node2] Key='item:2940' not found
[dc1_node2] Retrieved key='item:0309', versions=15
[dc1_node2] CONFLICT: 26 sibling versions for 'item:2940'
[dc1_node2] Internal PUT (replication): key='item:0998'
[dc1_node2] CONFLICT detected for key='item:0998', siblings=10
[dc1_node2] Saved 99 keys to disk
[dc1_node2] Client GET: key='item:2477'
[dc1_node2] Reading from preference list: ['localhost:50170', 'localhost:50132']
[dc1_node2] Key='item:2477' not found
[dc1_node2] CONFLICT: 14 sibling versions for 'item:2477'
[dc1_node2] Client GET: key='item:2599'
[dc1_node2] Reading from preference list: ['localhost:50160', 'localhost:50150']
[dc1_node2] Key='item:2599' not found
[dc1_node2] Internal PUT (replication): key='item:0015'
[dc1_node2] CONFLICT detected for key='item:0015', siblings=15
[dc1_node2] CONFLICT: 36 sibling versions for 'item:2599'
[dc1_node2] Internal PUT (replication): key='item:2431'
[dc1_node2] Saved 99 keys to disk
[dc1_node2] CONFLICT detected for key='item:2431', siblings=14
[dc1_node2] Saved 99 keys to disk
[dc1_node2] Internal PUT (replication): key='item:2320'
[dc1_node2] CONFLICT detected for key='item:2320', siblings=18
[dc1_node2] Saved 99 keys to disk
[dc1_node2] Internal PUT (replication): key='item:0615'
[dc1_node2] CONFLICT detected for key='item:0615', siblings=17
[dc1_node2] Saved 99 keys to disk
[dc1_node2] Retrieved key='item:0354', versions=20
[dc1_node2] Internal PUT (replication): key='item:4744'
[dc1_node2] CONFLICT detected for key='item:4744', siblings=5
[dc1_node2] Saved 99 keys to disk
[dc1_node2] Client GET: key='item:0755'
[dc1_node2] Reading from preference list: ['localhost:50165', 'localhost:50069']
[dc1_node2] Key='item:0755' not found
[dc1_node2] CONFLICT: 27 sibling versions for 'item:0755'
[dc1_node2] Retrieved key='item:3551', versions=15
[dc1_node2] Internal PUT (replication): key='item:3521'
[dc1_node2] CONFLICT detected for key='item:3521', siblings=19
[dc1_node2] Saved 99 keys to disk
[dc1_node2] Retrieved key='item:3418', versions=16
[dc1_node2] Client GET: key='item:1546'
[dc1_node2] Reading from preference list: ['localhost:50141', 'localhost:50243']
[dc1_node2] Key='item:1546' not found
[dc1_node2] CONFLICT: 24 sibling versions for 'item:1546'
[dc1_node2] Retrieved key='item:0354', versions=20
[dc1_node2] Retrieved key='item:3521', versions=19
[dc1_node2] Retrieved key='item:2466', versions=23
[dc1_node2] Internal PUT (replication): key='item:0354'
[dc1_node2] CONFLICT detected for key='item:0354', siblings=21
[dc1_node2] Saved 99 keys to disk
[dc1_node2] Internal PUT (replication): key='item:3602'
[dc1_node2] CONFLICT detected for key='item:3602', siblings=14
[dc1_node2] Saved 99 keys to disk
[dc1_node2] Retrieved key='item:3938', versions=13
[dc1_node2] Client PUT: key='item:1369', value='stress_9_171'
[dc1_node2] Preference list for 'item:1369': ['localhost:50126', 'localhost:50091', 'localhost:50066']
[dc1_node2] Coordinator NOT in preference list, forwarding only
[dc1_node2] Replicated to localhost:50126
[dc1_node2] Replicated to localhost:50091
[dc1_node2] Replicated to localhost:50066
[dc1_node2] W-quorum achieved (2 writes), returning to client
[dc1_node2] Background replication continues for remaining nodes
[dc1_node2] Successful writes: 3/3
[dc1_node2] Client PUT: key='item:2308', value='stress_3_166'
[dc1_node2] Preference list for 'item:2308': ['localhost:50201', 'localhost:50176', 'localhost:50119']
[dc1_node2] Coordinator NOT in preference list, forwarding only
[dc1_node2] Replicated to localhost:50201
[dc1_node2] Replicated to localhost:50176
[dc1_node2] Replicated to localhost:50119
[dc1_node2] Client GET: key='item:3581'
[dc1_node2] Reading from preference list: ['localhost:50051', 'localhost:50207']
[dc1_node2] Key='item:3581' not found
[dc1_node2] CONFLICT: 24 sibling versions for 'item:3581'
[dc1_node2] W-quorum achieved (2 writes), returning to client
[dc1_node2] Background replication continues for remaining nodes
[dc1_node2] Successful writes: 3/3
[dc1_node2] Client GET: key='item:0856'
[dc1_node2] Reading from preference list: ['localhost:50118', 'localhost:50166']
[dc1_node2] Key='item:0856' not found
[dc1_node2] CONFLICT: 30 sibling versions for 'item:0856'
[dc1_node2] Internal PUT (replication): key='item:2466'
[dc1_node2] CONFLICT detected for key='item:2466', siblings=24
[dc1_node2] Saved 99 keys to disk
[dc1_node2] Retrieved key='item:1873', versions=11
[dc1_node2] Internal PUT (replication): key='item:2440'
[dc1_node2] CONFLICT detected for key='item:2440', siblings=18
[dc1_node2] Saved 99 keys to disk
[dc1_node2] Retrieved key='item:2464', versions=12
[dc1_node2] Internal PUT (replication): key='item:4636'
[dc1_node2] CONFLICT detected for key='item:4636', siblings=19
[dc1_node2] Saved 99 keys to disk
[dc1_node2] Internal PUT (replication): key='item:3436'
[dc1_node2] CONFLICT detected for key='item:3436', siblings=13
[dc1_node2] Saved 99 keys to disk
[dc1_node2] Retrieved key='item:0309', versions=15
[dc1_node2] Internal PUT (replication): key='item:2320'
[dc1_node2] CONFLICT detected for key='item:2320', siblings=19
[dc1_node2] Saved 99 keys to disk
[dc1_node2] Client GET: key='item:3655'
[dc1_node2] Reading from preference list: ['localhost:50244', 'localhost:50087']
[dc1_node2] Key='item:3655' not found
[dc1_node2] CONFLICT: 25 sibling versions for 'item:3655'
[dc1_node2] Internal PUT (replication): key='item:0497'
[dc1_node2] CONFLICT detected for key='item:0497', siblings=22
[dc1_node2] Saved 99 keys to disk
[dc1_node2] Retrieved key='item:2440', versions=18
[dc1_node2] Internal PUT (replication): key='item:2986'
[dc1_node2] CONFLICT detected for key='item:2986', siblings=16
[dc1_node2] Saved 99 keys to disk
[dc1_node2] Retrieved key='item:3866', versions=27
[dc1_node2] Retrieved key='item:4744', versions=5
[dc1_node2] Internal PUT (replication): key='item:3563'
[dc1_node2] CONFLICT detected for key='item:3563', siblings=14
[dc1_node2] Saved 99 keys to disk
[dc1_node2] Retrieved key='item:3746', versions=15
[dc1_node2] Internal PUT (replication): key='item:3991'
[dc1_node2] CONFLICT detected for key='item:3991', siblings=15
[dc1_node2] Saved 99 keys to disk
[dc1_node2] Internal PUT (replication): key='item:0525'
[dc1_node2] CONFLICT detected for key='item:0525', siblings=9
[dc1_node2] Internal PUT (replication): key='item:3829'
[dc1_node2] Saved 99 keys to disk
[dc1_node2] CONFLICT detected for key='item:3829', siblings=18
[dc1_node2] Saved 99 keys to disk
[dc1_node2] Retrieved key='item:2473', versions=18
[dc1_node2] Internal PUT (replication): key='item:0015'
[dc1_node2] CONFLICT detected for key='item:0015', siblings=16
[dc1_node2] Saved 99 keys to disk
[dc1_node2] Internal PUT (replication): key='item:0497'
[dc1_node2] CONFLICT detected for key='item:0497', siblings=23
[dc1_node2] Saved 99 keys to disk
[dc1_node2] Retrieved key='item:1811', versions=14
[dc1_node2] Client PUT: key='item:1770', value='stress_0_298'
[dc1_node2] Preference list for 'item:1770': ['localhost:50175', 'localhost:50086', 'localhost:50192']
[dc1_node2] Coordinator NOT in preference list, forwarding only
[dc1_node2] Replicated to localhost:50086
[dc1_node2] Replicated to localhost:50192
[dc1_node2] Replicated to localhost:50175
[dc1_node2] Retrieved key='item:4570', versions=14
[dc1_node2] W-quorum achieved (2 writes), returning to client
[dc1_node2] Background replication continues for remaining nodes
[dc1_node2] Successful writes: 3/3
[dc1_node2] Retrieved key='item:0289', versions=15
[dc1_node2] Internal PUT (replication): key='item:0525'
[dc1_node2] CONFLICT detected for key='item:0525', siblings=10
[dc1_node2] Saved 99 keys to disk
[dc1_node2] Internal PUT (replication): key='item:2466'
[dc1_node2] CONFLICT detected for key='item:2466', siblings=24
[dc1_node2] Saved 99 keys to disk
[dc1_node2] Internal PUT (replication): key='item:3521'
[dc1_node2] CONFLICT detected for key='item:3521', siblings=19
[dc1_node2] Saved 99 keys to disk
[dc1_node2] Retrieved key='item:3950', versions=11
[dc1_node2] Client PUT: key='item:2846', value='stress_6_323'
[dc1_node2] Preference list for 'item:2846': ['localhost:50249', 'localhost:50113', 'localhost:50132']
[dc1_node2] Coordinator NOT in preference list, forwarding only
[dc1_node2] Replicated to localhost:50249
[dc1_node2] Replicated to localhost:50132
[dc1_node2] Replicated to localhost:50113
[dc1_node2] W-quorum achieved (2 writes), returning to client
[dc1_node2] Background replication continues for remaining nodes
[dc1_node2] Successful writes: 3/3
[dc1_node2] Internal PUT (replication): key='item:3418'
[dc1_node2] CONFLICT detected for key='item:3418', siblings=17
[dc1_node2] Internal PUT (replication): key='item:0738'
[dc1_node2] Saved 99 keys to disk
[dc1_node2] CONFLICT detected for key='item:0738', siblings=10
[dc1_node2] Client PUT: key='item:1219', value='stress_6_332'
[dc1_node2] Preference list for 'item:1219': ['localhost:50148', 'localhost:50127', 'localhost:50060']
[dc1_node2] Coordinator NOT in preference list, forwarding only
[dc1_node2] Saved 99 keys to disk
[dc1_node2] Replicated to localhost:50148
[dc1_node2] Replicated to localhost:50127
[dc1_node2] Replicated to localhost:50060
[dc1_node2] W-quorum achieved (2 writes), returning to client
[dc1_node2] Background replication continues for remaining nodes
[dc1_node2] Successful writes: 3/3
[dc1_node2] Retrieved key='item:3602', versions=14
[dc1_node2] Client PUT: key='item:2099', value='stress_9_352'
[dc1_node2] Preference list for 'item:2099': ['localhost:50132', 'localhost:50237', 'localhost:50197']
[dc1_node2] Coordinator NOT in preference list, forwarding only
[dc1_node2] Replicated to localhost:50197
[dc1_node2] Replicated to localhost:50237
[dc1_node2] W-quorum achieved (2 writes), returning to client
[dc1_node2] Background replication continues for remaining nodes
[dc1_node2] Successful writes: 2/3
[dc1_node2] Replicated to localhost:50132
[dc1_node2] Internal PUT (replication): key='item:0020'
[dc1_node2] CONFLICT detected for key='item:0020', siblings=21
[dc1_node2] Saved 99 keys to disk
[dc1_node2] Retrieved key='item:2942', versions=15
[dc1_node2] Retrieved key='item:2466', versions=24
[dc1_node2] Internal PUT (replication): key='item:4454'
[dc1_node2] CONFLICT detected for key='item:4454', siblings=18
[dc1_node2] Saved 99 keys to disk
[dc1_node2] Internal PUT (replication): key='item:3991'
[dc1_node2] CONFLICT detected for key='item:3991', siblings=16
[dc1_node2] Saved 99 keys to disk
[dc1_node2] Client PUT: key='item:0782', value='stress_0_402'
[dc1_node2] Preference list for 'item:0782': ['localhost:50144', 'localhost:50197', 'localhost:50183']
[dc1_node2] Coordinator NOT in preference list, forwarding only
[dc1_node2] Replicated to localhost:50144
[dc1_node2] Replicated to localhost:50197
[dc1_node2] W-quorum achieved (2 writes), returning to client
[dc1_node2] Background replication continues for remaining nodes
[dc1_node2] Successful writes: 2/3
[dc1_node2] Replicated to localhost:50183
[dc1_node2] Internal PUT (replication): key='item:1252'
[dc1_node2] CONFLICT detected for key='item:1252', siblings=15
[dc1_node2] Saved 99 keys to disk
[dc1_node2] Retrieved key='item:4196', versions=15
[dc1_node2] Internal PUT (replication): key='item:2986'
[dc1_node2] CONFLICT detected for key='item:2986', siblings=17
[dc1_node2] Saved 99 keys to disk
[dc1_node2] Retrieved key='item:2431', versions=14
[dc1_node2] Client GET: key='item:0180'
[dc1_node2] Reading from preference list: ['localhost:50099', 'localhost:50064']
[dc1_node2] Key='item:0180' not found
[dc1_node2] CONFLICT: 20 sibling versions for 'item:0180'
[dc1_node2] Internal PUT (replication): key='item:0525'
[dc1_node2] CONFLICT detected for key='item:0525', siblings=11
[dc1_node2] Saved 99 keys to disk
[dc1_node2] Client GET: key='item:3237'
[dc1_node2] Reading from preference list: ['localhost:50063', 'localhost:50209']
[dc1_node2] Key='item:3237' not found
[dc1_node2] CONFLICT: 19 sibling versions for 'item:3237'
[dc1_node2] Internal PUT (replication): key='item:1011'
[dc1_node2] CONFLICT detected for key='item:1011', siblings=14
[dc1_node2] Saved 99 keys to disk
[dc1_node2] Internal PUT (replication): key='item:1252'
[dc1_node2] CONFLICT detected for key='item:1252', siblings=16
[dc1_node2] Saved 99 keys to disk
[dc1_node2] Retrieved key='item:4056', versions=18
[dc1_node2] Internal PUT (replication): key='item:3260'
[dc1_node2] CONFLICT detected for key='item:3260', siblings=9
[dc1_node2] Saved 99 keys to disk
[dc1_node2] Client GET: key='item:2198'
[dc1_node2] Reading from preference list: ['localhost:50155', 'localhost:50127']
[dc1_node2] Key='item:2198' not found
[dc1_node2] CONFLICT: 20 sibling versions for 'item:2198'
[dc1_node2] Client GET: key='item:0880'
[dc1_node2] Reading from preference list: ['localhost:50199', 'localhost:50132']
[dc1_node2] Key='item:0880' not found
[dc1_node2] Client GET: key='item:2972'
[dc1_node2] Reading from preference list: ['localhost:50158', 'localhost:50122']
[dc1_node2] Key='item:2972' not found
[dc1_node2] CONFLICT: 34 sibling versions for 'item:0880'
[dc1_node2] CONFLICT: 32 sibling versions for 'item:2972'
[dc1_node2] Retrieved key='item:4570', versions=14
[dc1_node2] Internal PUT (replication): key='item:0883'
[dc1_node2] CONFLICT detected for key='item:0883', siblings=17
[dc1_node2] Saved 99 keys to disk
[dc1_node2] Client GET: key='item:1092'
[dc1_node2] Reading from preference list: ['localhost:50235', 'localhost:50132']
[dc1_node2] Key='item:1092' not found
[dc1_node2] CONFLICT: 18 sibling versions for 'item:1092'
[dc1_node2] Internal PUT (replication): key='item:2976'
[dc1_node2] CONFLICT detected for key='item:2976', siblings=11
[dc1_node2] Saved 99 keys to disk
[dc1_node2] Retrieved key='item:3776', versions=19
[dc1_node2] Internal PUT (replication): key='item:3351'
[dc1_node2] CONFLICT detected for key='item:3351', siblings=16
[dc1_node2] Saved 99 keys to disk
[dc1_node2] Client PUT: key='item:0540', value='stress_3_534'
[dc1_node2] Preference list for 'item:0540': ['localhost:50120', 'localhost:50108', 'localhost:50191']
[dc1_node2] Coordinator NOT in preference list, forwarding only
[dc1_node2] Replicated to localhost:50191
[dc1_node2] Replicated to localhost:50120
[dc1_node2] Replicated to localhost:50108
[dc1_node2] W-quorum achieved (2 writes), returning to client
[dc1_node2] Background replication continues for remaining nodes
[dc1_node2] Successful writes: 3/3
[dc1_node2] Retrieved key='item:3866', versions=27
[dc1_node2] Retrieved key='item:2473', versions=18
[dc1_node2] Retrieved key='item:3551', versions=15
[dc1_node2] Internal PUT (replication): key='item:0615'
[dc1_node2] CONFLICT detected for key='item:0615', siblings=18
[dc1_node2] Saved 99 keys to disk
[dc1_node2] Client PUT: key='item:2479', value='stress_8_544'
[dc1_node2] Preference list for 'item:2479': ['localhost:50210', 'localhost:50174', 'localhost:50103']
[dc1_node2] Coordinator NOT in preference list, forwarding only
[dc1_node2] Replicated to localhost:50210
[dc1_node2] Replicated to localhost:50103
[dc1_node2] Replicated to localhost:50174
[dc1_node2] W-quorum achieved (2 writes), returning to client
[dc1_node2] Background replication continues for remaining nodes
[dc1_node2] Successful writes: 3/3
[dc1_node2] Client GET: key='item:3633'
[dc1_node2] Reading from preference list: ['localhost:50076', 'localhost:50092']
[dc1_node2] Key='item:3633' not found
[dc1_node2] CONFLICT: 24 sibling versions for 'item:3633'
[dc1_node2] Client GET: key='item:3608'
[dc1_node2] Reading from preference list: ['localhost:50173', 'localhost:50166']
[dc1_node2] Key='item:3608' not found
[dc1_node2] CONFLICT: 28 sibling versions for 'item:3608'
[dc1_node2] Internal PUT (replication): key='item:1811'
[dc1_node2] CONFLICT detected for key='item:1811', siblings=15
[dc1_node2] Saved 99 keys to disk
[dc1_node2] Internal PUT (replication): key='item:3829'
[dc1_node2] CONFLICT detected for key='item:3829', siblings=19
[dc1_node2] Saved 99 keys to disk
[dc1_node2] Retrieved key='item:3227', versions=9
[dc1_node2] Retrieved key='item:3521', versions=19
[dc1_node2] Internal PUT (replication): key='item:1811'
[dc1_node2] CONFLICT detected for key='item:1811', siblings=16
[dc1_node2] Saved 99 keys to disk
[dc1_node2] Retrieved key='item:3418', versions=17
[dc1_node2] Client PUT: key='item:2109', value='stress_0_623'
[dc1_node2] Preference list for 'item:2109': ['localhost:50108', 'localhost:50080', 'localhost:50173']
[dc1_node2] Coordinator NOT in preference list, forwarding only
[dc1_node2] Replicated to localhost:50108
[dc1_node2] Replicated to localhost:50080
[dc1_node2] Replicated to localhost:50173
[dc1_node2] W-quorum achieved (2 writes), returning to client
[dc1_node2] Background replication continues for remaining nodes
[dc1_node2] Successful writes: 3/3
[dc1_node2] Client PUT: key='item:0077', value='stress_5_631'
[dc1_node2] Preference list for 'item:0077': ['localhost:50126', 'localhost:50243', 'localhost:50104']
[dc1_node2] Coordinator NOT in preference list, forwarding only
[dc1_node2] Replicated to localhost:50126
[dc1_node2] Replicated to localhost:50243
[dc1_node2] Replicated to localhost:50104
[dc1_node2] W-quorum achieved (2 writes), returning to client
[dc1_node2] Background replication continues for remaining nodes
[dc1_node2] Successful writes: 3/3
[dc1_node2] Internal PUT (replication): key='item:0015'
[dc1_node2] CONFLICT detected for key='item:0015', siblings=16
[dc1_node2] Saved 99 keys to disk
[dc1_node2] Internal PUT (replication): key='item:1739'
[dc1_node2] CONFLICT detected for key='item:1739', siblings=14
[dc1_node2] Saved 99 keys to disk
[dc1_node2] Internal PUT (replication): key='item:4629'
[dc1_node2] CONFLICT detected for key='item:4629', siblings=12
[dc1_node2] Saved 99 keys to disk
[dc1_node2] Internal PUT (replication): key='item:0738'
[dc1_node2] CONFLICT detected for key='item:0738', siblings=11
[dc1_node2] Saved 99 keys to disk
[dc1_node2] Internal PUT (replication): key='item:3854'
[dc1_node2] CONFLICT detected for key='item:3854', siblings=19
[dc1_node2] Saved 99 keys to disk
[dc1_node2] Client PUT: key='item:4438', value='stress_4_693'
[dc1_node2] Preference list for 'item:4438': ['localhost:50097', 'localhost:50119', 'localhost:50236']
[dc1_node2] Coordinator NOT in preference list, forwarding only
[dc1_node2] Replicated to localhost:50236
[dc1_node2] Replicated to localhost:50119
[dc1_node2] Replicated to localhost:50097
[dc1_node2] W-quorum achieved (2 writes), returning to client
[dc1_node2] Background replication continues for remaining nodes
[dc1_node2] Successful writes: 3/3
[dc1_node2] Client PUT: key='item:2165', value='stress_6_651'
[dc1_node2] Preference list for 'item:2165': ['localhost:50166', 'localhost:50073', 'localhost:50065']
[dc1_node2] Coordinator NOT in preference list, forwarding only
[dc1_node2] Replicated to localhost:50065
[dc1_node2] Replicated to localhost:50166
[dc1_node2] Replicated to localhost:50073
[dc1_node2] W-quorum achieved (2 writes), returning to client
[dc1_node2] Background replication continues for remaining nodes
[dc1_node2] Successful writes: 3/3
[dc1_node2] Client PUT: key='item:0742', value='stress_9_661'
[dc1_node2] Preference list for 'item:0742': ['localhost:50063', 'localhost:50097', 'localhost:50088']
[dc1_node2] Coordinator NOT in preference list, forwarding only
[dc1_node2] Replicated to localhost:50088
[dc1_node2] Replicated to localhost:50097
[dc1_node2] Replicated to localhost:50063
[dc1_node2] W-quorum achieved (2 writes), returning to client
[dc1_node2] Background replication continues for remaining nodes
[dc1_node2] Successful writes: 3/3
[dc1_node2] Retrieved key='item:1873', versions=11
[dc1_node2] Retrieved key='item:2466', versions=24
[dc1_node2] Client GET: key='item:2111'
[dc1_node2] Reading from preference list: ['localhost:50148', 'localhost:50237']
[dc1_node2] Key='item:2111' not found
[dc1_node2] CONFLICT: 39 sibling versions for 'item:2111'
[dc1_node2] Internal PUT (replication): key='item:2994'
[dc1_node2] CONFLICT detected for key='item:2994', siblings=15
[dc1_node2] Saved 99 keys to disk
[dc1_node2] Retrieved key='item:4570', versions=14
[dc1_node2] Client PUT: key='item:1722', value='stress_4_717'
[dc1_node2] Preference list for 'item:1722': ['localhost:50236', 'localhost:50153', 'localhost:50100']
[dc1_node2] Coordinator NOT in preference list, forwarding only
[dc1_node2] Replicated to localhost:50236
[dc1_node2] Replicated to localhost:50100
[dc1_node2] Replicated to localhost:50153
[dc1_node2] W-quorum achieved (2 writes), returning to client
[dc1_node2] Background replication continues for remaining nodes
[dc1_node2] Successful writes: 3/3
[dc1_node2] Internal PUT (replication): key='item:3815'
[dc1_node2] CONFLICT detected for key='item:3815', siblings=13
[dc1_node2] Saved 99 keys to disk
[dc1_node2] Client GET: key='item:3776'
[dc1_node2] Reading from preference list: ['localhost:50191', 'localhost:50052']
[dc1_node2] Retrieved key='item:3776', versions=19
[dc1_node2] CONFLICT: 37 sibling versions for 'item:3776'
[dc1_node2] Client GET: key='item:1017'
[dc1_node2] Reading from preference list: ['localhost:50232', 'localhost:50204']
[dc1_node2] Key='item:1017' not found
[dc1_node2] CONFLICT: 30 sibling versions for 'item:1017'
[dc1_node2] Client GET: key='item:0957'
[dc1_node2] Reading from preference list: ['localhost:50073', 'localhost:50186']
[dc1_node2] Key='item:0957' not found
[dc1_node2] CONFLICT: 35 sibling versions for 'item:0957'
[dc1_node2] Internal PUT (replication): key='item:0998'
[dc1_node2] CONFLICT detected for key='item:0998', siblings=11
[dc1_node2] Saved 99 keys to disk
[dc1_node2] Internal PUT (replication): key='item:0693'
[dc1_node2] CONFLICT detected for key='item:0693', siblings=18
[dc1_node2] Saved 99 keys to disk
[dc1_node2] Retrieved key='item:2783', versions=18
[dc1_node2] Client GET: key='item:2869'
[dc1_node2] Reading from preference list: ['localhost:50138', 'localhost:50072']
[dc1_node2] Key='item:2869' not found
[dc1_node2] CONFLICT: 40 sibling versions for 'item:2869'
[dc1_node2] Internal PUT (replication): key='item:0844'
[dc1_node2] CONFLICT detected for key='item:0844', siblings=16
[dc1_node2] Saved 99 keys to disk
[dc1_node2] Internal PUT (replication): key='item:0497'
[dc1_node2] CONFLICT detected for key='item:0497', siblings=24
[dc1_node2] Saved 99 keys to disk
[dc1_node2] Client GET: key='item:4805'
[dc1_node2] Reading from preference list: ['localhost:50085', 'localhost:50140']
[dc1_node2] Key='item:4805' not found
[dc1_node2] CONFLICT: 32 sibling versions for 'item:4805'
[dc1_node2] Retrieved key='item:1965', versions=10
[dc1_node2] Client PUT: key='item:4776', value='stress_5_751'
[dc1_node2] Preference list for 'item:4776': ['localhost:50077', 'localhost:50157', 'localhost:50104']
[dc1_node2] Coordinator NOT in preference list, forwarding only
[dc1_node2] Replicated to localhost:50077
[dc1_node2] Replicated to localhost:50104
[dc1_node2] Replicated to localhost:50157
[dc1_node2] W-quorum achieved (2 writes), returning to client
[dc1_node2] Background replication continues for remaining nodes
[dc1_node2] Successful writes: 3/3
[dc1_node2] Retrieved key='item:2440', versions=18
[dc1_node2] Client PUT: key='item:0740', value='stress_9_734'
[dc1_node2] Preference list for 'item:0740': ['localhost:50051', 'localhost:50117', 'localhost:50233']
[dc1_node2] Coordinator NOT in preference list, forwarding only
[dc1_node2] Replicated to localhost:50233
[dc1_node2] Replicated to localhost:50117
[dc1_node2] W-quorum achieved (2 writes), returning to client
[dc1_node2] Background replication continues for remaining nodes
[dc1_node2] Successful writes: 2/3
[dc1_node2] Replicated to localhost:50051
[dc1_node2] Client PUT: key='item:1695', value='stress_3_766'
[dc1_node2] Preference list for 'item:1695': ['localhost:50190', 'localhost:50086', 'localhost:50244']
[dc1_node2] Coordinator NOT in preference list, forwarding only
[dc1_node2] Replicated to localhost:50190
[dc1_node2] Replicated to localhost:50086
[dc1_node2] Replicated to localhost:50244
[dc1_node2] W-quorum achieved (2 writes), returning to client
[dc1_node2] Background replication continues for remaining nodes
[dc1_node2] Successful writes: 3/3
[dc1_node2] Internal PUT (replication): key='item:4636'
[dc1_node2] CONFLICT detected for key='item:4636', siblings=20
[dc1_node2] Saved 99 keys to disk
[dc1_node2] Retrieved key='item:0998', versions=11
[dc1_node2] Client GET: key='item:4478'
[dc1_node2] Reading from preference list: ['localhost:50197', 'localhost:50169']
[dc1_node2] Key='item:4478' not found
[dc1_node2] CONFLICT: 20 sibling versions for 'item:4478'
[dc1_node2] Internal PUT (replication): key='item:0309'
[dc1_node2] CONFLICT detected for key='item:0309', siblings=16
[dc1_node2] Saved 99 keys to disk
[dc1_node2] Internal PUT (replication): key='item:0289'
[dc1_node2] CONFLICT detected for key='item:0289', siblings=16
[dc1_node2] Saved 99 keys to disk
[dc1_node2] Internal PUT (replication): key='item:0615'
[dc1_node2] CONFLICT detected for key='item:0615', siblings=19
[dc1_node2] Saved 99 keys to disk
[dc1_node2] Internal PUT (replication): key='item:0015'
[dc1_node2] CONFLICT detected for key='item:0015', siblings=17
[dc1_node2] Saved 99 keys to disk
[dc1_node2] Internal PUT (replication): key='item:0548'
[dc1_node2] CONFLICT detected for key='item:0548', siblings=17
[dc1_node2] Client PUT: key='item:2529', value='stress_0_796'
[dc1_node2] Preference list for 'item:2529': ['localhost:50091', 'localhost:50185', 'localhost:50113']
[dc1_node2] Coordinator NOT in preference list, forwarding only
[dc1_node2] Saved 99 keys to disk
[dc1_node2] Internal PUT (replication): key='item:2320'
[dc1_node2] CONFLICT detected for key='item:2320', siblings=20
[dc1_node2] Replicated to localhost:50185
[dc1_node2] Replicated to localhost:50091
[dc1_node2] Saved 99 keys to disk
[dc1_node2] W-quorum achieved (2 writes), returning to client
[dc1_node2] Background replication continues for remaining nodes
[dc1_node2] Successful writes: 2/3
[dc1_node2] Replicated to localhost:50113
[dc1_node2] Retrieved key='item:2247', versions=20
[dc1_node2] Retrieved key='item:0408', versions=14
[dc1_node2] Internal PUT (replication): key='item:0738'
[dc1_node2] CONFLICT detected for key='item:0738', siblings=12
[dc1_node2] Saved 99 keys to disk
[dc1_node2] Retrieved key='item:2482', versions=9
[dc1_node2] Retrieved key='item:2986', versions=17
[dc1_node2] Retrieved key='item:3776', versions=19
[dc1_node2] Retrieved key='item:2942', versions=15
[dc1_node2] Internal PUT (replication): key='item:0497'
[dc1_node2] CONFLICT detected for key='item:0497', siblings=25
[dc1_node2] Saved 99 keys to disk
[dc1_node2] Retrieved key='item:1033', versions=18
[dc1_node2] Internal PUT (replication): key='item:3829'
[dc1_node2] CONFLICT detected for key='item:3829', siblings=20
[dc1_node2] Saved 99 keys to disk
[dc1_node2] Retrieved key='item:0408', versions=14
[dc1_node2] Internal PUT (replication): key='item:1641'
[dc1_node2] CONFLICT detected for key='item:1641', siblings=14
[dc1_node2] Saved 99 keys to disk
[dc1_node2] Internal PUT (replication): key='item:2482'
[dc1_node2] CONFLICT detected for key='item:2482', siblings=10
[dc1_node2] Saved 99 keys to disk
[dc1_node2] Retrieved key='item:4570', versions=14
[dc1_node2] Retrieved key='item:2247', versions=20
[dc1_node2] Internal PUT (replication): key='item:1873'
[dc1_node2] CONFLICT detected for key='item:1873', siblings=12
[dc1_node2] Saved 99 keys to disk
[dc1_node2] Retrieved key='item:4570', versions=14
[dc1_node2] Internal PUT (replication): key='item:1252'
[dc1_node2] CONFLICT detected for key='item:1252', siblings=17
[dc1_node2] Saved 99 keys to disk
[dc1_node2] Retrieved key='item:4196', versions=15
[dc1_node2] Internal PUT (replication): key='item:3563'
[dc1_node2] CONFLICT detected for key='item:3563', siblings=15
[dc1_node2] Saved 99 keys to disk
[dc1_node2] Internal PUT (replication): key='item:3260'
[dc1_node2] CONFLICT detected for key='item:3260', siblings=10
[dc1_node2] Saved 99 keys to disk
[dc1_node2] Retrieved key='item:4056', versions=18
[dc1_node2] Retrieved key='item:2994', versions=15
[dc1_node2] Internal PUT (replication): key='item:1834'
[dc1_node2] CONFLICT detected for key='item:1834', siblings=16
[dc1_node2] Saved 99 keys to disk
[dc1_node2] Internal PUT (replication): key='item:4549'
[dc1_node2] CONFLICT detected for key='item:4549', siblings=20
[dc1_node2] Saved 99 keys to disk
[dc1_node2] Internal PUT (replication): key='item:2976'
[dc1_node2] CONFLICT detected for key='item:2976', siblings=11
[dc1_node2] Saved 99 keys to disk
[dc1_node2] Client PUT: key='item:1999', value='stress_6_932'
[dc1_node2] Preference list for 'item:1999': ['localhost:50120', 'localhost:50084', 'localhost:50099']
[dc1_node2] Coordinator NOT in preference list, forwarding only
[dc1_node2] Internal PUT (replication): key='item:4341'
[dc1_node2] CONFLICT detected for key='item:4341', siblings=12
[dc1_node2] Replicated to localhost:50120
[dc1_node2] Replicated to localhost:50099
[dc1_node2] Saved 99 keys to disk
[dc1_node2] Replicated to localhost:50084
[dc1_node2] W-quorum achieved (2 writes), returning to client
[dc1_node2] Background replication continues for remaining nodes
[dc1_node2] Successful writes: 3/3
[dc1_node2] Retrieved key='item:0289', versions=16
[dc1_node2] Internal PUT (replication): key='item:2942'
[dc1_node2] CONFLICT detected for key='item:2942', siblings=16
[dc1_node2] Saved 99 keys to disk
[dc1_node2] Retrieved key='item:2805', versions=12
[dc1_node2] Retrieved key='item:1037', versions=14
[dc1_node2] Retrieved key='item:3938', versions=13
[dc1_node2] Retrieved key='item:1661', versions=20
[dc1_node2] Retrieved key='item:3923', versions=16
[dc1_node2] Internal PUT (replication): key='item:0278'
[dc1_node2] CONFLICT detected for key='item:0278', siblings=4
[dc1_node2] Saved 99 keys to disk
[dc1_node2] Internal PUT (replication): key='item:3227'
[dc1_node2] CONFLICT detected for key='item:3227', siblings=10
[dc1_node2] Saved 99 keys to disk
[dc1_node2] Internal PUT (replication): key='item:0548'
[dc1_node2] CONFLICT detected for key='item:0548', siblings=18
[dc1_node2] Saved 99 keys to disk
[dc1_node2] Internal PUT (replication): key='item:4636'
[dc1_node2] CONFLICT detected for key='item:4636', siblings=21
[dc1_node2] Saved 99 keys to disk
[dc1_node2] Internal PUT (replication): key='item:0309'
[dc1_node2] CONFLICT detected for key='item:0309', siblings=16
[dc1_node2] Client GET: key='item:4551'
[dc1_node2] Reading from preference list: ['localhost:50059', 'localhost:50249']
[dc1_node2] Saved 99 keys to disk
[dc1_node2] Key='item:4551' not found
[dc1_node2] CONFLICT: 33 sibling versions for 'item:4551'
[dc1_node2] Internal PUT (replication): key='item:0844'
[dc1_node2] CONFLICT detected for key='item:0844', siblings=17
[dc1_node2] Saved 99 keys to disk
[dc1_node2] Client GET: key='item:2139'
[dc1_node2] Reading from preference list: ['localhost:50225', 'localhost:50191']
[dc1_node2] Key='item:2139' not found
[dc1_node2] CONFLICT: 19 sibling versions for 'item:2139'
[dc1_node2] Internal PUT (replication): key='item:1873'
[dc1_node2] CONFLICT detected for key='item:1873', siblings=13
[dc1_node2] Saved 99 keys to disk
[dc1_node2] Internal PUT (replication): key='item:0020'
[dc1_node2] CONFLICT detected for key='item:0020', siblings=22
[dc1_node2] Saved 99 keys to disk
[dc1_node2] Retrieved key='item:1037', versions=14
[dc1_node2] Client PUT: key='item:2456', value='stress_4_1031'
[dc1_node2] Preference list for 'item:2456': ['localhost:50089', 'localhost:50107', 'localhost:50162']
[dc1_node2] Coordinator NOT in preference list, forwarding only
[dc1_node2] Replicated to localhost:50089
[dc1_node2] Retrieved key='item:0354', versions=21
[dc1_node2] Replicated to localhost:50107
[dc1_node2] W-quorum achieved (2 writes), returning to client
[dc1_node2] Background replication continues for remaining nodes
[dc1_node2] Successful writes: 2/3
[dc1_node2] Replicated to localhost:50162
[dc1_node2] Internal PUT (replication): key='item:0615'
[dc1_node2] CONFLICT detected for key='item:0615', siblings=20
[dc1_node2] Saved 99 keys to disk
[dc1_node2] Retrieved key='item:1873', versions=13
[dc1_node2] Internal PUT (replication): key='item:0015'
[dc1_node2] CONFLICT detected for key='item:0015', siblings=18
[dc1_node2] Saved 99 keys to disk
[dc1_node2] Client GET: key='item:0905'
[dc1_node2] Reading from preference list: ['localhost:50247', 'localhost:50147']
[dc1_node2] Key='item:0905' not found
[dc1_node2] CONFLICT: 32 sibling versions for 'item:0905'
[dc1_node2] Internal PUT (replication): key='item:4549'
[dc1_node2] CONFLICT detected for key='item:4549', siblings=21
[dc1_node2] Saved 99 keys to disk
[dc1_node2] Client GET: key='item:0738'
[dc1_node2] Reading from preference list: ['localhost:50247', 'localhost:50190']
[dc1_node2] Retrieved key='item:0738', versions=12
[dc1_node2] CONFLICT: 34 sibling versions for 'item:0738'
[dc1_node2] Retrieved key='item:0408', versions=14
[dc1_node2] Retrieved key='item:1739', versions=14
[dc1_node2] Internal PUT (replication): key='item:0278'
[dc1_node2] CONFLICT detected for key='item:0278', siblings=5
[dc1_node2] Saved 99 keys to disk
[dc1_node2] Internal PUT (replication): key='item:4056'
[dc1_node2] CONFLICT detected for key='item:4056', siblings=19
[dc1_node2] Saved 99 keys to disk
[dc1_node2] Retrieved key='item:3923', versions=16
[dc1_node2] Internal PUT (replication): key='item:3991'
[dc1_node2] CONFLICT detected for key='item:3991', siblings=17
[dc1_node2] Saved 99 keys to disk
[dc1_node2] Client PUT: key='item:2758', value='stress_8_1105'
[dc1_node2] Preference list for 'item:2758': ['localhost:50171', 'localhost:50218', 'localhost:50109']
[dc1_node2] Coordinator NOT in preference list, forwarding only
[dc1_node2] Replicated to localhost:50171
[dc1_node2] Replicated to localhost:50218
[dc1_node2] W-quorum achieved (2 writes), returning to client
[dc1_node2] Background replication continues for remaining nodes
[dc1_node2] Successful writes: 2/3
[dc1_node2] Replicated to localhost:50109
[dc1_node2] Retrieved key='item:3923', versions=16
[dc1_node2] Internal PUT (replication): key='item:3563'
[dc1_node2] CONFLICT detected for key='item:3563', siblings=16
[dc1_node2] Saved 99 keys to disk
[dc1_node2] Internal PUT (replication): key='item:2482'
[dc1_node2] CONFLICT detected for key='item:2482', siblings=11
[dc1_node2] Saved 99 keys to disk
[dc1_node2] Client PUT: key='item:0486', value='stress_2_1127'
[dc1_node2] Preference list for 'item:0486': ['localhost:50086', 'localhost:50120', 'localhost:50228']
[dc1_node2] Coordinator NOT in preference list, forwarding only
[dc1_node2] Replicated to localhost:50228
[dc1_node2] Replicated to localhost:50120
[dc1_node2] Replicated to localhost:50086
[dc1_node2] W-quorum achieved (2 writes), returning to client
[dc1_node2] Background replication continues for remaining nodes
[dc1_node2] Successful writes: 3/3
[dc1_node2] Internal PUT (replication): key='item:2473'
[dc1_node2] CONFLICT detected for key='item:2473', siblings=19
[dc1_node2] Saved 99 keys to disk
[dc1_node2] Retrieved key='item:3563', versions=16
[dc1_node2] Internal PUT (replication): key='item:1873'
[dc1_node2] CONFLICT detected for key='item:1873', siblings=14
[dc1_node2] Saved 99 keys to disk
[dc1_node2] Retrieved key='item:3950', versions=11
[dc1_node2] Internal PUT (replication): key='item:2611'
[dc1_node2] CONFLICT detected for key='item:2611', siblings=13
[dc1_node2] Saved 99 keys to disk
[dc1_node2] Retrieved key='item:1252', versions=17
[dc1_node2] Retrieved key='item:2482', versions=11
[dc1_node2] Client GET: key='item:0768'
[dc1_node2] Reading from preference list: ['localhost:50125', 'localhost:50199']
[dc1_node2] Key='item:0768' not found
[dc1_node2] CONFLICT: 13 sibling versions for 'item:0768'
[dc1_node2] Internal PUT (replication): key='item:1834'
[dc1_node2] CONFLICT detected for key='item:1834', siblings=17
[dc1_node2] Saved 99 keys to disk
[dc1_node2] Retrieved key='item:1661', versions=20
[dc1_node2] Internal PUT (replication): key='item:2320'
[dc1_node2] CONFLICT detected for key='item:2320', siblings=21
[dc1_node2] Saved 99 keys to disk
[dc1_node2] Internal PUT (replication): key='item:2942'
[dc1_node2] CONFLICT detected for key='item:2942', siblings=17
[dc1_node2] Saved 99 keys to disk
[dc1_node2] Client GET: key='item:1360'
[dc1_node2] Reading from preference list: ['localhost:50073', 'localhost:50218']
[dc1_node2] Key='item:1360' not found
[dc1_node2] CONFLICT: 32 sibling versions for 'item:1360'
[dc1_node2] Retrieved key='item:3436', versions=13
[dc1_node2] Internal PUT (replication): key='item:3260'
[dc1_node2] CONFLICT detected for key='item:3260', siblings=11
[dc1_node2] Saved 99 keys to disk
[dc1_node2] Internal PUT (replication): key='item:2247'
[dc1_node2] CONFLICT detected for key='item:2247', siblings=21
[dc1_node2] Saved 99 keys to disk
[dc1_node2] Retrieved key='item:1857', versions=19
[dc1_node2] Retrieved key='item:0071', versions=8
[dc1_node2] Retrieved key='item:3923', versions=16
[dc1_node2] Retrieved key='item:3227', versions=10
[dc1_node2] Internal PUT (replication): key='item:4454'
[dc1_node2] CONFLICT detected for key='item:4454', siblings=19
[dc1_node2] Saved 99 keys to disk
[dc1_node2] Internal PUT (replication): key='item:4629'
[dc1_node2] CONFLICT detected for key='item:4629', siblings=12
[dc1_node2] Saved 99 keys to disk
[dc1_node2] Internal PUT (replication): key='item:3938'
[dc1_node2] CONFLICT detected for key='item:3938', siblings=14
[dc1_node2] Saved 99 keys to disk
[dc1_node2] Internal PUT (replication): key='item:3436'
[dc1_node2] CONFLICT detected for key='item:3436', siblings=14
[dc1_node2] Saved 99 keys to disk
[dc1_node2] Client GET: key='item:4772'
[dc1_node2] Reading from preference list: ['localhost:50121', 'localhost:50173']
[dc1_node2] Key='item:4772' not found
[dc1_node2] Retrieved key='item:1965', versions=10
[dc1_node2] CONFLICT: 40 sibling versions for 'item:4772'
[dc1_node2] Internal PUT (replication): key='item:3991'
[dc1_node2] CONFLICT detected for key='item:3991', siblings=18
[dc1_node2] Saved 99 keys to disk
[dc1_node2] Client PUT: key='item:0004', value='stress_1_1299'
[dc1_node2] Preference list for 'item:0004': ['localhost:50128', 'localhost:50249', 'localhost:50224']
[dc1_node2] Coordinator NOT in preference list, forwarding only
[dc1_node2] Replicated to localhost:50224
[dc1_node2] Replicated to localhost:50249
[dc1_node2] Replicated to localhost:50128
[dc1_node2] W-quorum achieved (2 writes), returning to client
[dc1_node2] Background replication continues for remaining nodes
[dc1_node2] Successful writes: 3/3
[dc1_node2] Internal PUT (replication): key='item:0998'
[dc1_node2] CONFLICT detected for key='item:0998', siblings=12
[dc1_node2] Saved 99 keys to disk
[dc1_node2] Retrieved key='item:2473', versions=19
[dc1_node2] Internal PUT (replication): key='item:3068'
[dc1_node2] CONFLICT detected for key='item:3068', siblings=19
[dc1_node2] Saved 99 keys to disk
[dc1_node2] Internal PUT (replication): key='item:0354'
[dc1_node2] CONFLICT detected for key='item:0354', siblings=22
[dc1_node2] Saved 99 keys to disk
[dc1_node2] Internal PUT (replication): key='item:0354'
[dc1_node2] CONFLICT detected for key='item:0354', siblings=22
[dc1_node2] Saved 99 keys to disk
[dc1_node2] Internal PUT (replication): key='item:2320'
[dc1_node2] CONFLICT detected for key='item:2320', siblings=22
[dc1_node2] Saved 99 keys to disk
[dc1_node2] Internal PUT (replication): key='item:2466'
[dc1_node2] CONFLICT detected for key='item:2466', siblings=25
[dc1_node2] Saved 99 keys to disk
[dc1_node2] Internal PUT (replication): key='item:2431'
[dc1_node2] CONFLICT detected for key='item:2431', siblings=15
[dc1_node2] Saved 99 keys to disk
[dc1_node2] Internal PUT (replication): key='item:1857'
[dc1_node2] CONFLICT detected for key='item:1857', siblings=20
[dc1_node2] Saved 99 keys to disk
[dc1_node2] Internal PUT (replication): key='item:0883'
[dc1_node2] CONFLICT detected for key='item:0883', siblings=18
[dc1_node2] Internal PUT (replication): key='item:3227'
[dc1_node2] Saved 99 keys to disk
[dc1_node2] CONFLICT detected for key='item:3227', siblings=11
[dc1_node2] Client GET: key='item:1893'
[dc1_node2] Reading from preference list: ['localhost:50247', 'localhost:50078']
[dc1_node2] Saved 99 keys to disk
[dc1_node2] Key='item:1893' not found
[dc1_node2] CONFLICT: 24 sibling versions for 'item:1893'
[dc1_node2] Internal PUT (replication): key='item:4636'
[dc1_node2] CONFLICT detected for key='item:4636', siblings=22
[dc1_node2] Saved 99 keys to disk
[dc1_node2] Client PUT: key='item:4553', value='stress_9_1313'
[dc1_node2] Preference list for 'item:4553': ['localhost:50120', 'localhost:50140', 'localhost:50109']
[dc1_node2] Coordinator NOT in preference list, forwarding only
[dc1_node2] Replicated to localhost:50109
[dc1_node2] Replicated to localhost:50140
[dc1_node2] Replicated to localhost:50120
[dc1_node2] W-quorum achieved (2 writes), returning to client
[dc1_node2] Background replication continues for remaining nodes
[dc1_node2] Successful writes: 3/3
[dc1_node2] Internal PUT (replication): key='item:3563'
[dc1_node2] CONFLICT detected for key='item:3563', siblings=17
[dc1_node2] Saved 99 keys to disk
[dc1_node2] Retrieved key='item:3602', versions=14
[dc1_node2] Internal PUT (replication): key='item:3854'
[dc1_node2] CONFLICT detected for key='item:3854', siblings=20
[dc1_node2] Saved 99 keys to disk
[dc1_node2] Internal PUT (replication): key='item:3991'
[dc1_node2] CONFLICT detected for key='item:3991', siblings=19
[dc1_node2] Internal PUT (replication): key='item:0525'
[dc1_node2] Saved 99 keys to disk
[dc1_node2] CONFLICT detected for key='item:0525', siblings=12
[dc1_node2] Saved 99 keys to disk
[dc1_node2] Internal PUT (replication): key='item:2320'
[dc1_node2] CONFLICT detected for key='item:2320', siblings=23
[dc1_node2] Saved 99 keys to disk
[dc1_node2] Retrieved key='item:1834', versions=17
[dc1_node2] Client PUT: key='item:1462', value='stress_0_1389'
[dc1_node2] Preference list for 'item:1462': ['localhost:50132', 'localhost:50241', 'localhost:50081']
[dc1_node2] Coordinator NOT in preference list, forwarding only
[dc1_node2] Client GET: key='item:0274'
[dc1_node2] Reading from preference list: ['localhost:50170', 'localhost:50080']
[dc1_node2] Key='item:0274' not found
[dc1_node2] CONFLICT: 30 sibling versions for 'item:0274'
[dc1_node2] Replicated to localhost:50241
[dc1_node2] Replicated to localhost:50132
[dc1_node2] Replicated to localhost:50081
[dc1_node2] Client PUT: key='item:1508', value='stress_3_1379'
[dc1_node2] Preference list for 'item:1508': ['localhost:50118', 'localhost:50057', 'localhost:50161']
[dc1_node2] Coordinator NOT in preference list, forwarding only
[dc1_node2] W-quorum achieved (2 writes), returning to client
[dc1_node2] Background replication continues for remaining nodes
[dc1_node2] Successful writes: 3/3
[dc1_node2] Replicated to localhost:50161
[dc1_node2] Replicated to localhost:50057
[dc1_node2] Replicated to localhost:50118
[dc1_node2] W-quorum achieved (2 writes), returning to client
[dc1_node2] Background replication continues for remaining nodes
[dc1_node2] Successful writes: 3/3
[dc1_node2] Client GET: key='item:0816'
[dc1_node2] Reading from preference list: ['localhost:50058', 'localhost:50102']
[dc1_node2] Key='item:0816' not found
[dc1_node2] Client GET: key='item:1936'
[dc1_node2] Reading from preference list: ['localhost:50165', 'localhost:50124']
[dc1_node2] Key='item:1936' not found
[dc1_node2] CONFLICT: 34 sibling versions for 'item:0816'
[dc1_node2] CONFLICT: 24 sibling versions for 'item:1936'
[dc1_node2] Internal PUT (replication): key='item:3521'
[dc1_node2] CONFLICT detected for key='item:3521', siblings=20
[dc1_node2] Saved 99 keys to disk
[dc1_node2] Retrieved key='item:4196', versions=15
[dc1_node2] Client GET: key='item:2595'
[dc1_node2] Reading from preference list: ['localhost:50228', 'localhost:50107']
[dc1_node2] Key='item:2595' not found
[dc1_node2] CONFLICT: 12 sibling versions for 'item:2595'
[dc1_node2] Internal PUT (replication): key='item:3982'
[dc1_node2] CONFLICT detected for key='item:3982', siblings=16
[dc1_node2] Saved 99 keys to disk
[dc1_node2] Retrieved key='item:2482', versions=11
[dc1_node2] Internal PUT (replication): key='item:3923'
[dc1_node2] CONFLICT detected for key='item:3923', siblings=17
[dc1_node2] Saved 99 keys to disk
[dc1_node2] Retrieved key='item:4782', versions=1
[dc1_node2] Internal PUT (replication): key='item:3068'
[dc1_node2] CONFLICT detected for key='item:3068', siblings=20
[dc1_node2] Saved 99 keys to disk
[dc1_node2] Retrieved key='item:1965', versions=10
[dc1_node2] Internal PUT (replication): key='item:0020'
[dc1_node2] CONFLICT detected for key='item:0020', siblings=23
[dc1_node2] Saved 99 keys to disk
[dc1_node2] Retrieved key='item:2805', versions=12
[dc1_node2] Internal PUT (replication): key='item:4397'
[dc1_node2] CONFLICT detected for key='item:4397', siblings=8
[dc1_node2] Saved 99 keys to disk
[dc1_node2] Retrieved key='item:2942', versions=17
[dc1_node2] Internal PUT (replication): key='item:3746'
[dc1_node2] CONFLICT detected for key='item:3746', siblings=16
[dc1_node2] Saved 99 keys to disk
[dc1_node2] Client GET: key='item:3130'
[dc1_node2] Reading from preference list: ['localhost:50147', 'localhost:50116']
[dc1_node2] Key='item:3130' not found
[dc1_node2] CONFLICT: 36 sibling versions for 'item:3130'
[dc1_node2] Retrieved key='item:3950', versions=11
[dc1_node2] Client PUT: key='item:3521', value='stress_3_1462'
[dc1_node2] Preference list for 'item:3521': ['localhost:50203', 'localhost:50052', 'localhost:50162']
[dc1_node2] CONFLICT detected for key='item:3521', siblings=21
[dc1_node2] Saved 99 keys to disk
[dc1_node2] Coordinator IS in preference list, stored locally
[dc1_node2] Retrieved key='item:0408', versions=14
[dc1_node2] Replicated to localhost:50203
[dc1_node2] Replicated to localhost:50162
[dc1_node2] W-quorum achieved (2 writes), returning to client
[dc1_node2] Background replication continues for remaining nodes
[dc1_node2] Successful writes: 3/3
[dc1_node2] Retrieved key='item:3195', versions=8
[dc1_node2] Retrieved key='item:3260', versions=11
[dc1_node2] Client PUT: key='item:1619', value='stress_1_1514'
[dc1_node2] Preference list for 'item:1619': ['localhost:50110', 'localhost:50217', 'localhost:50071']
[dc1_node2] Coordinator NOT in preference list, forwarding only
[dc1_node2] Replicated to localhost:50217
[dc1_node2] Replicated to localhost:50071
[dc1_node2] Replicated to localhost:50110
[dc1_node2] W-quorum achieved (2 writes), returning to client
[dc1_node2] Background replication continues for remaining nodes
[dc1_node2] Successful writes: 3/3
[dc1_node2] Retrieved key='item:2466', versions=25
[dc1_node2] Internal PUT (replication): key='item:0354'
[dc1_node2] CONFLICT detected for key='item:0354', siblings=23
[dc1_node2] Saved 99 keys to disk
[dc1_node2] Internal PUT (replication): key='item:4640'
[dc1_node2] CONFLICT detected for key='item:4640', siblings=11
[dc1_node2] Saved 99 keys to disk
[dc1_node2] Client PUT: key='item:2376', value='stress_4_1554'
[dc1_node2] Preference list for 'item:2376': ['localhost:50126', 'localhost:50170', 'localhost:50140']
[dc1_node2] Coordinator NOT in preference list, forwarding only
[dc1_node2] Replicated to localhost:50170
[dc1_node2] Replicated to localhost:50126
[dc1_node2] Replicated to localhost:50140
[dc1_node2] W-quorum achieved (2 writes), returning to client
[dc1_node2] Background replication continues for remaining nodes
[dc1_node2] Successful writes: 3/3
[dc1_node2] Retrieved key='item:3227', versions=11
[dc1_node2] Internal PUT (replication): key='item:0309'
[dc1_node2] CONFLICT detected for key='item:0309', siblings=17
[dc1_node2] Internal PUT (replication): key='item:1857'
[dc1_node2] Saved 99 keys to disk
[dc1_node2] CONFLICT detected for key='item:1857', siblings=21
[dc1_node2] Saved 99 keys to disk
[dc1_node2] Internal PUT (replication): key='item:0615'
[dc1_node2] CONFLICT detected for key='item:0615', siblings=21
[dc1_node2] Saved 99 keys to disk
[dc1_node2] Retrieved key='item:3854', versions=20
[dc1_node2] Internal PUT (replication): key='item:0497'
[dc1_node2] CONFLICT detected for key='item:0497', siblings=25
[dc1_node2] Client PUT: key='item:4779', value='stress_6_1524'
[dc1_node2] Preference list for 'item:4779': ['localhost:50242', 'localhost:50124', 'localhost:50225']
[dc1_node2] Coordinator NOT in preference list, forwarding only
[dc1_node2] Saved 99 keys to disk
[dc1_node2] Replicated to localhost:50242
[dc1_node2] Replicated to localhost:50124
[dc1_node2] W-quorum achieved (2 writes), returning to client
[dc1_node2] Background replication continues for remaining nodes
[dc1_node2] Successful writes: 2/3
[dc1_node2] Replicated to localhost:50225
[dc1_node2] Client GET: key='item:3338'
[dc1_node2] Reading from preference list: ['localhost:50139', 'localhost:50067']
[dc1_node2] Key='item:3338' not found
[dc1_node2] CONFLICT: 34 sibling versions for 'item:3338'
[dc1_node2] Client PUT: key='item:1621', value='stress_1_1574'
[dc1_node2] Preference list for 'item:1621': ['localhost:50102', 'localhost:50085', 'localhost:50243']
[dc1_node2] Coordinator NOT in preference list, forwarding only
[dc1_node2] Replicated to localhost:50243
[dc1_node2] Replicated to localhost:50102
[dc1_node2] Replicated to localhost:50085
[dc1_node2] W-quorum achieved (2 writes), returning to client
[dc1_node2] Background replication continues for remaining nodes
[dc1_node2] Successful writes: 3/3
[dc1_node2] Internal PUT (replication): key='item:3551'
[dc1_node2] CONFLICT detected for key='item:3551', siblings=16
[dc1_node2] Saved 99 keys to disk
[dc1_node2] Retrieved key='item:0299', versions=18
[dc1_node2] Retrieved key='item:4196', versions=15
[dc1_node2] Internal PUT (replication): key='item:4498'
[dc1_node2] CONFLICT detected for key='item:4498', siblings=17
[dc1_node2] Saved 99 keys to disk
[dc1_node2] Retrieved key='item:0309', versions=17
[dc1_node2] Client GET: key='item:2099'
[dc1_node2] Reading from preference list: ['localhost:50132', 'localhost:50237']
[dc1_node2] Key='item:2099' not found
[dc1_node2] CONFLICT: 20 sibling versions for 'item:2099'
[dc1_node2] Client GET: key='item:2257'
[dc1_node2] Reading from preference list: ['localhost:50160', 'localhost:50240']
[dc1_node2] Key='item:2257' not found
[dc1_node2] CONFLICT: 25 sibling versions for 'item:2257'
[dc1_node2] Client GET: key='item:2354'
[dc1_node2] Reading from preference list: ['localhost:50112', 'localhost:50142']
[dc1_node2] Key='item:2354' not found
[dc1_node2] CONFLICT: 36 sibling versions for 'item:2354'
[dc1_node2] Internal PUT (replication): key='item:1965'
[dc1_node2] CONFLICT detected for key='item:1965', siblings=11
[dc1_node2] Saved 99 keys to disk
[dc1_node2] Internal PUT (replication): key='item:4640'
[dc1_node2] CONFLICT detected for key='item:4640', siblings=12
[dc1_node2] Client PUT: key='item:1450', value='stress_8_1589'
[dc1_node2] Preference list for 'item:1450': ['localhost:50103', 'localhost:50191', 'localhost:50178']
[dc1_node2] Coordinator NOT in preference list, forwarding only
[dc1_node2] Saved 99 keys to disk
[dc1_node2] Replicated to localhost:50191
[dc1_node2] Replicated to localhost:50178
[dc1_node2] W-quorum achieved (2 writes), returning to client
[dc1_node2] Background replication continues for remaining nodes
[dc1_node2] Successful writes: 2/3
[dc1_node2] Replicated to localhost:50103
[dc1_node2] Retrieved key='item:0998', versions=12
[dc1_node2] Internal PUT (replication): key='item:2473'
[dc1_node2] CONFLICT detected for key='item:2473', siblings=20
[dc1_node2] Saved 99 keys to disk
[dc1_node2] Internal PUT (replication): key='item:4196'
[dc1_node2] CONFLICT detected for key='item:4196', siblings=16
[dc1_node2] Saved 99 keys to disk
[dc1_node2] Client PUT: key='item:3274', value='stress_3_1610'
[dc1_node2] Preference list for 'item:3274': ['localhost:50101', 'localhost:50055', 'localhost:50115']
[dc1_node2] Coordinator NOT in preference list, forwarding only
[dc1_node2] Replicated to localhost:50115
[dc1_node2] Replicated to localhost:50101
[dc1_node2] Replicated to localhost:50055
[dc1_node2] Internal PUT (replication): key='item:0408'
[dc1_node2] CONFLICT detected for key='item:0408', siblings=15
[dc1_node2] W-quorum achieved (2 writes), returning to client
[dc1_node2] Background replication continues for remaining nodes
[dc1_node2] Successful writes: 3/3
[dc1_node2] Saved 99 keys to disk
[dc1_node2] Client PUT: key='item:1057', value='stress_8_1611'
[dc1_node2] Preference list for 'item:1057': ['localhost:50056', 'localhost:50093', 'localhost:50238']
[dc1_node2] Coordinator NOT in preference list, forwarding only
[dc1_node2] Replicated to localhost:50238
[dc1_node2] Replicated to localhost:50056
[dc1_node2] Replicated to localhost:50093
[dc1_node2] W-quorum achieved (2 writes), returning to client
[dc1_node2] Background replication continues for remaining nodes
[dc1_node2] Successful writes: 3/3
[dc1_node2] Retrieved key='item:0309', versions=17
[dc1_node2] Internal PUT (replication): key='item:4454'
[dc1_node2] CONFLICT detected for key='item:4454', siblings=20
[dc1_node2] Saved 99 keys to disk
[dc1_node2] Retrieved key='item:2464', versions=12
[dc1_node2] Client GET: key='item:3790'
[dc1_node2] Reading from preference list: ['localhost:50164', 'localhost:50087']
[dc1_node2] Key='item:3790' not found
[dc1_node2] CONFLICT: 32 sibling versions for 'item:3790'
[dc1_node2] Retrieved key='item:4570', versions=14
[dc1_node2] Client PUT: key='item:4514', value='stress_0_1646'
[dc1_node2] Preference list for 'item:4514': ['localhost:50107', 'localhost:50162', 'localhost:50124']
[dc1_node2] Coordinator NOT in preference list, forwarding only
[dc1_node2] Replicated to localhost:50124
[dc1_node2] Replicated to localhost:50107
[dc1_node2] W-quorum achieved (2 writes), returning to client
[dc1_node2] Background replication continues for remaining nodes
[dc1_node2] Successful writes: 2/3
[dc1_node2] Replicated to localhost:50162
[dc1_node2] Retrieved key='item:3991', versions=19
[dc1_node2] Internal PUT (replication): key='item:2431'
[dc1_node2] CONFLICT detected for key='item:2431', siblings=16
[dc1_node2] Saved 99 keys to disk
[dc1_node2] Client PUT: key='item:3871', value='stress_1_1676'
[dc1_node2] Preference list for 'item:3871': ['localhost:50086', 'localhost:50070', 'localhost:50151']
[dc1_node2] Coordinator NOT in preference list, forwarding only
[dc1_node2] Replicated to localhost:50086
[dc1_node2] Replicated to localhost:50151
[dc1_node2] Replicated to localhost:50070
[dc1_node2] W-quorum achieved (2 writes), returning to client
[dc1_node2] Background replication continues for remaining nodes
[dc1_node2] Successful writes: 3/3
[dc1_node2] Retrieved key='item:4056', versions=19
[dc1_node2] Client GET: key='item:2746'
[dc1_node2] Reading from preference list: ['localhost:50188', 'localhost:50191']
[dc1_node2] Key='item:2746' not found
[dc1_node2] CONFLICT: 33 sibling versions for 'item:2746'
[dc1_node2] Retrieved key='item:2783', versions=18
[dc1_node2] Internal PUT (replication): key='item:2805'
[dc1_node2] CONFLICT detected for key='item:2805', siblings=13
[dc1_node2] Saved 99 keys to disk
[dc1_node2] Retrieved key='item:2942', versions=17
[dc1_node2] Internal PUT (replication): key='item:0309'
[dc1_node2] CONFLICT detected for key='item:0309', siblings=18
[dc1_node2] Saved 99 keys to disk
[dc1_node2] Internal PUT (replication): key='item:3923'
[dc1_node2] CONFLICT detected for key='item:3923', siblings=18
[dc1_node2] Saved 99 keys to disk
[dc1_node2] Internal PUT (replication): key='item:0738'
[dc1_node2] CONFLICT detected for key='item:0738', siblings=13
[dc1_node2] Saved 99 keys to disk
[dc1_node2] Retrieved key='item:4397', versions=8
[dc1_node2] Retrieved key='item:3260', versions=11
[dc1_node2] Internal PUT (replication): key='item:0309'
[dc1_node2] CONFLICT detected for key='item:0309', siblings=18
[dc1_node2] Saved 99 keys to disk
[dc1_node2] Internal PUT (replication): key='item:3866'
[dc1_node2] CONFLICT detected for key='item:3866', siblings=28
[dc1_node2] Saved 99 keys to disk
[dc1_node2] Retrieved key='item:3938', versions=14
[dc1_node2] Client GET: key='item:3035'
[dc1_node2] Reading from preference list: ['localhost:50051', 'localhost:50186']
[dc1_node2] Key='item:3035' not found
[dc1_node2] CONFLICT: 28 sibling versions for 'item:3035'
[dc1_node2] Retrieved key='item:4056', versions=19
[dc1_node2] Client PUT: key='item:1534', value='stress_4_1780'
[dc1_node2] Preference list for 'item:1534': ['localhost:50114', 'localhost:50207', 'localhost:50186']
[dc1_node2] Coordinator NOT in preference list, forwarding only
[dc1_node2] Replicated to localhost:50114
[dc1_node2] Replicated to localhost:50186
[dc1_node2] W-quorum achieved (2 writes), returning to client
[dc1_node2] Background replication continues for remaining nodes
[dc1_node2] Successful writes: 2/3
[dc1_node2] Replicated to localhost:50207
[dc1_node2] Client GET: key='item:4351'
[dc1_node2] Reading from preference list: ['localhost:50162', 'localhost:50132']
[dc1_node2] Key='item:4351' not found
[dc1_node2] CONFLICT: 26 sibling versions for 'item:4351'
[dc1_node2] Retrieved key='item:0289', versions=16
[dc1_node2] Internal PUT (replication): key='item:4570'
[dc1_node2] CONFLICT detected for key='item:4570', siblings=15
[dc1_node2] Saved 99 keys to disk
[dc1_node2] Client PUT: key='item:3821', value='stress_6_1749'
[dc1_node2] Preference list for 'item:3821': ['localhost:50177', 'localhost:50079', 'localhost:50210']
[dc1_node2] Coordinator NOT in preference list, forwarding only
[dc1_node2] Replicated to localhost:50177
[dc1_node2] Replicated to localhost:50079
[dc1_node2] Replicated to localhost:50210
[dc1_node2] W-quorum achieved (2 writes), returning to client
[dc1_node2] Background replication continues for remaining nodes
[dc1_node2] Successful writes: 3/3
[dc1_node2] Internal PUT (replication): key='item:3982'
[dc1_node2] CONFLICT detected for key='item:3982', siblings=17
[dc1_node2] Saved 99 keys to disk
[dc1_node2] Retrieved key='item:1252', versions=17
[dc1_node2] Client GET: key='item:0260'
[dc1_node2] Reading from preference list: ['localhost:50115', 'localhost:50094']
[dc1_node2] Key='item:0260' not found
[dc1_node2] CONFLICT: 34 sibling versions for 'item:0260'
[dc1_node2] Internal PUT (replication): key='item:4549'
[dc1_node2] CONFLICT detected for key='item:4549', siblings=22
[dc1_node2] Saved 99 keys to disk
[dc1_node2] Internal PUT (replication): key='item:3950'
[dc1_node2] CONFLICT detected for key='item:3950', siblings=12
[dc1_node2] Saved 99 keys to disk
[dc1_node2] Internal PUT (replication): key='item:2942'
[dc1_node2] CONFLICT detected for key='item:2942', siblings=18
[dc1_node2] Saved 99 keys to disk
[dc1_node2] Internal PUT (replication): key='item:2942'
[dc1_node2] CONFLICT detected for key='item:2942', siblings=19
[dc1_node2] Saved 99 keys to disk
[dc1_node2] Retrieved key='item:1739', versions=14
[dc1_node2] Client PUT: key='item:1820', value='stress_5_1880'
[dc1_node2] Preference list for 'item:1820': ['localhost:50149', 'localhost:50220', 'localhost:50091']
[dc1_node2] Coordinator NOT in preference list, forwarding only
[dc1_node2] Replicated to localhost:50091
[dc1_node2] Replicated to localhost:50149
[dc1_node2] Replicated to localhost:50220
[dc1_node2] W-quorum achieved (2 writes), returning to client
[dc1_node2] Background replication continues for remaining nodes
[dc1_node2] Successful writes: 3/3
[dc1_node2] Retrieved key='item:4397', versions=8
[dc1_node2] Internal PUT (replication): key='item:1252'
[dc1_node2] CONFLICT detected for key='item:1252', siblings=18
[dc1_node2] Saved 99 keys to disk
[dc1_node2] Client GET: key='item:0920'
[dc1_node2] Reading from preference list: ['localhost:50107', 'localhost:50169']
[dc1_node2] Key='item:0920' not found
[dc1_node2] CONFLICT: 13 sibling versions for 'item:0920'
[dc1_node2] Internal PUT (replication): key='item:4454'
[dc1_node2] CONFLICT detected for key='item:4454', siblings=21
[dc1_node2] Saved 99 keys to disk
[dc1_node2] Internal PUT (replication): key='item:3068'
[dc1_node2] CONFLICT detected for key='item:3068', siblings=21
[dc1_node2] Saved 99 keys to disk
[dc1_node2] Retrieved key='item:3746', versions=16
[dc1_node2] Retrieved key='item:1857', versions=21
[dc1_node2] Internal PUT (replication): key='item:2783'
[dc1_node2] CONFLICT detected for key='item:2783', siblings=19
[dc1_node2] Saved 99 keys to disk
[dc1_node2] Internal PUT (replication): key='item:4056'
[dc1_node2] CONFLICT detected for key='item:4056', siblings=20
[dc1_node2] Saved 99 keys to disk
[dc1_node2] Internal PUT (replication): key='item:3776'
[dc1_node2] CONFLICT detected for key='item:3776', siblings=20
[dc1_node2] Saved 99 keys to disk
[dc1_node2] Internal PUT (replication): key='item:4056'
[dc1_node2] CONFLICT detected for key='item:4056', siblings=21
[dc1_node2] Saved 99 keys to disk
[dc1_node2] Internal PUT (replication): key='item:2247'
[dc1_node2] CONFLICT detected for key='item:2247', siblings=21
[dc1_node2] Saved 99 keys to disk
[dc1_node2] Internal PUT (replication): key='item:3551'
[dc1_node2] CONFLICT detected for key='item:3551', siblings=17
[dc1_node2] Saved 99 keys to disk
