[dc1_node1] No existing data file found, starting fresh
[dc1_node1] No existing hints file found, starting fresh
[ConsistentHash] No ring state file found for dc1_node1
Added node localhost:50051 with 150 virtual nodes
[Config] Added localhost:50051 to DC1
[ConsistentHash] Saved ring state for dc1_node1
[dc1_node1] Hint delivery loop started
[dc1_node1] Started hint delivery thread
[dc1_node1] Initialized at localhost:50051 (DC: DC1)
[dc1_node1] Known nodes: ['localhost:50051']
[dc1_node1] Replication: N=3, R=2, W=2
[dc1_node1] Datacenter-aware: True
[dc1_node1] Hinted handoff: True

======================================================================
DHT Node 'dc1_node1' started (Phase 2+3 Features)
Address: localhost:50051
Datacenter: DC1
Replication: N=3, R=2, W=2
======================================================================

[Config] Strong consistency: R + W > N âœ“
[dc1_node1] Join request from localhost:50052 (DC: DC1)
Added node localhost:50052 with 150 virtual nodes
[Config] Added localhost:50052 to DC1
[ConsistentHash] Saved ring state for dc1_node1
[dc1_node1] Added localhost:50052 to ring. Ring now has 2 nodes
[dc1_node1] GetRing request from dc1_node2
[dc1_node1] Join request from localhost:50053 (DC: DC1)
Added node localhost:50053 with 150 virtual nodes
[Config] Added localhost:50053 to DC1
[ConsistentHash] Saved ring state for dc1_node1
[dc1_node1] Added localhost:50053 to ring. Ring now has 3 nodes
[dc1_node1] GetRing request from dc1_node3
[dc1_node1] Join request from localhost:50053 (DC: DC1)
[dc1_node1] Join request from localhost:50054 (DC: DC1)
Added node localhost:50054 with 150 virtual nodes
[Config] Added localhost:50054 to DC1
[ConsistentHash] Saved ring state for dc1_node1
[dc1_node1] Added localhost:50054 to ring. Ring now has 4 nodes
[dc1_node1] GetRing request from dc1_node4
[dc1_node1] Join request from localhost:50054 (DC: DC1)
[dc1_node1] Join request from localhost:50054 (DC: DC1)
[dc1_node1] Join request from localhost:50055 (DC: DC1)
Added node localhost:50055 with 150 virtual nodes
[Config] Added localhost:50055 to DC1
[ConsistentHash] Saved ring state for dc1_node1
[dc1_node1] Added localhost:50055 to ring. Ring now has 5 nodes
[dc1_node1] GetRing request from dc1_node5
[dc1_node1] Join request from localhost:50055 (DC: DC1)
[dc1_node1] Join request from localhost:50055 (DC: DC1)
[dc1_node1] Join request from localhost:50055 (DC: DC1)
[dc1_node1] Join request from localhost:50056 (DC: DC1)
Added node localhost:50056 with 150 virtual nodes
[Config] Added localhost:50056 to DC1
[ConsistentHash] Saved ring state for dc1_node1
[dc1_node1] Added localhost:50056 to ring. Ring now has 6 nodes
[dc1_node1] GetRing request from dc1_node6
[dc1_node1] Join request from localhost:50056 (DC: DC1)
[dc1_node1] Join request from localhost:50056 (DC: DC1)
[dc1_node1] Join request from localhost:50056 (DC: DC1)
[dc1_node1] Join request from localhost:50057 (DC: DC1)
Added node localhost:50057 with 150 virtual nodes
[Config] Added localhost:50057 to DC1
[ConsistentHash] Saved ring state for dc1_node1
[dc1_node1] Added localhost:50057 to ring. Ring now has 7 nodes
[dc1_node1] GetRing request from dc1_node7
[dc1_node1] Join request from localhost:50057 (DC: DC1)
[dc1_node1] Join request from localhost:50057 (DC: DC1)
[dc1_node1] Join request from localhost:50057 (DC: DC1)
[dc1_node1] Join request from localhost:50058 (DC: DC1)
Added node localhost:50058 with 150 virtual nodes
[Config] Added localhost:50058 to DC1
[ConsistentHash] Saved ring state for dc1_node1
[dc1_node1] Added localhost:50058 to ring. Ring now has 8 nodes
[dc1_node1] GetRing request from dc1_node8
[dc1_node1] Join request from localhost:50058 (DC: DC1)
[dc1_node1] Join request from localhost:50058 (DC: DC1)
[dc1_node1] Join request from localhost:50058 (DC: DC1)
[dc1_node1] Join request from localhost:50059 (DC: DC1)
Added node localhost:50059 with 150 virtual nodes
[Config] Added localhost:50059 to DC1
[ConsistentHash] Saved ring state for dc1_node1
[dc1_node1] Added localhost:50059 to ring. Ring now has 9 nodes
[dc1_node1] GetRing request from dc1_node9
[dc1_node1] Join request from localhost:50059 (DC: DC1)
[dc1_node1] Join request from localhost:50060 (DC: DC1)
Added node localhost:50060 with 150 virtual nodes
[Config] Added localhost:50060 to DC1
[ConsistentHash] Saved ring state for dc1_node1
[dc1_node1] Added localhost:50060 to ring. Ring now has 10 nodes
[dc1_node1] GetRing request from dc1_node10
[dc1_node1] Join request from localhost:50060 (DC: DC1)
[dc1_node1] Join request from localhost:50060 (DC: DC1)
[dc1_node1] Join request from localhost:50060 (DC: DC1)
[dc1_node1] Join request from localhost:50060 (DC: DC1)
[dc1_node1] Join request from localhost:50061 (DC: DC2)
Added node localhost:50061 with 150 virtual nodes
[Config] Added localhost:50061 to DC2
[ConsistentHash] Saved ring state for dc1_node1
[dc1_node1] Added localhost:50061 to ring. Ring now has 11 nodes
[dc1_node1] GetRing request from dc2_node1
[dc1_node1] Join request from localhost:50061 (DC: DC2)
[dc1_node1] Join request from localhost:50061 (DC: DC2)
[dc1_node1] Join request from localhost:50061 (DC: DC2)
[dc1_node1] Join request from localhost:50061 (DC: DC2)
[dc1_node1] Join request from localhost:50061 (DC: DC2)
[dc1_node1] Join request from localhost:50061 (DC: DC2)
[dc1_node1] Join request from localhost:50062 (DC: DC2)
Added node localhost:50062 with 150 virtual nodes
[Config] Added localhost:50062 to DC2
[ConsistentHash] Saved ring state for dc1_node1
[dc1_node1] Added localhost:50062 to ring. Ring now has 12 nodes
[dc1_node1] GetRing request from dc2_node2
[dc1_node1] Join request from localhost:50062 (DC: DC2)
[dc1_node1] Join request from localhost:50062 (DC: DC2)
[dc1_node1] Join request from localhost:50063 (DC: DC2)
Added node localhost:50063 with 150 virtual nodes
[Config] Added localhost:50063 to DC2
[ConsistentHash] Saved ring state for dc1_node1
[dc1_node1] Added localhost:50063 to ring. Ring now has 13 nodes
[dc1_node1] GetRing request from dc2_node3
[dc1_node1] Join request from localhost:50063 (DC: DC2)
[dc1_node1] Join request from localhost:50063 (DC: DC2)
[dc1_node1] Join request from localhost:50063 (DC: DC2)
[dc1_node1] Join request from localhost:50063 (DC: DC2)
[dc1_node1] Join request from localhost:50063 (DC: DC2)
[dc1_node1] Join request from localhost:50063 (DC: DC2)
[dc1_node1] Join request from localhost:50063 (DC: DC2)
[dc1_node1] Join request from localhost:50064 (DC: DC2)
Added node localhost:50064 with 150 virtual nodes
[Config] Added localhost:50064 to DC2
[ConsistentHash] Saved ring state for dc1_node1
[dc1_node1] Added localhost:50064 to ring. Ring now has 14 nodes
[dc1_node1] GetRing request from dc2_node4
[dc1_node1] Join request from localhost:50064 (DC: DC2)
[dc1_node1] Join request from localhost:50064 (DC: DC2)
[dc1_node1] Join request from localhost:50065 (DC: DC2)
Added node localhost:50065 with 150 virtual nodes
[Config] Added localhost:50065 to DC2
[ConsistentHash] Saved ring state for dc1_node1
[dc1_node1] Added localhost:50065 to ring. Ring now has 15 nodes
[dc1_node1] GetRing request from dc2_node5
[dc1_node1] Join request from localhost:50065 (DC: DC2)
[dc1_node1] Join request from localhost:50065 (DC: DC2)
[dc1_node1] Join request from localhost:50066 (DC: DC2)
Added node localhost:50066 with 150 virtual nodes
[Config] Added localhost:50066 to DC2
[ConsistentHash] Saved ring state for dc1_node1
[dc1_node1] Added localhost:50066 to ring. Ring now has 16 nodes
[dc1_node1] GetRing request from dc2_node6
[dc1_node1] Join request from localhost:50066 (DC: DC2)
[dc1_node1] Join request from localhost:50066 (DC: DC2)
[dc1_node1] GetRing request from dc1_node2
[dc1_node1] Join request from localhost:50067 (DC: DC2)
Added node localhost:50067 with 150 virtual nodes
[Config] Added localhost:50067 to DC2
[ConsistentHash] Saved ring state for dc1_node1
[dc1_node1] Added localhost:50067 to ring. Ring now has 17 nodes
[dc1_node1] GetRing request from dc2_node7
[dc1_node1] Join request from localhost:50067 (DC: DC2)
[dc1_node1] Join request from localhost:50067 (DC: DC2)
[dc1_node1] Join request from localhost:50067 (DC: DC2)
[dc1_node1] GetRing request from dc1_node3
[dc1_node1] Join request from localhost:50068 (DC: DC2)
Added node localhost:50068 with 150 virtual nodes
[Config] Added localhost:50068 to DC2
[ConsistentHash] Saved ring state for dc1_node1
[dc1_node1] Added localhost:50068 to ring. Ring now has 18 nodes
[dc1_node1] GetRing request from dc2_node8
[dc1_node1] Join request from localhost:50068 (DC: DC2)
[dc1_node1] Join request from localhost:50068 (DC: DC2)
[dc1_node1] GetRing request from dc1_node4
[dc1_node1] Join request from localhost:50069 (DC: DC2)
Added node localhost:50069 with 150 virtual nodes
[Config] Added localhost:50069 to DC2
[ConsistentHash] Saved ring state for dc1_node1
[dc1_node1] Added localhost:50069 to ring. Ring now has 19 nodes
[dc1_node1] GetRing request from dc2_node9
[dc1_node1] Join request from localhost:50069 (DC: DC2)
[dc1_node1] Join request from localhost:50069 (DC: DC2)
[dc1_node1] Join request from localhost:50069 (DC: DC2)
[dc1_node1] Join request from localhost:50069 (DC: DC2)
[dc1_node1] Join request from localhost:50069 (DC: DC2)
[dc1_node1] GetRing request from dc1_node5
[dc1_node1] Join request from localhost:50070 (DC: DC2)
Added node localhost:50070 with 150 virtual nodes
[Config] Added localhost:50070 to DC2
[ConsistentHash] Saved ring state for dc1_node1
[dc1_node1] Added localhost:50070 to ring. Ring now has 20 nodes
[dc1_node1] GetRing request from dc2_node10
[dc1_node1] Join request from localhost:50070 (DC: DC2)
[dc1_node1] Join request from localhost:50070 (DC: DC2)
[dc1_node1] Join request from localhost:50070 (DC: DC2)
[dc1_node1] Join request from localhost:50070 (DC: DC2)
[dc1_node1] GetRing request from dc1_node6
[dc1_node1] GetRing request from dc1_node7
[dc1_node1] GetRing request from dc1_node8
[dc1_node1] GetRing request from dc1_node9
[dc1_node1] GetRing request from dc1_node10
[dc1_node1] GetRing request from dc2_node1
[dc1_node1] GetRing request from dc2_node2
[dc1_node1] GetRing request from dc2_node3
[dc1_node1] GetRing request from dc2_node4
[dc1_node1] GetRing request from dc2_node5
[dc1_node1] GetRing request from dc2_node6
[dc1_node1] GetRing request from dc2_node7
[dc1_node1] GetRing request from dc2_node8
[dc1_node1] GetRing request from dc2_node9
[dc1_node1] GetRing request from dc1_node5
[dc1_node1] GetRing request from dc2_node10
[dc1_node1] GetRing request from dc1_node8
[dc1_node1] GetRing request from dc1_node9
[dc1_node1] GetRing request from dc1_node10
[dc1_node1] GetRing request from dc2_node2
[dc1_node1] GetRing request from dc1_node2
[dc1_node1] GetRing request from dc1_node5
[dc1_node1] Client PUT: key='item:0005', value='value_5_initial'
[dc1_node1] Preference list for 'item:0005': ['localhost:50063', 'localhost:50053', 'localhost:50064']
[dc1_node1] Coordinator NOT in preference list, forwarding only
[dc1_node1] Replicated to localhost:50063
[dc1_node1] Replicated to localhost:50053
[dc1_node1] Replicated to localhost:50064
[dc1_node1] W-quorum achieved (2 writes), returning to client
[dc1_node1] Background replication continues for remaining nodes
[dc1_node1] Successful writes: 3/3
[dc1_node1] Client PUT: key='item:0017', value='value_17_initial'
[dc1_node1] Preference list for 'item:0017': ['localhost:50063', 'localhost:50054', 'localhost:50053']
[dc1_node1] Coordinator NOT in preference list, forwarding only
[dc1_node1] Replicated to localhost:50063
[dc1_node1] Replicated to localhost:50054
[dc1_node1] Replicated to localhost:50053
[dc1_node1] W-quorum achieved (2 writes), returning to client
[dc1_node1] Background replication continues for remaining nodes
[dc1_node1] Successful writes: 3/3
[dc1_node1] Client PUT: key='item:0022', value='value_22_initial'
[dc1_node1] Preference list for 'item:0022': ['localhost:50066', 'localhost:50057', 'localhost:50059']
[dc1_node1] Coordinator NOT in preference list, forwarding only
[dc1_node1] Replicated to localhost:50057
[dc1_node1] Replicated to localhost:50066
[dc1_node1] Replicated to localhost:50059
[dc1_node1] W-quorum achieved (2 writes), returning to client
[dc1_node1] Background replication continues for remaining nodes
[dc1_node1] Successful writes: 3/3
[dc1_node1] Internal PUT (replication): key='item:0025'
[dc1_node1] Stored NEW key='item:0025', value='value_25_initial', clock={dc1_node4:1}
[dc1_node1] Saved 1 keys to disk
[dc1_node1] Internal PUT (replication): key='item:0031'
[dc1_node1] Stored NEW key='item:0031', value='value_31_initial', clock={dc2_node1:1}
[dc1_node1] Saved 2 keys to disk
[dc1_node1] Client PUT: key='item:0039', value='value_39_initial'
[dc1_node1] Preference list for 'item:0039': ['localhost:50070', 'localhost:50054', 'localhost:50068']
[dc1_node1] Coordinator NOT in preference list, forwarding only
[dc1_node1] Replicated to localhost:50054
[dc1_node1] Replicated to localhost:50070
[dc1_node1] Replicated to localhost:50068
[dc1_node1] W-quorum achieved (2 writes), returning to client
[dc1_node1] Background replication continues for remaining nodes
[dc1_node1] Successful writes: 3/3
[dc1_node1] Client PUT: key='item:0040', value='value_40_initial'
[dc1_node1] Preference list for 'item:0040': ['localhost:50070', 'localhost:50055', 'localhost:50065']
[dc1_node1] Coordinator NOT in preference list, forwarding only
[dc1_node1] Replicated to localhost:50055
[dc1_node1] Replicated to localhost:50070
[dc1_node1] Replicated to localhost:50065
[dc1_node1] W-quorum achieved (2 writes), returning to client
[dc1_node1] Background replication continues for remaining nodes
[dc1_node1] Successful writes: 3/3
[dc1_node1] Internal PUT (replication): key='item:0042'
[dc1_node1] Stored NEW key='item:0042', value='value_42_initial', clock={dc2_node7:1}
[dc1_node1] Saved 3 keys to disk
[dc1_node1] Internal PUT (replication): key='item:0054'
[dc1_node1] Stored NEW key='item:0054', value='value_54_initial', clock={dc1_node9:1}
[dc1_node1] Saved 4 keys to disk
[dc1_node1] Internal PUT (replication): key='item:0063'
[dc1_node1] Stored NEW key='item:0063', value='value_63_initial', clock={dc2_node8:1}
[dc1_node1] Saved 5 keys to disk
[dc1_node1] Client PUT: key='item:0071', value='value_71_initial'
[dc1_node1] Preference list for 'item:0071': ['localhost:50052', 'localhost:50063', 'localhost:50060']
[dc1_node1] Coordinator NOT in preference list, forwarding only
[dc1_node1] Replicated to localhost:50052
[dc1_node1] Replicated to localhost:50063
[dc1_node1] Replicated to localhost:50060
[dc1_node1] W-quorum achieved (2 writes), returning to client
[dc1_node1] Background replication continues for remaining nodes
[dc1_node1] Successful writes: 3/3
[dc1_node1] Client PUT: key='item:0073', value='value_73_initial'
[dc1_node1] Preference list for 'item:0073': ['localhost:50067', 'localhost:50058', 'localhost:50061']
[dc1_node1] Coordinator NOT in preference list, forwarding only
[dc1_node1] Replicated to localhost:50058
[dc1_node1] Replicated to localhost:50061
[dc1_node1] Replicated to localhost:50067
[dc1_node1] W-quorum achieved (2 writes), returning to client
[dc1_node1] Background replication continues for remaining nodes
[dc1_node1] Successful writes: 3/3
[dc1_node1] Internal PUT (replication): key='item:0079'
[dc1_node1] Stored NEW key='item:0079', value='value_79_initial', clock={dc1_node2:1}
[dc1_node1] Saved 6 keys to disk
[dc1_node1] Internal PUT (replication): key='item:0080'
[dc1_node1] Stored NEW key='item:0080', value='value_80_initial', clock={dc1_node6:1}
[dc1_node1] Saved 7 keys to disk
[dc1_node1] Client PUT: key='item:0091', value='value_91_initial'
[dc1_node1] Preference list for 'item:0091': ['localhost:50058', 'localhost:50063', 'localhost:50056']
[dc1_node1] Coordinator NOT in preference list, forwarding only
[dc1_node1] Replicated to localhost:50063
[dc1_node1] Replicated to localhost:50058
[dc1_node1] Replicated to localhost:50056
[dc1_node1] W-quorum achieved (2 writes), returning to client
[dc1_node1] Background replication continues for remaining nodes
[dc1_node1] Successful writes: 3/3
[dc1_node1] Internal PUT (replication): key='item:0095'
[dc1_node1] Stored NEW key='item:0095', value='value_95_initial', clock={dc1_node6:1}
[dc1_node1] Saved 8 keys to disk
[dc1_node1] Client PUT: key='item:0039', value='value_39_client3_op5'
[dc1_node1] Preference list for 'item:0039': ['localhost:50070', 'localhost:50054', 'localhost:50068']
[dc1_node1] Coordinator NOT in preference list, forwarding only
[dc1_node1] Replicated to localhost:50070
[dc1_node1] Replicated to localhost:50054
[dc1_node1] Replicated to localhost:50068
[dc1_node1] W-quorum achieved (2 writes), returning to client
[dc1_node1] Background replication continues for remaining nodes
[dc1_node1] Successful writes: 3/3
[dc1_node1] Client PUT: key='item:0078', value='value_78_client2_op7'
[dc1_node1] Preference list for 'item:0078': ['localhost:50058', 'localhost:50070', 'localhost:50057']
[dc1_node1] Coordinator NOT in preference list, forwarding only
[dc1_node1] Internal PUT (replication): key='item:0063'
[dc1_node1] CONFLICT detected for key='item:0063', siblings=2
[dc1_node1] Saved 8 keys to disk
[dc1_node1] Replicated to localhost:50058
[dc1_node1] Replicated to localhost:50057
[dc1_node1] Replicated to localhost:50070
[dc1_node1] W-quorum achieved (2 writes), returning to client
[dc1_node1] Background replication continues for remaining nodes
[dc1_node1] Successful writes: 3/3
[dc1_node1] Retrieved key='item:0063', versions=2
[dc1_node1] Client GET: key='item:0051'
[dc1_node1] Preference list for 'item:0051': ['localhost:50059', 'localhost:50064', 'localhost:50055']
[dc1_node1] Reading from first 2 nodes in preference list
[dc1_node1] Performing read repair for key='item:0051'
[dc1_node1] Read repair to localhost:50059 succeeded
[dc1_node1] Read repair to localhost:50064 succeeded
[dc1_node1] Read repair to localhost:50055 succeeded
[dc1_node1] Retrieved key='item:0063', versions=2
[dc1_node1] Client PUT: key='item:0056', value='value_56_update_client2_op17'
[dc1_node1] Preference list for 'item:0056': ['localhost:50061', 'localhost:50052', 'localhost:50070']
[dc1_node1] Coordinator NOT in preference list, forwarding only
[dc1_node1] Replicated to localhost:50061
[dc1_node1] Replicated to localhost:50070
[dc1_node1] Replicated to localhost:50052
[dc1_node1] W-quorum achieved (2 writes), returning to client
[dc1_node1] Background replication continues for remaining nodes
[dc1_node1] Successful writes: 3/3
[dc1_node1] Merged versions for key='item:0025', result=1 versions
[dc1_node1] Saved 8 keys to disk
[dc1_node1] Internal PUT (replication): key='item:0079'
[dc1_node1] CONFLICT detected for key='item:0079', siblings=2
[dc1_node1] Saved 8 keys to disk
[dc1_node1] Client PUT: key='item:0068', value='value_68_client4_op20'
[dc1_node1] Preference list for 'item:0068': ['localhost:50067', 'localhost:50052', 'localhost:50062']
[dc1_node1] Coordinator NOT in preference list, forwarding only
[dc1_node1] Replicated to localhost:50067
[dc1_node1] Replicated to localhost:50052
[dc1_node1] Replicated to localhost:50062
[dc1_node1] W-quorum achieved (2 writes), returning to client
[dc1_node1] Background replication continues for remaining nodes
[dc1_node1] Successful writes: 3/3
[dc1_node1] Client PUT: key='item:0087', value='value_87_client2_op21'
[dc1_node1] Preference list for 'item:0087': ['localhost:50052', 'localhost:50061', 'localhost:50063']
[dc1_node1] Coordinator NOT in preference list, forwarding only
[dc1_node1] Merged versions for key='item:0042', result=1 versions
[dc1_node1] Saved 8 keys to disk
[dc1_node1] Replicated to localhost:50052
[dc1_node1] Replicated to localhost:50061
[dc1_node1] Replicated to localhost:50063
[dc1_node1] Internal PUT (replication): key='item:0063'
[dc1_node1] CONFLICT detected for key='item:0063', siblings=2
[dc1_node1] Saved 8 keys to disk
[dc1_node1] W-quorum achieved (2 writes), returning to client
[dc1_node1] Background replication continues for remaining nodes
[dc1_node1] Successful writes: 3/3
[dc1_node1] Client GET: key='item:0006'
[dc1_node1] Preference list for 'item:0006': ['localhost:50062', 'localhost:50053', 'localhost:50070']
[dc1_node1] Reading from first 2 nodes in preference list
[dc1_node1] CONFLICT: 6 sibling versions for 'item:0006'
[dc1_node1] Client PUT: key='item:0008', value='value_8_client4_op26'
[dc1_node1] Preference list for 'item:0008': ['localhost:50065', 'localhost:50060', 'localhost:50055']
[dc1_node1] Coordinator NOT in preference list, forwarding only
[dc1_node1] Replicated to localhost:50065
[dc1_node1] Replicated to localhost:50060
[dc1_node1] Replicated to localhost:50055
[dc1_node1] W-quorum achieved (2 writes), returning to client
[dc1_node1] Background replication continues for remaining nodes
[dc1_node1] Successful writes: 3/3
[dc1_node1] Client PUT: key='item:0032', value='value_32_update_client2_op27'
[dc1_node1] Preference list for 'item:0032': ['localhost:50063', 'localhost:50055', 'localhost:50064']
[dc1_node1] Coordinator NOT in preference list, forwarding only
[dc1_node1] Replicated to localhost:50063
[dc1_node1] Replicated to localhost:50064
[dc1_node1] Replicated to localhost:50055
[dc1_node1] W-quorum achieved (2 writes), returning to client
[dc1_node1] Background replication continues for remaining nodes
[dc1_node1] Successful writes: 3/3
[dc1_node1] Retrieved key='item:0079', versions=2
[dc1_node1] Internal PUT (replication): key='item:0025'
[dc1_node1] CONFLICT detected for key='item:0025', siblings=2
[dc1_node1] Saved 8 keys to disk
[dc1_node1] Internal PUT (replication): key='item:0031'
[dc1_node1] CONFLICT detected for key='item:0031', siblings=2
[dc1_node1] Saved 8 keys to disk
[dc1_node1] Internal PUT (replication): key='item:0025'
[dc1_node1] CONFLICT detected for key='item:0025', siblings=3
[dc1_node1] Saved 8 keys to disk
[dc1_node1] Internal PUT (replication): key='item:0095'
[dc1_node1] CONFLICT detected for key='item:0095', siblings=2
[dc1_node1] Saved 8 keys to disk
[dc1_node1] Client GET: key='item:0035'
[dc1_node1] Preference list for 'item:0035': ['localhost:50054', 'localhost:50068', 'localhost:50060']
[dc1_node1] Reading from first 2 nodes in preference list
[dc1_node1] CONFLICT: 6 sibling versions for 'item:0035'
[dc1_node1] Internal PUT (replication): key='item:0025'
[dc1_node1] CONFLICT detected for key='item:0025', siblings=4
[dc1_node1] Saved 8 keys to disk
[dc1_node1] Client PUT: key='item:0044', value='value_44_update_client0_op50'
[dc1_node1] Preference list for 'item:0044': ['localhost:50055', 'localhost:50068', 'localhost:50060']
[dc1_node1] Coordinator NOT in preference list, forwarding only
[dc1_node1] Replicated to localhost:50068
[dc1_node1] Replicated to localhost:50055
[dc1_node1] Replicated to localhost:50060
[dc1_node1] W-quorum achieved (2 writes), returning to client
[dc1_node1] Background replication continues for remaining nodes
[dc1_node1] Successful writes: 3/3
[dc1_node1] Internal PUT (replication): key='item:0042'
[dc1_node1] Updated key='item:0042', value='value_42_client2_op52', clock={dc2_node7:1}
[dc1_node1] Saved 8 keys to disk
[dc1_node1] Internal PUT (replication): key='item:0080'
[dc1_node1] CONFLICT detected for key='item:0080', siblings=2
[dc1_node1] Saved 8 keys to disk
[dc1_node1] Retrieved key='item:0095', versions=2
[dc1_node1] Client PUT: key='item:0045', value='value_45_update_client1_op65'
[dc1_node1] Preference list for 'item:0045': ['localhost:50059', 'localhost:50063', 'localhost:50062']
[dc1_node1] Coordinator NOT in preference list, forwarding only
[dc1_node1] Replicated to localhost:50059
[dc1_node1] Internal PUT (replication): key='item:0042'
[dc1_node1] CONFLICT detected for key='item:0042', siblings=2
[dc1_node1] Replicated to localhost:50062
[dc1_node1] Replicated to localhost:50063
[dc1_node1] Saved 8 keys to disk
[dc1_node1] W-quorum achieved (2 writes), returning to client
[dc1_node1] Background replication continues for remaining nodes
[dc1_node1] Successful writes: 3/3
[dc1_node1] Internal PUT (replication): key='item:0031'
[dc1_node1] CONFLICT detected for key='item:0031', siblings=3
[dc1_node1] Saved 8 keys to disk
[dc1_node1] Client PUT: key='item:0078', value='value_78_update_client0_op74'
[dc1_node1] Preference list for 'item:0078': ['localhost:50058', 'localhost:50070', 'localhost:50057']
[dc1_node1] Coordinator NOT in preference list, forwarding only
[dc1_node1] Replicated to localhost:50058
[dc1_node1] Replicated to localhost:50057
[dc1_node1] Replicated to localhost:50070
[dc1_node1] W-quorum achieved (2 writes), returning to client
[dc1_node1] Background replication continues for remaining nodes
[dc1_node1] Successful writes: 3/3
[dc1_node1] Merged versions for key='item:0054', result=1 versions
[dc1_node1] Saved 8 keys to disk
[dc1_node1] Retrieved key='item:0079', versions=2
[dc1_node1] Client PUT: key='item:0030', value='value_30_update_client3_op72'
[dc1_node1] Preference list for 'item:0030': ['localhost:50070', 'localhost:50056', 'localhost:50058']
[dc1_node1] Coordinator NOT in preference list, forwarding only
[dc1_node1] Replicated to localhost:50070
[dc1_node1] Replicated to localhost:50056
[dc1_node1] Replicated to localhost:50058
[dc1_node1] W-quorum achieved (2 writes), returning to client
[dc1_node1] Background replication continues for remaining nodes
[dc1_node1] Successful writes: 3/3
[dc1_node1] Client PUT: key='item:0062', value='value_62_update_client3_op73'
[dc1_node1] Preference list for 'item:0062': ['localhost:50058', 'localhost:50062', 'localhost:50053']
[dc1_node1] Coordinator NOT in preference list, forwarding only
[dc1_node1] Replicated to localhost:50062
[dc1_node1] Replicated to localhost:50058
[dc1_node1] Replicated to localhost:50053
[dc1_node1] W-quorum achieved (2 writes), returning to client
[dc1_node1] Background replication continues for remaining nodes
[dc1_node1] Successful writes: 3/3
[dc1_node1] Client PUT: key='item:0098', value='value_98_update_client3_op75'
[dc1_node1] Preference list for 'item:0098': ['localhost:50055', 'localhost:50064', 'localhost:50067']
[dc1_node1] Coordinator NOT in preference list, forwarding only
[dc1_node1] Replicated to localhost:50064
[dc1_node1] Replicated to localhost:50055
[dc1_node1] Replicated to localhost:50067
[dc1_node1] Internal PUT (replication): key='item:0079'
[dc1_node1] CONFLICT detected for key='item:0079', siblings=3
[dc1_node1] Saved 8 keys to disk
[dc1_node1] W-quorum achieved (2 writes), returning to client
[dc1_node1] Background replication continues for remaining nodes
[dc1_node1] Successful writes: 3/3
[dc1_node1] Retrieved key='item:0031', versions=3
[dc1_node1] Client GET: key='item:0002'
[dc1_node1] Preference list for 'item:0002': ['localhost:50066', 'localhost:50058', 'localhost:50053']
[dc1_node1] Reading from first 2 nodes in preference list
[dc1_node1] CONFLICT: 4 sibling versions for 'item:0002'
[dc1_node1] Client GET: key='item:0017'
[dc1_node1] Preference list for 'item:0017': ['localhost:50063', 'localhost:50054', 'localhost:50053']
[dc1_node1] Reading from first 2 nodes in preference list
[dc1_node1] CONFLICT: 10 sibling versions for 'item:0017'
[dc1_node1] Client PUT: key='item:0005', value='value_5_client3_op80'
[dc1_node1] Preference list for 'item:0005': ['localhost:50063', 'localhost:50053', 'localhost:50064']
[dc1_node1] Coordinator NOT in preference list, forwarding only
[dc1_node1] Replicated to localhost:50063
[dc1_node1] Replicated to localhost:50064
[dc1_node1] Replicated to localhost:50053
[dc1_node1] W-quorum achieved (2 writes), returning to client
[dc1_node1] Background replication continues for remaining nodes
[dc1_node1] Successful writes: 3/3
[dc1_node1] Client PUT: key='item:0030', value='value_30_update_client2_op87'
[dc1_node1] Preference list for 'item:0030': ['localhost:50070', 'localhost:50056', 'localhost:50058']
[dc1_node1] Coordinator NOT in preference list, forwarding only
[dc1_node1] Replicated to localhost:50056
[dc1_node1] Replicated to localhost:50070
[dc1_node1] Replicated to localhost:50058
[dc1_node1] Client PUT: key='item:0094', value='value_94_update_client4_op87'
[dc1_node1] Preference list for 'item:0094': ['localhost:50060', 'localhost:50066', 'localhost:50055']
[dc1_node1] Coordinator NOT in preference list, forwarding only
[dc1_node1] Replicated to localhost:50066
[dc1_node1] Replicated to localhost:50060
[dc1_node1] Replicated to localhost:50055
[dc1_node1] W-quorum achieved (2 writes), returning to client
[dc1_node1] Background replication continues for remaining nodes
[dc1_node1] Successful writes: 3/3
[dc1_node1] W-quorum achieved (2 writes), returning to client
[dc1_node1] Background replication continues for remaining nodes
[dc1_node1] Successful writes: 3/3
[dc1_node1] Internal PUT (replication): key='item:0031'
[dc1_node1] CONFLICT detected for key='item:0031', siblings=3
[dc1_node1] Saved 8 keys to disk
[dc1_node1] Client GET: key='item:0030'
[dc1_node1] Preference list for 'item:0030': ['localhost:50070', 'localhost:50056', 'localhost:50058']
[dc1_node1] Reading from first 2 nodes in preference list
[dc1_node1] CONFLICT: 10 sibling versions for 'item:0030'
[dc1_node1] Client PUT: key='item:0086', value='value_86_update_client1_op90'
[dc1_node1] Preference list for 'item:0086': ['localhost:50056', 'localhost:50067', 'localhost:50055']
[dc1_node1] Coordinator NOT in preference list, forwarding only
[dc1_node1] Replicated to localhost:50056
[dc1_node1] Replicated to localhost:50055
[dc1_node1] Replicated to localhost:50067
[dc1_node1] W-quorum achieved (2 writes), returning to client
[dc1_node1] Background replication continues for remaining nodes
[dc1_node1] Successful writes: 3/3
[dc1_node1] Client PUT: key='item:0041', value='value_41_client2_op94'
[dc1_node1] Preference list for 'item:0041': ['localhost:50069', 'localhost:50059', 'localhost:50064']
[dc1_node1] Coordinator NOT in preference list, forwarding only
[dc1_node1] Replicated to localhost:50059
[dc1_node1] Replicated to localhost:50069
[dc1_node1] Replicated to localhost:50064
[dc1_node1] Internal PUT (replication): key='item:0025'
[dc1_node1] CONFLICT detected for key='item:0025', siblings=5
[dc1_node1] Saved 8 keys to disk
[dc1_node1] W-quorum achieved (2 writes), returning to client
[dc1_node1] Background replication continues for remaining nodes
[dc1_node1] Successful writes: 3/3
[dc1_node1] Internal PUT (replication): key='item:0079'
[dc1_node1] CONFLICT detected for key='item:0079', siblings=4
[dc1_node1] Saved 8 keys to disk
[dc1_node1] Retrieved key='item:0095', versions=2
[dc1_node1] Internal PUT (replication): key='item:0042'
[dc1_node1] CONFLICT detected for key='item:0042', siblings=3
[dc1_node1] Saved 8 keys to disk
[dc1_node1] Internal PUT (replication): key='item:0080'
[dc1_node1] CONFLICT detected for key='item:0080', siblings=3
[dc1_node1] Saved 8 keys to disk
[dc1_node1] Retrieved key='item:0079', versions=4
[dc1_node1] Client PUT: key='item:0024', value='value_24_update_client0_op107'
[dc1_node1] Preference list for 'item:0024': ['localhost:50061', 'localhost:50053', 'localhost:50062']
[dc1_node1] Coordinator NOT in preference list, forwarding only
[dc1_node1] Replicated to localhost:50061
[dc1_node1] Replicated to localhost:50053
[dc1_node1] Replicated to localhost:50062
[dc1_node1] W-quorum achieved (2 writes), returning to client
[dc1_node1] Background replication continues for remaining nodes
[dc1_node1] Successful writes: 3/3
[dc1_node1] Client GET: key='item:0097'
[dc1_node1] Preference list for 'item:0097': ['localhost:50060', 'localhost:50064', 'localhost:50052']
[dc1_node1] Reading from first 2 nodes in preference list
[dc1_node1] CONFLICT: 8 sibling versions for 'item:0097'
[dc1_node1] Client PUT: key='item:0049', value='value_49_client2_op109'
[dc1_node1] Preference list for 'item:0049': ['localhost:50066', 'localhost:50060', 'localhost:50061']
[dc1_node1] Coordinator NOT in preference list, forwarding only
[dc1_node1] Replicated to localhost:50066
[dc1_node1] Replicated to localhost:50061
[dc1_node1] Replicated to localhost:50060
[dc1_node1] W-quorum achieved (2 writes), returning to client
[dc1_node1] Background replication continues for remaining nodes
[dc1_node1] Successful writes: 3/3
[dc1_node1] Internal PUT (replication): key='item:0054'
[dc1_node1] CONFLICT detected for key='item:0054', siblings=2
[dc1_node1] Saved 8 keys to disk
[dc1_node1] Internal PUT (replication): key='item:0025'
[dc1_node1] CONFLICT detected for key='item:0025', siblings=5
[dc1_node1] Saved 8 keys to disk
[dc1_node1] Internal PUT (replication): key='item:0042'
[dc1_node1] CONFLICT detected for key='item:0042', siblings=3
[dc1_node1] Saved 8 keys to disk
[dc1_node1] Client PUT: key='item:0097', value='value_97_update_client3_op115'
[dc1_node1] Preference list for 'item:0097': ['localhost:50060', 'localhost:50064', 'localhost:50052']
[dc1_node1] Coordinator NOT in preference list, forwarding only
[dc1_node1] Replicated to localhost:50064
[dc1_node1] Replicated to localhost:50052
[dc1_node1] Replicated to localhost:50060
[dc1_node1] Internal PUT (replication): key='item:0054'
[dc1_node1] CONFLICT detected for key='item:0054', siblings=3
[dc1_node1] Saved 8 keys to disk
[dc1_node1] W-quorum achieved (2 writes), returning to client
[dc1_node1] Background replication continues for remaining nodes
[dc1_node1] Successful writes: 3/3
[dc1_node1] Client GET: key='item:0015'
[dc1_node1] Preference list for 'item:0015': ['localhost:50052', 'localhost:50065', 'localhost:50068']
[dc1_node1] Reading from first 2 nodes in preference list
[dc1_node1] CONFLICT: 4 sibling versions for 'item:0015'
[dc1_node1] Client GET: key='item:0086'
[dc1_node1] Preference list for 'item:0086': ['localhost:50056', 'localhost:50067', 'localhost:50055']
[dc1_node1] Reading from first 2 nodes in preference list
[dc1_node1] Internal PUT (replication): key='item:0042'
[dc1_node1] CONFLICT detected for key='item:0042', siblings=3
[dc1_node1] Saved 8 keys to disk
[dc1_node1] CONFLICT: 16 sibling versions for 'item:0086'
[dc1_node1] Internal PUT (replication): key='item:0063'
[dc1_node1] CONFLICT detected for key='item:0063', siblings=3
[dc1_node1] Saved 8 keys to disk
[dc1_node1] Retrieved key='item:0063', versions=3
[dc1_node1] Retrieved key='item:0063', versions=3
[dc1_node1] Client PUT: key='item:0043', value='value_43_update_client1_op129'
[dc1_node1] Preference list for 'item:0043': ['localhost:50058', 'localhost:50070', 'localhost:50057']
[dc1_node1] Coordinator NOT in preference list, forwarding only
[dc1_node1] Replicated to localhost:50070
[dc1_node1] Replicated to localhost:50057
[dc1_node1] Replicated to localhost:50058
[dc1_node1] Internal PUT (replication): key='item:0095'
[dc1_node1] CONFLICT detected for key='item:0095', siblings=3
[dc1_node1] Saved 8 keys to disk
[dc1_node1] W-quorum achieved (2 writes), returning to client
[dc1_node1] Background replication continues for remaining nodes
[dc1_node1] Successful writes: 3/3
[dc1_node1] Client PUT: key='item:0081', value='value_81_update_client2_op132'
[dc1_node1] Preference list for 'item:0081': ['localhost:50066', 'localhost:50060', 'localhost:50055']
[dc1_node1] Coordinator NOT in preference list, forwarding only
[dc1_node1] Replicated to localhost:50066
[dc1_node1] Replicated to localhost:50055
[dc1_node1] Replicated to localhost:50060
[dc1_node1] W-quorum achieved (2 writes), returning to client
[dc1_node1] Background replication continues for remaining nodes
[dc1_node1] Successful writes: 3/3
[dc1_node1] Internal PUT (replication): key='item:0095'
[dc1_node1] CONFLICT detected for key='item:0095', siblings=4
[dc1_node1] Saved 8 keys to disk
[dc1_node1] Internal PUT (replication): key='item:0042'
[dc1_node1] CONFLICT detected for key='item:0042', siblings=4
[dc1_node1] Saved 8 keys to disk
[dc1_node1] Retrieved key='item:0063', versions=3
[dc1_node1] Internal PUT (replication): key='item:0079'
[dc1_node1] CONFLICT detected for key='item:0079', siblings=5
[dc1_node1] Saved 8 keys to disk
[dc1_node1] Client PUT: key='item:0036', value='value_36_client1_op135'
[dc1_node1] Preference list for 'item:0036': ['localhost:50058', 'localhost:50063', 'localhost:50056']
[dc1_node1] Coordinator NOT in preference list, forwarding only
[dc1_node1] Replicated to localhost:50063
[dc1_node1] Replicated to localhost:50056
[dc1_node1] Replicated to localhost:50058
[dc1_node1] Client PUT: key='item:0075', value='value_75_update_client2_op138'
[dc1_node1] Preference list for 'item:0075': ['localhost:50059', 'localhost:50065', 'localhost:50060']
[dc1_node1] Coordinator NOT in preference list, forwarding only
[dc1_node1] W-quorum achieved (2 writes), returning to client
[dc1_node1] Background replication continues for remaining nodes
[dc1_node1] Successful writes: 3/3
[dc1_node1] Replicated to localhost:50059
[dc1_node1] Replicated to localhost:50065
[dc1_node1] Replicated to localhost:50060
[dc1_node1] W-quorum achieved (2 writes), returning to client
[dc1_node1] Background replication continues for remaining nodes
[dc1_node1] Successful writes: 3/3
[dc1_node1] Internal PUT (replication): key='item:0095'
[dc1_node1] CONFLICT detected for key='item:0095', siblings=5
[dc1_node1] Saved 8 keys to disk
[dc1_node1] Internal PUT (replication): key='item:0079'
[dc1_node1] CONFLICT detected for key='item:0079', siblings=6
[dc1_node1] Saved 8 keys to disk
[dc1_node1] Client PUT: key='item:0046', value='value_46_update_client0_op140'
[dc1_node1] Preference list for 'item:0046': ['localhost:50057', 'localhost:50067', 'localhost:50064']
[dc1_node1] Coordinator NOT in preference list, forwarding only
[dc1_node1] Replicated to localhost:50057
[dc1_node1] Replicated to localhost:50067
[dc1_node1] Replicated to localhost:50064
[dc1_node1] W-quorum achieved (2 writes), returning to client
[dc1_node1] Background replication continues for remaining nodes
[dc1_node1] Successful writes: 3/3
[dc1_node1] Internal PUT (replication): key='item:0079'
[dc1_node1] CONFLICT detected for key='item:0079', siblings=7
[dc1_node1] Saved 8 keys to disk
[dc1_node1] Client PUT: key='item:0069', value='value_69_update_client4_op147'
[dc1_node1] Preference list for 'item:0069': ['localhost:50062', 'localhost:50056', 'localhost:50053']
[dc1_node1] Coordinator NOT in preference list, forwarding only
[dc1_node1] Replicated to localhost:50056
[dc1_node1] Replicated to localhost:50062
[dc1_node1] Replicated to localhost:50053
[dc1_node1] W-quorum achieved (2 writes), returning to client
[dc1_node1] Background replication continues for remaining nodes
[dc1_node1] Successful writes: 3/3
[dc1_node1] Internal PUT (replication): key='item:0095'
[dc1_node1] CONFLICT detected for key='item:0095', siblings=5
[dc1_node1] Saved 8 keys to disk
[dc1_node1] Retrieved key='item:0031', versions=3
[dc1_node1] Client PUT: key='item:0089', value='value_89_client0_op152'
[dc1_node1] Preference list for 'item:0089': ['localhost:50064', 'localhost:50058', 'localhost:50069']
[dc1_node1] Coordinator NOT in preference list, forwarding only
[dc1_node1] Replicated to localhost:50064
[dc1_node1] Replicated to localhost:50069
[dc1_node1] Replicated to localhost:50058
[dc1_node1] W-quorum achieved (2 writes), returning to client
[dc1_node1] Background replication continues for remaining nodes
[dc1_node1] Successful writes: 3/3
[dc1_node1] Internal PUT (replication): key='item:0054'
[dc1_node1] CONFLICT detected for key='item:0054', siblings=4
[dc1_node1] Saved 8 keys to disk
[dc1_node1] Client PUT: key='item:0051', value='value_51_client1_op162'
[dc1_node1] Preference list for 'item:0051': ['localhost:50059', 'localhost:50064', 'localhost:50055']
[dc1_node1] Coordinator NOT in preference list, forwarding only
[dc1_node1] Replicated to localhost:50064
[dc1_node1] Replicated to localhost:50059
[dc1_node1] Replicated to localhost:50055
[dc1_node1] W-quorum achieved (2 writes), returning to client
[dc1_node1] Background replication continues for remaining nodes
[dc1_node1] Successful writes: 3/3
[dc1_node1] Internal PUT (replication): key='item:0080'
[dc1_node1] CONFLICT detected for key='item:0080', siblings=4
[dc1_node1] Saved 8 keys to disk
[dc1_node1] Internal PUT (replication): key='item:0095'
[dc1_node1] CONFLICT detected for key='item:0095', siblings=5
[dc1_node1] Saved 8 keys to disk
[dc1_node1] Internal PUT (replication): key='item:0095'
[dc1_node1] CONFLICT detected for key='item:0095', siblings=6
[dc1_node1] Saved 8 keys to disk
[dc1_node1] Internal PUT (replication): key='item:0063'
[dc1_node1] CONFLICT detected for key='item:0063', siblings=4
[dc1_node1] Saved 8 keys to disk
[dc1_node1] Internal PUT (replication): key='item:0095'
[dc1_node1] CONFLICT detected for key='item:0095', siblings=7
[dc1_node1] Saved 8 keys to disk
[dc1_node1] Retrieved key='item:0079', versions=7
[dc1_node1] Internal PUT (replication): key='item:0025'
[dc1_node1] CONFLICT detected for key='item:0025', siblings=6
[dc1_node1] Saved 8 keys to disk
[dc1_node1] Client PUT: key='item:0045', value='value_45_client4_op177'
[dc1_node1] Preference list for 'item:0045': ['localhost:50059', 'localhost:50063', 'localhost:50062']
[dc1_node1] Coordinator NOT in preference list, forwarding only
[dc1_node1] Replicated to localhost:50059
[dc1_node1] Replicated to localhost:50062
[dc1_node1] Replicated to localhost:50063
[dc1_node1] W-quorum achieved (2 writes), returning to client
[dc1_node1] Background replication continues for remaining nodes
[dc1_node1] Successful writes: 3/3
[dc1_node1] Retrieved key='item:0079', versions=7
[dc1_node1] Retrieved key='item:0063', versions=4
[dc1_node1] Internal PUT (replication): key='item:0031'
[dc1_node1] CONFLICT detected for key='item:0031', siblings=3
[dc1_node1] Saved 8 keys to disk
[dc1_node1] Client GET: key='item:0042'
[dc1_node1] Preference list for 'item:0042': ['localhost:50053', 'localhost:50062', 'localhost:50051']
[dc1_node1] Reading from first 2 nodes in preference list
[dc1_node1] CONFLICT: 8 sibling versions for 'item:0042'
[dc1_node1] Retrieved key='item:0063', versions=4
[dc1_node1] Internal PUT (replication): key='item:0080'
[dc1_node1] CONFLICT detected for key='item:0080', siblings=5
[dc1_node1] Client PUT: key='item:0038', value='value_38_client0_op186'
[dc1_node1] Preference list for 'item:0038': ['localhost:50059', 'localhost:50065', 'localhost:50060']
[dc1_node1] Coordinator NOT in preference list, forwarding only
[dc1_node1] Saved 8 keys to disk
[dc1_node1] Replicated to localhost:50059
[dc1_node1] Replicated to localhost:50065
[dc1_node1] Replicated to localhost:50060
[dc1_node1] W-quorum achieved (2 writes), returning to client
[dc1_node1] Background replication continues for remaining nodes
[dc1_node1] Successful writes: 3/3
[dc1_node1] Client GET: key='item:0009'
[dc1_node1] Preference list for 'item:0009': ['localhost:50064', 'localhost:50052', 'localhost:50066']
[dc1_node1] Reading from first 2 nodes in preference list
[dc1_node1] CONFLICT: 12 sibling versions for 'item:0009'
[dc1_node1] Internal PUT (replication): key='item:0080'
[dc1_node1] CONFLICT detected for key='item:0080', siblings=6
[dc1_node1] Saved 8 keys to disk
[dc1_node1] Internal PUT (replication): key='item:0042'
[dc1_node1] CONFLICT detected for key='item:0042', siblings=5
[dc1_node1] Internal PUT (replication): key='item:0042'
[dc1_node1] Saved 8 keys to disk
[dc1_node1] CONFLICT detected for key='item:0042', siblings=6
[dc1_node1] Saved 8 keys to disk
[dc1_node1] Internal PUT (replication): key='item:0042'
[dc1_node1] CONFLICT detected for key='item:0042', siblings=7
[dc1_node1] Saved 8 keys to disk
[dc1_node1] Internal PUT (replication): key='item:0031'
[dc1_node1] CONFLICT detected for key='item:0031', siblings=4
[dc1_node1] Saved 8 keys to disk
[dc1_node1] Internal PUT (replication): key='item:0095'
[dc1_node1] CONFLICT detected for key='item:0095', siblings=7
[dc1_node1] Saved 8 keys to disk
[dc1_node1] Internal PUT (replication): key='item:0054'
[dc1_node1] CONFLICT detected for key='item:0054', siblings=5
[dc1_node1] Saved 8 keys to disk
[dc1_node1] Client GET: key='item:0063'
[dc1_node1] Preference list for 'item:0063': ['localhost:50069', 'localhost:50051', 'localhost:50065']
[dc1_node1] Reading from first 2 nodes in preference list
[dc1_node1] Retrieved key='item:0063', versions=4
[dc1_node1] Read locally (coordinator in preference list)
[dc1_node1] CONFLICT: 8 sibling versions for 'item:0063'
[dc1_node1] Retrieved key='item:0031', versions=4
[dc1_node1] Internal PUT (replication): key='item:0031'
[dc1_node1] CONFLICT detected for key='item:0031', siblings=5
[dc1_node1] Saved 8 keys to disk
[dc1_node1] Internal PUT (replication): key='item:0079'
[dc1_node1] CONFLICT detected for key='item:0079', siblings=8
[dc1_node1] Saved 8 keys to disk
[dc1_node1] Internal PUT (replication): key='item:0042'
[dc1_node1] CONFLICT detected for key='item:0042', siblings=8
[dc1_node1] Saved 8 keys to disk
[dc1_node1] Client PUT: key='item:0070', value='value_70_client2_op211'
[dc1_node1] Preference list for 'item:0070': ['localhost:50060', 'localhost:50068', 'localhost:50063']
[dc1_node1] Coordinator NOT in preference list, forwarding only
[dc1_node1] Replicated to localhost:50068
[dc1_node1] Replicated to localhost:50060
[dc1_node1] Replicated to localhost:50063
[dc1_node1] W-quorum achieved (2 writes), returning to client
[dc1_node1] Background replication continues for remaining nodes
[dc1_node1] Successful writes: 3/3
[dc1_node1] Client GET: key='item:0039'
[dc1_node1] Preference list for 'item:0039': ['localhost:50070', 'localhost:50054', 'localhost:50068']
[dc1_node1] Reading from first 2 nodes in preference list
[dc1_node1] CONFLICT: 12 sibling versions for 'item:0039'
[dc1_node1] Client PUT: key='item:0094', value='value_94_client2_op213'
[dc1_node1] Preference list for 'item:0094': ['localhost:50060', 'localhost:50066', 'localhost:50055']
[dc1_node1] Coordinator NOT in preference list, forwarding only
[dc1_node1] Replicated to localhost:50066
[dc1_node1] Replicated to localhost:50055
[dc1_node1] Replicated to localhost:50060
[dc1_node1] W-quorum achieved (2 writes), returning to client
[dc1_node1] Background replication continues for remaining nodes
[dc1_node1] Successful writes: 3/3
[dc1_node1] Client PUT: key='item:0024', value='value_24_update_client1_op223'
[dc1_node1] Preference list for 'item:0024': ['localhost:50061', 'localhost:50053', 'localhost:50062']
[dc1_node1] Coordinator NOT in preference list, forwarding only
[dc1_node1] Replicated to localhost:50061
[dc1_node1] Replicated to localhost:50053
[dc1_node1] Replicated to localhost:50062
[dc1_node1] Client PUT: key='item:0000', value='value_0_client4_op221'
[dc1_node1] Preference list for 'item:0000': ['localhost:50066', 'localhost:50057', 'localhost:50053']
[dc1_node1] Coordinator NOT in preference list, forwarding only
[dc1_node1] W-quorum achieved (2 writes), returning to client
[dc1_node1] Background replication continues for remaining nodes
[dc1_node1] Successful writes: 3/3
[dc1_node1] Replicated to localhost:50057
[dc1_node1] Replicated to localhost:50066
[dc1_node1] Replicated to localhost:50053
[dc1_node1] W-quorum achieved (2 writes), returning to client
[dc1_node1] Background replication continues for remaining nodes
[dc1_node1] Successful writes: 3/3
[dc1_node1] Retrieved key='item:0079', versions=8
[dc1_node1] Client PUT: key='item:0092', value='value_92_client1_op228'
[dc1_node1] Preference list for 'item:0092': ['localhost:50055', 'localhost:50069', 'localhost:50056']
[dc1_node1] Coordinator NOT in preference list, forwarding only
[dc1_node1] Replicated to localhost:50069
[dc1_node1] Replicated to localhost:50055
[dc1_node1] Replicated to localhost:50056
[dc1_node1] W-quorum achieved (2 writes), returning to client
[dc1_node1] Background replication continues for remaining nodes
[dc1_node1] Successful writes: 3/3
[dc1_node1] Client PUT: key='item:0003', value='value_3_client0_op230'
[dc1_node1] Preference list for 'item:0003': ['localhost:50058', 'localhost:50069', 'localhost:50062']
[dc1_node1] Coordinator NOT in preference list, forwarding only
[dc1_node1] Replicated to localhost:50069
[dc1_node1] Replicated to localhost:50058
[dc1_node1] Replicated to localhost:50062
[dc1_node1] W-quorum achieved (2 writes), returning to client
[dc1_node1] Background replication continues for remaining nodes
[dc1_node1] Successful writes: 3/3
[dc1_node1] Client PUT: key='item:0017', value='value_17_client0_op232'
[dc1_node1] Preference list for 'item:0017': ['localhost:50063', 'localhost:50054', 'localhost:50053']
[dc1_node1] Coordinator NOT in preference list, forwarding only
[dc1_node1] Replicated to localhost:50063
[dc1_node1] Replicated to localhost:50054
[dc1_node1] Replicated to localhost:50053
[dc1_node1] W-quorum achieved (2 writes), returning to client
[dc1_node1] Background replication continues for remaining nodes
[dc1_node1] Successful writes: 3/3
[dc1_node1] Internal PUT (replication): key='item:0080'
[dc1_node1] CONFLICT detected for key='item:0080', siblings=7
[dc1_node1] Saved 8 keys to disk
[dc1_node1] Internal PUT (replication): key='item:0095'
[dc1_node1] CONFLICT detected for key='item:0095', siblings=7
[dc1_node1] Saved 8 keys to disk
[dc1_node1] Internal PUT (replication): key='item:0042'
[dc1_node1] CONFLICT detected for key='item:0042', siblings=9
[dc1_node1] Saved 8 keys to disk
[dc1_node1] Internal PUT (replication): key='item:0031'
[dc1_node1] CONFLICT detected for key='item:0031', siblings=5
[dc1_node1] Saved 8 keys to disk
[dc1_node1] Internal PUT (replication): key='item:0042'
[dc1_node1] CONFLICT detected for key='item:0042', siblings=10
[dc1_node1] Saved 8 keys to disk
[dc1_node1] Client GET: key='item:0021'
[dc1_node1] Preference list for 'item:0021': ['localhost:50054', 'localhost:50068', 'localhost:50060']
[dc1_node1] Reading from first 2 nodes in preference list
[dc1_node1] Client GET: key='item:0096'
[dc1_node1] Preference list for 'item:0096': ['localhost:50070', 'localhost:50058', 'localhost:50060']
[dc1_node1] Reading from first 2 nodes in preference list
[dc1_node1] CONFLICT: 16 sibling versions for 'item:0021'
[dc1_node1] CONFLICT: 10 sibling versions for 'item:0096'
[dc1_node1] Internal PUT (replication): key='item:0031'
[dc1_node1] CONFLICT detected for key='item:0031', siblings=6
[dc1_node1] Saved 8 keys to disk
[dc1_node1] Client PUT: key='item:0089', value='value_89_client4_op244'
[dc1_node1] Preference list for 'item:0089': ['localhost:50064', 'localhost:50058', 'localhost:50069']
[dc1_node1] Coordinator NOT in preference list, forwarding only
[dc1_node1] Replicated to localhost:50064
[dc1_node1] Replicated to localhost:50069
[dc1_node1] Replicated to localhost:50058
[dc1_node1] Internal PUT (replication): key='item:0054'
[dc1_node1] CONFLICT detected for key='item:0054', siblings=6
[dc1_node1] Saved 8 keys to disk
[dc1_node1] Internal PUT (replication): key='item:0042'
[dc1_node1] CONFLICT detected for key='item:0042', siblings=11
[dc1_node1] Saved 8 keys to disk
[dc1_node1] W-quorum achieved (2 writes), returning to client
[dc1_node1] Background replication continues for remaining nodes
[dc1_node1] Successful writes: 3/3
[dc1_node1] Internal PUT (replication): key='item:0080'
[dc1_node1] CONFLICT detected for key='item:0080', siblings=8
[dc1_node1] Saved 8 keys to disk
[dc1_node1] Client GET: key='item:0007'
[dc1_node1] Preference list for 'item:0007': ['localhost:50065', 'localhost:50059', 'localhost:50070']
[dc1_node1] Reading from first 2 nodes in preference list
[dc1_node1] CONFLICT: 12 sibling versions for 'item:0007'
[dc1_node1] Client PUT: key='item:0014', value='value_14_update_client3_op249'
[dc1_node1] Preference list for 'item:0014': ['localhost:50061', 'localhost:50055', 'localhost:50069']
[dc1_node1] Coordinator NOT in preference list, forwarding only
[dc1_node1] Replicated to localhost:50055
[dc1_node1] Replicated to localhost:50069
[dc1_node1] Replicated to localhost:50061
[dc1_node1] W-quorum achieved (2 writes), returning to client
[dc1_node1] Background replication continues for remaining nodes
[dc1_node1] Successful writes: 3/3
[dc1_node1] Client GET: key='item:0044'
[dc1_node1] Preference list for 'item:0044': ['localhost:50055', 'localhost:50068', 'localhost:50060']
[dc1_node1] Reading from first 2 nodes in preference list
[dc1_node1] Client PUT: key='item:0021', value='value_21_client4_op253'
[dc1_node1] Preference list for 'item:0021': ['localhost:50054', 'localhost:50068', 'localhost:50060']
[dc1_node1] Coordinator NOT in preference list, forwarding only
[dc1_node1] CONFLICT: 20 sibling versions for 'item:0044'
[dc1_node1] Replicated to localhost:50054
[dc1_node1] Replicated to localhost:50068
[dc1_node1] Replicated to localhost:50060
[dc1_node1] W-quorum achieved (2 writes), returning to client
[dc1_node1] Background replication continues for remaining nodes
[dc1_node1] Successful writes: 3/3
[dc1_node1] Client PUT: key='item:0076', value='value_76_update_client0_op254'
[dc1_node1] Preference list for 'item:0076': ['localhost:50067', 'localhost:50052', 'localhost:50064']
[dc1_node1] Coordinator NOT in preference list, forwarding only
[dc1_node1] Replicated to localhost:50052
[dc1_node1] Replicated to localhost:50067
[dc1_node1] Replicated to localhost:50064
[dc1_node1] W-quorum achieved (2 writes), returning to client
[dc1_node1] Background replication continues for remaining nodes
[dc1_node1] Successful writes: 3/3
[dc1_node1] Client PUT: key='item:0018', value='value_18_update_client4_op259'
[dc1_node1] Preference list for 'item:0018': ['localhost:50064', 'localhost:50056', 'localhost:50052']
[dc1_node1] Coordinator NOT in preference list, forwarding only
[dc1_node1] Replicated to localhost:50056
[dc1_node1] Replicated to localhost:50052
[dc1_node1] Replicated to localhost:50064
[dc1_node1] W-quorum achieved (2 writes), returning to client
[dc1_node1] Background replication continues for remaining nodes
[dc1_node1] Successful writes: 3/3
[dc1_node1] Internal PUT (replication): key='item:0042'
[dc1_node1] CONFLICT detected for key='item:0042', siblings=12
[dc1_node1] Saved 8 keys to disk
[dc1_node1] Retrieved key='item:0063', versions=4
[dc1_node1] Internal PUT (replication): key='item:0031'
[dc1_node1] CONFLICT detected for key='item:0031', siblings=7
[dc1_node1] Saved 8 keys to disk
[dc1_node1] Internal PUT (replication): key='item:0042'
[dc1_node1] CONFLICT detected for key='item:0042', siblings=12
[dc1_node1] Saved 8 keys to disk
[dc1_node1] Client PUT: key='item:0046', value='value_46_update_client4_op266'
[dc1_node1] Preference list for 'item:0046': ['localhost:50057', 'localhost:50067', 'localhost:50064']
[dc1_node1] Coordinator NOT in preference list, forwarding only
[dc1_node1] Replicated to localhost:50067
[dc1_node1] Replicated to localhost:50057
[dc1_node1] Replicated to localhost:50064
[dc1_node1] W-quorum achieved (2 writes), returning to client
[dc1_node1] Background replication continues for remaining nodes
[dc1_node1] Successful writes: 3/3
[dc1_node1] Client GET: key='item:0005'
[dc1_node1] Preference list for 'item:0005': ['localhost:50063', 'localhost:50053', 'localhost:50064']
[dc1_node1] Reading from first 2 nodes in preference list
[dc1_node1] CONFLICT: 16 sibling versions for 'item:0005'
[dc1_node1] Internal PUT (replication): key='item:0054'
[dc1_node1] CONFLICT detected for key='item:0054', siblings=7
[dc1_node1] Saved 8 keys to disk
[dc1_node1] Client PUT: key='item:0030', value='value_30_client2_op268'
[dc1_node1] Preference list for 'item:0030': ['localhost:50070', 'localhost:50056', 'localhost:50058']
[dc1_node1] Coordinator NOT in preference list, forwarding only
[dc1_node1] Replicated to localhost:50056
[dc1_node1] Replicated to localhost:50070
[dc1_node1] Replicated to localhost:50058
[dc1_node1] Client PUT: key='item:0004', value='value_4_client0_op272'
[dc1_node1] Preference list for 'item:0004': ['localhost:50070', 'localhost:50060', 'localhost:50066']
[dc1_node1] Coordinator NOT in preference list, forwarding only
[dc1_node1] W-quorum achieved (2 writes), returning to client
[dc1_node1] Background replication continues for remaining nodes
[dc1_node1] Successful writes: 3/3
[dc1_node1] Replicated to localhost:50060
[dc1_node1] Replicated to localhost:50066
[dc1_node1] Replicated to localhost:50070
[dc1_node1] W-quorum achieved (2 writes), returning to client
[dc1_node1] Background replication continues for remaining nodes
[dc1_node1] Successful writes: 3/3
[dc1_node1] Retrieved key='item:0031', versions=7
[dc1_node1] Retrieved key='item:0063', versions=4
[dc1_node1] Client PUT: key='item:0055', value='value_55_client2_op273'
[dc1_node1] Preference list for 'item:0055': ['localhost:50059', 'localhost:50068', 'localhost:50056']
[dc1_node1] Coordinator NOT in preference list, forwarding only
[dc1_node1] Replicated to localhost:50059
[dc1_node1] Replicated to localhost:50068
[dc1_node1] Replicated to localhost:50056
[dc1_node1] W-quorum achieved (2 writes), returning to client
[dc1_node1] Background replication continues for remaining nodes
[dc1_node1] Successful writes: 3/3
[dc1_node1] Internal PUT (replication): key='item:0025'
[dc1_node1] CONFLICT detected for key='item:0025', siblings=6
[dc1_node1] Saved 8 keys to disk
[dc1_node1] Client PUT: key='item:0046', value='value_46_client0_op281'
[dc1_node1] Preference list for 'item:0046': ['localhost:50057', 'localhost:50067', 'localhost:50064']
[dc1_node1] Coordinator NOT in preference list, forwarding only
[dc1_node1] Replicated to localhost:50057
[dc1_node1] Replicated to localhost:50067
[dc1_node1] Replicated to localhost:50064
[dc1_node1] Internal PUT (replication): key='item:0095'
[dc1_node1] CONFLICT detected for key='item:0095', siblings=8
[dc1_node1] Saved 8 keys to disk
[dc1_node1] W-quorum achieved (2 writes), returning to client
[dc1_node1] Background replication continues for remaining nodes
[dc1_node1] Successful writes: 3/3
[dc1_node1] Internal PUT (replication): key='item:0054'
[dc1_node1] CONFLICT detected for key='item:0054', siblings=8
[dc1_node1] Saved 8 keys to disk
[dc1_node1] Client GET: key='item:0064'
[dc1_node1] Preference list for 'item:0064': ['localhost:50058', 'localhost:50062', 'localhost:50059']
[dc1_node1] Reading from first 2 nodes in preference list
[dc1_node1] CONFLICT: 12 sibling versions for 'item:0064'
[dc1_node1] Retrieved key='item:0079', versions=8
[dc1_node1] Client PUT: key='item:0048', value='value_48_update_client3_op295'
[dc1_node1] Preference list for 'item:0048': ['localhost:50070', 'localhost:50054', 'localhost:50064']
[dc1_node1] Coordinator NOT in preference list, forwarding only
[dc1_node1] Replicated to localhost:50054
[dc1_node1] Replicated to localhost:50064
[dc1_node1] Replicated to localhost:50070
[dc1_node1] W-quorum achieved (2 writes), returning to client
[dc1_node1] Background replication continues for remaining nodes
[dc1_node1] Successful writes: 3/3
[dc1_node1] Internal PUT (replication): key='item:0042'
[dc1_node1] CONFLICT detected for key='item:0042', siblings=12
[dc1_node1] Saved 8 keys to disk
[dc1_node1] Internal PUT (replication): key='item:0063'
[dc1_node1] CONFLICT detected for key='item:0063', siblings=4
[dc1_node1] Saved 8 keys to disk
[dc1_node1] Client PUT: key='item:0071', value='value_71_update_client0_op295'
[dc1_node1] Preference list for 'item:0071': ['localhost:50052', 'localhost:50063', 'localhost:50060']
[dc1_node1] Coordinator NOT in preference list, forwarding only
[dc1_node1] Replicated to localhost:50063
[dc1_node1] Replicated to localhost:50052
[dc1_node1] Replicated to localhost:50060
[dc1_node1] W-quorum achieved (2 writes), returning to client
[dc1_node1] Background replication continues for remaining nodes
[dc1_node1] Successful writes: 3/3
[dc1_node1] Retrieved key='item:0095', versions=8
[dc1_node1] Internal PUT (replication): key='item:0063'
[dc1_node1] CONFLICT detected for key='item:0063', siblings=5
[dc1_node1] Saved 8 keys to disk
[dc1_node1] Client PUT: key='item:0013', value='value_13_update_client4_op309'
[dc1_node1] Preference list for 'item:0013': ['localhost:50060', 'localhost:50070', 'localhost:50057']
[dc1_node1] Coordinator NOT in preference list, forwarding only
[dc1_node1] Replicated to localhost:50057
[dc1_node1] Replicated to localhost:50060
[dc1_node1] Replicated to localhost:50070
[dc1_node1] W-quorum achieved (2 writes), returning to client
[dc1_node1] Background replication continues for remaining nodes
[dc1_node1] Successful writes: 3/3
[dc1_node1] Internal PUT (replication): key='item:0025'
[dc1_node1] CONFLICT detected for key='item:0025', siblings=7
[dc1_node1] Saved 8 keys to disk
[dc1_node1] Internal PUT (replication): key='item:0079'
[dc1_node1] CONFLICT detected for key='item:0079', siblings=8
[dc1_node1] Client GET: key='item:0046'
[dc1_node1] Preference list for 'item:0046': ['localhost:50057', 'localhost:50067', 'localhost:50064']
[dc1_node1] Reading from first 2 nodes in preference list
[dc1_node1] Saved 8 keys to disk
[dc1_node1] CONFLICT: 16 sibling versions for 'item:0046'
[dc1_node1] Internal PUT (replication): key='item:0025'
[dc1_node1] CONFLICT detected for key='item:0025', siblings=8
[dc1_node1] Saved 8 keys to disk
[dc1_node1] Client PUT: key='item:0088', value='value_88_update_client1_op315'
[dc1_node1] Preference list for 'item:0088': ['localhost:50065', 'localhost:50058', 'localhost:50061']
[dc1_node1] Coordinator NOT in preference list, forwarding only
[dc1_node1] Replicated to localhost:50065
[dc1_node1] Replicated to localhost:50058
[dc1_node1] Replicated to localhost:50061
[dc1_node1] Internal PUT (replication): key='item:0079'
[dc1_node1] CONFLICT detected for key='item:0079', siblings=8
[dc1_node1] W-quorum achieved (2 writes), returning to client
[dc1_node1] Background replication continues for remaining nodes
[dc1_node1] Successful writes: 3/3
[dc1_node1] Saved 8 keys to disk
[dc1_node1] Client PUT: key='item:0093', value='value_93_client0_op311'
[dc1_node1] Preference list for 'item:0093': ['localhost:50052', 'localhost:50062', 'localhost:50054']
[dc1_node1] Coordinator NOT in preference list, forwarding only
[dc1_node1] Replicated to localhost:50054
[dc1_node1] Replicated to localhost:50052
[dc1_node1] Replicated to localhost:50062
[dc1_node1] W-quorum achieved (2 writes), returning to client
[dc1_node1] Background replication continues for remaining nodes
[dc1_node1] Successful writes: 3/3
[dc1_node1] Client PUT: key='item:0059', value='value_59_update_client4_op316'
[dc1_node1] Preference list for 'item:0059': ['localhost:50055', 'localhost:50069', 'localhost:50060']
[dc1_node1] Coordinator NOT in preference list, forwarding only
[dc1_node1] Replicated to localhost:50055
[dc1_node1] Replicated to localhost:50069
[dc1_node1] Replicated to localhost:50060
[dc1_node1] Retrieved key='item:0063', versions=5
[dc1_node1] W-quorum achieved (2 writes), returning to client
[dc1_node1] Background replication continues for remaining nodes
[dc1_node1] Successful writes: 3/3
[dc1_node1] Client PUT: key='item:0050', value='value_50_update_client2_op319'
[dc1_node1] Preference list for 'item:0050': ['localhost:50053', 'localhost:50061', 'localhost:50052']
[dc1_node1] Coordinator NOT in preference list, forwarding only
[dc1_node1] Replicated to localhost:50061
[dc1_node1] Replicated to localhost:50052
[dc1_node1] Replicated to localhost:50053
[dc1_node1] W-quorum achieved (2 writes), returning to client
[dc1_node1] Background replication continues for remaining nodes
[dc1_node1] Successful writes: 3/3
[dc1_node1] Client GET: key='item:0065'
[dc1_node1] Preference list for 'item:0065': ['localhost:50055', 'localhost:50066', 'localhost:50065']
[dc1_node1] Reading from first 2 nodes in preference list
[dc1_node1] Internal PUT (replication): key='item:0031'
[dc1_node1] CONFLICT detected for key='item:0031', siblings=8
[dc1_node1] Saved 8 keys to disk
[dc1_node1] CONFLICT: 16 sibling versions for 'item:0065'
[dc1_node1] Internal PUT (replication): key='item:0054'
[dc1_node1] CONFLICT detected for key='item:0054', siblings=9
[dc1_node1] Saved 8 keys to disk
[dc1_node1] Client GET: key='item:0068'
[dc1_node1] Preference list for 'item:0068': ['localhost:50067', 'localhost:50052', 'localhost:50062']
[dc1_node1] Reading from first 2 nodes in preference list
[dc1_node1] CONFLICT: 18 sibling versions for 'item:0068'
[dc1_node1] Internal PUT (replication): key='item:0080'
[dc1_node1] CONFLICT detected for key='item:0080', siblings=8
[dc1_node1] Saved 8 keys to disk
[dc1_node1] Client GET: key='item:0048'
[dc1_node1] Preference list for 'item:0048': ['localhost:50070', 'localhost:50054', 'localhost:50064']
[dc1_node1] Reading from first 2 nodes in preference list
[dc1_node1] CONFLICT: 18 sibling versions for 'item:0048'
[dc1_node1] Client GET: key='item:0053'
[dc1_node1] Preference list for 'item:0053': ['localhost:50056', 'localhost:50068', 'localhost:50062']
[dc1_node1] Reading from first 2 nodes in preference list
[dc1_node1] CONFLICT: 24 sibling versions for 'item:0053'
[dc1_node1] Internal PUT (replication): key='item:0080'
[dc1_node1] CONFLICT detected for key='item:0080', siblings=8
[dc1_node1] Saved 8 keys to disk
[dc1_node1] Client PUT: key='item:0047', value='value_47_client3_op341'
[dc1_node1] Preference list for 'item:0047': ['localhost:50070', 'localhost:50055', 'localhost:50065']
[dc1_node1] Coordinator NOT in preference list, forwarding only
[dc1_node1] Replicated to localhost:50070
[dc1_node1] Replicated to localhost:50055
[dc1_node1] Replicated to localhost:50065
[dc1_node1] W-quorum achieved (2 writes), returning to client
[dc1_node1] Background replication continues for remaining nodes
[dc1_node1] Successful writes: 3/3
[dc1_node1] Client GET: key='item:0014'
[dc1_node1] Preference list for 'item:0014': ['localhost:50061', 'localhost:50055', 'localhost:50069']
[dc1_node1] Reading from first 2 nodes in preference list
[dc1_node1] CONFLICT: 10 sibling versions for 'item:0014'
[dc1_node1] Internal PUT (replication): key='item:0063'
[dc1_node1] CONFLICT detected for key='item:0063', siblings=5
[dc1_node1] Client PUT: key='item:0064', value='value_64_client4_op345'
[dc1_node1] Preference list for 'item:0064': ['localhost:50058', 'localhost:50062', 'localhost:50059']
[dc1_node1] Coordinator NOT in preference list, forwarding only
[dc1_node1] Saved 8 keys to disk
[dc1_node1] Replicated to localhost:50058
[dc1_node1] Replicated to localhost:50059
[dc1_node1] Replicated to localhost:50062
[dc1_node1] W-quorum achieved (2 writes), returning to client
[dc1_node1] Background replication continues for remaining nodes
[dc1_node1] Successful writes: 3/3
[dc1_node1] Internal PUT (replication): key='item:0042'
[dc1_node1] CONFLICT detected for key='item:0042', siblings=12
[dc1_node1] Saved 8 keys to disk
[dc1_node1] Client PUT: key='item:0009', value='value_9_update_client4_op350'
[dc1_node1] Preference list for 'item:0009': ['localhost:50064', 'localhost:50052', 'localhost:50066']
[dc1_node1] Coordinator NOT in preference list, forwarding only
[dc1_node1] Replicated to localhost:50064
[dc1_node1] Internal PUT (replication): key='item:0079'
[dc1_node1] CONFLICT detected for key='item:0079', siblings=8
[dc1_node1] Replicated to localhost:50066
[dc1_node1] Saved 8 keys to disk
[dc1_node1] Replicated to localhost:50052
[dc1_node1] Internal PUT (replication): key='item:0080'
[dc1_node1] CONFLICT detected for key='item:0080', siblings=8
[dc1_node1] Saved 8 keys to disk
[dc1_node1] W-quorum achieved (2 writes), returning to client
[dc1_node1] Background replication continues for remaining nodes
[dc1_node1] Successful writes: 3/3
[dc1_node1] Internal PUT (replication): key='item:0080'
[dc1_node1] CONFLICT detected for key='item:0080', siblings=9
[dc1_node1] Saved 8 keys to disk
[dc1_node1] Client PUT: key='item:0031', value='value_31_update_client2_op356'
[dc1_node1] Preference list for 'item:0031': ['localhost:50068', 'localhost:50051', 'localhost:50054']
[dc1_node1] CONFLICT detected for key='item:0031', siblings=9
[dc1_node1] Client GET: key='item:0008'
[dc1_node1] Preference list for 'item:0008': ['localhost:50065', 'localhost:50060', 'localhost:50055']
[dc1_node1] Reading from first 2 nodes in preference list
[dc1_node1] Saved 8 keys to disk
[dc1_node1] Coordinator IS in preference list, stored locally
[dc1_node1] CONFLICT: 14 sibling versions for 'item:0008'
[dc1_node1] Replicated to localhost:50068
[dc1_node1] Replicated to localhost:50054
[dc1_node1] W-quorum achieved (2 writes), returning to client
[dc1_node1] Background replication continues for remaining nodes
[dc1_node1] Successful writes: 3/3
[dc1_node1] Internal PUT (replication): key='item:0080'
[dc1_node1] CONFLICT detected for key='item:0080', siblings=9
[dc1_node1] Saved 8 keys to disk
[dc1_node1] Internal PUT (replication): key='item:0031'
[dc1_node1] CONFLICT detected for key='item:0031', siblings=10
[dc1_node1] Saved 8 keys to disk
[dc1_node1] Internal PUT (replication): key='item:0031'
[dc1_node1] CONFLICT detected for key='item:0031', siblings=10
[dc1_node1] Saved 8 keys to disk
[dc1_node1] Client GET: key='item:0007'
[dc1_node1] Preference list for 'item:0007': ['localhost:50065', 'localhost:50059', 'localhost:50070']
[dc1_node1] Reading from first 2 nodes in preference list
[dc1_node1] CONFLICT: 20 sibling versions for 'item:0007'
[dc1_node1] Internal PUT (replication): key='item:0031'
[dc1_node1] CONFLICT detected for key='item:0031', siblings=10
[dc1_node1] Saved 8 keys to disk
[dc1_node1] Retrieved key='item:0095', versions=8
[dc1_node1] Client PUT: key='item:0034', value='value_34_update_client3_op366'
[dc1_node1] Preference list for 'item:0034': ['localhost:50064', 'localhost:50055', 'localhost:50062']
[dc1_node1] Coordinator NOT in preference list, forwarding only
[dc1_node1] Internal PUT (replication): key='item:0079'
[dc1_node1] CONFLICT detected for key='item:0079', siblings=8
[dc1_node1] Saved 8 keys to disk
[dc1_node1] Internal PUT (replication): key='item:0080'
[dc1_node1] CONFLICT detected for key='item:0080', siblings=9
[dc1_node1] Saved 8 keys to disk
[dc1_node1] Replicated to localhost:50064
[dc1_node1] Replicated to localhost:50055
[dc1_node1] Replicated to localhost:50062
[dc1_node1] W-quorum achieved (2 writes), returning to client
[dc1_node1] Background replication continues for remaining nodes
[dc1_node1] Successful writes: 3/3
[dc1_node1] Internal PUT (replication): key='item:0031'
[dc1_node1] CONFLICT detected for key='item:0031', siblings=11
[dc1_node1] Saved 8 keys to disk
[dc1_node1] Client PUT: key='item:0069', value='value_69_client2_op371'
[dc1_node1] Preference list for 'item:0069': ['localhost:50062', 'localhost:50056', 'localhost:50053']
[dc1_node1] Coordinator NOT in preference list, forwarding only
[dc1_node1] Replicated to localhost:50056
[dc1_node1] Replicated to localhost:50062
[dc1_node1] Replicated to localhost:50053
[dc1_node1] W-quorum achieved (2 writes), returning to client
[dc1_node1] Background replication continues for remaining nodes
[dc1_node1] Successful writes: 3/3
[dc1_node1] Internal PUT (replication): key='item:0079'
[dc1_node1] CONFLICT detected for key='item:0079', siblings=8
[dc1_node1] Saved 8 keys to disk
[dc1_node1] Internal PUT (replication): key='item:0042'
[dc1_node1] CONFLICT detected for key='item:0042', siblings=12
[dc1_node1] Saved 8 keys to disk
[dc1_node1] Internal PUT (replication): key='item:0031'
[dc1_node1] CONFLICT detected for key='item:0031', siblings=11
[dc1_node1] Saved 8 keys to disk
[dc1_node1] Internal PUT (replication): key='item:0079'
[dc1_node1] CONFLICT detected for key='item:0079', siblings=9
[dc1_node1] Saved 8 keys to disk
[dc1_node1] Client PUT: key='item:0073', value='value_73_client4_op384'
[dc1_node1] Preference list for 'item:0073': ['localhost:50067', 'localhost:50058', 'localhost:50061']
[dc1_node1] Coordinator NOT in preference list, forwarding only
[dc1_node1] Replicated to localhost:50061
[dc1_node1] Replicated to localhost:50067
[dc1_node1] Replicated to localhost:50058
[dc1_node1] W-quorum achieved (2 writes), returning to client
[dc1_node1] Background replication continues for remaining nodes
[dc1_node1] Successful writes: 3/3
[dc1_node1] Client PUT: key='item:0032', value='value_32_client1_op390'
[dc1_node1] Preference list for 'item:0032': ['localhost:50063', 'localhost:50055', 'localhost:50064']
[dc1_node1] Coordinator NOT in preference list, forwarding only
[dc1_node1] Replicated to localhost:50055
[dc1_node1] Replicated to localhost:50064
[dc1_node1] Replicated to localhost:50063
[dc1_node1] W-quorum achieved (2 writes), returning to client
[dc1_node1] Background replication continues for remaining nodes
[dc1_node1] Successful writes: 3/3
[dc1_node1] Retrieved key='item:0079', versions=9
[dc1_node1] Client GET: key='item:0016'
[dc1_node1] Preference list for 'item:0016': ['localhost:50062', 'localhost:50058', 'localhost:50053']
[dc1_node1] Reading from first 2 nodes in preference list
[dc1_node1] CONFLICT: 26 sibling versions for 'item:0016'
[dc1_node1] Internal PUT (replication): key='item:0079'
[dc1_node1] CONFLICT detected for key='item:0079', siblings=9
[dc1_node1] Saved 8 keys to disk
[dc1_node1] Client PUT: key='item:0074', value='value_74_update_client0_op391'
[dc1_node1] Preference list for 'item:0074': ['localhost:50066', 'localhost:50058', 'localhost:50062']
[dc1_node1] Coordinator NOT in preference list, forwarding only
[dc1_node1] Replicated to localhost:50066
[dc1_node1] Replicated to localhost:50062
[dc1_node1] Replicated to localhost:50058
[dc1_node1] W-quorum achieved (2 writes), returning to client
[dc1_node1] Background replication continues for remaining nodes
[dc1_node1] Successful writes: 3/3
[dc1_node1] Internal PUT (replication): key='item:0079'
[dc1_node1] CONFLICT detected for key='item:0079', siblings=10
[dc1_node1] Saved 8 keys to disk
[dc1_node1] Internal PUT (replication): key='item:0095'
[dc1_node1] CONFLICT detected for key='item:0095', siblings=8
[dc1_node1] Saved 8 keys to disk
[dc1_node1] Client GET: key='item:0006'
[dc1_node1] Preference list for 'item:0006': ['localhost:50062', 'localhost:50053', 'localhost:50070']
[dc1_node1] Reading from first 2 nodes in preference list
[dc1_node1] CONFLICT: 22 sibling versions for 'item:0006'
[dc1_node1] Internal PUT (replication): key='item:0079'
[dc1_node1] CONFLICT detected for key='item:0079', siblings=11
[dc1_node1] Saved 8 keys to disk
[dc1_node1] Internal PUT (replication): key='item:0063'
[dc1_node1] CONFLICT detected for key='item:0063', siblings=6
[dc1_node1] Saved 8 keys to disk
[dc1_node1] Internal PUT (replication): key='item:0031'
[dc1_node1] CONFLICT detected for key='item:0031', siblings=12
[dc1_node1] Saved 8 keys to disk
[dc1_node1] Retrieved key='item:0095', versions=8
[dc1_node1] Client PUT: key='item:0057', value='value_57_client3_op406'
[dc1_node1] Preference list for 'item:0057': ['localhost:50067', 'localhost:50059', 'localhost:50061']
[dc1_node1] Coordinator NOT in preference list, forwarding only
[dc1_node1] Replicated to localhost:50059
[dc1_node1] Replicated to localhost:50061
[dc1_node1] Replicated to localhost:50067
[dc1_node1] Internal PUT (replication): key='item:0025'
[dc1_node1] CONFLICT detected for key='item:0025', siblings=9
[dc1_node1] W-quorum achieved (2 writes), returning to client
[dc1_node1] Background replication continues for remaining nodes
[dc1_node1] Successful writes: 3/3
[dc1_node1] Saved 8 keys to disk
[dc1_node1] Internal PUT (replication): key='item:0042'
[dc1_node1] CONFLICT detected for key='item:0042', siblings=12
[dc1_node1] Saved 8 keys to disk
[dc1_node1] Internal PUT (replication): key='item:0080'
[dc1_node1] CONFLICT detected for key='item:0080', siblings=9
[dc1_node1] Client PUT: key='item:0097', value='value_97_client0_op413'
[dc1_node1] Preference list for 'item:0097': ['localhost:50060', 'localhost:50064', 'localhost:50052']
[dc1_node1] Coordinator NOT in preference list, forwarding only
[dc1_node1] Saved 8 keys to disk
[dc1_node1] Replicated to localhost:50064
[dc1_node1] Replicated to localhost:50052
[dc1_node1] Replicated to localhost:50060
[dc1_node1] W-quorum achieved (2 writes), returning to client
[dc1_node1] Background replication continues for remaining nodes
[dc1_node1] Successful writes: 3/3
[dc1_node1] Retrieved key='item:0095', versions=8
[dc1_node1] Retrieved key='item:0063', versions=6
[dc1_node1] Client PUT: key='item:0002', value='value_2_update_client0_op417'
[dc1_node1] Preference list for 'item:0002': ['localhost:50066', 'localhost:50058', 'localhost:50053']
[dc1_node1] Coordinator NOT in preference list, forwarding only
[dc1_node1] Replicated to localhost:50066
[dc1_node1] Replicated to localhost:50058
[dc1_node1] Replicated to localhost:50053
[dc1_node1] W-quorum achieved (2 writes), returning to client
[dc1_node1] Background replication continues for remaining nodes
[dc1_node1] Successful writes: 3/3
[dc1_node1] Client GET: key='item:0089'
[dc1_node1] Preference list for 'item:0089': ['localhost:50064', 'localhost:50058', 'localhost:50069']
[dc1_node1] Reading from first 2 nodes in preference list
[dc1_node1] CONFLICT: 22 sibling versions for 'item:0089'
[dc1_node1] Internal PUT (replication): key='item:0080'
[dc1_node1] CONFLICT detected for key='item:0080', siblings=9
[dc1_node1] Saved 8 keys to disk
[dc1_node1] Internal PUT (replication): key='item:0042'
[dc1_node1] CONFLICT detected for key='item:0042', siblings=12
[dc1_node1] Saved 8 keys to disk
[dc1_node1] Client PUT: key='item:0004', value='value_4_client0_op425'
[dc1_node1] Preference list for 'item:0004': ['localhost:50070', 'localhost:50060', 'localhost:50066']
[dc1_node1] Coordinator NOT in preference list, forwarding only
[dc1_node1] Replicated to localhost:50066
[dc1_node1] Replicated to localhost:50060
[dc1_node1] Internal PUT (replication): key='item:0079'
[dc1_node1] CONFLICT detected for key='item:0079', siblings=12
[dc1_node1] Replicated to localhost:50070
[dc1_node1] Saved 8 keys to disk
[dc1_node1] W-quorum achieved (2 writes), returning to client
[dc1_node1] Background replication continues for remaining nodes
[dc1_node1] Successful writes: 3/3
[dc1_node1] Internal PUT (replication): key='item:0054'
[dc1_node1] CONFLICT detected for key='item:0054', siblings=10
[dc1_node1] Saved 8 keys to disk
[dc1_node1] Internal PUT (replication): key='item:0025'
[dc1_node1] CONFLICT detected for key='item:0025', siblings=9
[dc1_node1] Saved 8 keys to disk
[dc1_node1] Client PUT: key='item:0055', value='value_55_client1_op435'
[dc1_node1] Preference list for 'item:0055': ['localhost:50059', 'localhost:50068', 'localhost:50056']
[dc1_node1] Coordinator NOT in preference list, forwarding only
[dc1_node1] Replicated to localhost:50068
[dc1_node1] Replicated to localhost:50056
[dc1_node1] Replicated to localhost:50059
[dc1_node1] W-quorum achieved (2 writes), returning to client
[dc1_node1] Background replication continues for remaining nodes
[dc1_node1] Successful writes: 3/3
[dc1_node1] Internal PUT (replication): key='item:0095'
[dc1_node1] CONFLICT detected for key='item:0095', siblings=9
[dc1_node1] Saved 8 keys to disk
[dc1_node1] Client PUT: key='item:0066', value='value_66_update_client1_op437'
[dc1_node1] Preference list for 'item:0066': ['localhost:50066', 'localhost:50052', 'localhost:50061']
[dc1_node1] Coordinator NOT in preference list, forwarding only
[dc1_node1] Replicated to localhost:50066
[dc1_node1] Replicated to localhost:50061
[dc1_node1] Replicated to localhost:50052
[dc1_node1] Internal PUT (replication): key='item:0063'
[dc1_node1] CONFLICT detected for key='item:0063', siblings=7
[dc1_node1] Saved 8 keys to disk
[dc1_node1] W-quorum achieved (2 writes), returning to client
[dc1_node1] Background replication continues for remaining nodes
[dc1_node1] Successful writes: 3/3
[dc1_node1] Client GET: key='item:0038'
[dc1_node1] Preference list for 'item:0038': ['localhost:50059', 'localhost:50065', 'localhost:50060']
[dc1_node1] Reading from first 2 nodes in preference list
[dc1_node1] CONFLICT: 22 sibling versions for 'item:0038'
[dc1_node1] Internal PUT (replication): key='item:0080'
[dc1_node1] CONFLICT detected for key='item:0080', siblings=10
[dc1_node1] Saved 8 keys to disk
[dc1_node1] Internal PUT (replication): key='item:0063'
[dc1_node1] CONFLICT detected for key='item:0063', siblings=8
[dc1_node1] Saved 8 keys to disk
[dc1_node1] Internal PUT (replication): key='item:0095'
[dc1_node1] CONFLICT detected for key='item:0095', siblings=9
[dc1_node1] Saved 8 keys to disk
[dc1_node1] Client PUT: key='item:0014', value='value_14_update_client3_op437'
[dc1_node1] Preference list for 'item:0014': ['localhost:50061', 'localhost:50055', 'localhost:50069']
[dc1_node1] Coordinator NOT in preference list, forwarding only
[dc1_node1] Replicated to localhost:50055
[dc1_node1] Replicated to localhost:50069
[dc1_node1] Replicated to localhost:50061
[dc1_node1] W-quorum achieved (2 writes), returning to client
[dc1_node1] Background replication continues for remaining nodes
[dc1_node1] Successful writes: 3/3
[dc1_node1] Client PUT: key='item:0068', value='value_68_update_client2_op442'
[dc1_node1] Preference list for 'item:0068': ['localhost:50067', 'localhost:50052', 'localhost:50062']
[dc1_node1] Coordinator NOT in preference list, forwarding only
[dc1_node1] Replicated to localhost:50052
[dc1_node1] Replicated to localhost:50067
[dc1_node1] Replicated to localhost:50062
[dc1_node1] Internal PUT (replication): key='item:0080'
[dc1_node1] CONFLICT detected for key='item:0080', siblings=11
[dc1_node1] Saved 8 keys to disk
[dc1_node1] W-quorum achieved (2 writes), returning to client
[dc1_node1] Background replication continues for remaining nodes
[dc1_node1] Successful writes: 3/3
[dc1_node1] Internal PUT (replication): key='item:0095'
[dc1_node1] CONFLICT detected for key='item:0095', siblings=9
[dc1_node1] Saved 8 keys to disk
[dc1_node1] Internal PUT (replication): key='item:0095'
[dc1_node1] CONFLICT detected for key='item:0095', siblings=9
[dc1_node1] Saved 8 keys to disk
[dc1_node1] Internal PUT (replication): key='item:0095'
[dc1_node1] CONFLICT detected for key='item:0095', siblings=9
[dc1_node1] Saved 8 keys to disk
[dc1_node1] Client GET: key='item:0049'
[dc1_node1] Preference list for 'item:0049': ['localhost:50066', 'localhost:50060', 'localhost:50061']
[dc1_node1] Reading from first 2 nodes in preference list
[dc1_node1] CONFLICT: 22 sibling versions for 'item:0049'
[dc1_node1] Client PUT: key='item:0074', value='value_74_client4_op457'
[dc1_node1] Preference list for 'item:0074': ['localhost:50066', 'localhost:50058', 'localhost:50062']
[dc1_node1] Coordinator NOT in preference list, forwarding only
[dc1_node1] Replicated to localhost:50066
[dc1_node1] Replicated to localhost:50062
[dc1_node1] Replicated to localhost:50058
[dc1_node1] W-quorum achieved (2 writes), returning to client
[dc1_node1] Background replication continues for remaining nodes
[dc1_node1] Successful writes: 3/3
[dc1_node1] Internal PUT (replication): key='item:0025'
[dc1_node1] CONFLICT detected for key='item:0025', siblings=9
[dc1_node1] Saved 8 keys to disk
[dc1_node1] Internal PUT (replication): key='item:0042'
[dc1_node1] CONFLICT detected for key='item:0042', siblings=12
[dc1_node1] Saved 8 keys to disk
[dc1_node1] Client GET: key='item:0066'
[dc1_node1] Preference list for 'item:0066': ['localhost:50066', 'localhost:50052', 'localhost:50061']
[dc1_node1] Reading from first 2 nodes in preference list
[dc1_node1] CONFLICT: 24 sibling versions for 'item:0066'
[dc1_node1] Internal PUT (replication): key='item:0031'
[dc1_node1] CONFLICT detected for key='item:0031', siblings=12
[dc1_node1] Saved 8 keys to disk
[dc1_node1] Internal PUT (replication): key='item:0025'
[dc1_node1] CONFLICT detected for key='item:0025', siblings=10
[dc1_node1] Saved 8 keys to disk
[dc1_node1] Client PUT: key='item:0033', value='value_33_client1_op470'
[dc1_node1] Preference list for 'item:0033': ['localhost:50058', 'localhost:50063', 'localhost:50062']
[dc1_node1] Coordinator NOT in preference list, forwarding only
[dc1_node1] Replicated to localhost:50063
[dc1_node1] Replicated to localhost:50058
[dc1_node1] Replicated to localhost:50062
[dc1_node1] W-quorum achieved (2 writes), returning to client
[dc1_node1] Background replication continues for remaining nodes
[dc1_node1] Successful writes: 3/3
[dc1_node1] Client GET: key='item:0087'
[dc1_node1] Preference list for 'item:0087': ['localhost:50052', 'localhost:50061', 'localhost:50063']
[dc1_node1] Reading from first 2 nodes in preference list
[dc1_node1] CONFLICT: 14 sibling versions for 'item:0087'
[dc1_node1] Internal PUT (replication): key='item:0031'
[dc1_node1] CONFLICT detected for key='item:0031', siblings=12
[dc1_node1] Saved 8 keys to disk
[dc1_node1] Client PUT: key='item:0096', value='value_96_update_client0_op475'
[dc1_node1] Preference list for 'item:0096': ['localhost:50070', 'localhost:50058', 'localhost:50060']
[dc1_node1] Coordinator NOT in preference list, forwarding only
[dc1_node1] Client PUT: key='item:0068', value='value_68_update_client3_op472'
[dc1_node1] Preference list for 'item:0068': ['localhost:50067', 'localhost:50052', 'localhost:50062']
[dc1_node1] Coordinator NOT in preference list, forwarding only
[dc1_node1] Replicated to localhost:50070
[dc1_node1] Internal PUT (replication): key='item:0063'
[dc1_node1] CONFLICT detected for key='item:0063', siblings=8
[dc1_node1] Replicated to localhost:50060
[dc1_node1] Replicated to localhost:50058
[dc1_node1] Saved 8 keys to disk
[dc1_node1] Replicated to localhost:50067
[dc1_node1] Replicated to localhost:50062
[dc1_node1] Replicated to localhost:50052
[dc1_node1] W-quorum achieved (2 writes), returning to client
[dc1_node1] Background replication continues for remaining nodes
[dc1_node1] Successful writes: 3/3
[dc1_node1] W-quorum achieved (2 writes), returning to client
[dc1_node1] Background replication continues for remaining nodes
[dc1_node1] Successful writes: 3/3
[dc1_node1] Internal PUT (replication): key='item:0095'
[dc1_node1] CONFLICT detected for key='item:0095', siblings=10
[dc1_node1] Saved 8 keys to disk
[dc1_node1] Retrieved key='item:0095', versions=10
[dc1_node1] Internal PUT (replication): key='item:0095'
[dc1_node1] CONFLICT detected for key='item:0095', siblings=11
[dc1_node1] Saved 8 keys to disk
[dc1_node1] Client GET: key='item:0080'
[dc1_node1] Preference list for 'item:0080': ['localhost:50056', 'localhost:50067', 'localhost:50051']
[dc1_node1] Reading from first 2 nodes in preference list
[dc1_node1] CONFLICT: 22 sibling versions for 'item:0080'
[dc1_node1] Retrieved key='item:0031', versions=12
[dc1_node1] Internal PUT (replication): key='item:0063'
[dc1_node1] CONFLICT detected for key='item:0063', siblings=8
[dc1_node1] Saved 8 keys to disk
[dc1_node1] Internal PUT (replication): key='item:0025'
[dc1_node1] CONFLICT detected for key='item:0025', siblings=10
[dc1_node1] Saved 8 keys to disk
[dc1_node1] Retrieved key='item:0063', versions=8
[dc1_node1] Retrieved key='item:0063', versions=8
[dc1_node1] Internal PUT (replication): key='item:0025'
[dc1_node1] CONFLICT detected for key='item:0025', siblings=11
[dc1_node1] Saved 8 keys to disk
[dc1_node1] Client GET: key='item:0092'
[dc1_node1] Preference list for 'item:0092': ['localhost:50055', 'localhost:50069', 'localhost:50056']
[dc1_node1] Reading from first 2 nodes in preference list
[dc1_node1] CONFLICT: 28 sibling versions for 'item:0092'
[dc1_node1] Client GET: key='item:0071'
[dc1_node1] Preference list for 'item:0071': ['localhost:50052', 'localhost:50063', 'localhost:50060']
[dc1_node1] Reading from first 2 nodes in preference list
[dc1_node1] CONFLICT: 18 sibling versions for 'item:0071'
[dc1_node1] Internal PUT (replication): key='item:0080'
[dc1_node1] CONFLICT detected for key='item:0080', siblings=12
[dc1_node1] Saved 8 keys to disk
[dc1_node1] Internal PUT (replication): key='item:0054'
[dc1_node1] CONFLICT detected for key='item:0054', siblings=10
[dc1_node1] Saved 8 keys to disk
[dc1_node1] Client PUT: key='item:0074', value='value_74_update_client1_op501'
[dc1_node1] Preference list for 'item:0074': ['localhost:50066', 'localhost:50058', 'localhost:50062']
[dc1_node1] Coordinator NOT in preference list, forwarding only
[dc1_node1] Replicated to localhost:50066
[dc1_node1] Replicated to localhost:50058
[dc1_node1] Replicated to localhost:50062
[dc1_node1] W-quorum achieved (2 writes), returning to client
[dc1_node1] Background replication continues for remaining nodes
[dc1_node1] Successful writes: 3/3
[dc1_node1] Client GET: key='item:0056'
[dc1_node1] Preference list for 'item:0056': ['localhost:50061', 'localhost:50052', 'localhost:50070']
[dc1_node1] Reading from first 2 nodes in preference list
[dc1_node1] CONFLICT: 22 sibling versions for 'item:0056'
[dc1_node1] Retrieved key='item:0031', versions=12
[dc1_node1] Client PUT: key='item:0005', value='value_5_client2_op501'
[dc1_node1] Preference list for 'item:0005': ['localhost:50063', 'localhost:50053', 'localhost:50064']
[dc1_node1] Coordinator NOT in preference list, forwarding only
[dc1_node1] Replicated to localhost:50063
[dc1_node1] Replicated to localhost:50064
[dc1_node1] Replicated to localhost:50053
[dc1_node1] W-quorum achieved (2 writes), returning to client
[dc1_node1] Background replication continues for remaining nodes
[dc1_node1] Successful writes: 3/3
[dc1_node1] Internal PUT (replication): key='item:0054'
[dc1_node1] CONFLICT detected for key='item:0054', siblings=10
[dc1_node1] Saved 8 keys to disk
[dc1_node1] Internal PUT (replication): key='item:0079'
[dc1_node1] CONFLICT detected for key='item:0079', siblings=12
[dc1_node1] Saved 8 keys to disk
[dc1_node1] Internal PUT (replication): key='item:0095'
[dc1_node1] CONFLICT detected for key='item:0095', siblings=11
[dc1_node1] Saved 8 keys to disk
[dc1_node1] Client PUT: key='item:0098', value='value_98_update_client2_op508'
[dc1_node1] Preference list for 'item:0098': ['localhost:50055', 'localhost:50064', 'localhost:50067']
[dc1_node1] Coordinator NOT in preference list, forwarding only
[dc1_node1] Replicated to localhost:50055
[dc1_node1] Replicated to localhost:50064
[dc1_node1] Replicated to localhost:50067
[dc1_node1] W-quorum achieved (2 writes), returning to client
[dc1_node1] Background replication continues for remaining nodes
[dc1_node1] Successful writes: 3/3
[dc1_node1] Internal PUT (replication): key='item:0031'
[dc1_node1] CONFLICT detected for key='item:0031', siblings=12
[dc1_node1] Saved 8 keys to disk
[dc1_node1] Client PUT: key='item:0002', value='value_2_update_client3_op516'
[dc1_node1] Preference list for 'item:0002': ['localhost:50066', 'localhost:50058', 'localhost:50053']
[dc1_node1] Coordinator NOT in preference list, forwarding only
[dc1_node1] Replicated to localhost:50066
[dc1_node1] Replicated to localhost:50058
[dc1_node1] Replicated to localhost:50053
[dc1_node1] W-quorum achieved (2 writes), returning to client
[dc1_node1] Background replication continues for remaining nodes
[dc1_node1] Successful writes: 3/3
[dc1_node1] Client PUT: key='item:0039', value='value_39_update_client3_op518'
[dc1_node1] Preference list for 'item:0039': ['localhost:50070', 'localhost:50054', 'localhost:50068']
[dc1_node1] Coordinator NOT in preference list, forwarding only
[dc1_node1] Replicated to localhost:50054
[dc1_node1] Replicated to localhost:50070
[dc1_node1] Replicated to localhost:50068
[dc1_node1] Retrieved key='item:0063', versions=8
[dc1_node1] W-quorum achieved (2 writes), returning to client
[dc1_node1] Background replication continues for remaining nodes
[dc1_node1] Successful writes: 3/3
[dc1_node1] Internal PUT (replication): key='item:0079'
[dc1_node1] CONFLICT detected for key='item:0079', siblings=12
[dc1_node1] Saved 8 keys to disk
[dc1_node1] Client GET: key='item:0049'
[dc1_node1] Preference list for 'item:0049': ['localhost:50066', 'localhost:50060', 'localhost:50061']
[dc1_node1] Reading from first 2 nodes in preference list
[dc1_node1] CONFLICT: 22 sibling versions for 'item:0049'
[dc1_node1] Internal PUT (replication): key='item:0063'
[dc1_node1] CONFLICT detected for key='item:0063', siblings=8
[dc1_node1] Saved 8 keys to disk
[dc1_node1] Internal PUT (replication): key='item:0079'
[dc1_node1] CONFLICT detected for key='item:0079', siblings=13
[dc1_node1] Saved 8 keys to disk
[dc1_node1] Client PUT: key='item:0077', value='value_77_client1_op538'
[dc1_node1] Preference list for 'item:0077': ['localhost:50066', 'localhost:50056', 'localhost:50063']
[dc1_node1] Coordinator NOT in preference list, forwarding only
[dc1_node1] Replicated to localhost:50066
[dc1_node1] Replicated to localhost:50063
[dc1_node1] Replicated to localhost:50056
[dc1_node1] Internal PUT (replication): key='item:0031'
[dc1_node1] CONFLICT detected for key='item:0031', siblings=13
[dc1_node1] Saved 8 keys to disk
[dc1_node1] W-quorum achieved (2 writes), returning to client
[dc1_node1] Background replication continues for remaining nodes
[dc1_node1] Successful writes: 3/3
[dc1_node1] Retrieved key='item:0095', versions=11
[dc1_node1] Internal PUT (replication): key='item:0054'
[dc1_node1] CONFLICT detected for key='item:0054', siblings=10
[dc1_node1] Saved 8 keys to disk
[dc1_node1] Client PUT: key='item:0084', value='value_84_update_client3_op532'
[dc1_node1] Preference list for 'item:0084': ['localhost:50065', 'localhost:50058', 'localhost:50061']
[dc1_node1] Coordinator NOT in preference list, forwarding only
[dc1_node1] Internal PUT (replication): key='item:0042'
[dc1_node1] CONFLICT detected for key='item:0042', siblings=13
[dc1_node1] Saved 8 keys to disk
[dc1_node1] Replicated to localhost:50061
[dc1_node1] Replicated to localhost:50065
[dc1_node1] Replicated to localhost:50058
[dc1_node1] Internal PUT (replication): key='item:0042'
[dc1_node1] CONFLICT detected for key='item:0042', siblings=13
[dc1_node1] Saved 8 keys to disk
[dc1_node1] W-quorum achieved (2 writes), returning to client
[dc1_node1] Background replication continues for remaining nodes
[dc1_node1] Successful writes: 3/3
[dc1_node1] Internal PUT (replication): key='item:0031'
[dc1_node1] CONFLICT detected for key='item:0031', siblings=14
[dc1_node1] Saved 8 keys to disk
[dc1_node1] Client PUT: key='item:0073', value='value_73_update_client1_op551'
[dc1_node1] Preference list for 'item:0073': ['localhost:50067', 'localhost:50058', 'localhost:50061']
[dc1_node1] Coordinator NOT in preference list, forwarding only
[dc1_node1] Replicated to localhost:50067
[dc1_node1] Replicated to localhost:50058
[dc1_node1] Replicated to localhost:50061
[dc1_node1] W-quorum achieved (2 writes), returning to client
[dc1_node1] Background replication continues for remaining nodes
[dc1_node1] Successful writes: 3/3
[dc1_node1] Client PUT: key='item:0082', value='value_82_update_client2_op547'
[dc1_node1] Preference list for 'item:0082': ['localhost:50064', 'localhost:50054', 'localhost:50067']
[dc1_node1] Coordinator NOT in preference list, forwarding only
[dc1_node1] Replicated to localhost:50064
[dc1_node1] Replicated to localhost:50054
[dc1_node1] Replicated to localhost:50067
[dc1_node1] W-quorum achieved (2 writes), returning to client
[dc1_node1] Background replication continues for remaining nodes
[dc1_node1] Successful writes: 3/3
[dc1_node1] Internal PUT (replication): key='item:0025'
[dc1_node1] CONFLICT detected for key='item:0025', siblings=12
[dc1_node1] Saved 8 keys to disk
[dc1_node1] Internal PUT (replication): key='item:0025'
[dc1_node1] CONFLICT detected for key='item:0025', siblings=12
[dc1_node1] Saved 8 keys to disk
[dc1_node1] Internal PUT (replication): key='item:0031'
[dc1_node1] CONFLICT detected for key='item:0031', siblings=14
[dc1_node1] Internal PUT (replication): key='item:0054'
[dc1_node1] Saved 8 keys to disk
[dc1_node1] CONFLICT detected for key='item:0054', siblings=11
[dc1_node1] Saved 8 keys to disk
[dc1_node1] Client PUT: key='item:0001', value='value_1_update_client3_op550'
[dc1_node1] Preference list for 'item:0001': ['localhost:50067', 'localhost:50057', 'localhost:50060']
[dc1_node1] Coordinator NOT in preference list, forwarding only
[dc1_node1] Replicated to localhost:50057
[dc1_node1] Replicated to localhost:50060
[dc1_node1] Client GET: key='item:0047'
[dc1_node1] Preference list for 'item:0047': ['localhost:50070', 'localhost:50055', 'localhost:50065']
[dc1_node1] Reading from first 2 nodes in preference list
[dc1_node1] Replicated to localhost:50067
[dc1_node1] CONFLICT: 20 sibling versions for 'item:0047'
[dc1_node1] W-quorum achieved (2 writes), returning to client
[dc1_node1] Background replication continues for remaining nodes
[dc1_node1] Successful writes: 3/3
[dc1_node1] Internal PUT (replication): key='item:0063'
[dc1_node1] CONFLICT detected for key='item:0063', siblings=8
[dc1_node1] Saved 8 keys to disk
[dc1_node1] Internal PUT (replication): key='item:0042'
[dc1_node1] CONFLICT detected for key='item:0042', siblings=14
[dc1_node1] Saved 8 keys to disk
[dc1_node1] Client PUT: key='item:0064', value='value_64_update_client3_op556'
[dc1_node1] Preference list for 'item:0064': ['localhost:50058', 'localhost:50062', 'localhost:50059']
[dc1_node1] Coordinator NOT in preference list, forwarding only
[dc1_node1] Replicated to localhost:50059
[dc1_node1] Replicated to localhost:50058
[dc1_node1] Replicated to localhost:50062
[dc1_node1] W-quorum achieved (2 writes), returning to client
[dc1_node1] Background replication continues for remaining nodes
[dc1_node1] Successful writes: 3/3
[dc1_node1] Internal PUT (replication): key='item:0095'
[dc1_node1] CONFLICT detected for key='item:0095', siblings=12
[dc1_node1] Saved 8 keys to disk
[dc1_node1] Internal PUT (replication): key='item:0063'
[dc1_node1] CONFLICT detected for key='item:0063', siblings=9
[dc1_node1] Saved 8 keys to disk
[dc1_node1] Internal PUT (replication): key='item:0079'
[dc1_node1] CONFLICT detected for key='item:0079', siblings=14
[dc1_node1] Saved 8 keys to disk
[dc1_node1] Internal PUT (replication): key='item:0025'
[dc1_node1] CONFLICT detected for key='item:0025', siblings=13
[dc1_node1] Saved 8 keys to disk
[dc1_node1] Client PUT: key='item:0089', value='value_89_update_client3_op567'
[dc1_node1] Preference list for 'item:0089': ['localhost:50064', 'localhost:50058', 'localhost:50069']
[dc1_node1] Coordinator NOT in preference list, forwarding only
[dc1_node1] Replicated to localhost:50069
[dc1_node1] Replicated to localhost:50058
[dc1_node1] Replicated to localhost:50064
[dc1_node1] W-quorum achieved (2 writes), returning to client
[dc1_node1] Background replication continues for remaining nodes
[dc1_node1] Successful writes: 3/3
[dc1_node1] Internal PUT (replication): key='item:0079'
[dc1_node1] CONFLICT detected for key='item:0079', siblings=14
[dc1_node1] Saved 8 keys to disk
[dc1_node1] Internal PUT (replication): key='item:0025'
[dc1_node1] CONFLICT detected for key='item:0025', siblings=13
[dc1_node1] Saved 8 keys to disk
[dc1_node1] Internal PUT (replication): key='item:0063'
[dc1_node1] CONFLICT detected for key='item:0063', siblings=10
[dc1_node1] Saved 8 keys to disk
[dc1_node1] Retrieved key='item:0079', versions=14
[dc1_node1] Client GET: key='item:0085'
[dc1_node1] Preference list for 'item:0085': ['localhost:50060', 'localhost:50061', 'localhost:50053']
[dc1_node1] Reading from first 2 nodes in preference list
[dc1_node1] CONFLICT: 18 sibling versions for 'item:0085'
[dc1_node1] Retrieved key='item:0063', versions=10
[dc1_node1] Internal PUT (replication): key='item:0042'
[dc1_node1] CONFLICT detected for key='item:0042', siblings=15
[dc1_node1] Saved 8 keys to disk
[dc1_node1] Client PUT: key='item:0018', value='value_18_client4_op598'
[dc1_node1] Preference list for 'item:0018': ['localhost:50064', 'localhost:50056', 'localhost:50052']
[dc1_node1] Coordinator NOT in preference list, forwarding only
[dc1_node1] Replicated to localhost:50056
[dc1_node1] Replicated to localhost:50052
[dc1_node1] Replicated to localhost:50064
[dc1_node1] W-quorum achieved (2 writes), returning to client
[dc1_node1] Background replication continues for remaining nodes
[dc1_node1] Successful writes: 3/3
[dc1_node1] Internal PUT (replication): key='item:0079'
[dc1_node1] CONFLICT detected for key='item:0079', siblings=15
[dc1_node1] Saved 8 keys to disk
[dc1_node1] Internal PUT (replication): key='item:0080'
[dc1_node1] CONFLICT detected for key='item:0080', siblings=13
[dc1_node1] Saved 8 keys to disk
[dc1_node1] Retrieved key='item:0031', versions=14
[dc1_node1] Client GET: key='item:0022'
[dc1_node1] Preference list for 'item:0022': ['localhost:50066', 'localhost:50057', 'localhost:50059']
[dc1_node1] Reading from first 2 nodes in preference list
[dc1_node1] CONFLICT: 32 sibling versions for 'item:0022'
[dc1_node1] Internal PUT (replication): key='item:0025'
[dc1_node1] CONFLICT detected for key='item:0025', siblings=14
[dc1_node1] Saved 8 keys to disk
[dc1_node1] Client PUT: key='item:0081', value='value_81_update_client4_op608'
[dc1_node1] Preference list for 'item:0081': ['localhost:50066', 'localhost:50060', 'localhost:50055']
[dc1_node1] Coordinator NOT in preference list, forwarding only
[dc1_node1] Replicated to localhost:50066
[dc1_node1] Internal PUT (replication): key='item:0025'
[dc1_node1] CONFLICT detected for key='item:0025', siblings=14
[dc1_node1] Replicated to localhost:50055
[dc1_node1] Saved 8 keys to disk
[dc1_node1] Replicated to localhost:50060
[dc1_node1] W-quorum achieved (2 writes), returning to client
[dc1_node1] Background replication continues for remaining nodes
[dc1_node1] Successful writes: 3/3
[dc1_node1] Client PUT: key='item:0063', value='value_63_update_client4_op610'
[dc1_node1] Preference list for 'item:0063': ['localhost:50069', 'localhost:50051', 'localhost:50065']
[dc1_node1] CONFLICT detected for key='item:0063', siblings=11
[dc1_node1] Saved 8 keys to disk
[dc1_node1] Coordinator IS in preference list, stored locally
[dc1_node1] Replicated to localhost:50069
[dc1_node1] Replicated to localhost:50065
[dc1_node1] W-quorum achieved (2 writes), returning to client
[dc1_node1] Background replication continues for remaining nodes
[dc1_node1] Successful writes: 3/3
[dc1_node1] Client PUT: key='item:0046', value='value_46_client1_op620'
[dc1_node1] Preference list for 'item:0046': ['localhost:50057', 'localhost:50067', 'localhost:50064']
[dc1_node1] Coordinator NOT in preference list, forwarding only
[dc1_node1] Replicated to localhost:50057
[dc1_node1] Replicated to localhost:50067
[dc1_node1] Replicated to localhost:50064
[dc1_node1] W-quorum achieved (2 writes), returning to client
[dc1_node1] Background replication continues for remaining nodes
[dc1_node1] Successful writes: 3/3
[dc1_node1] Client PUT: key='item:0041', value='value_41_client1_op621'
[dc1_node1] Preference list for 'item:0041': ['localhost:50069', 'localhost:50059', 'localhost:50064']
[dc1_node1] Coordinator NOT in preference list, forwarding only
[dc1_node1] Replicated to localhost:50069
[dc1_node1] Replicated to localhost:50059
[dc1_node1] Replicated to localhost:50064
[dc1_node1] Retrieved key='item:0079', versions=15
[dc1_node1] W-quorum achieved (2 writes), returning to client
[dc1_node1] Background replication continues for remaining nodes
[dc1_node1] Successful writes: 3/3
[dc1_node1] Client PUT: key='item:0001', value='value_1_client0_op617'
[dc1_node1] Preference list for 'item:0001': ['localhost:50067', 'localhost:50057', 'localhost:50060']
[dc1_node1] Coordinator NOT in preference list, forwarding only
[dc1_node1] Internal PUT (replication): key='item:0031'
[dc1_node1] CONFLICT detected for key='item:0031', siblings=14
[dc1_node1] Saved 8 keys to disk
[dc1_node1] Replicated to localhost:50057
[dc1_node1] Replicated to localhost:50067
[dc1_node1] Replicated to localhost:50060
[dc1_node1] W-quorum achieved (2 writes), returning to client
[dc1_node1] Background replication continues for remaining nodes
[dc1_node1] Successful writes: 3/3
[dc1_node1] Client PUT: key='item:0090', value='value_90_update_client2_op620'
[dc1_node1] Preference list for 'item:0090': ['localhost:50067', 'localhost:50052', 'localhost:50053']
[dc1_node1] Coordinator NOT in preference list, forwarding only
[dc1_node1] Internal PUT (replication): key='item:0080'
[dc1_node1] CONFLICT detected for key='item:0080', siblings=13
[dc1_node1] Saved 8 keys to disk
[dc1_node1] Replicated to localhost:50052
[dc1_node1] Replicated to localhost:50053
[dc1_node1] Replicated to localhost:50067
[dc1_node1] W-quorum achieved (2 writes), returning to client
[dc1_node1] Background replication continues for remaining nodes
[dc1_node1] Successful writes: 3/3
[dc1_node1] Client PUT: key='item:0075', value='value_75_client4_op626'
[dc1_node1] Preference list for 'item:0075': ['localhost:50059', 'localhost:50065', 'localhost:50060']
[dc1_node1] Coordinator NOT in preference list, forwarding only
[dc1_node1] Replicated to localhost:50059
[dc1_node1] Replicated to localhost:50065
[dc1_node1] Replicated to localhost:50060
[dc1_node1] W-quorum achieved (2 writes), returning to client
[dc1_node1] Background replication continues for remaining nodes
[dc1_node1] Successful writes: 3/3
[dc1_node1] Client PUT: key='item:0076', value='value_76_update_client1_op633'
[dc1_node1] Preference list for 'item:0076': ['localhost:50067', 'localhost:50052', 'localhost:50064']
[dc1_node1] Coordinator NOT in preference list, forwarding only
[dc1_node1] Replicated to localhost:50052
[dc1_node1] Replicated to localhost:50064
[dc1_node1] Replicated to localhost:50067
[dc1_node1] W-quorum achieved (2 writes), returning to client
[dc1_node1] Background replication continues for remaining nodes
[dc1_node1] Successful writes: 3/3
[dc1_node1] Internal PUT (replication): key='item:0095'
[dc1_node1] CONFLICT detected for key='item:0095', siblings=13
[dc1_node1] Saved 8 keys to disk
[dc1_node1] Internal PUT (replication): key='item:0025'
[dc1_node1] CONFLICT detected for key='item:0025', siblings=14
[dc1_node1] Saved 8 keys to disk
[dc1_node1] Internal PUT (replication): key='item:0063'
[dc1_node1] CONFLICT detected for key='item:0063', siblings=12
[dc1_node1] Saved 8 keys to disk
[dc1_node1] Client PUT: key='item:0098', value='value_98_update_client2_op633'
[dc1_node1] Preference list for 'item:0098': ['localhost:50055', 'localhost:50064', 'localhost:50067']
[dc1_node1] Coordinator NOT in preference list, forwarding only
[dc1_node1] Replicated to localhost:50067
[dc1_node1] Replicated to localhost:50055
[dc1_node1] Replicated to localhost:50064
[dc1_node1] Client PUT: key='item:0014', value='value_14_client1_op643'
[dc1_node1] Preference list for 'item:0014': ['localhost:50061', 'localhost:50055', 'localhost:50069']
[dc1_node1] Coordinator NOT in preference list, forwarding only
[dc1_node1] Replicated to localhost:50061
[dc1_node1] W-quorum achieved (2 writes), returning to client
[dc1_node1] Background replication continues for remaining nodes
[dc1_node1] Successful writes: 3/3
[dc1_node1] Replicated to localhost:50069
[dc1_node1] Replicated to localhost:50055
[dc1_node1] W-quorum achieved (2 writes), returning to client
[dc1_node1] Background replication continues for remaining nodes
[dc1_node1] Successful writes: 3/3
[dc1_node1] Internal PUT (replication): key='item:0095'
[dc1_node1] CONFLICT detected for key='item:0095', siblings=13
[dc1_node1] Saved 8 keys to disk
[dc1_node1] Internal PUT (replication): key='item:0080'
[dc1_node1] CONFLICT detected for key='item:0080', siblings=13
[dc1_node1] Saved 8 keys to disk
[dc1_node1] Internal PUT (replication): key='item:0054'
[dc1_node1] CONFLICT detected for key='item:0054', siblings=11
[dc1_node1] Saved 8 keys to disk
[dc1_node1] Internal PUT (replication): key='item:0054'
[dc1_node1] CONFLICT detected for key='item:0054', siblings=11
[dc1_node1] Saved 8 keys to disk
[dc1_node1] Internal PUT (replication): key='item:0054'
[dc1_node1] CONFLICT detected for key='item:0054', siblings=12
[dc1_node1] Saved 8 keys to disk
[dc1_node1] Internal PUT (replication): key='item:0025'
[dc1_node1] CONFLICT detected for key='item:0025', siblings=14
[dc1_node1] Saved 8 keys to disk
[dc1_node1] Internal PUT (replication): key='item:0054'
[dc1_node1] CONFLICT detected for key='item:0054', siblings=12
[dc1_node1] Client GET: key='item:0030'
[dc1_node1] Preference list for 'item:0030': ['localhost:50070', 'localhost:50056', 'localhost:50058']
[dc1_node1] Reading from first 2 nodes in preference list
[dc1_node1] Saved 8 keys to disk
[dc1_node1] CONFLICT: 22 sibling versions for 'item:0030'
[dc1_node1] Internal PUT (replication): key='item:0063'
[dc1_node1] CONFLICT detected for key='item:0063', siblings=13
[dc1_node1] Saved 8 keys to disk
[dc1_node1] Client PUT: key='item:0001', value='value_1_update_client1_op660'
[dc1_node1] Preference list for 'item:0001': ['localhost:50067', 'localhost:50057', 'localhost:50060']
[dc1_node1] Coordinator NOT in preference list, forwarding only
[dc1_node1] Internal PUT (replication): key='item:0063'
[dc1_node1] CONFLICT detected for key='item:0063', siblings=13
[dc1_node1] Saved 8 keys to disk
[dc1_node1] Replicated to localhost:50057
[dc1_node1] Replicated to localhost:50060
[dc1_node1] Replicated to localhost:50067
[dc1_node1] W-quorum achieved (2 writes), returning to client
[dc1_node1] Background replication continues for remaining nodes
[dc1_node1] Successful writes: 3/3
[dc1_node1] Client PUT: key='item:0049', value='value_49_client3_op655'
[dc1_node1] Preference list for 'item:0049': ['localhost:50066', 'localhost:50060', 'localhost:50061']
[dc1_node1] Coordinator NOT in preference list, forwarding only
[dc1_node1] Replicated to localhost:50066
[dc1_node1] Replicated to localhost:50061
[dc1_node1] Replicated to localhost:50060
[dc1_node1] W-quorum achieved (2 writes), returning to client
[dc1_node1] Background replication continues for remaining nodes
[dc1_node1] Successful writes: 3/3
[dc1_node1] Client PUT: key='item:0011', value='value_11_update_client0_op663'
[dc1_node1] Preference list for 'item:0011': ['localhost:50054', 'localhost:50066', 'localhost:50053']
[dc1_node1] Coordinator NOT in preference list, forwarding only
[dc1_node1] Replicated to localhost:50054
[dc1_node1] Replicated to localhost:50053
[dc1_node1] Replicated to localhost:50066
[dc1_node1] W-quorum achieved (2 writes), returning to client
[dc1_node1] Background replication continues for remaining nodes
[dc1_node1] Successful writes: 3/3
[dc1_node1] Internal PUT (replication): key='item:0063'
[dc1_node1] CONFLICT detected for key='item:0063', siblings=14
[dc1_node1] Saved 8 keys to disk
[dc1_node1] Client PUT: key='item:0019', value='value_19_client0_op665'
[dc1_node1] Preference list for 'item:0019': ['localhost:50059', 'localhost:50068', 'localhost:50069']
[dc1_node1] Coordinator NOT in preference list, forwarding only
[dc1_node1] Replicated to localhost:50059
[dc1_node1] Replicated to localhost:50068
[dc1_node1] Replicated to localhost:50069
[dc1_node1] W-quorum achieved (2 writes), returning to client
[dc1_node1] Background replication continues for remaining nodes
[dc1_node1] Successful writes: 3/3
[dc1_node1] Client PUT: key='item:0034', value='value_34_client4_op668'
[dc1_node1] Preference list for 'item:0034': ['localhost:50064', 'localhost:50055', 'localhost:50062']
[dc1_node1] Coordinator NOT in preference list, forwarding only
[dc1_node1] Replicated to localhost:50055
[dc1_node1] Replicated to localhost:50064
[dc1_node1] Internal PUT (replication): key='item:0031'
[dc1_node1] CONFLICT detected for key='item:0031', siblings=15
[dc1_node1] Replicated to localhost:50062
[dc1_node1] Saved 8 keys to disk
[dc1_node1] W-quorum achieved (2 writes), returning to client
[dc1_node1] Background replication continues for remaining nodes
[dc1_node1] Successful writes: 3/3
[dc1_node1] Client GET: key='item:0002'
[dc1_node1] Preference list for 'item:0002': ['localhost:50066', 'localhost:50058', 'localhost:50053']
[dc1_node1] Reading from first 2 nodes in preference list
[dc1_node1] CONFLICT: 28 sibling versions for 'item:0002'
[dc1_node1] Retrieved key='item:0095', versions=13
[dc1_node1] Internal PUT (replication): key='item:0079'
[dc1_node1] CONFLICT detected for key='item:0079', siblings=16
[dc1_node1] Saved 8 keys to disk
[dc1_node1] Client PUT: key='item:0014', value='value_14_client3_op692'
[dc1_node1] Preference list for 'item:0014': ['localhost:50061', 'localhost:50055', 'localhost:50069']
[dc1_node1] Coordinator NOT in preference list, forwarding only
[dc1_node1] Replicated to localhost:50061
[dc1_node1] Replicated to localhost:50055
[dc1_node1] Replicated to localhost:50069
[dc1_node1] W-quorum achieved (2 writes), returning to client
[dc1_node1] Background replication continues for remaining nodes
[dc1_node1] Successful writes: 3/3
[dc1_node1] Client GET: key='item:0089'
[dc1_node1] Preference list for 'item:0089': ['localhost:50064', 'localhost:50058', 'localhost:50069']
[dc1_node1] Reading from first 2 nodes in preference list
[dc1_node1] CONFLICT: 28 sibling versions for 'item:0089'
[dc1_node1] Internal PUT (replication): key='item:0054'
[dc1_node1] CONFLICT detected for key='item:0054', siblings=12
[dc1_node1] Saved 8 keys to disk
[dc1_node1] Internal PUT (replication): key='item:0031'
[dc1_node1] CONFLICT detected for key='item:0031', siblings=15
[dc1_node1] Saved 8 keys to disk
[dc1_node1] Client PUT: key='item:0070', value='value_70_update_client4_op704'
[dc1_node1] Preference list for 'item:0070': ['localhost:50060', 'localhost:50068', 'localhost:50063']
[dc1_node1] Coordinator NOT in preference list, forwarding only
[dc1_node1] Replicated to localhost:50068
[dc1_node1] Replicated to localhost:50060
[dc1_node1] Replicated to localhost:50063
[dc1_node1] W-quorum achieved (2 writes), returning to client
[dc1_node1] Background replication continues for remaining nodes
[dc1_node1] Successful writes: 3/3
[dc1_node1] Client PUT: key='item:0007', value='value_7_client2_op700'
[dc1_node1] Preference list for 'item:0007': ['localhost:50065', 'localhost:50059', 'localhost:50070']
[dc1_node1] Coordinator NOT in preference list, forwarding only
[dc1_node1] Replicated to localhost:50065
[dc1_node1] Replicated to localhost:50070
[dc1_node1] Replicated to localhost:50059
[dc1_node1] W-quorum achieved (2 writes), returning to client
[dc1_node1] Background replication continues for remaining nodes
[dc1_node1] Successful writes: 3/3
[dc1_node1] Client GET: key='item:0058'
[dc1_node1] Preference list for 'item:0058': ['localhost:50070', 'localhost:50058', 'localhost:50060']
[dc1_node1] Reading from first 2 nodes in preference list
[dc1_node1] Internal PUT (replication): key='item:0080'
[dc1_node1] CONFLICT detected for key='item:0080', siblings=13
[dc1_node1] Saved 8 keys to disk
[dc1_node1] CONFLICT: 24 sibling versions for 'item:0058'
[dc1_node1] Client GET: key='item:0030'
[dc1_node1] Preference list for 'item:0030': ['localhost:50070', 'localhost:50056', 'localhost:50058']
[dc1_node1] Reading from first 2 nodes in preference list
[dc1_node1] Internal PUT (replication): key='item:0025'
[dc1_node1] CONFLICT detected for key='item:0025', siblings=14
[dc1_node1] Saved 8 keys to disk
[dc1_node1] CONFLICT: 22 sibling versions for 'item:0030'
[dc1_node1] Internal PUT (replication): key='item:0042'
[dc1_node1] CONFLICT detected for key='item:0042', siblings=15
[dc1_node1] Saved 8 keys to disk
[dc1_node1] Internal PUT (replication): key='item:0079'
[dc1_node1] CONFLICT detected for key='item:0079', siblings=16
[dc1_node1] Saved 8 keys to disk
[dc1_node1] Client PUT: key='item:0038', value='value_38_update_client3_op705'
[dc1_node1] Preference list for 'item:0038': ['localhost:50059', 'localhost:50065', 'localhost:50060']
[dc1_node1] Coordinator NOT in preference list, forwarding only
[dc1_node1] Replicated to localhost:50059
[dc1_node1] Replicated to localhost:50065
[dc1_node1] Replicated to localhost:50060
[dc1_node1] W-quorum achieved (2 writes), returning to client
[dc1_node1] Background replication continues for remaining nodes
[dc1_node1] Successful writes: 3/3
[dc1_node1] Client PUT: key='item:0020', value='value_20_update_client0_op711'
[dc1_node1] Preference list for 'item:0020': ['localhost:50052', 'localhost:50061', 'localhost:50065']
[dc1_node1] Coordinator NOT in preference list, forwarding only
[dc1_node1] Replicated to localhost:50065
[dc1_node1] Replicated to localhost:50061
[dc1_node1] Replicated to localhost:50052
[dc1_node1] W-quorum achieved (2 writes), returning to client
[dc1_node1] Background replication continues for remaining nodes
[dc1_node1] Successful writes: 3/3
[dc1_node1] Internal PUT (replication): key='item:0042'
[dc1_node1] CONFLICT detected for key='item:0042', siblings=15
[dc1_node1] Client PUT: key='item:0087', value='value_87_update_client0_op712'
[dc1_node1] Preference list for 'item:0087': ['localhost:50052', 'localhost:50061', 'localhost:50063']
[dc1_node1] Coordinator NOT in preference list, forwarding only
[dc1_node1] Saved 8 keys to disk
[dc1_node1] Replicated to localhost:50063
[dc1_node1] Replicated to localhost:50052
[dc1_node1] Replicated to localhost:50061
[dc1_node1] W-quorum achieved (2 writes), returning to client
[dc1_node1] Background replication continues for remaining nodes
[dc1_node1] Successful writes: 3/3
[dc1_node1] Client GET: key='item:0085'
[dc1_node1] Preference list for 'item:0085': ['localhost:50060', 'localhost:50061', 'localhost:50053']
[dc1_node1] Reading from first 2 nodes in preference list
[dc1_node1] CONFLICT: 22 sibling versions for 'item:0085'
[dc1_node1] Internal PUT (replication): key='item:0042'
[dc1_node1] CONFLICT detected for key='item:0042', siblings=16
[dc1_node1] Saved 8 keys to disk
[dc1_node1] Client GET: key='item:0080'
[dc1_node1] Preference list for 'item:0080': ['localhost:50056', 'localhost:50067', 'localhost:50051']
[dc1_node1] Reading from first 2 nodes in preference list
[dc1_node1] CONFLICT: 26 sibling versions for 'item:0080'
[dc1_node1] Internal PUT (replication): key='item:0031'
[dc1_node1] CONFLICT detected for key='item:0031', siblings=15
[dc1_node1] Saved 8 keys to disk
[dc1_node1] Retrieved key='item:0095', versions=13
[dc1_node1] Internal PUT (replication): key='item:0025'
[dc1_node1] CONFLICT detected for key='item:0025', siblings=14
[dc1_node1] Saved 8 keys to disk
[dc1_node1] Retrieved key='item:0031', versions=15
[dc1_node1] Client PUT: key='item:0040', value='value_40_update_client1_op742'
[dc1_node1] Preference list for 'item:0040': ['localhost:50070', 'localhost:50055', 'localhost:50065']
[dc1_node1] Coordinator NOT in preference list, forwarding only
[dc1_node1] Client GET: key='item:0028'
[dc1_node1] Preference list for 'item:0028': ['localhost:50069', 'localhost:50060', 'localhost:50057']
[dc1_node1] Reading from first 2 nodes in preference list
[dc1_node1] Replicated to localhost:50055
[dc1_node1] Replicated to localhost:50070
[dc1_node1] Replicated to localhost:50065
[dc1_node1] CONFLICT: 30 sibling versions for 'item:0028'
[dc1_node1] Client GET: key='item:0038'
[dc1_node1] Preference list for 'item:0038': ['localhost:50059', 'localhost:50065', 'localhost:50060']
[dc1_node1] Reading from first 2 nodes in preference list
[dc1_node1] W-quorum achieved (2 writes), returning to client
[dc1_node1] Background replication continues for remaining nodes
[dc1_node1] Successful writes: 3/3
[dc1_node1] Client PUT: key='item:0096', value='value_96_client0_op727'
[dc1_node1] Preference list for 'item:0096': ['localhost:50070', 'localhost:50058', 'localhost:50060']
[dc1_node1] Coordinator NOT in preference list, forwarding only
[dc1_node1] CONFLICT: 30 sibling versions for 'item:0038'
[dc1_node1] Replicated to localhost:50070
[dc1_node1] Replicated to localhost:50058
[dc1_node1] Replicated to localhost:50060
[dc1_node1] W-quorum achieved (2 writes), returning to client
[dc1_node1] Background replication continues for remaining nodes
[dc1_node1] Successful writes: 3/3
[dc1_node1] Internal PUT (replication): key='item:0080'
[dc1_node1] CONFLICT detected for key='item:0080', siblings=13
[dc1_node1] Saved 8 keys to disk
[dc1_node1] Client PUT: key='item:0001', value='value_1_client3_op731'
[dc1_node1] Preference list for 'item:0001': ['localhost:50067', 'localhost:50057', 'localhost:50060']
[dc1_node1] Coordinator NOT in preference list, forwarding only
[dc1_node1] Replicated to localhost:50057
[dc1_node1] Replicated to localhost:50060
[dc1_node1] Replicated to localhost:50067
[dc1_node1] Internal PUT (replication): key='item:0080'
[dc1_node1] CONFLICT detected for key='item:0080', siblings=13
[dc1_node1] Saved 8 keys to disk
[dc1_node1] W-quorum achieved (2 writes), returning to client
[dc1_node1] Background replication continues for remaining nodes
[dc1_node1] Successful writes: 3/3
[dc1_node1] Internal PUT (replication): key='item:0054'
[dc1_node1] CONFLICT detected for key='item:0054', siblings=12
[dc1_node1] Saved 8 keys to disk
[dc1_node1] Client GET: key='item:0055'
[dc1_node1] Preference list for 'item:0055': ['localhost:50059', 'localhost:50068', 'localhost:50056']
[dc1_node1] Reading from first 2 nodes in preference list
[dc1_node1] CONFLICT: 32 sibling versions for 'item:0055'
[dc1_node1] Client GET: key='item:0053'
[dc1_node1] Preference list for 'item:0053': ['localhost:50056', 'localhost:50068', 'localhost:50062']
[dc1_node1] Reading from first 2 nodes in preference list
[dc1_node1] CONFLICT: 30 sibling versions for 'item:0053'
[dc1_node1] Client PUT: key='item:0083', value='value_83_client2_op740'
[dc1_node1] Preference list for 'item:0083': ['localhost:50064', 'localhost:50057', 'localhost:50070']
[dc1_node1] Coordinator NOT in preference list, forwarding only
[dc1_node1] Replicated to localhost:50057
[dc1_node1] Replicated to localhost:50064
[dc1_node1] Replicated to localhost:50070
[dc1_node1] W-quorum achieved (2 writes), returning to client
[dc1_node1] Background replication continues for remaining nodes
[dc1_node1] Successful writes: 3/3
[dc1_node1] Internal PUT (replication): key='item:0025'
[dc1_node1] CONFLICT detected for key='item:0025', siblings=14
[dc1_node1] Saved 8 keys to disk
[dc1_node1] Retrieved key='item:0031', versions=15
[dc1_node1] Client GET: key='item:0079'
[dc1_node1] Preference list for 'item:0079': ['localhost:50051', 'localhost:50065', 'localhost:50060']
[dc1_node1] Reading from first 2 nodes in preference list
[dc1_node1] Retrieved key='item:0079', versions=16
[dc1_node1] Read locally (coordinator in preference list)
[dc1_node1] CONFLICT: 32 sibling versions for 'item:0079'
[dc1_node1] Internal PUT (replication): key='item:0025'
[dc1_node1] CONFLICT detected for key='item:0025', siblings=15
[dc1_node1] Saved 8 keys to disk
[dc1_node1] Client GET: key='item:0097'
[dc1_node1] Preference list for 'item:0097': ['localhost:50060', 'localhost:50064', 'localhost:50052']
[dc1_node1] Reading from first 2 nodes in preference list
[dc1_node1] CONFLICT: 26 sibling versions for 'item:0097'
[dc1_node1] Retrieved key='item:0031', versions=15
[dc1_node1] Client PUT: key='item:0018', value='value_18_update_client4_op760'
[dc1_node1] Preference list for 'item:0018': ['localhost:50064', 'localhost:50056', 'localhost:50052']
[dc1_node1] Coordinator NOT in preference list, forwarding only
[dc1_node1] Replicated to localhost:50064
[dc1_node1] Replicated to localhost:50052
[dc1_node1] Replicated to localhost:50056
[dc1_node1] Internal PUT (replication): key='item:0080'
[dc1_node1] CONFLICT detected for key='item:0080', siblings=13
[dc1_node1] Saved 8 keys to disk
[dc1_node1] W-quorum achieved (2 writes), returning to client
[dc1_node1] Background replication continues for remaining nodes
[dc1_node1] Successful writes: 3/3
[dc1_node1] Client GET: key='item:0044'
[dc1_node1] Preference list for 'item:0044': ['localhost:50055', 'localhost:50068', 'localhost:50060']
[dc1_node1] Reading from first 2 nodes in preference list
[dc1_node1] CONFLICT: 32 sibling versions for 'item:0044'
[dc1_node1] Internal PUT (replication): key='item:0054'
[dc1_node1] CONFLICT detected for key='item:0054', siblings=12
[dc1_node1] Saved 8 keys to disk
[dc1_node1] Internal PUT (replication): key='item:0095'
[dc1_node1] CONFLICT detected for key='item:0095', siblings=13
[dc1_node1] Saved 8 keys to disk
[dc1_node1] Internal PUT (replication): key='item:0095'
[dc1_node1] CONFLICT detected for key='item:0095', siblings=13
[dc1_node1] Saved 8 keys to disk
[dc1_node1] Client PUT: key='item:0008', value='value_8_update_client3_op773'
[dc1_node1] Preference list for 'item:0008': ['localhost:50065', 'localhost:50060', 'localhost:50055']
[dc1_node1] Coordinator NOT in preference list, forwarding only
[dc1_node1] Replicated to localhost:50065
[dc1_node1] Replicated to localhost:50055
[dc1_node1] Replicated to localhost:50060
[dc1_node1] W-quorum achieved (2 writes), returning to client
[dc1_node1] Background replication continues for remaining nodes
[dc1_node1] Successful writes: 3/3
[dc1_node1] Client PUT: key='item:0047', value='value_47_update_client2_op777'
[dc1_node1] Preference list for 'item:0047': ['localhost:50070', 'localhost:50055', 'localhost:50065']
[dc1_node1] Coordinator NOT in preference list, forwarding only
[dc1_node1] Replicated to localhost:50070
[dc1_node1] Replicated to localhost:50055
[dc1_node1] Replicated to localhost:50065
[dc1_node1] W-quorum achieved (2 writes), returning to client
[dc1_node1] Background replication continues for remaining nodes
[dc1_node1] Successful writes: 3/3
[dc1_node1] Client GET: key='item:0034'
[dc1_node1] Preference list for 'item:0034': ['localhost:50064', 'localhost:50055', 'localhost:50062']
[dc1_node1] Reading from first 2 nodes in preference list
[dc1_node1] CONFLICT: 34 sibling versions for 'item:0034'
[dc1_node1] Internal PUT (replication): key='item:0095'
[dc1_node1] CONFLICT detected for key='item:0095', siblings=14
[dc1_node1] Saved 8 keys to disk
[dc1_node1] Internal PUT (replication): key='item:0054'
[dc1_node1] CONFLICT detected for key='item:0054', siblings=13
[dc1_node1] Saved 8 keys to disk
[dc1_node1] Client GET: key='item:0016'
[dc1_node1] Preference list for 'item:0016': ['localhost:50062', 'localhost:50058', 'localhost:50053']
[dc1_node1] Reading from first 2 nodes in preference list
[dc1_node1] CONFLICT: 32 sibling versions for 'item:0016'
[dc1_node1] Client PUT: key='item:0074', value='value_74_client1_op795'
[dc1_node1] Preference list for 'item:0074': ['localhost:50066', 'localhost:50058', 'localhost:50062']
[dc1_node1] Coordinator NOT in preference list, forwarding only
[dc1_node1] Replicated to localhost:50066
[dc1_node1] Replicated to localhost:50062
[dc1_node1] Replicated to localhost:50058
[dc1_node1] W-quorum achieved (2 writes), returning to client
[dc1_node1] Background replication continues for remaining nodes
[dc1_node1] Successful writes: 3/3
[dc1_node1] Internal PUT (replication): key='item:0063'
[dc1_node1] CONFLICT detected for key='item:0063', siblings=14
[dc1_node1] Internal PUT (replication): key='item:0080'
[dc1_node1] Saved 8 keys to disk
[dc1_node1] CONFLICT detected for key='item:0080', siblings=13
[dc1_node1] Saved 8 keys to disk
[dc1_node1] Client PUT: key='item:0049', value='value_49_client4_op787'
[dc1_node1] Preference list for 'item:0049': ['localhost:50066', 'localhost:50060', 'localhost:50061']
[dc1_node1] Coordinator NOT in preference list, forwarding only
[dc1_node1] Internal PUT (replication): key='item:0063'
[dc1_node1] CONFLICT detected for key='item:0063', siblings=14
[dc1_node1] Saved 8 keys to disk
[dc1_node1] Replicated to localhost:50066
[dc1_node1] Client PUT: key='item:0034', value='value_34_update_client0_op783'
[dc1_node1] Preference list for 'item:0034': ['localhost:50064', 'localhost:50055', 'localhost:50062']
[dc1_node1] Coordinator NOT in preference list, forwarding only
[dc1_node1] Replicated to localhost:50060
[dc1_node1] Client GET: key='item:0033'
[dc1_node1] Preference list for 'item:0033': ['localhost:50058', 'localhost:50063', 'localhost:50062']
[dc1_node1] Reading from first 2 nodes in preference list
[dc1_node1] Replicated to localhost:50061
[dc1_node1] Replicated to localhost:50055
[dc1_node1] Replicated to localhost:50064
[dc1_node1] CONFLICT: 30 sibling versions for 'item:0033'
[dc1_node1] W-quorum achieved (2 writes), returning to client
[dc1_node1] Background replication continues for remaining nodes
[dc1_node1] Successful writes: 3/3
[dc1_node1] Replicated to localhost:50062
[dc1_node1] W-quorum achieved (2 writes), returning to client
[dc1_node1] Background replication continues for remaining nodes
[dc1_node1] Successful writes: 3/3
[dc1_node1] Internal PUT (replication): key='item:0080'
[dc1_node1] CONFLICT detected for key='item:0080', siblings=13
[dc1_node1] Saved 8 keys to disk
[dc1_node1] Internal PUT (replication): key='item:0042'
[dc1_node1] CONFLICT detected for key='item:0042', siblings=16
[dc1_node1] Client GET: key='item:0008'
[dc1_node1] Preference list for 'item:0008': ['localhost:50065', 'localhost:50060', 'localhost:50055']
[dc1_node1] Reading from first 2 nodes in preference list
[dc1_node1] Saved 8 keys to disk
[dc1_node1] CONFLICT: 22 sibling versions for 'item:0008'
[dc1_node1] Client PUT: key='item:0048', value='value_48_update_client2_op792'
[dc1_node1] Preference list for 'item:0048': ['localhost:50070', 'localhost:50054', 'localhost:50064']
[dc1_node1] Coordinator NOT in preference list, forwarding only
[dc1_node1] Replicated to localhost:50054
[dc1_node1] Replicated to localhost:50070
[dc1_node1] Replicated to localhost:50064
[dc1_node1] W-quorum achieved (2 writes), returning to client
[dc1_node1] Background replication continues for remaining nodes
[dc1_node1] Successful writes: 3/3
[dc1_node1] Internal PUT (replication): key='item:0054'
[dc1_node1] CONFLICT detected for key='item:0054', siblings=13
[dc1_node1] Saved 8 keys to disk
[dc1_node1] Internal PUT (replication): key='item:0079'
[dc1_node1] CONFLICT detected for key='item:0079', siblings=17
[dc1_node1] Saved 8 keys to disk
[dc1_node1] Internal PUT (replication): key='item:0063'
[dc1_node1] CONFLICT detected for key='item:0063', siblings=15
[dc1_node1] Saved 8 keys to disk
[dc1_node1] Internal PUT (replication): key='item:0025'
[dc1_node1] CONFLICT detected for key='item:0025', siblings=15
[dc1_node1] Saved 8 keys to disk
[dc1_node1] Internal PUT (replication): key='item:0042'
[dc1_node1] CONFLICT detected for key='item:0042', siblings=17
[dc1_node1] Saved 8 keys to disk
[dc1_node1] Client PUT: key='item:0087', value='value_87_update_client4_op805'
[dc1_node1] Preference list for 'item:0087': ['localhost:50052', 'localhost:50061', 'localhost:50063']
[dc1_node1] Coordinator NOT in preference list, forwarding only
[dc1_node1] Replicated to localhost:50063
[dc1_node1] Replicated to localhost:50061
[dc1_node1] Replicated to localhost:50052
[dc1_node1] W-quorum achieved (2 writes), returning to client
[dc1_node1] Background replication continues for remaining nodes
[dc1_node1] Successful writes: 3/3
[dc1_node1] Client GET: key='item:0091'
[dc1_node1] Preference list for 'item:0091': ['localhost:50058', 'localhost:50063', 'localhost:50056']
[dc1_node1] Reading from first 2 nodes in preference list
[dc1_node1] CONFLICT: 28 sibling versions for 'item:0091'
[dc1_node1] Internal PUT (replication): key='item:0079'
[dc1_node1] CONFLICT detected for key='item:0079', siblings=17
[dc1_node1] Saved 8 keys to disk
[dc1_node1] Internal PUT (replication): key='item:0063'
[dc1_node1] CONFLICT detected for key='item:0063', siblings=15
[dc1_node1] Saved 8 keys to disk
[dc1_node1] Internal PUT (replication): key='item:0080'
[dc1_node1] CONFLICT detected for key='item:0080', siblings=14
[dc1_node1] Saved 8 keys to disk
[dc1_node1] Client PUT: key='item:0027', value='value_27_update_client2_op824'
[dc1_node1] Preference list for 'item:0027': ['localhost:50067', 'localhost:50058', 'localhost:50052']
[dc1_node1] Coordinator NOT in preference list, forwarding only
[dc1_node1] Replicated to localhost:50058
[dc1_node1] Replicated to localhost:50052
[dc1_node1] Replicated to localhost:50067
[dc1_node1] W-quorum achieved (2 writes), returning to client
[dc1_node1] Background replication continues for remaining nodes
[dc1_node1] Successful writes: 3/3
[dc1_node1] Internal PUT (replication): key='item:0095'
[dc1_node1] CONFLICT detected for key='item:0095', siblings=14
[dc1_node1] Saved 8 keys to disk
[dc1_node1] Client PUT: key='item:0062', value='value_62_update_client0_op816'
[dc1_node1] Preference list for 'item:0062': ['localhost:50058', 'localhost:50062', 'localhost:50053']
[dc1_node1] Coordinator NOT in preference list, forwarding only
[dc1_node1] Replicated to localhost:50053
[dc1_node1] Replicated to localhost:50062
[dc1_node1] Replicated to localhost:50058
[dc1_node1] W-quorum achieved (2 writes), returning to client
[dc1_node1] Background replication continues for remaining nodes
[dc1_node1] Successful writes: 3/3
[dc1_node1] Client PUT: key='item:0042', value='value_42_update_client2_op828'
[dc1_node1] Preference list for 'item:0042': ['localhost:50053', 'localhost:50062', 'localhost:50051']
[dc1_node1] CONFLICT detected for key='item:0042', siblings=18
[dc1_node1] Saved 8 keys to disk
[dc1_node1] Coordinator IS in preference list, stored locally
[dc1_node1] Replicated to localhost:50062
[dc1_node1] Replicated to localhost:50053
[dc1_node1] W-quorum achieved (2 writes), returning to client
[dc1_node1] Background replication continues for remaining nodes
[dc1_node1] Successful writes: 3/3
[dc1_node1] Client PUT: key='item:0090', value='value_90_client2_op829'
[dc1_node1] Preference list for 'item:0090': ['localhost:50067', 'localhost:50052', 'localhost:50053']
[dc1_node1] Coordinator NOT in preference list, forwarding only
[dc1_node1] Replicated to localhost:50052
[dc1_node1] Replicated to localhost:50067
[dc1_node1] Replicated to localhost:50053
[dc1_node1] W-quorum achieved (2 writes), returning to client
[dc1_node1] Background replication continues for remaining nodes
[dc1_node1] Successful writes: 3/3
[dc1_node1] Retrieved key='item:0079', versions=17
[dc1_node1] Internal PUT (replication): key='item:0063'
[dc1_node1] CONFLICT detected for key='item:0063', siblings=15
[dc1_node1] Internal PUT (replication): key='item:0054'
[dc1_node1] Saved 8 keys to disk
[dc1_node1] CONFLICT detected for key='item:0054', siblings=14
[dc1_node1] Saved 8 keys to disk
[dc1_node1] Internal PUT (replication): key='item:0095'
[dc1_node1] CONFLICT detected for key='item:0095', siblings=14
[dc1_node1] Client PUT: key='item:0015', value='value_15_update_client4_op839'
[dc1_node1] Preference list for 'item:0015': ['localhost:50052', 'localhost:50065', 'localhost:50068']
[dc1_node1] Coordinator NOT in preference list, forwarding only
[dc1_node1] Saved 8 keys to disk
[dc1_node1] Replicated to localhost:50052
[dc1_node1] Replicated to localhost:50065
[dc1_node1] Replicated to localhost:50068
[dc1_node1] W-quorum achieved (2 writes), returning to client
[dc1_node1] Background replication continues for remaining nodes
[dc1_node1] Successful writes: 3/3
[dc1_node1] Client PUT: key='item:0054', value='value_54_client0_op831'
[dc1_node1] Preference list for 'item:0054': ['localhost:50060', 'localhost:50067', 'localhost:50051']
[dc1_node1] CONFLICT detected for key='item:0054', siblings=15
[dc1_node1] Client PUT: key='item:0050', value='value_50_update_client4_op840'
[dc1_node1] Preference list for 'item:0050': ['localhost:50053', 'localhost:50061', 'localhost:50052']
[dc1_node1] Coordinator NOT in preference list, forwarding only
[dc1_node1] Saved 8 keys to disk
[dc1_node1] Coordinator IS in preference list, stored locally
[dc1_node1] Replicated to localhost:50053
[dc1_node1] Replicated to localhost:50061
[dc1_node1] Replicated to localhost:50052
[dc1_node1] Replicated to localhost:50067
[dc1_node1] Replicated to localhost:50060
[dc1_node1] W-quorum achieved (2 writes), returning to client
[dc1_node1] Background replication continues for remaining nodes
[dc1_node1] Successful writes: 3/3
[dc1_node1] W-quorum achieved (2 writes), returning to client
[dc1_node1] Background replication continues for remaining nodes
[dc1_node1] Successful writes: 3/3
[dc1_node1] Retrieved key='item:0063', versions=15
[dc1_node1] Client PUT: key='item:0007', value='value_7_client1_op852'
[dc1_node1] Preference list for 'item:0007': ['localhost:50065', 'localhost:50059', 'localhost:50070']
[dc1_node1] Coordinator NOT in preference list, forwarding only
[dc1_node1] Replicated to localhost:50065
[dc1_node1] Replicated to localhost:50059
[dc1_node1] Replicated to localhost:50070
[dc1_node1] W-quorum achieved (2 writes), returning to client
[dc1_node1] Background replication continues for remaining nodes
[dc1_node1] Successful writes: 3/3
[dc1_node1] Retrieved key='item:0095', versions=14
[dc1_node1] Retrieved key='item:0095', versions=14
[dc1_node1] Internal PUT (replication): key='item:0095'
[dc1_node1] CONFLICT detected for key='item:0095', siblings=15
[dc1_node1] Saved 8 keys to disk
[dc1_node1] Internal PUT (replication): key='item:0079'
[dc1_node1] CONFLICT detected for key='item:0079', siblings=17
[dc1_node1] Saved 8 keys to disk
[dc1_node1] Internal PUT (replication): key='item:0054'
[dc1_node1] CONFLICT detected for key='item:0054', siblings=15
[dc1_node1] Saved 8 keys to disk
[dc1_node1] Client PUT: key='item:0074', value='value_74_client4_op851'
[dc1_node1] Preference list for 'item:0074': ['localhost:50066', 'localhost:50058', 'localhost:50062']
[dc1_node1] Coordinator NOT in preference list, forwarding only
[dc1_node1] Replicated to localhost:50058
[dc1_node1] Replicated to localhost:50066
[dc1_node1] Replicated to localhost:50062
[dc1_node1] W-quorum achieved (2 writes), returning to client
[dc1_node1] Background replication continues for remaining nodes
[dc1_node1] Successful writes: 3/3
[dc1_node1] Client PUT: key='item:0074', value='value_74_client0_op847'
[dc1_node1] Preference list for 'item:0074': ['localhost:50066', 'localhost:50058', 'localhost:50062']
[dc1_node1] Coordinator NOT in preference list, forwarding only
[dc1_node1] Replicated to localhost:50066
[dc1_node1] Replicated to localhost:50058
[dc1_node1] Replicated to localhost:50062
[dc1_node1] W-quorum achieved (2 writes), returning to client
[dc1_node1] Background replication continues for remaining nodes
[dc1_node1] Successful writes: 3/3
[dc1_node1] Internal PUT (replication): key='item:0095'
[dc1_node1] CONFLICT detected for key='item:0095', siblings=15
[dc1_node1] Saved 8 keys to disk
[dc1_node1] Internal PUT (replication): key='item:0054'
[dc1_node1] CONFLICT detected for key='item:0054', siblings=15
[dc1_node1] Saved 8 keys to disk
[dc1_node1] Internal PUT (replication): key='item:0042'
[dc1_node1] CONFLICT detected for key='item:0042', siblings=18
[dc1_node1] Saved 8 keys to disk
[dc1_node1] Internal PUT (replication): key='item:0025'
[dc1_node1] CONFLICT detected for key='item:0025', siblings=15
[dc1_node1] Saved 8 keys to disk
[dc1_node1] Internal PUT (replication): key='item:0042'
[dc1_node1] CONFLICT detected for key='item:0042', siblings=18
[dc1_node1] Client PUT: key='item:0097', value='value_97_update_client2_op863'
[dc1_node1] Preference list for 'item:0097': ['localhost:50060', 'localhost:50064', 'localhost:50052']
[dc1_node1] Coordinator NOT in preference list, forwarding only
[dc1_node1] Saved 8 keys to disk
[dc1_node1] Internal PUT (replication): key='item:0079'
[dc1_node1] CONFLICT detected for key='item:0079', siblings=18
[dc1_node1] Saved 8 keys to disk
[dc1_node1] Replicated to localhost:50052
[dc1_node1] Replicated to localhost:50064
[dc1_node1] Replicated to localhost:50060
[dc1_node1] W-quorum achieved (2 writes), returning to client
[dc1_node1] Background replication continues for remaining nodes
[dc1_node1] Successful writes: 3/3
[dc1_node1] Client GET: key='item:0060'
[dc1_node1] Preference list for 'item:0060': ['localhost:50054', 'localhost:50061', 'localhost:50064']
[dc1_node1] Reading from first 2 nodes in preference list
[dc1_node1] Internal PUT (replication): key='item:0063'
[dc1_node1] CONFLICT detected for key='item:0063', siblings=16
[dc1_node1] CONFLICT: 34 sibling versions for 'item:0060'
[dc1_node1] Saved 8 keys to disk
[dc1_node1] Internal PUT (replication): key='item:0025'
[dc1_node1] CONFLICT detected for key='item:0025', siblings=15
[dc1_node1] Saved 8 keys to disk
[dc1_node1] Internal PUT (replication): key='item:0079'
[dc1_node1] CONFLICT detected for key='item:0079', siblings=18
[dc1_node1] Saved 8 keys to disk
[dc1_node1] Retrieved key='item:0063', versions=16
[dc1_node1] Client PUT: key='item:0062', value='value_62_client0_op856'
[dc1_node1] Preference list for 'item:0062': ['localhost:50058', 'localhost:50062', 'localhost:50053']
[dc1_node1] Coordinator NOT in preference list, forwarding only
[dc1_node1] Internal PUT (replication): key='item:0095'
[dc1_node1] CONFLICT detected for key='item:0095', siblings=15
[dc1_node1] Replicated to localhost:50053
[dc1_node1] Saved 8 keys to disk
[dc1_node1] Replicated to localhost:50062
[dc1_node1] Replicated to localhost:50058
[dc1_node1] W-quorum achieved (2 writes), returning to client
[dc1_node1] Background replication continues for remaining nodes
[dc1_node1] Successful writes: 3/3
[dc1_node1] Internal PUT (replication): key='item:0042'
[dc1_node1] CONFLICT detected for key='item:0042', siblings=18
[dc1_node1] Saved 8 keys to disk
[dc1_node1] Internal PUT (replication): key='item:0095'
[dc1_node1] CONFLICT detected for key='item:0095', siblings=16
[dc1_node1] Saved 8 keys to disk
[dc1_node1] Client GET: key='item:0015'
[dc1_node1] Preference list for 'item:0015': ['localhost:50052', 'localhost:50065', 'localhost:50068']
[dc1_node1] Reading from first 2 nodes in preference list
[dc1_node1] CONFLICT: 34 sibling versions for 'item:0015'
[dc1_node1] Client PUT: key='item:0036', value='value_36_client3_op870'
[dc1_node1] Preference list for 'item:0036': ['localhost:50058', 'localhost:50063', 'localhost:50056']
[dc1_node1] Coordinator NOT in preference list, forwarding only
[dc1_node1] Replicated to localhost:50063
[dc1_node1] Replicated to localhost:50058
[dc1_node1] Replicated to localhost:50056
[dc1_node1] W-quorum achieved (2 writes), returning to client
[dc1_node1] Background replication continues for remaining nodes
[dc1_node1] Successful writes: 3/3
[dc1_node1] Internal PUT (replication): key='item:0031'
[dc1_node1] CONFLICT detected for key='item:0031', siblings=16
[dc1_node1] Saved 8 keys to disk
[dc1_node1] Internal PUT (replication): key='item:0031'
[dc1_node1] CONFLICT detected for key='item:0031', siblings=16
[dc1_node1] Saved 8 keys to disk
[dc1_node1] Client PUT: key='item:0022', value='value_22_update_client2_op886'
[dc1_node1] Preference list for 'item:0022': ['localhost:50066', 'localhost:50057', 'localhost:50059']
[dc1_node1] Coordinator NOT in preference list, forwarding only
[dc1_node1] Replicated to localhost:50057
[dc1_node1] Replicated to localhost:50059
[dc1_node1] Replicated to localhost:50066
[dc1_node1] Internal PUT (replication): key='item:0031'
[dc1_node1] CONFLICT detected for key='item:0031', siblings=17
[dc1_node1] Saved 8 keys to disk
[dc1_node1] W-quorum achieved (2 writes), returning to client
[dc1_node1] Background replication continues for remaining nodes
[dc1_node1] Successful writes: 3/3
[dc1_node1] Retrieved key='item:0031', versions=17
[dc1_node1] Client GET: key='item:0018'
[dc1_node1] Preference list for 'item:0018': ['localhost:50064', 'localhost:50056', 'localhost:50052']
[dc1_node1] Reading from first 2 nodes in preference list
[dc1_node1] CONFLICT: 24 sibling versions for 'item:0018'
[dc1_node1] Client PUT: key='item:0074', value='value_74_update_client0_op880'
[dc1_node1] Preference list for 'item:0074': ['localhost:50066', 'localhost:50058', 'localhost:50062']
[dc1_node1] Coordinator NOT in preference list, forwarding only
[dc1_node1] Replicated to localhost:50066
[dc1_node1] Replicated to localhost:50058
[dc1_node1] Replicated to localhost:50062
[dc1_node1] Client GET: key='item:0048'
[dc1_node1] Preference list for 'item:0048': ['localhost:50070', 'localhost:50054', 'localhost:50064']
[dc1_node1] Reading from first 2 nodes in preference list
[dc1_node1] CONFLICT: 36 sibling versions for 'item:0048'
[dc1_node1] W-quorum achieved (2 writes), returning to client
[dc1_node1] Background replication continues for remaining nodes
[dc1_node1] Successful writes: 3/3
[dc1_node1] Client PUT: key='item:0036', value='value_36_client2_op893'
[dc1_node1] Preference list for 'item:0036': ['localhost:50058', 'localhost:50063', 'localhost:50056']
[dc1_node1] Coordinator NOT in preference list, forwarding only
[dc1_node1] Replicated to localhost:50056
[dc1_node1] Replicated to localhost:50063
[dc1_node1] Replicated to localhost:50058
[dc1_node1] W-quorum achieved (2 writes), returning to client
[dc1_node1] Background replication continues for remaining nodes
[dc1_node1] Successful writes: 3/3
[dc1_node1] Internal PUT (replication): key='item:0025'
[dc1_node1] CONFLICT detected for key='item:0025', siblings=15
[dc1_node1] Saved 8 keys to disk
[dc1_node1] Client PUT: key='item:0037', value='value_37_client2_op896'
[dc1_node1] Preference list for 'item:0037': ['localhost:50066', 'localhost:50052', 'localhost:50063']
[dc1_node1] Coordinator NOT in preference list, forwarding only
[dc1_node1] Client PUT: key='item:0092', value='value_92_update_client4_op892'
[dc1_node1] Preference list for 'item:0092': ['localhost:50055', 'localhost:50069', 'localhost:50056']
[dc1_node1] Coordinator NOT in preference list, forwarding only
[dc1_node1] Replicated to localhost:50066
[dc1_node1] Replicated to localhost:50052
[dc1_node1] Replicated to localhost:50063
[dc1_node1] Internal PUT (replication): key='item:0095'
[dc1_node1] CONFLICT detected for key='item:0095', siblings=16
[dc1_node1] Saved 8 keys to disk
[dc1_node1] Internal PUT (replication): key='item:0031'
[dc1_node1] CONFLICT detected for key='item:0031', siblings=17
[dc1_node1] Replicated to localhost:50069
[dc1_node1] W-quorum achieved (2 writes), returning to client
[dc1_node1] Background replication continues for remaining nodes
[dc1_node1] Successful writes: 3/3
[dc1_node1] Replicated to localhost:50056
[dc1_node1] Replicated to localhost:50055
[dc1_node1] Saved 8 keys to disk
[dc1_node1] W-quorum achieved (2 writes), returning to client
[dc1_node1] Background replication continues for remaining nodes
[dc1_node1] Successful writes: 3/3
[dc1_node1] Client GET: key='item:0093'
[dc1_node1] Preference list for 'item:0093': ['localhost:50052', 'localhost:50062', 'localhost:50054']
[dc1_node1] Reading from first 2 nodes in preference list
[dc1_node1] CONFLICT: 34 sibling versions for 'item:0093'
[dc1_node1] Internal PUT (replication): key='item:0042'
[dc1_node1] CONFLICT detected for key='item:0042', siblings=18
[dc1_node1] Saved 8 keys to disk
[dc1_node1] Internal PUT (replication): key='item:0025'
[dc1_node1] CONFLICT detected for key='item:0025', siblings=15
[dc1_node1] Saved 8 keys to disk
[dc1_node1] Internal PUT (replication): key='item:0080'
[dc1_node1] CONFLICT detected for key='item:0080', siblings=14
[dc1_node1] Saved 8 keys to disk
[dc1_node1] Internal PUT (replication): key='item:0079'
[dc1_node1] CONFLICT detected for key='item:0079', siblings=19
[dc1_node1] Saved 8 keys to disk
[dc1_node1] Retrieved key='item:0063', versions=16
[dc1_node1] Client GET: key='item:0037'
[dc1_node1] Preference list for 'item:0037': ['localhost:50066', 'localhost:50052', 'localhost:50063']
[dc1_node1] Reading from first 2 nodes in preference list
[dc1_node1] CONFLICT: 36 sibling versions for 'item:0037'
[dc1_node1] Internal PUT (replication): key='item:0054'
[dc1_node1] CONFLICT detected for key='item:0054', siblings=15
[dc1_node1] Saved 8 keys to disk
[dc1_node1] Client PUT: key='item:0039', value='value_39_update_client0_op899'
[dc1_node1] Preference list for 'item:0039': ['localhost:50070', 'localhost:50054', 'localhost:50068']
[dc1_node1] Coordinator NOT in preference list, forwarding only
[dc1_node1] Client PUT: key='item:0049', value='value_49_client1_op909'
[dc1_node1] Preference list for 'item:0049': ['localhost:50066', 'localhost:50060', 'localhost:50061']
[dc1_node1] Coordinator NOT in preference list, forwarding only
[dc1_node1] Replicated to localhost:50068
[dc1_node1] Replicated to localhost:50054
[dc1_node1] Replicated to localhost:50070
[dc1_node1] Replicated to localhost:50066
[dc1_node1] Replicated to localhost:50061
[dc1_node1] W-quorum achieved (2 writes), returning to client
[dc1_node1] Background replication continues for remaining nodes
[dc1_node1] Successful writes: 3/3
[dc1_node1] Replicated to localhost:50060
[dc1_node1] W-quorum achieved (2 writes), returning to client
[dc1_node1] Background replication continues for remaining nodes
[dc1_node1] Successful writes: 3/3
[dc1_node1] Client PUT: key='item:0058', value='value_58_client4_op908'
[dc1_node1] Preference list for 'item:0058': ['localhost:50070', 'localhost:50058', 'localhost:50060']
[dc1_node1] Coordinator NOT in preference list, forwarding only
[dc1_node1] Replicated to localhost:50070
[dc1_node1] Internal PUT (replication): key='item:0063'
[dc1_node1] CONFLICT detected for key='item:0063', siblings=16
[dc1_node1] Replicated to localhost:50058
[dc1_node1] Replicated to localhost:50060
[dc1_node1] Saved 8 keys to disk
[dc1_node1] Client GET: key='item:0043'
[dc1_node1] Preference list for 'item:0043': ['localhost:50058', 'localhost:50070', 'localhost:50057']
[dc1_node1] Reading from first 2 nodes in preference list
[dc1_node1] W-quorum achieved (2 writes), returning to client
[dc1_node1] Background replication continues for remaining nodes
[dc1_node1] Successful writes: 3/3
[dc1_node1] CONFLICT: 34 sibling versions for 'item:0043'
[dc1_node1] Client GET: key='item:0099'
[dc1_node1] Preference list for 'item:0099': ['localhost:50053', 'localhost:50070', 'localhost:50054']
[dc1_node1] Reading from first 2 nodes in preference list
[dc1_node1] CONFLICT: 30 sibling versions for 'item:0099'
[dc1_node1] Internal PUT (replication): key='item:0031'
[dc1_node1] CONFLICT detected for key='item:0031', siblings=17
[dc1_node1] Saved 8 keys to disk
[dc1_node1] Client PUT: key='item:0090', value='value_90_client1_op915'
[dc1_node1] Preference list for 'item:0090': ['localhost:50067', 'localhost:50052', 'localhost:50053']
[dc1_node1] Coordinator NOT in preference list, forwarding only
[dc1_node1] Replicated to localhost:50053
[dc1_node1] Replicated to localhost:50052
[dc1_node1] Replicated to localhost:50067
[dc1_node1] Client GET: key='item:0097'
[dc1_node1] Preference list for 'item:0097': ['localhost:50060', 'localhost:50064', 'localhost:50052']
[dc1_node1] Reading from first 2 nodes in preference list
[dc1_node1] W-quorum achieved (2 writes), returning to client
[dc1_node1] Background replication continues for remaining nodes
[dc1_node1] Successful writes: 3/3
[dc1_node1] CONFLICT: 28 sibling versions for 'item:0097'
[dc1_node1] Internal PUT (replication): key='item:0079'
[dc1_node1] CONFLICT detected for key='item:0079', siblings=19
[dc1_node1] Saved 8 keys to disk
[dc1_node1] Retrieved key='item:0079', versions=19
[dc1_node1] Client PUT: key='item:0009', value='value_9_update_client0_op911'
[dc1_node1] Preference list for 'item:0009': ['localhost:50064', 'localhost:50052', 'localhost:50066']
[dc1_node1] Coordinator NOT in preference list, forwarding only
[dc1_node1] Replicated to localhost:50066
[dc1_node1] Replicated to localhost:50052
[dc1_node1] Replicated to localhost:50064
[dc1_node1] W-quorum achieved (2 writes), returning to client
[dc1_node1] Background replication continues for remaining nodes
[dc1_node1] Successful writes: 3/3
[dc1_node1] Client PUT: key='item:0090', value='value_90_client3_op912'
[dc1_node1] Preference list for 'item:0090': ['localhost:50067', 'localhost:50052', 'localhost:50053']
[dc1_node1] Coordinator NOT in preference list, forwarding only
[dc1_node1] Replicated to localhost:50053
[dc1_node1] Replicated to localhost:50067
[dc1_node1] Replicated to localhost:50052
[dc1_node1] Internal PUT (replication): key='item:0095'
[dc1_node1] CONFLICT detected for key='item:0095', siblings=17
[dc1_node1] Saved 8 keys to disk
[dc1_node1] Client GET: key='item:0016'
[dc1_node1] Preference list for 'item:0016': ['localhost:50062', 'localhost:50058', 'localhost:50053']
[dc1_node1] Reading from first 2 nodes in preference list
[dc1_node1] W-quorum achieved (2 writes), returning to client
[dc1_node1] Background replication continues for remaining nodes
[dc1_node1] Successful writes: 3/3
[dc1_node1] CONFLICT: 32 sibling versions for 'item:0016'
[dc1_node1] Internal PUT (replication): key='item:0054'
[dc1_node1] CONFLICT detected for key='item:0054', siblings=15
[dc1_node1] Saved 8 keys to disk
[dc1_node1] Client PUT: key='item:0065', value='value_65_update_client4_op925'
[dc1_node1] Preference list for 'item:0065': ['localhost:50055', 'localhost:50066', 'localhost:50065']
[dc1_node1] Coordinator NOT in preference list, forwarding only
[dc1_node1] Replicated to localhost:50055
[dc1_node1] Replicated to localhost:50066
[dc1_node1] Replicated to localhost:50065
[dc1_node1] W-quorum achieved (2 writes), returning to client
[dc1_node1] Background replication continues for remaining nodes
[dc1_node1] Successful writes: 3/3
[dc1_node1] Internal PUT (replication): key='item:0054'
[dc1_node1] CONFLICT detected for key='item:0054', siblings=15
[dc1_node1] Saved 8 keys to disk
[dc1_node1] Client GET: key='item:0087'
[dc1_node1] Preference list for 'item:0087': ['localhost:50052', 'localhost:50061', 'localhost:50063']
[dc1_node1] Reading from first 2 nodes in preference list
[dc1_node1] Internal PUT (replication): key='item:0079'
[dc1_node1] CONFLICT detected for key='item:0079', siblings=19
[dc1_node1] Saved 8 keys to disk
[dc1_node1] CONFLICT: 26 sibling versions for 'item:0087'
[dc1_node1] Internal PUT (replication): key='item:0042'
[dc1_node1] CONFLICT detected for key='item:0042', siblings=18
[dc1_node1] Saved 8 keys to disk
[dc1_node1] Client PUT: key='item:0052', value='value_52_update_client0_op925'
[dc1_node1] Preference list for 'item:0052': ['localhost:50057', 'localhost:50062', 'localhost:50056']
[dc1_node1] Coordinator NOT in preference list, forwarding only
[dc1_node1] Client PUT: key='item:0017', value='value_17_client3_op922'
[dc1_node1] Preference list for 'item:0017': ['localhost:50063', 'localhost:50054', 'localhost:50053']
[dc1_node1] Coordinator NOT in preference list, forwarding only
[dc1_node1] Replicated to localhost:50057
[dc1_node1] Replicated to localhost:50062
[dc1_node1] Replicated to localhost:50063
[dc1_node1] Replicated to localhost:50054
[dc1_node1] Replicated to localhost:50056
[dc1_node1] Replicated to localhost:50053
[dc1_node1] W-quorum achieved (2 writes), returning to client
[dc1_node1] Background replication continues for remaining nodes
[dc1_node1] Successful writes: 3/3
[dc1_node1] W-quorum achieved (2 writes), returning to client
[dc1_node1] Background replication continues for remaining nodes
[dc1_node1] Successful writes: 3/3
[dc1_node1] Internal PUT (replication): key='item:0031'
[dc1_node1] CONFLICT detected for key='item:0031', siblings=17
[dc1_node1] Saved 8 keys to disk
[dc1_node1] Internal PUT (replication): key='item:0095'
[dc1_node1] CONFLICT detected for key='item:0095', siblings=18
[dc1_node1] Saved 8 keys to disk
[dc1_node1] Internal PUT (replication): key='item:0025'
[dc1_node1] CONFLICT detected for key='item:0025', siblings=15
[dc1_node1] Saved 8 keys to disk
[dc1_node1] Retrieved key='item:0095', versions=18
[dc1_node1] Client PUT: key='item:0013', value='value_13_update_client2_op950'
[dc1_node1] Preference list for 'item:0013': ['localhost:50060', 'localhost:50070', 'localhost:50057']
[dc1_node1] Coordinator NOT in preference list, forwarding only
[dc1_node1] Replicated to localhost:50057
[dc1_node1] Replicated to localhost:50070
[dc1_node1] Replicated to localhost:50060
[dc1_node1] W-quorum achieved (2 writes), returning to client
[dc1_node1] Background replication continues for remaining nodes
[dc1_node1] Successful writes: 3/3
[dc1_node1] Client PUT: key='item:0020', value='value_20_client1_op953'
[dc1_node1] Preference list for 'item:0020': ['localhost:50052', 'localhost:50061', 'localhost:50065']
[dc1_node1] Coordinator NOT in preference list, forwarding only
[dc1_node1] Replicated to localhost:50052
[dc1_node1] Replicated to localhost:50061
[dc1_node1] Replicated to localhost:50065
[dc1_node1] W-quorum achieved (2 writes), returning to client
[dc1_node1] Background replication continues for remaining nodes
[dc1_node1] Successful writes: 3/3
[dc1_node1] Internal PUT (replication): key='item:0025'
[dc1_node1] CONFLICT detected for key='item:0025', siblings=15
[dc1_node1] Saved 8 keys to disk
[dc1_node1] Internal PUT (replication): key='item:0025'
[dc1_node1] CONFLICT detected for key='item:0025', siblings=15
[dc1_node1] Saved 8 keys to disk
[dc1_node1] Client GET: key='item:0089'
[dc1_node1] Preference list for 'item:0089': ['localhost:50064', 'localhost:50058', 'localhost:50069']
[dc1_node1] Reading from first 2 nodes in preference list
[dc1_node1] CONFLICT: 36 sibling versions for 'item:0089'
[dc1_node1] Internal PUT (replication): key='item:0031'
[dc1_node1] CONFLICT detected for key='item:0031', siblings=17
[dc1_node1] Saved 8 keys to disk
[dc1_node1] Internal PUT (replication): key='item:0079'
[dc1_node1] CONFLICT detected for key='item:0079', siblings=19
[dc1_node1] Saved 8 keys to disk
[dc1_node1] Client PUT: key='item:0013', value='value_13_client1_op965'
[dc1_node1] Preference list for 'item:0013': ['localhost:50060', 'localhost:50070', 'localhost:50057']
[dc1_node1] Coordinator NOT in preference list, forwarding only
[dc1_node1] Replicated to localhost:50057
[dc1_node1] Replicated to localhost:50070
[dc1_node1] Replicated to localhost:50060
[dc1_node1] W-quorum achieved (2 writes), returning to client
[dc1_node1] Background replication continues for remaining nodes
[dc1_node1] Successful writes: 3/3
[dc1_node1] Internal PUT (replication): key='item:0054'
[dc1_node1] CONFLICT detected for key='item:0054', siblings=16
[dc1_node1] Saved 8 keys to disk
[dc1_node1] Client PUT: key='item:0024', value='value_24_client2_op966'
[dc1_node1] Preference list for 'item:0024': ['localhost:50061', 'localhost:50053', 'localhost:50062']
[dc1_node1] Coordinator NOT in preference list, forwarding only
[dc1_node1] Replicated to localhost:50053
[dc1_node1] Replicated to localhost:50061
[dc1_node1] Replicated to localhost:50062
[dc1_node1] W-quorum achieved (2 writes), returning to client
[dc1_node1] Background replication continues for remaining nodes
[dc1_node1] Successful writes: 3/3
[dc1_node1] Client PUT: key='item:0049', value='value_49_client2_op967'
[dc1_node1] Preference list for 'item:0049': ['localhost:50066', 'localhost:50060', 'localhost:50061']
[dc1_node1] Coordinator NOT in preference list, forwarding only
[dc1_node1] Internal PUT (replication): key='item:0095'
[dc1_node1] CONFLICT detected for key='item:0095', siblings=18
[dc1_node1] Saved 8 keys to disk
[dc1_node1] Replicated to localhost:50061
[dc1_node1] Replicated to localhost:50060
[dc1_node1] Replicated to localhost:50066
[dc1_node1] Internal PUT (replication): key='item:0079'
[dc1_node1] CONFLICT detected for key='item:0079', siblings=19
[dc1_node1] W-quorum achieved (2 writes), returning to client
[dc1_node1] Background replication continues for remaining nodes
[dc1_node1] Successful writes: 3/3
[dc1_node1] Saved 8 keys to disk
[dc1_node1] Client GET: key='item:0002'
[dc1_node1] Preference list for 'item:0002': ['localhost:50066', 'localhost:50058', 'localhost:50053']
[dc1_node1] Reading from first 2 nodes in preference list
[dc1_node1] CONFLICT: 30 sibling versions for 'item:0002'
[dc1_node1] Client PUT: key='item:0042', value='value_42_client4_op979'
[dc1_node1] Preference list for 'item:0042': ['localhost:50053', 'localhost:50062', 'localhost:50051']
[dc1_node1] CONFLICT detected for key='item:0042', siblings=18
[dc1_node1] Saved 8 keys to disk
[dc1_node1] Coordinator IS in preference list, stored locally
[dc1_node1] Replicated to localhost:50062
[dc1_node1] W-quorum achieved (2 writes), returning to client
[dc1_node1] Background replication continues for remaining nodes
[dc1_node1] Successful writes: 2/3
[dc1_node1] Replicated to localhost:50053
[dc1_node1] Internal PUT (replication): key='item:0063'
[dc1_node1] CONFLICT detected for key='item:0063', siblings=16
[dc1_node1] Saved 8 keys to disk
[dc1_node1] Internal PUT (replication): key='item:0080'
[dc1_node1] CONFLICT detected for key='item:0080', siblings=14
[dc1_node1] Saved 8 keys to disk
[dc1_node1] Retrieved key='item:0095', versions=18
[dc1_node1] Client PUT: key='item:0050', value='value_50_client4_op989'
[dc1_node1] Preference list for 'item:0050': ['localhost:50053', 'localhost:50061', 'localhost:50052']
[dc1_node1] Coordinator NOT in preference list, forwarding only
[dc1_node1] Replicated to localhost:50061
[dc1_node1] Replicated to localhost:50052
[dc1_node1] Replicated to localhost:50053
[dc1_node1] W-quorum achieved (2 writes), returning to client
[dc1_node1] Background replication continues for remaining nodes
[dc1_node1] Successful writes: 3/3
[dc1_node1] Client PUT: key='item:0029', value='value_29_client4_op993'
[dc1_node1] Preference list for 'item:0029': ['localhost:50062', 'localhost:50058', 'localhost:50069']
[dc1_node1] Coordinator NOT in preference list, forwarding only
[dc1_node1] Replicated to localhost:50062
[dc1_node1] Replicated to localhost:50058
[dc1_node1] Replicated to localhost:50069
[dc1_node1] W-quorum achieved (2 writes), returning to client
[dc1_node1] Background replication continues for remaining nodes
[dc1_node1] Successful writes: 3/3
[dc1_node1] Client PUT: key='item:0007', value='value_7_update_client3_op983'
[dc1_node1] Preference list for 'item:0007': ['localhost:50065', 'localhost:50059', 'localhost:50070']
[dc1_node1] Coordinator NOT in preference list, forwarding only
[dc1_node1] Replicated to localhost:50070
[dc1_node1] Replicated to localhost:50065
[dc1_node1] Replicated to localhost:50059
[dc1_node1] W-quorum achieved (2 writes), returning to client
[dc1_node1] Background replication continues for remaining nodes
[dc1_node1] Successful writes: 3/3
[dc1_node1] Client PUT: key='item:0065', value='value_65_client1_op1003'
[dc1_node1] Preference list for 'item:0065': ['localhost:50055', 'localhost:50066', 'localhost:50065']
[dc1_node1] Coordinator NOT in preference list, forwarding only
[dc1_node1] Replicated to localhost:50066
[dc1_node1] Replicated to localhost:50065
[dc1_node1] W-quorum achieved (2 writes), returning to client
[dc1_node1] Background replication continues for remaining nodes
[dc1_node1] Successful writes: 2/3
[dc1_node1] Client PUT: key='item:0062', value='value_62_client1_op1004'
[dc1_node1] Preference list for 'item:0062': ['localhost:50058', 'localhost:50062', 'localhost:50053']
[dc1_node1] Coordinator NOT in preference list, forwarding only
[dc1_node1] Replicated to localhost:50055
[dc1_node1] Internal PUT (replication): key='item:0079'
[dc1_node1] CONFLICT detected for key='item:0079', siblings=19
[dc1_node1] Saved 8 keys to disk
[dc1_node1] Replicated to localhost:50062
[dc1_node1] Replicated to localhost:50053
[dc1_node1] Replicated to localhost:50058
[dc1_node1] W-quorum achieved (2 writes), returning to client
[dc1_node1] Background replication continues for remaining nodes
[dc1_node1] Successful writes: 3/3
[dc1_node1] Client PUT: key='item:0019', value='value_19_client3_op993'
[dc1_node1] Preference list for 'item:0019': ['localhost:50059', 'localhost:50068', 'localhost:50069']
[dc1_node1] Coordinator NOT in preference list, forwarding only
[dc1_node1] Internal PUT (replication): key='item:0025'
[dc1_node1] CONFLICT detected for key='item:0025', siblings=15
[dc1_node1] Saved 8 keys to disk
[dc1_node1] Replicated to localhost:50068
[dc1_node1] Replicated to localhost:50059
[dc1_node1] Replicated to localhost:50069
[dc1_node1] W-quorum achieved (2 writes), returning to client
[dc1_node1] Background replication continues for remaining nodes
[dc1_node1] Successful writes: 3/3
[dc1_node1] Internal PUT (replication): key='item:0080'
[dc1_node1] CONFLICT detected for key='item:0080', siblings=14
[dc1_node1] Saved 8 keys to disk
[dc1_node1] Client PUT: key='item:0061', value='value_61_client4_op1009'
[dc1_node1] Preference list for 'item:0061': ['localhost:50056', 'localhost:50062', 'localhost:50052']
[dc1_node1] Coordinator NOT in preference list, forwarding only
[dc1_node1] Replicated to localhost:50062
[dc1_node1] Replicated to localhost:50056
[dc1_node1] Replicated to localhost:50052
[dc1_node1] W-quorum achieved (2 writes), returning to client
[dc1_node1] Background replication continues for remaining nodes
[dc1_node1] Successful writes: 3/3
[dc1_node1] Retrieved key='item:0031', versions=17
[dc1_node1] Client PUT: key='item:0036', value='value_36_update_client4_op1012'
[dc1_node1] Preference list for 'item:0036': ['localhost:50058', 'localhost:50063', 'localhost:50056']
[dc1_node1] Coordinator NOT in preference list, forwarding only
[dc1_node1] Replicated to localhost:50063
[dc1_node1] Replicated to localhost:50056
[dc1_node1] Replicated to localhost:50058
[dc1_node1] W-quorum achieved (2 writes), returning to client
[dc1_node1] Background replication continues for remaining nodes
[dc1_node1] Successful writes: 3/3
[dc1_node1] Client PUT: key='item:0035', value='value_35_update_client3_op1001'
[dc1_node1] Preference list for 'item:0035': ['localhost:50054', 'localhost:50068', 'localhost:50060']
[dc1_node1] Coordinator NOT in preference list, forwarding only
[dc1_node1] Replicated to localhost:50068
[dc1_node1] Replicated to localhost:50060
[dc1_node1] Replicated to localhost:50054
[dc1_node1] Internal PUT (replication): key='item:0054'
[dc1_node1] CONFLICT detected for key='item:0054', siblings=16
[dc1_node1] W-quorum achieved (2 writes), returning to client
[dc1_node1] Background replication continues for remaining nodes
[dc1_node1] Successful writes: 3/3
[dc1_node1] Saved 8 keys to disk
[dc1_node1] Client GET: key='item:0083'
[dc1_node1] Preference list for 'item:0083': ['localhost:50064', 'localhost:50057', 'localhost:50070']
[dc1_node1] Reading from first 2 nodes in preference list
[dc1_node1] CONFLICT: 34 sibling versions for 'item:0083'
[dc1_node1] Internal PUT (replication): key='item:0054'
[dc1_node1] CONFLICT detected for key='item:0054', siblings=16
[dc1_node1] Saved 8 keys to disk
[dc1_node1] Client GET: key='item:0024'
[dc1_node1] Preference list for 'item:0024': ['localhost:50061', 'localhost:50053', 'localhost:50062']
[dc1_node1] Reading from first 2 nodes in preference list
[dc1_node1] Internal PUT (replication): key='item:0095'
[dc1_node1] CONFLICT detected for key='item:0095', siblings=18
[dc1_node1] Saved 8 keys to disk
[dc1_node1] CONFLICT: 32 sibling versions for 'item:0024'
[dc1_node1] Internal PUT (replication): key='item:0095'
[dc1_node1] CONFLICT detected for key='item:0095', siblings=18
[dc1_node1] Saved 8 keys to disk
[dc1_node1] Retrieved key='item:0031', versions=17
[dc1_node1] Client GET: key='item:0020'
[dc1_node1] Preference list for 'item:0020': ['localhost:50052', 'localhost:50061', 'localhost:50065']
[dc1_node1] Reading from first 2 nodes in preference list
[dc1_node1] Internal PUT (replication): key='item:0063'
[dc1_node1] CONFLICT detected for key='item:0063', siblings=17
[dc1_node1] Saved 8 keys to disk
[dc1_node1] CONFLICT: 32 sibling versions for 'item:0020'
[dc1_node1] Client PUT: key='item:0095', value='value_95_update_client0_op1018'
[dc1_node1] Preference list for 'item:0095': ['localhost:50069', 'localhost:50051', 'localhost:50067']
[dc1_node1] CONFLICT detected for key='item:0095', siblings=19
[dc1_node1] Internal PUT (replication): key='item:0042'
[dc1_node1] Saved 8 keys to disk
[dc1_node1] Coordinator IS in preference list, stored locally
[dc1_node1] CONFLICT detected for key='item:0042', siblings=18
[dc1_node1] Saved 8 keys to disk
[dc1_node1] Replicated to localhost:50069
[dc1_node1] Replicated to localhost:50067
[dc1_node1] Internal PUT (replication): key='item:0063'
[dc1_node1] CONFLICT detected for key='item:0063', siblings=17
[dc1_node1] Saved 8 keys to disk
[dc1_node1] W-quorum achieved (2 writes), returning to client
[dc1_node1] Background replication continues for remaining nodes
[dc1_node1] Successful writes: 3/3
[dc1_node1] Client PUT: key='item:0023', value='value_23_update_client0_op1026'
[dc1_node1] Preference list for 'item:0023': ['localhost:50067', 'localhost:50058', 'localhost:50061']
[dc1_node1] Coordinator NOT in preference list, forwarding only
[dc1_node1] Replicated to localhost:50067
[dc1_node1] Replicated to localhost:50061
[dc1_node1] Client PUT: key='item:0041', value='value_41_client4_op1034'
[dc1_node1] Preference list for 'item:0041': ['localhost:50069', 'localhost:50059', 'localhost:50064']
[dc1_node1] Coordinator NOT in preference list, forwarding only
[dc1_node1] Replicated to localhost:50058
[dc1_node1] Replicated to localhost:50059
[dc1_node1] Replicated to localhost:50069
[dc1_node1] Replicated to localhost:50064
[dc1_node1] W-quorum achieved (2 writes), returning to client
[dc1_node1] Background replication continues for remaining nodes
[dc1_node1] Successful writes: 3/3
[dc1_node1] W-quorum achieved (2 writes), returning to client
[dc1_node1] Background replication continues for remaining nodes
[dc1_node1] Successful writes: 3/3
[dc1_node1] Client PUT: key='item:0053', value='value_53_update_client1_op1034'
[dc1_node1] Preference list for 'item:0053': ['localhost:50056', 'localhost:50068', 'localhost:50062']
[dc1_node1] Coordinator NOT in preference list, forwarding only
[dc1_node1] Replicated to localhost:50068
[dc1_node1] Replicated to localhost:50056
[dc1_node1] Replicated to localhost:50062
[dc1_node1] W-quorum achieved (2 writes), returning to client
[dc1_node1] Background replication continues for remaining nodes
[dc1_node1] Successful writes: 3/3
[dc1_node1] Internal PUT (replication): key='item:0042'
[dc1_node1] CONFLICT detected for key='item:0042', siblings=18
[dc1_node1] Saved 8 keys to disk
[dc1_node1] Client GET: key='item:0035'
[dc1_node1] Preference list for 'item:0035': ['localhost:50054', 'localhost:50068', 'localhost:50060']
[dc1_node1] Reading from first 2 nodes in preference list
[dc1_node1] Internal PUT (replication): key='item:0080'
[dc1_node1] CONFLICT detected for key='item:0080', siblings=14
[dc1_node1] CONFLICT: 34 sibling versions for 'item:0035'
[dc1_node1] Saved 8 keys to disk
[dc1_node1] Client PUT: key='item:0071', value='value_71_update_client3_op1025'
[dc1_node1] Preference list for 'item:0071': ['localhost:50052', 'localhost:50063', 'localhost:50060']
[dc1_node1] Coordinator NOT in preference list, forwarding only
[dc1_node1] Retrieved key='item:0095', versions=19
[dc1_node1] Replicated to localhost:50052
[dc1_node1] Replicated to localhost:50060
[dc1_node1] Replicated to localhost:50063
[dc1_node1] W-quorum achieved (2 writes), returning to client
[dc1_node1] Background replication continues for remaining nodes
[dc1_node1] Successful writes: 3/3
[dc1_node1] Retrieved key='item:0031', versions=17
[dc1_node1] Client GET: key='item:0061'
[dc1_node1] Preference list for 'item:0061': ['localhost:50056', 'localhost:50062', 'localhost:50052']
[dc1_node1] Reading from first 2 nodes in preference list
[dc1_node1] CONFLICT: 34 sibling versions for 'item:0061'
[dc1_node1] Internal PUT (replication): key='item:0031'
[dc1_node1] CONFLICT detected for key='item:0031', siblings=18
[dc1_node1] Saved 8 keys to disk
[dc1_node1] Internal PUT (replication): key='item:0025'
[dc1_node1] CONFLICT detected for key='item:0025', siblings=15
[dc1_node1] Saved 8 keys to disk
[dc1_node1] Retrieved key='item:0079', versions=19
[dc1_node1] Internal PUT (replication): key='item:0054'
[dc1_node1] CONFLICT detected for key='item:0054', siblings=16
[dc1_node1] Saved 8 keys to disk
[dc1_node1] Client PUT: key='item:0031', value='value_31_update_client3_op1040'
[dc1_node1] Preference list for 'item:0031': ['localhost:50068', 'localhost:50051', 'localhost:50054']
[dc1_node1] CONFLICT detected for key='item:0031', siblings=18
[dc1_node1] Saved 8 keys to disk
[dc1_node1] Coordinator IS in preference list, stored locally
[dc1_node1] Replicated to localhost:50068
[dc1_node1] Replicated to localhost:50054
[dc1_node1] W-quorum achieved (2 writes), returning to client
[dc1_node1] Background replication continues for remaining nodes
[dc1_node1] Successful writes: 3/3
[dc1_node1] Client PUT: key='item:0027', value='value_27_update_client1_op1054'
[dc1_node1] Preference list for 'item:0027': ['localhost:50067', 'localhost:50058', 'localhost:50052']
[dc1_node1] Coordinator NOT in preference list, forwarding only
[dc1_node1] Replicated to localhost:50067
[dc1_node1] Replicated to localhost:50058
[dc1_node1] Replicated to localhost:50052
[dc1_node1] W-quorum achieved (2 writes), returning to client
[dc1_node1] Background replication continues for remaining nodes
[dc1_node1] Successful writes: 3/3
[dc1_node1] Client PUT: key='item:0014', value='value_14_client4_op1060'
[dc1_node1] Preference list for 'item:0014': ['localhost:50061', 'localhost:50055', 'localhost:50069']
[dc1_node1] Coordinator NOT in preference list, forwarding only
[dc1_node1] Replicated to localhost:50055
[dc1_node1] Replicated to localhost:50061
[dc1_node1] Replicated to localhost:50069
[dc1_node1] Client PUT: key='item:0065', value='value_65_update_client0_op1054'
[dc1_node1] Preference list for 'item:0065': ['localhost:50055', 'localhost:50066', 'localhost:50065']
[dc1_node1] Coordinator NOT in preference list, forwarding only
[dc1_node1] W-quorum achieved (2 writes), returning to client
[dc1_node1] Background replication continues for remaining nodes
[dc1_node1] Successful writes: 3/3
[dc1_node1] Replicated to localhost:50055
[dc1_node1] Replicated to localhost:50066
[dc1_node1] Replicated to localhost:50065
[dc1_node1] W-quorum achieved (2 writes), returning to client
[dc1_node1] Background replication continues for remaining nodes
[dc1_node1] Successful writes: 3/3
[dc1_node1] Client GET: key='item:0038'
[dc1_node1] Preference list for 'item:0038': ['localhost:50059', 'localhost:50065', 'localhost:50060']
[dc1_node1] Reading from first 2 nodes in preference list
[dc1_node1] Internal PUT (replication): key='item:0054'
[dc1_node1] CONFLICT detected for key='item:0054', siblings=16
[dc1_node1] CONFLICT: 34 sibling versions for 'item:0038'
[dc1_node1] Saved 8 keys to disk
[dc1_node1] Client GET: key='item:0098'
[dc1_node1] Preference list for 'item:0098': ['localhost:50055', 'localhost:50064', 'localhost:50067']
[dc1_node1] Reading from first 2 nodes in preference list
[dc1_node1] CONFLICT: 32 sibling versions for 'item:0098'
[dc1_node1] Client PUT: key='item:0064', value='value_64_update_client3_op1054'
[dc1_node1] Preference list for 'item:0064': ['localhost:50058', 'localhost:50062', 'localhost:50059']
[dc1_node1] Coordinator NOT in preference list, forwarding only
[dc1_node1] Replicated to localhost:50059
[dc1_node1] Replicated to localhost:50058
[dc1_node1] Replicated to localhost:50062
[dc1_node1] W-quorum achieved (2 writes), returning to client
[dc1_node1] Background replication continues for remaining nodes
[dc1_node1] Successful writes: 3/3
[dc1_node1] Client PUT: key='item:0086', value='value_86_update_client1_op1069'
[dc1_node1] Preference list for 'item:0086': ['localhost:50056', 'localhost:50067', 'localhost:50055']
[dc1_node1] Coordinator NOT in preference list, forwarding only
[dc1_node1] Replicated to localhost:50055
[dc1_node1] Replicated to localhost:50067
[dc1_node1] Retrieved key='item:0079', versions=19
[dc1_node1] W-quorum achieved (2 writes), returning to client
[dc1_node1] Background replication continues for remaining nodes
[dc1_node1] Successful writes: 2/3
[dc1_node1] Replicated to localhost:50056
[dc1_node1] Internal PUT (replication): key='item:0063'
[dc1_node1] CONFLICT detected for key='item:0063', siblings=17
[dc1_node1] Saved 8 keys to disk
[dc1_node1] Internal PUT (replication): key='item:0042'
[dc1_node1] CONFLICT detected for key='item:0042', siblings=18
[dc1_node1] Saved 8 keys to disk
[dc1_node1] Internal PUT (replication): key='item:0080'
[dc1_node1] CONFLICT detected for key='item:0080', siblings=15
[dc1_node1] Saved 8 keys to disk
[dc1_node1] Client GET: key='item:0058'
[dc1_node1] Preference list for 'item:0058': ['localhost:50070', 'localhost:50058', 'localhost:50060']
[dc1_node1] Reading from first 2 nodes in preference list
[dc1_node1] CONFLICT: 32 sibling versions for 'item:0058'
[dc1_node1] Internal PUT (replication): key='item:0080'
[dc1_node1] CONFLICT detected for key='item:0080', siblings=16
[dc1_node1] Saved 8 keys to disk
[dc1_node1] Client PUT: key='item:0026', value='value_26_client1_op1079'
[dc1_node1] Preference list for 'item:0026': ['localhost:50059', 'localhost:50063', 'localhost:50062']
[dc1_node1] Coordinator NOT in preference list, forwarding only
[dc1_node1] Replicated to localhost:50063
[dc1_node1] Replicated to localhost:50062
[dc1_node1] Replicated to localhost:50059
[dc1_node1] W-quorum achieved (2 writes), returning to client
[dc1_node1] Background replication continues for remaining nodes
[dc1_node1] Successful writes: 3/3
[dc1_node1] Internal PUT (replication): key='item:0042'
[dc1_node1] CONFLICT detected for key='item:0042', siblings=18
[dc1_node1] Saved 8 keys to disk
[dc1_node1] Internal PUT (replication): key='item:0079'
[dc1_node1] CONFLICT detected for key='item:0079', siblings=19
[dc1_node1] Saved 8 keys to disk
[dc1_node1] Client PUT: key='item:0027', value='value_27_client0_op1076'
[dc1_node1] Preference list for 'item:0027': ['localhost:50067', 'localhost:50058', 'localhost:50052']
[dc1_node1] Coordinator NOT in preference list, forwarding only
[dc1_node1] Replicated to localhost:50052
[dc1_node1] Replicated to localhost:50067
[dc1_node1] Replicated to localhost:50058
[dc1_node1] W-quorum achieved (2 writes), returning to client
[dc1_node1] Background replication continues for remaining nodes
[dc1_node1] Successful writes: 3/3
[dc1_node1] Client PUT: key='item:0026', value='value_26_client1_op1087'
[dc1_node1] Preference list for 'item:0026': ['localhost:50059', 'localhost:50063', 'localhost:50062']
[dc1_node1] Coordinator NOT in preference list, forwarding only
[dc1_node1] Replicated to localhost:50059
[dc1_node1] Replicated to localhost:50063
[dc1_node1] Replicated to localhost:50062
[dc1_node1] W-quorum achieved (2 writes), returning to client
[dc1_node1] Background replication continues for remaining nodes
[dc1_node1] Successful writes: 3/3
[dc1_node1] Client PUT: key='item:0026', value='value_26_client3_op1075'
[dc1_node1] Preference list for 'item:0026': ['localhost:50059', 'localhost:50063', 'localhost:50062']
[dc1_node1] Coordinator NOT in preference list, forwarding only
[dc1_node1] Replicated to localhost:50063
[dc1_node1] Replicated to localhost:50059
[dc1_node1] Replicated to localhost:50062
[dc1_node1] W-quorum achieved (2 writes), returning to client
[dc1_node1] Background replication continues for remaining nodes
[dc1_node1] Successful writes: 3/3
[dc1_node1] Client PUT: key='item:0001', value='value_1_client1_op1089'
[dc1_node1] Preference list for 'item:0001': ['localhost:50067', 'localhost:50057', 'localhost:50060']
[dc1_node1] Coordinator NOT in preference list, forwarding only
[dc1_node1] Internal PUT (replication): key='item:0063'
[dc1_node1] CONFLICT detected for key='item:0063', siblings=17
[dc1_node1] Replicated to localhost:50057
[dc1_node1] Saved 8 keys to disk
[dc1_node1] Replicated to localhost:50067
[dc1_node1] Replicated to localhost:50060
[dc1_node1] W-quorum achieved (2 writes), returning to client
[dc1_node1] Background replication continues for remaining nodes
[dc1_node1] Successful writes: 3/3
[dc1_node1] Internal PUT (replication): key='item:0063'
[dc1_node1] CONFLICT detected for key='item:0063', siblings=17
[dc1_node1] Saved 8 keys to disk
[dc1_node1] Internal PUT (replication): key='item:0042'
[dc1_node1] CONFLICT detected for key='item:0042', siblings=19
[dc1_node1] Saved 8 keys to disk
[dc1_node1] Internal PUT (replication): key='item:0031'
[dc1_node1] CONFLICT detected for key='item:0031', siblings=18
[dc1_node1] Saved 8 keys to disk
[dc1_node1] Client PUT: key='item:0097', value='value_97_update_client4_op1101'
[dc1_node1] Preference list for 'item:0097': ['localhost:50060', 'localhost:50064', 'localhost:50052']
[dc1_node1] Coordinator NOT in preference list, forwarding only
[dc1_node1] Replicated to localhost:50064
[dc1_node1] Replicated to localhost:50060
[dc1_node1] Replicated to localhost:50052
[dc1_node1] W-quorum achieved (2 writes), returning to client
[dc1_node1] Background replication continues for remaining nodes
[dc1_node1] Successful writes: 3/3
[dc1_node1] Client GET: key='item:0085'
[dc1_node1] Preference list for 'item:0085': ['localhost:50060', 'localhost:50061', 'localhost:50053']
[dc1_node1] Reading from first 2 nodes in preference list
[dc1_node1] CONFLICT: 26 sibling versions for 'item:0085'
[dc1_node1] Internal PUT (replication): key='item:0063'
[dc1_node1] CONFLICT detected for key='item:0063', siblings=17
[dc1_node1] Saved 8 keys to disk
[dc1_node1] Retrieved key='item:0095', versions=19
[dc1_node1] Client PUT: key='item:0043', value='value_43_update_client2_op1108'
[dc1_node1] Preference list for 'item:0043': ['localhost:50058', 'localhost:50070', 'localhost:50057']
[dc1_node1] Coordinator NOT in preference list, forwarding only
[dc1_node1] Replicated to localhost:50057
[dc1_node1] Replicated to localhost:50070
[dc1_node1] Replicated to localhost:50058
[dc1_node1] W-quorum achieved (2 writes), returning to client
[dc1_node1] Background replication continues for remaining nodes
[dc1_node1] Successful writes: 3/3
[dc1_node1] Internal PUT (replication): key='item:0063'
[dc1_node1] CONFLICT detected for key='item:0063', siblings=17
[dc1_node1] Saved 8 keys to disk
[dc1_node1] Internal PUT (replication): key='item:0063'
[dc1_node1] CONFLICT detected for key='item:0063', siblings=17
[dc1_node1] Saved 8 keys to disk
[dc1_node1] Client PUT: key='item:0073', value='value_73_update_client2_op1113'
[dc1_node1] Preference list for 'item:0073': ['localhost:50067', 'localhost:50058', 'localhost:50061']
[dc1_node1] Coordinator NOT in preference list, forwarding only
[dc1_node1] Replicated to localhost:50058
[dc1_node1] Replicated to localhost:50061
[dc1_node1] Replicated to localhost:50067
[dc1_node1] W-quorum achieved (2 writes), returning to client
[dc1_node1] Background replication continues for remaining nodes
[dc1_node1] Successful writes: 3/3
[dc1_node1] Internal PUT (replication): key='item:0054'
[dc1_node1] CONFLICT detected for key='item:0054', siblings=16
[dc1_node1] Saved 8 keys to disk
[dc1_node1] Internal PUT (replication): key='item:0095'
[dc1_node1] CONFLICT detected for key='item:0095', siblings=19
[dc1_node1] Saved 8 keys to disk
[dc1_node1] Client PUT: key='item:0010', value='value_10_client1_op1122'
[dc1_node1] Preference list for 'item:0010': ['localhost:50056', 'localhost:50067', 'localhost:50055']
[dc1_node1] Coordinator NOT in preference list, forwarding only
[dc1_node1] Replicated to localhost:50056
[dc1_node1] Replicated to localhost:50055
[dc1_node1] Replicated to localhost:50067
[dc1_node1] W-quorum achieved (2 writes), returning to client
[dc1_node1] Background replication continues for remaining nodes
[dc1_node1] Successful writes: 3/3
[dc1_node1] Client PUT: key='item:0026', value='value_26_client4_op1127'
[dc1_node1] Preference list for 'item:0026': ['localhost:50059', 'localhost:50063', 'localhost:50062']
[dc1_node1] Coordinator NOT in preference list, forwarding only
[dc1_node1] Replicated to localhost:50063
[dc1_node1] Replicated to localhost:50059
[dc1_node1] Replicated to localhost:50062
[dc1_node1] Internal PUT (replication): key='item:0063'
[dc1_node1] CONFLICT detected for key='item:0063', siblings=17
[dc1_node1] Saved 8 keys to disk
[dc1_node1] W-quorum achieved (2 writes), returning to client
[dc1_node1] Background replication continues for remaining nodes
[dc1_node1] Successful writes: 3/3
[dc1_node1] Internal PUT (replication): key='item:0095'
[dc1_node1] CONFLICT detected for key='item:0095', siblings=19
[dc1_node1] Saved 8 keys to disk
[dc1_node1] Internal PUT (replication): key='item:0095'
[dc1_node1] CONFLICT detected for key='item:0095', siblings=19
[dc1_node1] Saved 8 keys to disk
[dc1_node1] Internal PUT (replication): key='item:0042'
[dc1_node1] CONFLICT detected for key='item:0042', siblings=19
[dc1_node1] Saved 8 keys to disk
[dc1_node1] Internal PUT (replication): key='item:0054'
[dc1_node1] CONFLICT detected for key='item:0054', siblings=16
[dc1_node1] Saved 8 keys to disk
[dc1_node1] Client PUT: key='item:0096', value='value_96_client1_op1135'
[dc1_node1] Preference list for 'item:0096': ['localhost:50070', 'localhost:50058', 'localhost:50060']
[dc1_node1] Coordinator NOT in preference list, forwarding only
[dc1_node1] Internal PUT (replication): key='item:0080'
[dc1_node1] CONFLICT detected for key='item:0080', siblings=16
[dc1_node1] Saved 8 keys to disk
[dc1_node1] Replicated to localhost:50058
[dc1_node1] Replicated to localhost:50070
[dc1_node1] Replicated to localhost:50060
[dc1_node1] W-quorum achieved (2 writes), returning to client
[dc1_node1] Background replication continues for remaining nodes
[dc1_node1] Successful writes: 3/3
[dc1_node1] Internal PUT (replication): key='item:0095'
[dc1_node1] CONFLICT detected for key='item:0095', siblings=19
[dc1_node1] Saved 8 keys to disk
[dc1_node1] Internal PUT (replication): key='item:0031'
[dc1_node1] CONFLICT detected for key='item:0031', siblings=18
[dc1_node1] Saved 8 keys to disk
[dc1_node1] Client GET: key='item:0002'
[dc1_node1] Preference list for 'item:0002': ['localhost:50066', 'localhost:50058', 'localhost:50053']
[dc1_node1] Reading from first 2 nodes in preference list
[dc1_node1] Client GET: key='item:0080'
[dc1_node1] Preference list for 'item:0080': ['localhost:50056', 'localhost:50067', 'localhost:50051']
[dc1_node1] Reading from first 2 nodes in preference list
[dc1_node1] CONFLICT: 32 sibling versions for 'item:0002'
[dc1_node1] CONFLICT: 32 sibling versions for 'item:0080'
[dc1_node1] Internal PUT (replication): key='item:0063'
[dc1_node1] CONFLICT detected for key='item:0063', siblings=17
[dc1_node1] Saved 8 keys to disk
[dc1_node1] Internal PUT (replication): key='item:0063'
[dc1_node1] CONFLICT detected for key='item:0063', siblings=18
[dc1_node1] Saved 8 keys to disk
[dc1_node1] Client PUT: key='item:0050', value='value_50_update_client3_op1136'
[dc1_node1] Preference list for 'item:0050': ['localhost:50053', 'localhost:50061', 'localhost:50052']
[dc1_node1] Coordinator NOT in preference list, forwarding only
[dc1_node1] Replicated to localhost:50053
[dc1_node1] Replicated to localhost:50061
[dc1_node1] Replicated to localhost:50052
[dc1_node1] W-quorum achieved (2 writes), returning to client
[dc1_node1] Background replication continues for remaining nodes
[dc1_node1] Successful writes: 3/3
[dc1_node1] Internal PUT (replication): key='item:0095'
[dc1_node1] CONFLICT detected for key='item:0095', siblings=19
[dc1_node1] Saved 8 keys to disk
[dc1_node1] Client PUT: key='item:0095', value='value_95_update_client1_op1154'
[dc1_node1] Preference list for 'item:0095': ['localhost:50069', 'localhost:50051', 'localhost:50067']
[dc1_node1] CONFLICT detected for key='item:0095', siblings=19
[dc1_node1] Saved 8 keys to disk
[dc1_node1] Coordinator IS in preference list, stored locally
[dc1_node1] Replicated to localhost:50069
[dc1_node1] Replicated to localhost:50067
[dc1_node1] W-quorum achieved (2 writes), returning to client
[dc1_node1] Background replication continues for remaining nodes
[dc1_node1] Successful writes: 3/3
[dc1_node1] Client PUT: key='item:0097', value='value_97_update_client1_op1156'
[dc1_node1] Preference list for 'item:0097': ['localhost:50060', 'localhost:50064', 'localhost:50052']
[dc1_node1] Coordinator NOT in preference list, forwarding only
[dc1_node1] Replicated to localhost:50064
[dc1_node1] Replicated to localhost:50060
[dc1_node1] Replicated to localhost:50052
[dc1_node1] W-quorum achieved (2 writes), returning to client
[dc1_node1] Background replication continues for remaining nodes
[dc1_node1] Successful writes: 3/3
[dc1_node1] Internal PUT (replication): key='item:0079'
[dc1_node1] CONFLICT detected for key='item:0079', siblings=19
[dc1_node1] Saved 8 keys to disk
[dc1_node1] Client PUT: key='item:0003', value='value_3_client2_op1155'
[dc1_node1] Preference list for 'item:0003': ['localhost:50058', 'localhost:50069', 'localhost:50062']
[dc1_node1] Coordinator NOT in preference list, forwarding only
[dc1_node1] Replicated to localhost:50069
[dc1_node1] Replicated to localhost:50062
[dc1_node1] Replicated to localhost:50058
[dc1_node1] W-quorum achieved (2 writes), returning to client
[dc1_node1] Background replication continues for remaining nodes
[dc1_node1] Successful writes: 3/3
[dc1_node1] Retrieved key='item:0079', versions=19
[dc1_node1] Internal PUT (replication): key='item:0079'
[dc1_node1] CONFLICT detected for key='item:0079', siblings=19
[dc1_node1] Saved 8 keys to disk
[dc1_node1] Internal PUT (replication): key='item:0079'
[dc1_node1] CONFLICT detected for key='item:0079', siblings=19
[dc1_node1] Saved 8 keys to disk
[dc1_node1] Client PUT: key='item:0046', value='value_46_update_client1_op1165'
[dc1_node1] Preference list for 'item:0046': ['localhost:50057', 'localhost:50067', 'localhost:50064']
[dc1_node1] Coordinator NOT in preference list, forwarding only
[dc1_node1] Replicated to localhost:50057
[dc1_node1] Replicated to localhost:50067
[dc1_node1] Replicated to localhost:50064
[dc1_node1] W-quorum achieved (2 writes), returning to client
[dc1_node1] Background replication continues for remaining nodes
[dc1_node1] Successful writes: 3/3
[dc1_node1] Client PUT: key='item:0079', value='value_79_client0_op1161'
[dc1_node1] Preference list for 'item:0079': ['localhost:50051', 'localhost:50065', 'localhost:50060']
[dc1_node1] CONFLICT detected for key='item:0079', siblings=20
[dc1_node1] Saved 8 keys to disk
[dc1_node1] Coordinator IS in preference list, stored locally
[dc1_node1] Replicated to localhost:50065
[dc1_node1] Replicated to localhost:50060
[dc1_node1] W-quorum achieved (2 writes), returning to client
[dc1_node1] Background replication continues for remaining nodes
[dc1_node1] Successful writes: 3/3
[dc1_node1] Retrieved key='item:0031', versions=18
[dc1_node1] Client PUT: key='item:0009', value='value_9_update_client4_op1173'
[dc1_node1] Preference list for 'item:0009': ['localhost:50064', 'localhost:50052', 'localhost:50066']
[dc1_node1] Coordinator NOT in preference list, forwarding only
[dc1_node1] Replicated to localhost:50066
[dc1_node1] Replicated to localhost:50052
[dc1_node1] Replicated to localhost:50064
[dc1_node1] W-quorum achieved (2 writes), returning to client
[dc1_node1] Background replication continues for remaining nodes
[dc1_node1] Successful writes: 3/3
[dc1_node1] Client GET: key='item:0002'
[dc1_node1] Preference list for 'item:0002': ['localhost:50066', 'localhost:50058', 'localhost:50053']
[dc1_node1] Reading from first 2 nodes in preference list
[dc1_node1] CONFLICT: 32 sibling versions for 'item:0002'
[dc1_node1] Client PUT: key='item:0036', value='value_36_update_client1_op1174'
[dc1_node1] Preference list for 'item:0036': ['localhost:50058', 'localhost:50063', 'localhost:50056']
[dc1_node1] Coordinator NOT in preference list, forwarding only
[dc1_node1] Replicated to localhost:50063
[dc1_node1] Replicated to localhost:50056
[dc1_node1] Replicated to localhost:50058
[dc1_node1] Internal PUT (replication): key='item:0042'
[dc1_node1] CONFLICT detected for key='item:0042', siblings=19
[dc1_node1] Saved 8 keys to disk
[dc1_node1] W-quorum achieved (2 writes), returning to client
[dc1_node1] Background replication continues for remaining nodes
[dc1_node1] Successful writes: 3/3
[dc1_node1] Client PUT: key='item:0091', value='value_91_client0_op1171'
[dc1_node1] Preference list for 'item:0091': ['localhost:50058', 'localhost:50063', 'localhost:50056']
[dc1_node1] Coordinator NOT in preference list, forwarding only
[dc1_node1] Replicated to localhost:50063
[dc1_node1] Replicated to localhost:50056
[dc1_node1] Replicated to localhost:50058
[dc1_node1] Internal PUT (replication): key='item:0031'
[dc1_node1] CONFLICT detected for key='item:0031', siblings=18
[dc1_node1] Saved 8 keys to disk
[dc1_node1] W-quorum achieved (2 writes), returning to client
[dc1_node1] Background replication continues for remaining nodes
[dc1_node1] Successful writes: 3/3
[dc1_node1] Client PUT: key='item:0081', value='value_81_update_client0_op1174'
[dc1_node1] Preference list for 'item:0081': ['localhost:50066', 'localhost:50060', 'localhost:50055']
[dc1_node1] Coordinator NOT in preference list, forwarding only
[dc1_node1] Internal PUT (replication): key='item:0054'
[dc1_node1] CONFLICT detected for key='item:0054', siblings=16
[dc1_node1] Saved 8 keys to disk
[dc1_node1] Replicated to localhost:50066
[dc1_node1] Replicated to localhost:50055
[dc1_node1] Internal PUT (replication): key='item:0025'
[dc1_node1] CONFLICT detected for key='item:0025', siblings=15
[dc1_node1] Saved 8 keys to disk
[dc1_node1] Replicated to localhost:50060
[dc1_node1] W-quorum achieved (2 writes), returning to client
[dc1_node1] Background replication continues for remaining nodes
[dc1_node1] Successful writes: 3/3
[dc1_node1] Client PUT: key='item:0042', value='value_42_client2_op1179'
[dc1_node1] Preference list for 'item:0042': ['localhost:50053', 'localhost:50062', 'localhost:50051']
[dc1_node1] CONFLICT detected for key='item:0042', siblings=19
[dc1_node1] Saved 8 keys to disk
[dc1_node1] Coordinator IS in preference list, stored locally
[dc1_node1] Retrieved key='item:0079', versions=20
[dc1_node1] Replicated to localhost:50053
[dc1_node1] Replicated to localhost:50062
[dc1_node1] W-quorum achieved (2 writes), returning to client
[dc1_node1] Background replication continues for remaining nodes
[dc1_node1] Successful writes: 3/3
[dc1_node1] Client PUT: key='item:0061', value='value_61_client2_op1181'
[dc1_node1] Preference list for 'item:0061': ['localhost:50056', 'localhost:50062', 'localhost:50052']
[dc1_node1] Coordinator NOT in preference list, forwarding only
[dc1_node1] Replicated to localhost:50056
[dc1_node1] Replicated to localhost:50062
[dc1_node1] Replicated to localhost:50052
[dc1_node1] W-quorum achieved (2 writes), returning to client
[dc1_node1] Background replication continues for remaining nodes
[dc1_node1] Successful writes: 3/3
[dc1_node1] Client GET: key='item:0098'
[dc1_node1] Preference list for 'item:0098': ['localhost:50055', 'localhost:50064', 'localhost:50067']
[dc1_node1] Reading from first 2 nodes in preference list
[dc1_node1] CONFLICT: 32 sibling versions for 'item:0098'
[dc1_node1] Internal PUT (replication): key='item:0095'
[dc1_node1] CONFLICT detected for key='item:0095', siblings=19
[dc1_node1] Saved 8 keys to disk
[dc1_node1] Internal PUT (replication): key='item:0079'
[dc1_node1] CONFLICT detected for key='item:0079', siblings=20
[dc1_node1] Saved 8 keys to disk
[dc1_node1] Client PUT: key='item:0024', value='value_24_update_client0_op1192'
[dc1_node1] Preference list for 'item:0024': ['localhost:50061', 'localhost:50053', 'localhost:50062']
[dc1_node1] Coordinator NOT in preference list, forwarding only
[dc1_node1] Replicated to localhost:50053
[dc1_node1] Replicated to localhost:50062
[dc1_node1] Replicated to localhost:50061
[dc1_node1] W-quorum achieved (2 writes), returning to client
[dc1_node1] Background replication continues for remaining nodes
[dc1_node1] Successful writes: 3/3
[dc1_node1] Client PUT: key='item:0050', value='value_50_client4_op1199'
[dc1_node1] Preference list for 'item:0050': ['localhost:50053', 'localhost:50061', 'localhost:50052']
[dc1_node1] Coordinator NOT in preference list, forwarding only
[dc1_node1] Replicated to localhost:50053
[dc1_node1] Replicated to localhost:50052
[dc1_node1] Replicated to localhost:50061
[dc1_node1] W-quorum achieved (2 writes), returning to client
[dc1_node1] Background replication continues for remaining nodes
[dc1_node1] Successful writes: 3/3
[dc1_node1] Internal PUT (replication): key='item:0054'
[dc1_node1] CONFLICT detected for key='item:0054', siblings=17
[dc1_node1] Saved 8 keys to disk
[dc1_node1] Client GET: key='item:0005'
[dc1_node1] Preference list for 'item:0005': ['localhost:50063', 'localhost:50053', 'localhost:50064']
[dc1_node1] Reading from first 2 nodes in preference list
[dc1_node1] CONFLICT: 34 sibling versions for 'item:0005'
[dc1_node1] Retrieved key='item:0095', versions=19
[dc1_node1] Client GET: key='item:0028'
[dc1_node1] Preference list for 'item:0028': ['localhost:50069', 'localhost:50060', 'localhost:50057']
[dc1_node1] Reading from first 2 nodes in preference list
[dc1_node1] CONFLICT: 34 sibling versions for 'item:0028'
[dc1_node1] Internal PUT (replication): key='item:0042'
[dc1_node1] CONFLICT detected for key='item:0042', siblings=19
[dc1_node1] Saved 8 keys to disk
[dc1_node1] Client GET: key='item:0011'
[dc1_node1] Preference list for 'item:0011': ['localhost:50054', 'localhost:50066', 'localhost:50053']
[dc1_node1] Reading from first 2 nodes in preference list
[dc1_node1] CONFLICT: 32 sibling versions for 'item:0011'
[dc1_node1] Client PUT: key='item:0028', value='value_28_client3_op1203'
[dc1_node1] Preference list for 'item:0028': ['localhost:50069', 'localhost:50060', 'localhost:50057']
[dc1_node1] Coordinator NOT in preference list, forwarding only
[dc1_node1] Replicated to localhost:50069
[dc1_node1] Replicated to localhost:50057
[dc1_node1] Replicated to localhost:50060
[dc1_node1] Client PUT: key='item:0067', value='value_67_client2_op1213'
[dc1_node1] Preference list for 'item:0067': ['localhost:50065', 'localhost:50060', 'localhost:50053']
[dc1_node1] Coordinator NOT in preference list, forwarding only
[dc1_node1] W-quorum achieved (2 writes), returning to client
[dc1_node1] Background replication continues for remaining nodes
[dc1_node1] Successful writes: 3/3
[dc1_node1] Internal PUT (replication): key='item:0095'
[dc1_node1] CONFLICT detected for key='item:0095', siblings=19
[dc1_node1] Saved 8 keys to disk
[dc1_node1] Replicated to localhost:50065
[dc1_node1] Replicated to localhost:50060
[dc1_node1] Replicated to localhost:50053
[dc1_node1] W-quorum achieved (2 writes), returning to client
[dc1_node1] Background replication continues for remaining nodes
[dc1_node1] Successful writes: 3/3
[dc1_node1] Internal PUT (replication): key='item:0063'
[dc1_node1] CONFLICT detected for key='item:0063', siblings=18
[dc1_node1] Saved 8 keys to disk
[dc1_node1] Client GET: key='item:0065'
[dc1_node1] Preference list for 'item:0065': ['localhost:50055', 'localhost:50066', 'localhost:50065']
[dc1_node1] Reading from first 2 nodes in preference list
[dc1_node1] CONFLICT: 38 sibling versions for 'item:0065'
[dc1_node1] Retrieved key='item:0095', versions=19
[dc1_node1] Internal PUT (replication): key='item:0042'
[dc1_node1] CONFLICT detected for key='item:0042', siblings=19
[dc1_node1] Saved 8 keys to disk
[dc1_node1] Client PUT: key='item:0093', value='value_93_client3_op1215'
[dc1_node1] Preference list for 'item:0093': ['localhost:50052', 'localhost:50062', 'localhost:50054']
[dc1_node1] Coordinator NOT in preference list, forwarding only
[dc1_node1] Replicated to localhost:50054
[dc1_node1] Replicated to localhost:50052
[dc1_node1] Replicated to localhost:50062
[dc1_node1] Client GET: key='item:0056'
[dc1_node1] Preference list for 'item:0056': ['localhost:50061', 'localhost:50052', 'localhost:50070']
[dc1_node1] Reading from first 2 nodes in preference list
[dc1_node1] CONFLICT: 34 sibling versions for 'item:0056'
[dc1_node1] W-quorum achieved (2 writes), returning to client
[dc1_node1] Background replication continues for remaining nodes
[dc1_node1] Successful writes: 3/3
[dc1_node1] Internal PUT (replication): key='item:0080'
[dc1_node1] CONFLICT detected for key='item:0080', siblings=16
[dc1_node1] Saved 8 keys to disk
[dc1_node1] Client PUT: key='item:0093', value='value_93_update_client4_op1237'
[dc1_node1] Preference list for 'item:0093': ['localhost:50052', 'localhost:50062', 'localhost:50054']
[dc1_node1] Coordinator NOT in preference list, forwarding only
[dc1_node1] Replicated to localhost:50054
[dc1_node1] Replicated to localhost:50062
[dc1_node1] Replicated to localhost:50052
[dc1_node1] W-quorum achieved (2 writes), returning to client
[dc1_node1] Background replication continues for remaining nodes
[dc1_node1] Successful writes: 3/3
[dc1_node1] Client GET: key='item:0049'
[dc1_node1] Preference list for 'item:0049': ['localhost:50066', 'localhost:50060', 'localhost:50061']
[dc1_node1] Reading from first 2 nodes in preference list
[dc1_node1] CONFLICT: 38 sibling versions for 'item:0049'
[dc1_node1] Internal PUT (replication): key='item:0095'
[dc1_node1] CONFLICT detected for key='item:0095', siblings=19
[dc1_node1] Saved 8 keys to disk
[dc1_node1] Internal PUT (replication): key='item:0080'
[dc1_node1] CONFLICT detected for key='item:0080', siblings=16
[dc1_node1] Saved 8 keys to disk
[dc1_node1] Retrieved key='item:0095', versions=19
[dc1_node1] Client GET: key='item:0007'
[dc1_node1] Preference list for 'item:0007': ['localhost:50065', 'localhost:50059', 'localhost:50070']
[dc1_node1] Reading from first 2 nodes in preference list
[dc1_node1] Internal PUT (replication): key='item:0054'
[dc1_node1] CONFLICT detected for key='item:0054', siblings=17
[dc1_node1] Saved 8 keys to disk
[dc1_node1] CONFLICT: 36 sibling versions for 'item:0007'
[dc1_node1] Internal PUT (replication): key='item:0042'
[dc1_node1] CONFLICT detected for key='item:0042', siblings=19
[dc1_node1] Saved 8 keys to disk
[dc1_node1] Internal PUT (replication): key='item:0095'
[dc1_node1] CONFLICT detected for key='item:0095', siblings=19
[dc1_node1] Saved 8 keys to disk
[dc1_node1] Client GET: key='item:0098'
[dc1_node1] Preference list for 'item:0098': ['localhost:50055', 'localhost:50064', 'localhost:50067']
[dc1_node1] Reading from first 2 nodes in preference list
[dc1_node1] CONFLICT: 32 sibling versions for 'item:0098'
[dc1_node1] Client PUT: key='item:0055', value='value_55_client0_op1241'
[dc1_node1] Preference list for 'item:0055': ['localhost:50059', 'localhost:50068', 'localhost:50056']
[dc1_node1] Coordinator NOT in preference list, forwarding only
[dc1_node1] Replicated to localhost:50068
[dc1_node1] Replicated to localhost:50059
[dc1_node1] Replicated to localhost:50056
[dc1_node1] Internal PUT (replication): key='item:0042'
[dc1_node1] CONFLICT detected for key='item:0042', siblings=19
[dc1_node1] W-quorum achieved (2 writes), returning to client
[dc1_node1] Background replication continues for remaining nodes
[dc1_node1] Successful writes: 3/3
[dc1_node1] Saved 8 keys to disk
[dc1_node1] Internal PUT (replication): key='item:0079'
[dc1_node1] CONFLICT detected for key='item:0079', siblings=20
[dc1_node1] Saved 8 keys to disk
[dc1_node1] Client PUT: key='item:0071', value='value_71_client0_op1245'
[dc1_node1] Preference list for 'item:0071': ['localhost:50052', 'localhost:50063', 'localhost:50060']
[dc1_node1] Coordinator NOT in preference list, forwarding only
[dc1_node1] Replicated to localhost:50063
[dc1_node1] Replicated to localhost:50052
[dc1_node1] Replicated to localhost:50060
[dc1_node1] W-quorum achieved (2 writes), returning to client
[dc1_node1] Background replication continues for remaining nodes
[dc1_node1] Successful writes: 3/3
[dc1_node1] Retrieved key='item:0095', versions=19
[dc1_node1] Internal PUT (replication): key='item:0079'
[dc1_node1] CONFLICT detected for key='item:0079', siblings=20
[dc1_node1] Internal PUT (replication): key='item:0063'
[dc1_node1] Saved 8 keys to disk
[dc1_node1] CONFLICT detected for key='item:0063', siblings=18
[dc1_node1] Saved 8 keys to disk
[dc1_node1] Client PUT: key='item:0083', value='value_83_update_client3_op1236'
[dc1_node1] Preference list for 'item:0083': ['localhost:50064', 'localhost:50057', 'localhost:50070']
[dc1_node1] Coordinator NOT in preference list, forwarding only
[dc1_node1] Replicated to localhost:50057
[dc1_node1] Replicated to localhost:50064
[dc1_node1] Replicated to localhost:50070
[dc1_node1] Internal PUT (replication): key='item:0031'
[dc1_node1] CONFLICT detected for key='item:0031', siblings=18
[dc1_node1] W-quorum achieved (2 writes), returning to client
[dc1_node1] Background replication continues for remaining nodes
[dc1_node1] Successful writes: 3/3
[dc1_node1] Saved 8 keys to disk
[dc1_node1] Client PUT: key='item:0099', value='value_99_client3_op1238'
[dc1_node1] Preference list for 'item:0099': ['localhost:50053', 'localhost:50070', 'localhost:50054']
[dc1_node1] Coordinator NOT in preference list, forwarding only
[dc1_node1] Replicated to localhost:50054
[dc1_node1] Replicated to localhost:50070
[dc1_node1] Replicated to localhost:50053
[dc1_node1] W-quorum achieved (2 writes), returning to client
[dc1_node1] Background replication continues for remaining nodes
[dc1_node1] Successful writes: 3/3
[dc1_node1] Internal PUT (replication): key='item:0080'
[dc1_node1] CONFLICT detected for key='item:0080', siblings=16
[dc1_node1] Saved 8 keys to disk
[dc1_node1] Client PUT: key='item:0086', value='value_86_update_client3_op1248'
[dc1_node1] Preference list for 'item:0086': ['localhost:50056', 'localhost:50067', 'localhost:50055']
[dc1_node1] Coordinator NOT in preference list, forwarding only
[dc1_node1] Replicated to localhost:50056
[dc1_node1] Replicated to localhost:50067
[dc1_node1] Replicated to localhost:50055
[dc1_node1] W-quorum achieved (2 writes), returning to client
[dc1_node1] Background replication continues for remaining nodes
[dc1_node1] Successful writes: 3/3
[dc1_node1] Client PUT: key='item:0077', value='value_77_update_client0_op1262'
[dc1_node1] Preference list for 'item:0077': ['localhost:50066', 'localhost:50056', 'localhost:50063']
[dc1_node1] Coordinator NOT in preference list, forwarding only
[dc1_node1] Replicated to localhost:50063
[dc1_node1] Replicated to localhost:50056
[dc1_node1] Replicated to localhost:50066
[dc1_node1] W-quorum achieved (2 writes), returning to client
[dc1_node1] Background replication continues for remaining nodes
[dc1_node1] Successful writes: 3/3
[dc1_node1] Internal PUT (replication): key='item:0042'
[dc1_node1] CONFLICT detected for key='item:0042', siblings=19
[dc1_node1] Saved 8 keys to disk
[dc1_node1] Client PUT: key='item:0068', value='value_68_client4_op1273'
[dc1_node1] Preference list for 'item:0068': ['localhost:50067', 'localhost:50052', 'localhost:50062']
[dc1_node1] Coordinator NOT in preference list, forwarding only
[dc1_node1] Replicated to localhost:50067
[dc1_node1] Replicated to localhost:50062
[dc1_node1] Replicated to localhost:50052
[dc1_node1] Client PUT: key='item:0069', value='value_69_update_client2_op1265'
[dc1_node1] Preference list for 'item:0069': ['localhost:50062', 'localhost:50056', 'localhost:50053']
[dc1_node1] Coordinator NOT in preference list, forwarding only
[dc1_node1] Replicated to localhost:50056
[dc1_node1] W-quorum achieved (2 writes), returning to client
[dc1_node1] Background replication continues for remaining nodes
[dc1_node1] Successful writes: 3/3
[dc1_node1] Replicated to localhost:50053
[dc1_node1] Replicated to localhost:50062
[dc1_node1] W-quorum achieved (2 writes), returning to client
[dc1_node1] Background replication continues for remaining nodes
[dc1_node1] Successful writes: 3/3
[dc1_node1] Internal PUT (replication): key='item:0054'
[dc1_node1] CONFLICT detected for key='item:0054', siblings=17
[dc1_node1] Saved 8 keys to disk
[dc1_node1] Client PUT: key='item:0043', value='value_43_update_client4_op1275'
[dc1_node1] Preference list for 'item:0043': ['localhost:50058', 'localhost:50070', 'localhost:50057']
[dc1_node1] Coordinator NOT in preference list, forwarding only
[dc1_node1] Replicated to localhost:50070
[dc1_node1] Replicated to localhost:50057
[dc1_node1] Replicated to localhost:50058
[dc1_node1] W-quorum achieved (2 writes), returning to client
[dc1_node1] Background replication continues for remaining nodes
[dc1_node1] Successful writes: 3/3
[dc1_node1] Client PUT: key='item:0017', value='value_17_update_client4_op1276'
[dc1_node1] Preference list for 'item:0017': ['localhost:50063', 'localhost:50054', 'localhost:50053']
[dc1_node1] Coordinator NOT in preference list, forwarding only
[dc1_node1] Retrieved key='item:0079', versions=20
[dc1_node1] Replicated to localhost:50063
[dc1_node1] Replicated to localhost:50054
[dc1_node1] Replicated to localhost:50053
[dc1_node1] W-quorum achieved (2 writes), returning to client
[dc1_node1] Background replication continues for remaining nodes
[dc1_node1] Successful writes: 3/3
[dc1_node1] Internal PUT (replication): key='item:0080'
[dc1_node1] CONFLICT detected for key='item:0080', siblings=17
[dc1_node1] Saved 8 keys to disk
[dc1_node1] Client PUT: key='item:0071', value='value_71_client3_op1265'
[dc1_node1] Preference list for 'item:0071': ['localhost:50052', 'localhost:50063', 'localhost:50060']
[dc1_node1] Coordinator NOT in preference list, forwarding only
[dc1_node1] Replicated to localhost:50052
[dc1_node1] Replicated to localhost:50063
[dc1_node1] Replicated to localhost:50060
[dc1_node1] Internal PUT (replication): key='item:0079'
[dc1_node1] CONFLICT detected for key='item:0079', siblings=20
[dc1_node1] Saved 8 keys to disk
[dc1_node1] W-quorum achieved (2 writes), returning to client
[dc1_node1] Background replication continues for remaining nodes
[dc1_node1] Successful writes: 3/3
[dc1_node1] Client PUT: key='item:0081', value='value_81_update_client0_op1277'
[dc1_node1] Preference list for 'item:0081': ['localhost:50066', 'localhost:50060', 'localhost:50055']
[dc1_node1] Coordinator NOT in preference list, forwarding only
[dc1_node1] Internal PUT (replication): key='item:0095'
[dc1_node1] CONFLICT detected for key='item:0095', siblings=19
[dc1_node1] Client PUT: key='item:0054', value='value_54_update_client1_op1280'
[dc1_node1] Preference list for 'item:0054': ['localhost:50060', 'localhost:50067', 'localhost:50051']
[dc1_node1] Replicated to localhost:50066
[dc1_node1] Replicated to localhost:50055
[dc1_node1] Saved 8 keys to disk
[dc1_node1] CONFLICT detected for key='item:0054', siblings=17
[dc1_node1] Replicated to localhost:50060
[dc1_node1] Saved 8 keys to disk
[dc1_node1] Coordinator IS in preference list, stored locally
[dc1_node1] W-quorum achieved (2 writes), returning to client
[dc1_node1] Background replication continues for remaining nodes
[dc1_node1] Successful writes: 3/3
[dc1_node1] Replicated to localhost:50060
[dc1_node1] Replicated to localhost:50067
[dc1_node1] W-quorum achieved (2 writes), returning to client
[dc1_node1] Background replication continues for remaining nodes
[dc1_node1] Successful writes: 3/3
[dc1_node1] Client PUT: key='item:0027', value='value_27_update_client4_op1287'
[dc1_node1] Preference list for 'item:0027': ['localhost:50067', 'localhost:50058', 'localhost:50052']
[dc1_node1] Coordinator NOT in preference list, forwarding only
[dc1_node1] Replicated to localhost:50067
[dc1_node1] Replicated to localhost:50052
[dc1_node1] Replicated to localhost:50058
[dc1_node1] W-quorum achieved (2 writes), returning to client
[dc1_node1] Background replication continues for remaining nodes
[dc1_node1] Successful writes: 3/3
[dc1_node1] Client GET: key='item:0094'
[dc1_node1] Preference list for 'item:0094': ['localhost:50060', 'localhost:50066', 'localhost:50055']
[dc1_node1] Reading from first 2 nodes in preference list
[dc1_node1] CONFLICT: 38 sibling versions for 'item:0094'
[dc1_node1] Client GET: key='item:0058'
[dc1_node1] Preference list for 'item:0058': ['localhost:50070', 'localhost:50058', 'localhost:50060']
[dc1_node1] Reading from first 2 nodes in preference list
[dc1_node1] CONFLICT: 34 sibling versions for 'item:0058'
[dc1_node1] Client GET: key='item:0062'
[dc1_node1] Preference list for 'item:0062': ['localhost:50058', 'localhost:50062', 'localhost:50053']
[dc1_node1] Reading from first 2 nodes in preference list
[dc1_node1] CONFLICT: 34 sibling versions for 'item:0062'
[dc1_node1] Internal PUT (replication): key='item:0042'
[dc1_node1] CONFLICT detected for key='item:0042', siblings=19
[dc1_node1] Saved 8 keys to disk
[dc1_node1] Internal PUT (replication): key='item:0063'
[dc1_node1] CONFLICT detected for key='item:0063', siblings=18
[dc1_node1] Saved 8 keys to disk
[dc1_node1] Internal PUT (replication): key='item:0079'
[dc1_node1] CONFLICT detected for key='item:0079', siblings=20
[dc1_node1] Saved 8 keys to disk
[dc1_node1] Retrieved key='item:0079', versions=20
[dc1_node1] Internal PUT (replication): key='item:0054'
[dc1_node1] CONFLICT detected for key='item:0054', siblings=17
[dc1_node1] Saved 8 keys to disk
[dc1_node1] Internal PUT (replication): key='item:0095'
[dc1_node1] CONFLICT detected for key='item:0095', siblings=19
[dc1_node1] Saved 8 keys to disk
[dc1_node1] Internal PUT (replication): key='item:0054'
[dc1_node1] CONFLICT detected for key='item:0054', siblings=17
[dc1_node1] Saved 8 keys to disk
[dc1_node1] Internal PUT (replication): key='item:0025'
[dc1_node1] CONFLICT detected for key='item:0025', siblings=15
[dc1_node1] Saved 8 keys to disk
[dc1_node1] Internal PUT (replication): key='item:0042'
[dc1_node1] CONFLICT detected for key='item:0042', siblings=19
[dc1_node1] Saved 8 keys to disk
[dc1_node1] Client GET: key='item:0042'
[dc1_node1] Preference list for 'item:0042': ['localhost:50053', 'localhost:50062', 'localhost:50051']
[dc1_node1] Reading from first 2 nodes in preference list
[dc1_node1] CONFLICT: 38 sibling versions for 'item:0042'
[dc1_node1] Client PUT: key='item:0019', value='value_19_update_client0_op1304'
[dc1_node1] Preference list for 'item:0019': ['localhost:50059', 'localhost:50068', 'localhost:50069']
[dc1_node1] Coordinator NOT in preference list, forwarding only
[dc1_node1] Replicated to localhost:50068
[dc1_node1] Replicated to localhost:50059
[dc1_node1] Replicated to localhost:50069
[dc1_node1] Internal PUT (replication): key='item:0031'
[dc1_node1] CONFLICT detected for key='item:0031', siblings=19
[dc1_node1] Client GET: key='item:0094'
[dc1_node1] Preference list for 'item:0094': ['localhost:50060', 'localhost:50066', 'localhost:50055']
[dc1_node1] Reading from first 2 nodes in preference list
[dc1_node1] Saved 8 keys to disk
[dc1_node1] CONFLICT: 38 sibling versions for 'item:0094'
[dc1_node1] W-quorum achieved (2 writes), returning to client
[dc1_node1] Background replication continues for remaining nodes
[dc1_node1] Successful writes: 3/3
[dc1_node1] Internal PUT (replication): key='item:0079'
[dc1_node1] CONFLICT detected for key='item:0079', siblings=20
[dc1_node1] Saved 8 keys to disk
[dc1_node1] Client PUT: key='item:0098', value='value_98_client2_op1312'
[dc1_node1] Preference list for 'item:0098': ['localhost:50055', 'localhost:50064', 'localhost:50067']
[dc1_node1] Coordinator NOT in preference list, forwarding only
[dc1_node1] Client PUT: key='item:0075', value='value_75_update_client4_op1319'
[dc1_node1] Preference list for 'item:0075': ['localhost:50059', 'localhost:50065', 'localhost:50060']
[dc1_node1] Coordinator NOT in preference list, forwarding only
[dc1_node1] Replicated to localhost:50055
[dc1_node1] Replicated to localhost:50064
[dc1_node1] Replicated to localhost:50059
[dc1_node1] Replicated to localhost:50065
[dc1_node1] Replicated to localhost:50067
[dc1_node1] Client GET: key='item:0056'
[dc1_node1] Preference list for 'item:0056': ['localhost:50061', 'localhost:50052', 'localhost:50070']
[dc1_node1] Reading from first 2 nodes in preference list
[dc1_node1] Replicated to localhost:50060
[dc1_node1] Internal PUT (replication): key='item:0054'
[dc1_node1] CONFLICT detected for key='item:0054', siblings=18
[dc1_node1] Saved 8 keys to disk
[dc1_node1] CONFLICT: 36 sibling versions for 'item:0056'
[dc1_node1] W-quorum achieved (2 writes), returning to client
[dc1_node1] Background replication continues for remaining nodes
[dc1_node1] Successful writes: 3/3
[dc1_node1] W-quorum achieved (2 writes), returning to client
[dc1_node1] Background replication continues for remaining nodes
[dc1_node1] Successful writes: 3/3
[dc1_node1] Client PUT: key='item:0086', value='value_86_update_client0_op1313'
[dc1_node1] Preference list for 'item:0086': ['localhost:50056', 'localhost:50067', 'localhost:50055']
[dc1_node1] Coordinator NOT in preference list, forwarding only
[dc1_node1] Replicated to localhost:50056
[dc1_node1] Replicated to localhost:50067
[dc1_node1] Replicated to localhost:50055
[dc1_node1] W-quorum achieved (2 writes), returning to client
[dc1_node1] Background replication continues for remaining nodes
[dc1_node1] Successful writes: 3/3
[dc1_node1] Client PUT: key='item:0011', value='value_11_update_client1_op1319'
[dc1_node1] Preference list for 'item:0011': ['localhost:50054', 'localhost:50066', 'localhost:50053']
[dc1_node1] Coordinator NOT in preference list, forwarding only
[dc1_node1] Replicated to localhost:50066
[dc1_node1] Replicated to localhost:50053
[dc1_node1] Replicated to localhost:50054
[dc1_node1] W-quorum achieved (2 writes), returning to client
[dc1_node1] Background replication continues for remaining nodes
[dc1_node1] Successful writes: 3/3
[dc1_node1] Retrieved key='item:0079', versions=20
[dc1_node1] Client PUT: key='item:0067', value='value_67_update_client4_op1330'
[dc1_node1] Preference list for 'item:0067': ['localhost:50065', 'localhost:50060', 'localhost:50053']
[dc1_node1] Coordinator NOT in preference list, forwarding only
[dc1_node1] Replicated to localhost:50065
[dc1_node1] Replicated to localhost:50060
[dc1_node1] Replicated to localhost:50053
[dc1_node1] W-quorum achieved (2 writes), returning to client
[dc1_node1] Background replication continues for remaining nodes
[dc1_node1] Successful writes: 3/3
[dc1_node1] Internal PUT (replication): key='item:0031'
[dc1_node1] CONFLICT detected for key='item:0031', siblings=19
[dc1_node1] Saved 8 keys to disk
[dc1_node1] Client GET: key='item:0063'
[dc1_node1] Preference list for 'item:0063': ['localhost:50069', 'localhost:50051', 'localhost:50065']
[dc1_node1] Reading from first 2 nodes in preference list
[dc1_node1] Retrieved key='item:0063', versions=18
[dc1_node1] Read locally (coordinator in preference list)
[dc1_node1] CONFLICT: 36 sibling versions for 'item:0063'
[dc1_node1] Client GET: key='item:0071'
[dc1_node1] Preference list for 'item:0071': ['localhost:50052', 'localhost:50063', 'localhost:50060']
[dc1_node1] Reading from first 2 nodes in preference list
[dc1_node1] CONFLICT: 32 sibling versions for 'item:0071'
[dc1_node1] Internal PUT (replication): key='item:0054'
[dc1_node1] CONFLICT detected for key='item:0054', siblings=18
[dc1_node1] Saved 8 keys to disk
[dc1_node1] Internal PUT (replication): key='item:0079'
[dc1_node1] CONFLICT detected for key='item:0079', siblings=20
[dc1_node1] Saved 8 keys to disk
[dc1_node1] Retrieved key='item:0079', versions=20
[dc1_node1] Internal PUT (replication): key='item:0025'
[dc1_node1] CONFLICT detected for key='item:0025', siblings=16
[dc1_node1] Saved 8 keys to disk
[dc1_node1] Client PUT: key='item:0006', value='value_6_client1_op1333'
[dc1_node1] Preference list for 'item:0006': ['localhost:50062', 'localhost:50053', 'localhost:50070']
[dc1_node1] Coordinator NOT in preference list, forwarding only
[dc1_node1] Replicated to localhost:50053
[dc1_node1] Replicated to localhost:50070
[dc1_node1] Replicated to localhost:50062
[dc1_node1] W-quorum achieved (2 writes), returning to client
[dc1_node1] Background replication continues for remaining nodes
[dc1_node1] Successful writes: 3/3
[dc1_node1] Retrieved key='item:0031', versions=19
[dc1_node1] Internal PUT (replication): key='item:0025'
[dc1_node1] CONFLICT detected for key='item:0025', siblings=16
[dc1_node1] Saved 8 keys to disk
[dc1_node1] Internal PUT (replication): key='item:0079'
[dc1_node1] CONFLICT detected for key='item:0079', siblings=20
[dc1_node1] Saved 8 keys to disk
[dc1_node1] Internal PUT (replication): key='item:0095'
[dc1_node1] CONFLICT detected for key='item:0095', siblings=19
[dc1_node1] Saved 8 keys to disk
[dc1_node1] Internal PUT (replication): key='item:0042'
[dc1_node1] CONFLICT detected for key='item:0042', siblings=19
[dc1_node1] Saved 8 keys to disk
[dc1_node1] Client PUT: key='item:0045', value='value_45_client1_op1352'
[dc1_node1] Preference list for 'item:0045': ['localhost:50059', 'localhost:50063', 'localhost:50062']
[dc1_node1] Coordinator NOT in preference list, forwarding only
[dc1_node1] Replicated to localhost:50063
[dc1_node1] Replicated to localhost:50059
[dc1_node1] Internal PUT (replication): key='item:0054'
[dc1_node1] CONFLICT detected for key='item:0054', siblings=18
[dc1_node1] Saved 8 keys to disk
[dc1_node1] W-quorum achieved (2 writes), returning to client
[dc1_node1] Background replication continues for remaining nodes
[dc1_node1] Successful writes: 2/3
[dc1_node1] Replicated to localhost:50062
[dc1_node1] Client PUT: key='item:0082', value='value_82_client3_op1343'
[dc1_node1] Preference list for 'item:0082': ['localhost:50064', 'localhost:50054', 'localhost:50067']
[dc1_node1] Coordinator NOT in preference list, forwarding only
[dc1_node1] Client PUT: key='item:0044', value='value_44_client0_op1354'
[dc1_node1] Preference list for 'item:0044': ['localhost:50055', 'localhost:50068', 'localhost:50060']
[dc1_node1] Coordinator NOT in preference list, forwarding only
[dc1_node1] Replicated to localhost:50054
[dc1_node1] Replicated to localhost:50064
[dc1_node1] Replicated to localhost:50067
[dc1_node1] Replicated to localhost:50055
[dc1_node1] Replicated to localhost:50068
[dc1_node1] Client PUT: key='item:0091', value='value_91_update_client2_op1354'
[dc1_node1] Preference list for 'item:0091': ['localhost:50058', 'localhost:50063', 'localhost:50056']
[dc1_node1] Coordinator NOT in preference list, forwarding only
[dc1_node1] W-quorum achieved (2 writes), returning to client
[dc1_node1] Background replication continues for remaining nodes
[dc1_node1] Successful writes: 3/3
[dc1_node1] Replicated to localhost:50060
[dc1_node1] W-quorum achieved (2 writes), returning to client
[dc1_node1] Background replication continues for remaining nodes
[dc1_node1] Successful writes: 3/3
[dc1_node1] Client GET: key='item:0024'
[dc1_node1] Preference list for 'item:0024': ['localhost:50061', 'localhost:50053', 'localhost:50062']
[dc1_node1] Reading from first 2 nodes in preference list
[dc1_node1] Replicated to localhost:50056
[dc1_node1] Replicated to localhost:50063
[dc1_node1] Replicated to localhost:50058
[dc1_node1] CONFLICT: 32 sibling versions for 'item:0024'
[dc1_node1] W-quorum achieved (2 writes), returning to client
[dc1_node1] Background replication continues for remaining nodes
[dc1_node1] Successful writes: 3/3
[dc1_node1] Internal PUT (replication): key='item:0042'
[dc1_node1] CONFLICT detected for key='item:0042', siblings=19
[dc1_node1] Saved 8 keys to disk
[dc1_node1] Internal PUT (replication): key='item:0079'
[dc1_node1] CONFLICT detected for key='item:0079', siblings=20
[dc1_node1] Saved 8 keys to disk
[dc1_node1] Internal PUT (replication): key='item:0095'
[dc1_node1] CONFLICT detected for key='item:0095', siblings=19
[dc1_node1] Saved 8 keys to disk
[dc1_node1] Internal PUT (replication): key='item:0042'
[dc1_node1] CONFLICT detected for key='item:0042', siblings=19
[dc1_node1] Saved 8 keys to disk
[dc1_node1] Client GET: key='item:0082'
[dc1_node1] Preference list for 'item:0082': ['localhost:50064', 'localhost:50054', 'localhost:50067']
[dc1_node1] Reading from first 2 nodes in preference list
[dc1_node1] Client GET: key='item:0067'
[dc1_node1] Preference list for 'item:0067': ['localhost:50065', 'localhost:50060', 'localhost:50053']
[dc1_node1] Reading from first 2 nodes in preference list
[dc1_node1] Internal PUT (replication): key='item:0054'
[dc1_node1] CONFLICT detected for key='item:0054', siblings=19
[dc1_node1] CONFLICT: 34 sibling versions for 'item:0082'
[dc1_node1] Saved 8 keys to disk
[dc1_node1] CONFLICT: 36 sibling versions for 'item:0067'
[dc1_node1] Internal PUT (replication): key='item:0025'
[dc1_node1] CONFLICT detected for key='item:0025', siblings=16
[dc1_node1] Saved 8 keys to disk
[dc1_node1] Retrieved key='item:0079', versions=20
[dc1_node1] Internal PUT (replication): key='item:0054'
[dc1_node1] CONFLICT detected for key='item:0054', siblings=19
[dc1_node1] Saved 8 keys to disk
[dc1_node1] Retrieved key='item:0063', versions=18
[dc1_node1] Client PUT: key='item:0097', value='value_97_update_client4_op1396'
[dc1_node1] Preference list for 'item:0097': ['localhost:50060', 'localhost:50064', 'localhost:50052']
[dc1_node1] Coordinator NOT in preference list, forwarding only
[dc1_node1] Replicated to localhost:50064
[dc1_node1] Replicated to localhost:50052
[dc1_node1] W-quorum achieved (2 writes), returning to client
[dc1_node1] Background replication continues for remaining nodes
[dc1_node1] Successful writes: 2/3
[dc1_node1] Replicated to localhost:50060
[dc1_node1] Client PUT: key='item:0039', value='value_39_update_client2_op1394'
[dc1_node1] Preference list for 'item:0039': ['localhost:50070', 'localhost:50054', 'localhost:50068']
[dc1_node1] Coordinator NOT in preference list, forwarding only
[dc1_node1] Client PUT: key='item:0055', value='value_55_client1_op1396'
[dc1_node1] Preference list for 'item:0055': ['localhost:50059', 'localhost:50068', 'localhost:50056']
[dc1_node1] Coordinator NOT in preference list, forwarding only
[dc1_node1] Replicated to localhost:50054
[dc1_node1] Replicated to localhost:50070
[dc1_node1] Replicated to localhost:50068
[dc1_node1] Replicated to localhost:50059
[dc1_node1] Replicated to localhost:50068
[dc1_node1] Replicated to localhost:50056
[dc1_node1] W-quorum achieved (2 writes), returning to client
[dc1_node1] Background replication continues for remaining nodes
[dc1_node1] Successful writes: 3/3
[dc1_node1] W-quorum achieved (2 writes), returning to client
[dc1_node1] Background replication continues for remaining nodes
[dc1_node1] Successful writes: 3/3
[dc1_node1] Client PUT: key='item:0065', value='value_65_client2_op1395'
[dc1_node1] Preference list for 'item:0065': ['localhost:50055', 'localhost:50066', 'localhost:50065']
[dc1_node1] Coordinator NOT in preference list, forwarding only
[dc1_node1] Replicated to localhost:50066
[dc1_node1] Replicated to localhost:50055
[dc1_node1] Replicated to localhost:50065
[dc1_node1] W-quorum achieved (2 writes), returning to client
[dc1_node1] Background replication continues for remaining nodes
[dc1_node1] Successful writes: 3/3
[dc1_node1] Internal PUT (replication): key='item:0042'
[dc1_node1] CONFLICT detected for key='item:0042', siblings=19
[dc1_node1] Saved 8 keys to disk
[dc1_node1] Client GET: key='item:0045'
[dc1_node1] Preference list for 'item:0045': ['localhost:50059', 'localhost:50063', 'localhost:50062']
[dc1_node1] Reading from first 2 nodes in preference list
[dc1_node1] CONFLICT: 30 sibling versions for 'item:0045'
[dc1_node1] Retrieved key='item:0095', versions=19
[dc1_node1] Retrieved key='item:0095', versions=19
[dc1_node1] Retrieved key='item:0031', versions=19
[dc1_node1] Client PUT: key='item:0096', value='value_96_update_client3_op1394'
[dc1_node1] Preference list for 'item:0096': ['localhost:50070', 'localhost:50058', 'localhost:50060']
[dc1_node1] Coordinator NOT in preference list, forwarding only
[dc1_node1] Internal PUT (replication): key='item:0079'
[dc1_node1] CONFLICT detected for key='item:0079', siblings=20
[dc1_node1] Saved 8 keys to disk
[dc1_node1] Replicated to localhost:50058
[dc1_node1] Replicated to localhost:50070
[dc1_node1] Replicated to localhost:50060
[dc1_node1] W-quorum achieved (2 writes), returning to client
[dc1_node1] Background replication continues for remaining nodes
[dc1_node1] Successful writes: 3/3
[dc1_node1] Replicated to localhost:50056
[dc1_node1] Replicated to localhost:50055
[dc1_node1] Replicated to localhost:50067
[dc1_node1] W-quorum achieved (2 writes), returning to client
[dc1_node1] Background replication continues for remaining nodes
[dc1_node1] Successful writes: 3/3
[dc1_node1] Internal PUT (replication): key='item:0095'
[dc1_node1] CONFLICT detected for key='item:0095', siblings=19
[dc1_node1] Internal PUT (replication): key='item:0025'
[dc1_node1] Saved 8 keys to disk
[dc1_node1] CONFLICT detected for key='item:0025', siblings=16
[dc1_node1] Saved 8 keys to disk
[dc1_node1] Internal PUT (replication): key='item:0079'
[dc1_node1] CONFLICT detected for key='item:0079', siblings=20
[dc1_node1] Saved 8 keys to disk
[dc1_node1] Client PUT: key='item:0077', value='value_77_client0_op1416'
[dc1_node1] Preference list for 'item:0077': ['localhost:50066', 'localhost:50056', 'localhost:50063']
[dc1_node1] Coordinator NOT in preference list, forwarding only
[dc1_node1] Internal PUT (replication): key='item:0042'
[dc1_node1] CONFLICT detected for key='item:0042', siblings=19
[dc1_node1] Saved 8 keys to disk
[dc1_node1] Replicated to localhost:50056
[dc1_node1] Replicated to localhost:50063
[dc1_node1] Replicated to localhost:50066
[dc1_node1] W-quorum achieved (2 writes), returning to client
[dc1_node1] Background replication continues for remaining nodes
[dc1_node1] Successful writes: 3/3
[dc1_node1] Client PUT: key='item:0085', value='value_85_update_client4_op1420'
[dc1_node1] Preference list for 'item:0085': ['localhost:50060', 'localhost:50061', 'localhost:50053']
[dc1_node1] Coordinator NOT in preference list, forwarding only
[dc1_node1] Replicated to localhost:50060
[dc1_node1] Replicated to localhost:50053
[dc1_node1] Replicated to localhost:50061
[dc1_node1] W-quorum achieved (2 writes), returning to client
[dc1_node1] Background replication continues for remaining nodes
[dc1_node1] Successful writes: 3/3
[dc1_node1] Client PUT: key='item:0034', value='value_34_client0_op1423'
[dc1_node1] Preference list for 'item:0034': ['localhost:50064', 'localhost:50055', 'localhost:50062']
[dc1_node1] Coordinator NOT in preference list, forwarding only
[dc1_node1] Replicated to localhost:50064
[dc1_node1] Replicated to localhost:50055
[dc1_node1] Replicated to localhost:50062
[dc1_node1] W-quorum achieved (2 writes), returning to client
[dc1_node1] Background replication continues for remaining nodes
[dc1_node1] Successful writes: 3/3
[dc1_node1] Client PUT: key='item:0019', value='value_19_update_client0_op1424'
[dc1_node1] Preference list for 'item:0019': ['localhost:50059', 'localhost:50068', 'localhost:50069']
[dc1_node1] Coordinator NOT in preference list, forwarding only
[dc1_node1] Replicated to localhost:50059
[dc1_node1] Replicated to localhost:50068
[dc1_node1] Replicated to localhost:50069
[dc1_node1] W-quorum achieved (2 writes), returning to client
[dc1_node1] Background replication continues for remaining nodes
[dc1_node1] Successful writes: 3/3
[dc1_node1] Retrieved key='item:0031', versions=19
[dc1_node1] Client GET: key='item:0015'
[dc1_node1] Preference list for 'item:0015': ['localhost:50052', 'localhost:50065', 'localhost:50068']
[dc1_node1] Reading from first 2 nodes in preference list
[dc1_node1] CONFLICT: 38 sibling versions for 'item:0015'
[dc1_node1] Internal PUT (replication): key='item:0095'
[dc1_node1] CONFLICT detected for key='item:0095', siblings=19
[dc1_node1] Saved 8 keys to disk
[dc1_node1] Internal PUT (replication): key='item:0080'
[dc1_node1] CONFLICT detected for key='item:0080', siblings=17
[dc1_node1] Saved 8 keys to disk
[dc1_node1] Client PUT: key='item:0090', value='value_90_update_client3_op1421'
[dc1_node1] Preference list for 'item:0090': ['localhost:50067', 'localhost:50052', 'localhost:50053']
[dc1_node1] Coordinator NOT in preference list, forwarding only
[dc1_node1] Replicated to localhost:50052
[dc1_node1] Replicated to localhost:50053
[dc1_node1] Retrieved key='item:0031', versions=19
[dc1_node1] Replicated to localhost:50067
[dc1_node1] W-quorum achieved (2 writes), returning to client
[dc1_node1] Background replication continues for remaining nodes
[dc1_node1] Successful writes: 3/3
[dc1_node1] Client PUT: key='item:0078', value='value_78_client4_op1442'
[dc1_node1] Preference list for 'item:0078': ['localhost:50058', 'localhost:50070', 'localhost:50057']
[dc1_node1] Coordinator NOT in preference list, forwarding only
[dc1_node1] Replicated to localhost:50057
[dc1_node1] Replicated to localhost:50058
[dc1_node1] Replicated to localhost:50070
[dc1_node1] W-quorum achieved (2 writes), returning to client
[dc1_node1] Background replication continues for remaining nodes
[dc1_node1] Successful writes: 3/3
[dc1_node1] Internal PUT (replication): key='item:0095'
[dc1_node1] CONFLICT detected for key='item:0095', siblings=19
[dc1_node1] Saved 8 keys to disk
[dc1_node1] Retrieved key='item:0063', versions=18
[dc1_node1] Internal PUT (replication): key='item:0031'
[dc1_node1] CONFLICT detected for key='item:0031', siblings=19
[dc1_node1] Saved 8 keys to disk
[dc1_node1] Internal PUT (replication): key='item:0031'
[dc1_node1] CONFLICT detected for key='item:0031', siblings=19
[dc1_node1] Saved 8 keys to disk
[dc1_node1] Client GET: key='item:0048'
[dc1_node1] Preference list for 'item:0048': ['localhost:50070', 'localhost:50054', 'localhost:50064']
[dc1_node1] Reading from first 2 nodes in preference list
[dc1_node1] CONFLICT: 38 sibling versions for 'item:0048'
[dc1_node1] Retrieved key='item:0063', versions=18
[dc1_node1] Client GET: key='item:0040'
[dc1_node1] Preference list for 'item:0040': ['localhost:50070', 'localhost:50055', 'localhost:50065']
[dc1_node1] Reading from first 2 nodes in preference list
[dc1_node1] CONFLICT: 36 sibling versions for 'item:0040'
[dc1_node1] Internal PUT (replication): key='item:0025'
[dc1_node1] CONFLICT detected for key='item:0025', siblings=16
[dc1_node1] Saved 8 keys to disk
[dc1_node1] Internal PUT (replication): key='item:0025'
[dc1_node1] CONFLICT detected for key='item:0025', siblings=16
[dc1_node1] Saved 8 keys to disk
[dc1_node1] Client PUT: key='item:0087', value='value_87_client2_op1457'
[dc1_node1] Preference list for 'item:0087': ['localhost:50052', 'localhost:50061', 'localhost:50063']
[dc1_node1] Coordinator NOT in preference list, forwarding only
[dc1_node1] Replicated to localhost:50052
[dc1_node1] Replicated to localhost:50063
[dc1_node1] Replicated to localhost:50061
[dc1_node1] W-quorum achieved (2 writes), returning to client
[dc1_node1] Background replication continues for remaining nodes
[dc1_node1] Successful writes: 3/3
[dc1_node1] Client GET: key='item:0048'
[dc1_node1] Preference list for 'item:0048': ['localhost:50070', 'localhost:50054', 'localhost:50064']
[dc1_node1] Reading from first 2 nodes in preference list
[dc1_node1] CONFLICT: 38 sibling versions for 'item:0048'
[dc1_node1] Client PUT: key='item:0040', value='value_40_client3_op1451'
[dc1_node1] Preference list for 'item:0040': ['localhost:50070', 'localhost:50055', 'localhost:50065']
[dc1_node1] Coordinator NOT in preference list, forwarding only
[dc1_node1] Client GET: key='item:0058'
[dc1_node1] Preference list for 'item:0058': ['localhost:50070', 'localhost:50058', 'localhost:50060']
[dc1_node1] Reading from first 2 nodes in preference list
[dc1_node1] Replicated to localhost:50070
[dc1_node1] CONFLICT: 34 sibling versions for 'item:0058'
[dc1_node1] Replicated to localhost:50055
[dc1_node1] Replicated to localhost:50065
[dc1_node1] Internal PUT (replication): key='item:0042'
[dc1_node1] CONFLICT detected for key='item:0042', siblings=19
[dc1_node1] Saved 8 keys to disk
 "value": "value_95_client3_op1289",
      "vector_clock": {
        "dc2_node3": 1
      }
    },
    {
      "value": "value_95_update_client1_op1344",
      "vector_clock": {
        "dc1_node10": 1
      }
    },
    {
      "value":  ": 1
Q [dc1_node1] W-quorum achieved (2 writes), returning to client
[dc1_node1] Background replication continues for remaining nodes
[dc1_node1] Successful writes: 3/3
[dc1_node1] Internal PUT (replication): key='item:0025'
[dc1_node1] CONFLICT detected for key='item:0025', siblings=16
[dc1_node1] Saved 8 keys to disk
[dc1_node1] Retrieved key='item:0063', versions=18
[dc1_node1] Internal PUT (replication): key='item:0095'
[dc1_node1] CONFLICT detected for key='item:0095', siblings=19
[dc1_node1] Saved 8 keys to disk
[dc1_node1] Internal PUT (replication): key='item:0079'
[dc1_node1] CONFLICT detected for key='item:0079', siblings=20
[dc1_node1] Saved 8 keys to disk
[dc1_node1] Client GET: key='item:0019'
[dc1_node1] Preference list for 'item:0019': ['localhost:50059', 'localhost:50068', 'localhost:50069']
[dc1_node1] Reading from first 2 nodes in preference list
[dc1_node1] CONFLICT: 34 sibling versions for 'item:0019'
[dc1_node1] Internal PUT (replication): key='item:0054'
[dc1_node1] CONFLICT detected for key='item:0054', siblings=19
[dc1_node1] Saved 8 keys to disk
[dc1_node1] Internal PUT (replication): key='item:0079'
[dc1_node1] CONFLICT detected for key='item:0079', siblings=20
[dc1_node1] Saved 8 keys to disk
[dc1_node1] Retrieved key='item:0031', versions=19
[dc1_node1] Client GET: key='item:0033'
[dc1_node1] Preference list for 'item:0033': ['localhost:50058', 'localhost:50063', 'localhost:50062']
[dc1_node1] Reading from first 2 nodes in preference list
[dc1_node1] Client PUT: key='item:0043', value='value_43_client0_op1481'
[dc1_node1] Preference list for 'item:0043': ['localhost:50058', 'localhost:50070', 'localhost:50057']
[dc1_node1] Coordinator NOT in preference list, forwarding only
[dc1_node1] Retrieved key='item:0079', versions=20
[dc1_node1] CONFLICT: 38 sibling versions for 'item:0033'
[dc1_node1] Replicated to localhost:50057
[dc1_node1] Replicated to localhost:50070
[dc1_node1] Replicated to localhost:50058
[dc1_node1] W-quorum achieved (2 writes), returning to client
[dc1_node1] Background replication continues for remaining nodes
[dc1_node1] Successful writes: 3/3
[dc1_node1] Internal PUT (replication): key='item:0025'
[dc1_node1] CONFLICT detected for key='item:0025', siblings=16
[dc1_node1] Saved 8 keys to disk
[dc1_node1] Client PUT: key='item:0058', value='value_58_client0_op1484'
[dc1_node1] Preference list for 'item:0058': ['localhost:50070', 'localhost:50058', 'localhost:50060']
[dc1_node1] Coordinator NOT in preference list, forwarding only
[dc1_node1] Internal PUT (replication): key='item:0095'
[dc1_node1] CONFLICT detected for key='item:0095', siblings=19
[dc1_node1] Saved 8 keys to disk
[dc1_node1] Replicated to localhost:50070
[dc1_node1] Replicated to localhost:50058
[dc1_node1] Replicated to localhost:50060
[dc1_node1] W-quorum achieved (2 writes), returning to client
[dc1_node1] Background replication continues for remaining nodes
[dc1_node1] Successful writes: 3/3
[dc1_node1] Client PUT: key='item:0031', value='value_31_update_client1_op1487'
[dc1_node1] Preference list for 'item:0031': ['localhost:50068', 'localhost:50051', 'localhost:50054']
[dc1_node1] CONFLICT detected for key='item:0031', siblings=19
[dc1_node1] Internal PUT (replication): key='item:0079'
[dc1_node1] Saved 8 keys to disk
[dc1_node1] Coordinator IS in preference list, stored locally
[dc1_node1] CONFLICT detected for key='item:0079', siblings=20
[dc1_node1] Saved 8 keys to disk
[dc1_node1] Replicated to localhost:50068
[dc1_node1] Replicated to localhost:50054
[dc1_node1] Client PUT: key='item:0033', value='value_33_update_client2_op1490'
[dc1_node1] Preference list for 'item:0033': ['localhost:50058', 'localhost:50063', 'localhost:50062']
[dc1_node1] Coordinator NOT in preference list, forwarding only
[dc1_node1] W-quorum achieved (2 writes), returning to client
[dc1_node1] Background replication continues for remaining nodes
[dc1_node1] Successful writes: 3/3
[dc1_node1] Client PUT: key='item:0078', value='value_78_client3_op1476'
[dc1_node1] Preference list for 'item:0078': ['localhost:50058', 'localhost:50070', 'localhost:50057']
[dc1_node1] Coordinator NOT in preference list, forwarding only
[dc1_node1] Replicated to localhost:50063
[dc1_node1] Replicated to localhost:50058
[dc1_node1] Replicated to localhost:50057
[dc1_node1] Replicated to localhost:50070
[dc1_node1] Replicated to localhost:50062
[dc1_node1] Replicated to localhost:50058
[dc1_node1] W-quorum achieved (2 writes), returning to client
[dc1_node1] Background replication continues for remaining nodes
[dc1_node1] Successful writes: 3/3
[dc1_node1] W-quorum achieved (2 writes), returning to client
[dc1_node1] Background replication continues for remaining nodes
[dc1_node1] Successful writes: 3/3
[dc1_node1] Client GET: key='item:0013'
[dc1_node1] Preference list for 'item:0013': ['localhost:50060', 'localhost:50070', 'localhost:50057']
[dc1_node1] Reading from first 2 nodes in preference list
[dc1_node1] CONFLICT: 38 sibling versions for 'item:0013'
[dc1_node1] Client PUT: key='item:0037', value='value_37_update_client3_op1480'
[dc1_node1] Preference list for 'item:0037': ['localhost:50066', 'localhost:50052', 'localhost:50063']
[dc1_node1] Coordinator NOT in preference list, forwarding only
[dc1_node1] Replicated to localhost:50066
[dc1_node1] Replicated to localhost:50063
[dc1_node1] Replicated to localhost:50052
[dc1_node1] W-quorum achieved (2 writes), returning to client
[dc1_node1] Background replication continues for remaining nodes
[dc1_node1] Successful writes: 3/3
[dc1_node1] Client GET: key='item:0082'
[dc1_node1] Preference list for 'item:0082': ['localhost:50064', 'localhost:50054', 'localhost:50067']
[dc1_node1] Reading from first 2 nodes in preference list
[dc1_node1] CONFLICT: 36 sibling versions for 'item:0082'
[dc1_node1] Internal PUT (replication): key='item:0095'
[dc1_node1] CONFLICT detected for key='item:0095', siblings=19
[dc1_node1] Saved 8 keys to disk
[dc1_node1] Client PUT: key='item:0059', value='value_59_client1_op1495'
[dc1_node1] Preference list for 'item:0059': ['localhost:50055', 'localhost:50069', 'localhost:50060']
[dc1_node1] Coordinator NOT in preference list, forwarding only
[dc1_node1] Replicated to localhost:50055
[dc1_node1] Replicated to localhost:50060
[dc1_node1] Replicated to localhost:50069
[dc1_node1] W-quorum achieved (2 writes), returning to client
[dc1_node1] Background replication continues for remaining nodes
[dc1_node1] Successful writes: 3/3
[dc1_node1] Retrieved key='item:0095', versions=19
[dc1_node1] Client GET: key='item:0087'
[dc1_node1] Preference list for 'item:0087': ['localhost:50052', 'localhost:50061', 'localhost:50063']
[dc1_node1] Reading from first 2 nodes in preference list
[dc1_node1] CONFLICT: 32 sibling versions for 'item:0087'
[dc1_node1] Internal PUT (replication): key='item:0042'
[dc1_node1] CONFLICT detected for key='item:0042', siblings=19
[dc1_node1] Saved 8 keys to disk
[dc1_node1] Internal PUT (replication): key='item:0054'
[dc1_node1] CONFLICT detected for key='item:0054', siblings=19
[dc1_node1] Saved 8 keys to disk
[dc1_node1] Client PUT: key='item:0008', value='value_8_client3_op1494'
[dc1_node1] Preference list for 'item:0008': ['localhost:50065', 'localhost:50060', 'localhost:50055']
[dc1_node1] Coordinator NOT in preference list, forwarding only
[dc1_node1] Internal PUT (replication): key='item:0054'
[dc1_node1] CONFLICT detected for key='item:0054', siblings=19
[dc1_node1] Saved 8 keys to disk
[dc1_node1] Replicated to localhost:50065
[dc1_node1] Replicated to localhost:50055
[dc1_node1] Replicated to localhost:50060
[dc1_node1] W-quorum achieved (2 writes), returning to client
[dc1_node1] Background replication continues for remaining nodes
[dc1_node1] Successful writes: 3/3
[dc1_node1] Client GET: key='item:0051'
[dc1_node1] Preference list for 'item:0051': ['localhost:50059', 'localhost:50064', 'localhost:50055']
[dc1_node1] Reading from first 2 nodes in preference list
[dc1_node1] CONFLICT: 36 sibling versions for 'item:0051'
[dc1_node1] Internal PUT (replication): key='item:0063'
[dc1_node1] CONFLICT detected for key='item:0063', siblings=18
[dc1_node1] Saved 8 keys to disk
[dc1_node1] Client GET: key='item:0077'
[dc1_node1] Preference list for 'item:0077': ['localhost:50066', 'localhost:50056', 'localhost:50063']
[dc1_node1] Reading from first 2 nodes in preference list
[dc1_node1] CONFLICT: 38 sibling versions for 'item:0077'
[dc1_node1] Client PUT: key='item:0032', value='value_32_update_client1_op1518'
[dc1_node1] Preference list for 'item:0032': ['localhost:50063', 'localhost:50055', 'localhost:50064']
[dc1_node1] Coordinator NOT in preference list, forwarding only
[dc1_node1] Replicated to localhost:50063
[dc1_node1] Replicated to localhost:50055
[dc1_node1] Replicated to localhost:50064
[dc1_node1] W-quorum achieved (2 writes), returning to client
[dc1_node1] Background replication continues for remaining nodes
[dc1_node1] Successful writes: 3/3
[dc1_node1] Client PUT: key='item:0052', value='value_52_client0_op1521'
[dc1_node1] Preference list for 'item:0052': ['localhost:50057', 'localhost:50062', 'localhost:50056']
[dc1_node1] Coordinator NOT in preference list, forwarding only
[dc1_node1] Replicated to localhost:50057
[dc1_node1] Replicated to localhost:50056
[dc1_node1] Replicated to localhost:50062
[dc1_node1] W-quorum achieved (2 writes), returning to client
[dc1_node1] Background replication continues for remaining nodes
[dc1_node1] Successful writes: 3/3
[dc1_node1] Internal PUT (replication): key='item:0095'
[dc1_node1] CONFLICT detected for key='item:0095', siblings=19
[dc1_node1] Saved 8 keys to disk
[dc1_node1] Client PUT: key='item:0012', value='value_12_client2_op1530'
[dc1_node1] Preference list for 'item:0012': ['localhost:50069', 'localhost:50057', 'localhost:50065']
[dc1_node1] Coordinator NOT in preference list, forwarding only
[dc1_node1] Replicated to localhost:50065
[dc1_node1] Replicated to localhost:50069
[dc1_node1] Replicated to localhost:50057
[dc1_node1] Client PUT: key='item:0073', value='value_73_client4_op1539'
[dc1_node1] Preference list for 'item:0073': ['localhost:50067', 'localhost:50058', 'localhost:50061']
[dc1_node1] Coordinator NOT in preference list, forwarding only
[dc1_node1] W-quorum achieved (2 writes), returning to client
[dc1_node1] Background replication continues for remaining nodes
[dc1_node1] Successful writes: 3/3
[dc1_node1] Replicated to localhost:50061
[dc1_node1] Replicated to localhost:50058
[dc1_node1] Client PUT: key='item:0081', value='value_81_update_client3_op1521'
[dc1_node1] Preference list for 'item:0081': ['localhost:50066', 'localhost:50060', 'localhost:50055']
[dc1_node1] Coordinator NOT in preference list, forwarding only
[dc1_node1] Replicated to localhost:50067
[dc1_node1] W-quorum achieved (2 writes), returning to client
[dc1_node1] Background replication continues for remaining nodes
[dc1_node1] Successful writes: 3/3
[dc1_node1] Replicated to localhost:50066
[dc1_node1] Replicated to localhost:50060
[dc1_node1] Replicated to localhost:50055
[dc1_node1] W-quorum achieved (2 writes), returning to client
[dc1_node1] Background replication continues for remaining nodes
[dc1_node1] Successful writes: 3/3
[dc1_node1] Client PUT: key='item:0072', value='value_72_client0_op1534'
[dc1_node1] Preference list for 'item:0072': ['localhost:50067', 'localhost:50056', 'localhost:50059']
[dc1_node1] Coordinator NOT in preference list, forwarding only
[dc1_node1] Replicated to localhost:50056
[dc1_node1] Replicated to localhost:50059
[dc1_node1] Replicated to localhost:50067
[dc1_node1] W-quorum achieved (2 writes), returning to client
[dc1_node1] Background replication continues for remaining nodes
[dc1_node1] Successful writes: 3/3
[dc1_node1] Client PUT: key='item:0015', value='value_15_update_client4_op1545'
[dc1_node1] Preference list for 'item:0015': ['localhost:50052', 'localhost:50065', 'localhost:50068']
[dc1_node1] Coordinator NOT in preference list, forwarding only
[dc1_node1] Replicated to localhost:50068
[dc1_node1] Replicated to localhost:50052
[dc1_node1] Replicated to localhost:50065
[dc1_node1] W-quorum achieved (2 writes), returning to client
[dc1_node1] Background replication continues for remaining nodes
[dc1_node1] Successful writes: 3/3
[dc1_node1] Client PUT: key='item:0016', value='value_16_client2_op1536'
[dc1_node1] Preference list for 'item:0016': ['localhost:50062', 'localhost:50058', 'localhost:50053']
[dc1_node1] Coordinator NOT in preference list, forwarding only
[dc1_node1] Replicated to localhost:50053
[dc1_node1] Replicated to localhost:50058
[dc1_node1] Replicated to localhost:50062
[dc1_node1] W-quorum achieved (2 writes), returning to client
[dc1_node1] Background replication continues for remaining nodes
[dc1_node1] Successful writes: 3/3
[dc1_node1] Client PUT: key='item:0098', value='value_98_update_client4_op1547'
[dc1_node1] Preference list for 'item:0098': ['localhost:50055', 'localhost:50064', 'localhost:50067']
[dc1_node1] Coordinator NOT in preference list, forwarding only
[dc1_node1] Replicated to localhost:50055
[dc1_node1] Replicated to localhost:50064
[dc1_node1] Replicated to localhost:50067
[dc1_node1] W-quorum achieved (2 writes), returning to client
[dc1_node1] Background replication continues for remaining nodes
[dc1_node1] Successful writes: 3/3
[dc1_node1] Client GET: key='item:0048'
[dc1_node1] Preference list for 'item:0048': ['localhost:50070', 'localhost:50054', 'localhost:50064']
[dc1_node1] Reading from first 2 nodes in preference list
[dc1_node1] CONFLICT: 38 sibling versions for 'item:0048'
[dc1_node1] Internal PUT (replication): key='item:0063'
[dc1_node1] CONFLICT detected for key='item:0063', siblings=18
[dc1_node1] Saved 8 keys to disk
[dc1_node1] Internal PUT (replication): key='item:0095'
[dc1_node1] CONFLICT detected for key='item:0095', siblings=19
[dc1_node1] Saved 8 keys to disk
[dc1_node1] Internal PUT (replication): key='item:0031'
[dc1_node1] CONFLICT detected for key='item:0031', siblings=19
[dc1_node1] Saved 8 keys to disk
[dc1_node1] Client GET: key='item:0066'
[dc1_node1] Preference list for 'item:0066': ['localhost:50066', 'localhost:50052', 'localhost:50061']
[dc1_node1] Reading from first 2 nodes in preference list
[dc1_node1] CONFLICT: 40 sibling versions for 'item:0066'
[dc1_node1] Client GET: key='item:0067'
[dc1_node1] Preference list for 'item:0067': ['localhost:50065', 'localhost:50060', 'localhost:50053']
[dc1_node1] Reading from first 2 nodes in preference list
[dc1_node1] CONFLICT: 40 sibling versions for 'item:0067'
[dc1_node1] Client PUT: key='item:0077', value='value_77_update_client3_op1543'
[dc1_node1] Preference list for 'item:0077': ['localhost:50066', 'localhost:50056', 'localhost:50063']
[dc1_node1] Coordinator NOT in preference list, forwarding only
[dc1_node1] Replicated to localhost:50063
[dc1_node1] Replicated to localhost:50056
[dc1_node1] Replicated to localhost:50066
[dc1_node1] W-quorum achieved (2 writes), returning to client
[dc1_node1] Background replication continues for remaining nodes
[dc1_node1] Successful writes: 3/3
[dc1_node1] Retrieved key='item:0063', versions=18
[dc1_node1] Client PUT: key='item:0057', value='value_57_update_client1_op1556'
[dc1_node1] Preference list for 'item:0057': ['localhost:50067', 'localhost:50059', 'localhost:50061']
[dc1_node1] Coordinator NOT in preference list, forwarding only
[dc1_node1] Replicated to localhost:50059
[dc1_node1] Replicated to localhost:50061
[dc1_node1] Replicated to localhost:50067
[dc1_node1] W-quorum achieved (2 writes), returning to client
[dc1_node1] Background replication continues for remaining nodes
[dc1_node1] Successful writes: 3/3
[dc1_node1] Client GET: key='item:0006'
[dc1_node1] Preference list for 'item:0006': ['localhost:50062', 'localhost:50053', 'localhost:50070']
[dc1_node1] Reading from first 2 nodes in preference list
[dc1_node1] CONFLICT: 38 sibling versions for 'item:0006'
[dc1_node1] Internal PUT (replication): key='item:0063'
[dc1_node1] CONFLICT detected for key='item:0063', siblings=18
[dc1_node1] Saved 8 keys to disk
[dc1_node1] Client PUT: key='item:0052', value='value_52_update_client2_op1562'
[dc1_node1] Preference list for 'item:0052': ['localhost:50057', 'localhost:50062', 'localhost:50056']
[dc1_node1] Coordinator NOT in preference list, forwarding only
[dc1_node1] Internal PUT (replication): key='item:0080'
[dc1_node1] CONFLICT detected for key='item:0080', siblings=17
[dc1_node1] Saved 8 keys to disk
[dc1_node1] Replicated to localhost:50057
[dc1_node1] Replicated to localhost:50056
[dc1_node1] Replicated to localhost:50062
[dc1_node1] W-quorum achieved (2 writes), returning to client
[dc1_node1] Background replication continues for remaining nodes
[dc1_node1] Successful writes: 3/3
[dc1_node1] Retrieved key='item:0079', versions=20
[dc1_node1] Internal PUT (replication): key='item:0042'
[dc1_node1] CONFLICT detected for key='item:0042', siblings=20
[dc1_node1] Saved 8 keys to disk
[dc1_node1] Internal PUT (replication): key='item:0025'
[dc1_node1] CONFLICT detected for key='item:0025', siblings=16
[dc1_node1] Saved 8 keys to disk
[dc1_node1] Retrieved key='item:0063', versions=18
[dc1_node1] Internal PUT (replication): key='item:0031'
[dc1_node1] CONFLICT detected for key='item:0031', siblings=19
[dc1_node1] Saved 8 keys to disk
[dc1_node1] Internal PUT (replication): key='item:0025'
[dc1_node1] CONFLICT detected for key='item:0025', siblings=16
[dc1_node1] Saved 8 keys to disk
[dc1_node1] Retrieved key='item:0079', versions=20
[dc1_node1] Internal PUT (replication): key='item:0042'
[dc1_node1] CONFLICT detected for key='item:0042', siblings=20
[dc1_node1] Saved 8 keys to disk
[dc1_node1] Internal PUT (replication): key='item:0079'
[dc1_node1] CONFLICT detected for key='item:0079', siblings=20
[dc1_node1] Saved 8 keys to disk
[dc1_node1] Internal PUT (replication): key='item:0031'
[dc1_node1] CONFLICT detected for key='item:0031', siblings=20
[dc1_node1] Saved 8 keys to disk
[dc1_node1] Client GET: key='item:0045'
[dc1_node1] Preference list for 'item:0045': ['localhost:50059', 'localhost:50063', 'localhost:50062']
[dc1_node1] Reading from first 2 nodes in preference list
[dc1_node1] CONFLICT: 32 sibling versions for 'item:0045'
[dc1_node1] Internal PUT (replication): key='item:0025'
[dc1_node1] CONFLICT detected for key='item:0025', siblings=16
[dc1_node1] Saved 8 keys to disk
[dc1_node1] Internal PUT (replication): key='item:0042'
[dc1_node1] CONFLICT detected for key='item:0042', siblings=20
[dc1_node1] Saved 8 keys to disk
[dc1_node1] Internal PUT (replication): key='item:0031'
[dc1_node1] CONFLICT detected for key='item:0031', siblings=20
[dc1_node1] Saved 8 keys to disk
[dc1_node1] Retrieved key='item:0079', versions=20
[dc1_node1] Client GET: key='item:0088'
[dc1_node1] Preference list for 'item:0088': ['localhost:50065', 'localhost:50058', 'localhost:50061']
[dc1_node1] Reading from first 2 nodes in preference list
[dc1_node1] CONFLICT: 38 sibling versions for 'item:0088'
[dc1_node1] Internal PUT (replication): key='item:0079'
[dc1_node1] CONFLICT detected for key='item:0079', siblings=20
[dc1_node1] Client PUT: key='item:0066', value='value_66_client0_op1584'
[dc1_node1] Preference list for 'item:0066': ['localhost:50066', 'localhost:50052', 'localhost:50061']
[dc1_node1] Coordinator NOT in preference list, forwarding only
[dc1_node1] Saved 8 keys to disk
[dc1_node1] Client PUT: key='item:0069', value='value_69_client1_op1587'
[dc1_node1] Preference list for 'item:0069': ['localhost:50062', 'localhost:50056', 'localhost:50053']
[dc1_node1] Coordinator NOT in preference list, forwarding only
[dc1_node1] Replicated to localhost:50066
[dc1_node1] Replicated to localhost:50052
[dc1_node1] Replicated to localhost:50056
[dc1_node1] Replicated to localhost:50053
[dc1_node1] Replicated to localhost:50061
[dc1_node1] Replicated to localhost:50062
[dc1_node1] W-quorum achieved (2 writes), returning to client
[dc1_node1] Background replication continues for remaining nodes
[dc1_node1] Successful writes: 3/3
[dc1_node1] Internal PUT (replication): key='item:0025'
[dc1_node1] CONFLICT detected for key='item:0025', siblings=16
[dc1_node1] W-quorum achieved (2 writes), returning to client
[dc1_node1] Background replication continues for remaining nodes
[dc1_node1] Successful writes: 3/3
[dc1_node1] Saved 8 keys to disk
[dc1_node1] Client PUT: key='item:0046', value='value_46_client0_op1585'
[dc1_node1] Preference list for 'item:0046': ['localhost:50057', 'localhost:50067', 'localhost:50064']
[dc1_node1] Coordinator NOT in preference list, forwarding only
[dc1_node1] Replicated to localhost:50057
[dc1_node1] Replicated to localhost:50067
[dc1_node1] Replicated to localhost:50064
[dc1_node1] W-quorum achieved (2 writes), returning to client
[dc1_node1] Background replication continues for remaining nodes
[dc1_node1] Successful writes: 3/3
[dc1_node1] Client PUT: key='item:0071', value='value_71_update_client0_op1586'
[dc1_node1] Preference list for 'item:0071': ['localhost:50052', 'localhost:50063', 'localhost:50060']
[dc1_node1] Coordinator NOT in preference list, forwarding only
[dc1_node1] Replicated to localhost:50063
[dc1_node1] Replicated to localhost:50052
[dc1_node1] Replicated to localhost:50060
[dc1_node1] W-quorum achieved (2 writes), returning to client
[dc1_node1] Background replication continues for remaining nodes
[dc1_node1] Successful writes: 3/3
[dc1_node1] Client PUT: key='item:0026', value='value_26_update_client0_op1587'
[dc1_node1] Preference list for 'item:0026': ['localhost:50059', 'localhost:50063', 'localhost:50062']
[dc1_node1] Coordinator NOT in preference list, forwarding only
[dc1_node1] Replicated to localhost:50063
[dc1_node1] Replicated to localhost:50059
[dc1_node1] Replicated to localhost:50062
[dc1_node1] W-quorum achieved (2 writes), returning to client
[dc1_node1] Background replication continues for remaining nodes
[dc1_node1] Successful writes: 3/3
[dc1_node1] Internal PUT (replication): key='item:0042'
[dc1_node1] CONFLICT detected for key='item:0042', siblings=20
[dc1_node1] Saved 8 keys to disk
[dc1_node1] Retrieved key='item:0063', versions=18
[dc1_node1] Internal PUT (replication): key='item:0095'
[dc1_node1] CONFLICT detected for key='item:0095', siblings=19
[dc1_node1] Saved 8 keys to disk
[dc1_node1] Internal PUT (replication): key='item:0063'
[dc1_node1] CONFLICT detected for key='item:0063', siblings=18
[dc1_node1] Internal PUT (replication): key='item:0025'
[dc1_node1] Saved 8 keys to disk
[dc1_node1] CONFLICT detected for key='item:0025', siblings=17
[dc1_node1] Saved 8 keys to disk
[dc1_node1] Client PUT: key='item:0022', value='value_22_client2_op1605'
[dc1_node1] Preference list for 'item:0022': ['localhost:50066', 'localhost:50057', 'localhost:50059']
[dc1_node1] Coordinator NOT in preference list, forwarding only
[dc1_node1] Replicated to localhost:50057
[dc1_node1] Replicated to localhost:50059
[dc1_node1] Replicated to localhost:50066
[dc1_node1] Internal PUT (replication): key='item:0042'
[dc1_node1] CONFLICT detected for key='item:0042', siblings=20
[dc1_node1] Saved 8 keys to disk
[dc1_node1] W-quorum achieved (2 writes), returning to client
[dc1_node1] Background replication continues for remaining nodes
[dc1_node1] Successful writes: 3/3
[dc1_node1] Retrieved key='item:0063', versions=18
[dc1_node1] Client PUT: key='item:0051', value='value_51_client3_op1595'
[dc1_node1] Preference list for 'item:0051': ['localhost:50059', 'localhost:50064', 'localhost:50055']
[dc1_node1] Coordinator NOT in preference list, forwarding only
[dc1_node1] Replicated to localhost:50064
[dc1_node1] Replicated to localhost:50055
[dc1_node1] Replicated to localhost:50059
[dc1_node1] W-quorum achieved (2 writes), returning to client
[dc1_node1] Background replication continues for remaining nodes
[dc1_node1] Successful writes: 3/3
[dc1_node1] Retrieved key='item:0079', versions=20
[dc1_node1] Internal PUT (replication): key='item:0054'
[dc1_node1] CONFLICT detected for key='item:0054', siblings=19
[dc1_node1] Saved 8 keys to disk
[dc1_node1] Client PUT: key='item:0074', value='value_74_update_client2_op1615'
[dc1_node1] Preference list for 'item:0074': ['localhost:50066', 'localhost:50058', 'localhost:50062']
[dc1_node1] Coordinator NOT in preference list, forwarding only
[dc1_node1] Replicated to localhost:50066
[dc1_node1] Replicated to localhost:50058
[dc1_node1] Replicated to localhost:50062
[dc1_node1] W-quorum achieved (2 writes), returning to client
[dc1_node1] Background replication continues for remaining nodes
[dc1_node1] Successful writes: 3/3
[dc1_node1] Client PUT: key='item:0056', value='value_56_update_client1_op1618'
[dc1_node1] Preference list for 'item:0056': ['localhost:50061', 'localhost:50052', 'localhost:50070']
[dc1_node1] Coordinator NOT in preference list, forwarding only
[dc1_node1] Replicated to localhost:50052
[dc1_node1] Replicated to localhost:50070
[dc1_node1] Replicated to localhost:50061
[dc1_node1] W-quorum achieved (2 writes), returning to client
[dc1_node1] Background replication continues for remaining nodes
[dc1_node1] Successful writes: 3/3
[dc1_node1] Client GET: key='item:0090'
[dc1_node1] Preference list for 'item:0090': ['localhost:50067', 'localhost:50052', 'localhost:50053']
[dc1_node1] Reading from first 2 nodes in preference list
[dc1_node1] CONFLICT: 38 sibling versions for 'item:0090'
[dc1_node1] Internal PUT (replication): key='item:0031'
[dc1_node1] CONFLICT detected for key='item:0031', siblings=20
[dc1_node1] Saved 8 keys to disk
[dc1_node1] Client GET: key='item:0004'
[dc1_node1] Preference list for 'item:0004': ['localhost:50070', 'localhost:50060', 'localhost:50066']
[dc1_node1] Reading from first 2 nodes in preference list
[dc1_node1] CONFLICT: 38 sibling versions for 'item:0004'
[dc1_node1] Internal PUT (replication): key='item:0063'
[dc1_node1] CONFLICT detected for key='item:0063', siblings=18
[dc1_node1] Saved 8 keys to disk
[dc1_node1] Internal PUT (replication): key='item:0080'
[dc1_node1] CONFLICT detected for key='item:0080', siblings=17
[dc1_node1] Saved 8 keys to disk
[dc1_node1] Client PUT: key='item:0064', value='value_64_update_client0_op1629'
[dc1_node1] Preference list for 'item:0064': ['localhost:50058', 'localhost:50062', 'localhost:50059']
[dc1_node1] Coordinator NOT in preference list, forwarding only
[dc1_node1] Internal PUT (replication): key='item:0063'
[dc1_node1] CONFLICT detected for key='item:0063', siblings=19
[dc1_node1] Saved 8 keys to disk
[dc1_node1] Replicated to localhost:50059
[dc1_node1] Replicated to localhost:50062
[dc1_node1] Replicated to localhost:50058
[dc1_node1] W-quorum achieved (2 writes), returning to client
[dc1_node1] Background replication continues for remaining nodes
[dc1_node1] Successful writes: 3/3
[dc1_node1] Internal PUT (replication): key='item:0095'
[dc1_node1] CONFLICT detected for key='item:0095', siblings=19
[dc1_node1] Saved 8 keys to disk
[dc1_node1] Client GET: key='item:0068'
[dc1_node1] Preference list for 'item:0068': ['localhost:50067', 'localhost:50052', 'localhost:50062']
[dc1_node1] Reading from first 2 nodes in preference list
[dc1_node1] CONFLICT: 40 sibling versions for 'item:0068'
[dc1_node1] Client GET: key='item:0081'
[dc1_node1] Preference list for 'item:0081': ['localhost:50066', 'localhost:50060', 'localhost:50055']
[dc1_node1] Reading from first 2 nodes in preference list
[dc1_node1] Internal PUT (replication): key='item:0025'
[dc1_node1] CONFLICT detected for key='item:0025', siblings=17
[dc1_node1] Saved 8 keys to disk
[dc1_node1] CONFLICT: 40 sibling versions for 'item:0081'
[dc1_node1] Internal PUT (replication): key='item:0080'
[dc1_node1] CONFLICT detected for key='item:0080', siblings=17
[dc1_node1] Saved 8 keys to disk
[dc1_node1] Internal PUT (replication): key='item:0042'
[dc1_node1] CONFLICT detected for key='item:0042', siblings=20
[dc1_node1] Saved 8 keys to disk
[dc1_node1] Retrieved key='item:0063', versions=19
[dc1_node1] Client PUT: key='item:0055', value='value_55_client0_op1655'
[dc1_node1] Preference list for 'item:0055': ['localhost:50059', 'localhost:50068', 'localhost:50056']
[dc1_node1] Coordinator NOT in preference list, forwarding only
[dc1_node1] Replicated to localhost:50059
[dc1_node1] Replicated to localhost:50056
[dc1_node1] Replicated to localhost:50068
[dc1_node1] W-quorum achieved (2 writes), returning to client
[dc1_node1] Background replication continues for remaining nodes
[dc1_node1] Successful writes: 3/3
[dc1_node1] Internal PUT (replication): key='item:0042'
[dc1_node1] CONFLICT detected for key='item:0042', siblings=20
[dc1_node1] Saved 8 keys to disk
[dc1_node1] Internal PUT (replication): key='item:0079'
[dc1_node1] CONFLICT detected for key='item:0079', siblings=20
[dc1_node1] Saved 8 keys to disk
[dc1_node1] Internal PUT (replication): key='item:0095'
[dc1_node1] CONFLICT detected for key='item:0095', siblings=19
[dc1_node1] Saved 8 keys to disk
[dc1_node1] Client GET: key='item:0096'
[dc1_node1] Preference list for 'item:0096': ['localhost:50070', 'localhost:50058', 'localhost:50060']
[dc1_node1] Reading from first 2 nodes in preference list
[dc1_node1] CONFLICT: 36 sibling versions for 'item:0096'
[dc1_node1] Internal PUT (replication): key='item:0079'
[dc1_node1] CONFLICT detected for key='item:0079', siblings=20
[dc1_node1] Saved 8 keys to disk
[dc1_node1] Internal PUT (replication): key='item:0079'
[dc1_node1] CONFLICT detected for key='item:0079', siblings=20
[dc1_node1] Saved 8 keys to disk
[dc1_node1] Client PUT: key='item:0044', value='value_44_update_client1_op1666'
[dc1_node1] Preference list for 'item:0044': ['localhost:50055', 'localhost:50068', 'localhost:50060']
[dc1_node1] Coordinator NOT in preference list, forwarding only
[dc1_node1] Replicated to localhost:50068
[dc1_node1] Replicated to localhost:50055
[dc1_node1] Replicated to localhost:50060
[dc1_node1] W-quorum achieved (2 writes), returning to client
[dc1_node1] Background replication continues for remaining nodes
[dc1_node1] Successful writes: 3/3
[dc1_node1] Internal PUT (replication): key='item:0054'
[dc1_node1] CONFLICT detected for key='item:0054', siblings=19
[dc1_node1] Saved 8 keys to disk
[dc1_node1] Internal PUT (replication): key='item:0025'
[dc1_node1] CONFLICT detected for key='item:0025', siblings=17
[dc1_node1] Saved 8 keys to disk
[dc1_node1] Client PUT: key='item:0069', value='value_69_client4_op1686'
[dc1_node1] Preference list for 'item:0069': ['localhost:50062', 'localhost:50056', 'localhost:50053']
[dc1_node1] Coordinator NOT in preference list, forwarding only
[dc1_node1] Internal PUT (replication): key='item:0079'
[dc1_node1] CONFLICT detected for key='item:0079', siblings=20
[dc1_node1] Saved 8 keys to disk
[dc1_node1] Replicated to localhost:50056
[dc1_node1] Replicated to localhost:50062
[dc1_node1] Replicated to localhost:50053
[dc1_node1] W-quorum achieved (2 writes), returning to client
[dc1_node1] Background replication continues for remaining nodes
[dc1_node1] Successful writes: 3/3
[dc1_node1] Client GET: key='item:0032'
[dc1_node1] Preference list for 'item:0032': ['localhost:50063', 'localhost:50055', 'localhost:50064']
[dc1_node1] Reading from first 2 nodes in preference list
[dc1_node1] Internal PUT (replication): key='item:0025'
[dc1_node1] CONFLICT detected for key='item:0025', siblings=17
[dc1_node1] Saved 8 keys to disk
[dc1_node1] CONFLICT: 38 sibling versions for 'item:0032'
[dc1_node1] Client GET: key='item:0092'
[dc1_node1] Preference list for 'item:0092': ['localhost:50055', 'localhost:50069', 'localhost:50056']
[dc1_node1] Reading from first 2 nodes in preference list
[dc1_node1] CONFLICT: 40 sibling versions for 'item:0092'
[dc1_node1] Internal PUT (replication): key='item:0079'
[dc1_node1] CONFLICT detected for key='item:0079', siblings=20
[dc1_node1] Saved 8 keys to disk
[dc1_node1] Client PUT: key='item:0060', value='value_60_update_client2_op1688'
[dc1_node1] Preference list for 'item:0060': ['localhost:50054', 'localhost:50061', 'localhost:50064']
[dc1_node1] Coordinator NOT in preference list, forwarding only
[dc1_node1] Replicated to localhost:50054
[dc1_node1] Replicated to localhost:50061
[dc1_node1] Replicated to localhost:50064
[dc1_node1] W-quorum achieved (2 writes), returning to client
[dc1_node1] Background replication continues for remaining nodes
[dc1_node1] Successful writes: 3/3
[dc1_node1] Internal PUT (replication): key='item:0063'
[dc1_node1] CONFLICT detected for key='item:0063', siblings=19
[dc1_node1] Saved 8 keys to disk
[dc1_node1] Client PUT: key='item:0020', value='value_20_update_client2_op1694'
[dc1_node1] Preference list for 'item:0020': ['localhost:50052', 'localhost:50061', 'localhost:50065']
[dc1_node1] Coordinator NOT in preference list, forwarding only
[dc1_node1] Replicated to localhost:50052
[dc1_node1] Replicated to localhost:50065
[dc1_node1] Replicated to localhost:50061
[dc1_node1] W-quorum achieved (2 writes), returning to client
[dc1_node1] Background replication continues for remaining nodes
[dc1_node1] Successful writes: 3/3
[dc1_node1] Internal PUT (replication): key='item:0054'
[dc1_node1] CONFLICT detected for key='item:0054', siblings=19
[dc1_node1] Saved 8 keys to disk
[dc1_node1] Internal PUT (replication): key='item:0042'
[dc1_node1] CONFLICT detected for key='item:0042', siblings=20
[dc1_node1] Saved 8 keys to disk
[dc1_node1] Internal PUT (replication): key='item:0042'
[dc1_node1] CONFLICT detected for key='item:0042', siblings=20
[dc1_node1] Client PUT: key='item:0023', value='value_23_client0_op1696'
[dc1_node1] Preference list for 'item:0023': ['localhost:50067', 'localhost:50058', 'localhost:50061']
[dc1_node1] Coordinator NOT in preference list, forwarding only
[dc1_node1] Saved 8 keys to disk
[dc1_node1] Replicated to localhost:50058
[dc1_node1] Replicated to localhost:50061
[dc1_node1] Replicated to localhost:50067
[dc1_node1] W-quorum achieved (2 writes), returning to client
[dc1_node1] Background replication continues for remaining nodes
[dc1_node1] Successful writes: 3/3
[dc1_node1] Retrieved key='item:0095', versions=19
[dc1_node1] Client PUT: key='item:0059', value='value_59_update_client2_op1702'
[dc1_node1] Preference list for 'item:0059': ['localhost:50055', 'localhost:50069', 'localhost:50060']
[dc1_node1] Coordinator NOT in preference list, forwarding only
[dc1_node1] Replicated to localhost:50069
[dc1_node1] Replicated to localhost:50055
[dc1_node1] Replicated to localhost:50060
[dc1_node1] W-quorum achieved (2 writes), returning to client
[dc1_node1] Background replication continues for remaining nodes
[dc1_node1] Successful writes: 3/3
[dc1_node1] Retrieved key='item:0095', versions=19
[dc1_node1] Client GET: key='item:0097'
[dc1_node1] Preference list for 'item:0097': ['localhost:50060', 'localhost:50064', 'localhost:50052']
[dc1_node1] Reading from first 2 nodes in preference list
[dc1_node1] Internal PUT (replication): key='item:0025'
[dc1_node1] CONFLICT detected for key='item:0025', siblings=17
[dc1_node1] Client PUT: key='item:0092', value='value_92_client1_op1712'
[dc1_node1] Preference list for 'item:0092': ['localhost:50055', 'localhost:50069', 'localhost:50056']
[dc1_node1] Coordinator NOT in preference list, forwarding only
[dc1_node1] CONFLICT: 34 sibling versions for 'item:0097'
[dc1_node1] Saved 8 keys to disk
[dc1_node1] Replicated to localhost:50055
[dc1_node1] Replicated to localhost:50069
[dc1_node1] Replicated to localhost:50056
[dc1_node1] W-quorum achieved (2 writes), returning to client
[dc1_node1] Background replication continues for remaining nodes
[dc1_node1] Successful writes: 3/3
[dc1_node1] Internal PUT (replication): key='item:0025'
[dc1_node1] CONFLICT detected for key='item:0025', siblings=17
[dc1_node1] Saved 8 keys to disk
[dc1_node1] Client GET: key='item:0043'
[dc1_node1] Preference list for 'item:0043': ['localhost:50058', 'localhost:50070', 'localhost:50057']
[dc1_node1] Reading from first 2 nodes in preference list
[dc1_node1] CONFLICT: 40 sibling versions for 'item:0043'
[dc1_node1] Internal PUT (replication): key='item:0080'
[dc1_node1] CONFLICT detected for key='item:0080', siblings=17
[dc1_node1] Saved 8 keys to disk
[dc1_node1] Client PUT: key='item:0011', value='value_11_update_client1_op1718'
[dc1_node1] Preference list for 'item:0011': ['localhost:50054', 'localhost:50066', 'localhost:50053']
[dc1_node1] Coordinator NOT in preference list, forwarding only
[dc1_node1] Client PUT: key='item:0061', value='value_61_client2_op1720'
[dc1_node1] Preference list for 'item:0061': ['localhost:50056', 'localhost:50062', 'localhost:50052']
[dc1_node1] Coordinator NOT in preference list, forwarding only
[dc1_node1] Replicated to localhost:50054
[dc1_node1] Replicated to localhost:50053
[dc1_node1] Replicated to localhost:50066
[dc1_node1] Replicated to localhost:50062
[dc1_node1] Replicated to localhost:50052
[dc1_node1] Replicated to localhost:50056
[dc1_node1] W-quorum achieved (2 writes), returning to client
[dc1_node1] Background replication continues for remaining nodes
[dc1_node1] Successful writes: 3/3
[dc1_node1] W-quorum achieved (2 writes), returning to client
[dc1_node1] Background replication continues for remaining nodes
[dc1_node1] Successful writes: 3/3
[dc1_node1] Client GET: key='item:0015'
[dc1_node1] Preference list for 'item:0015': ['localhost:50052', 'localhost:50065', 'localhost:50068']
[dc1_node1] Reading from first 2 nodes in preference list
[dc1_node1] CONFLICT: 40 sibling versions for 'item:0015'
[dc1_node1] Client PUT: key='item:0044', value='value_44_update_client3_op1703'
[dc1_node1] Preference list for 'item:0044': ['localhost:50055', 'localhost:50068', 'localhost:50060']
[dc1_node1] Coordinator NOT in preference list, forwarding only
[dc1_node1] Client GET: key='item:0051'
[dc1_node1] Preference list for 'item:0051': ['localhost:50059', 'localhost:50064', 'localhost:50055']
[dc1_node1] Reading from first 2 nodes in preference list
[dc1_node1] CONFLICT: 38 sibling versions for 'item:0051'
[dc1_node1] Replicated to localhost:50055
[dc1_node1] Replicated to localhost:50068
[dc1_node1] Client PUT: key='item:0063', value='value_63_update_client4_op1728'
[dc1_node1] Preference list for 'item:0063': ['localhost:50069', 'localhost:50051', 'localhost:50065']
[dc1_node1] CONFLICT detected for key='item:0063', siblings=19
[dc1_node1] Replicated to localhost:50060
[dc1_node1] Saved 8 keys to disk
[dc1_node1] Coordinator IS in preference list, stored locally
[dc1_node1] W-quorum achieved (2 writes), returning to client
[dc1_node1] Background replication continues for remaining nodes
[dc1_node1] Successful writes: 3/3
[dc1_node1] Replicated to localhost:50069
[dc1_node1] Replicated to localhost:50065
[dc1_node1] W-quorum achieved (2 writes), returning to client
[dc1_node1] Background replication continues for remaining nodes
[dc1_node1] Successful writes: 3/3
[dc1_node1] Client PUT: key='item:0079', value='value_79_client1_op1730'
[dc1_node1] Preference list for 'item:0079': ['localhost:50051', 'localhost:50065', 'localhost:50060']
[dc1_node1] CONFLICT detected for key='item:0079', siblings=20
[dc1_node1] Saved 8 keys to disk
[dc1_node1] Coordinator IS in preference list, stored locally
[dc1_node1] Replicated to localhost:50065
[dc1_node1] Replicated to localhost:50060
[dc1_node1] W-quorum achieved (2 writes), returning to client
[dc1_node1] Background replication continues for remaining nodes
[dc1_node1] Successful writes: 3/3
[dc1_node1] Retrieved key='item:0079', versions=20
[dc1_node1] Client GET: key='item:0012'
[dc1_node1] Preference list for 'item:0012': ['localhost:50069', 'localhost:50057', 'localhost:50065']
[dc1_node1] Reading from first 2 nodes in preference list
[dc1_node1] CONFLICT: 38 sibling versions for 'item:0012'
[dc1_node1] Internal PUT (replication): key='item:0080'
[dc1_node1] CONFLICT detected for key='item:0080', siblings=17
[dc1_node1] Saved 8 keys to disk
[dc1_node1] Internal PUT (replication): key='item:0063'
[dc1_node1] CONFLICT detected for key='item:0063', siblings=19
[dc1_node1] Saved 8 keys to disk
[dc1_node1] Client PUT: key='item:0032', value='value_32_update_client4_op1743'
[dc1_node1] Preference list for 'item:0032': ['localhost:50063', 'localhost:50055', 'localhost:50064']
[dc1_node1] Coordinator NOT in preference list, forwarding only
[dc1_node1] Replicated to localhost:50055
[dc1_node1] Replicated to localhost:50063
[dc1_node1] Replicated to localhost:50064
[dc1_node1] W-quorum achieved (2 writes), returning to client
[dc1_node1] Background replication continues for remaining nodes
[dc1_node1] Successful writes: 3/3
[dc1_node1] Client PUT: key='item:0063', value='value_63_update_client2_op1742'
[dc1_node1] Preference list for 'item:0063': ['localhost:50069', 'localhost:50051', 'localhost:50065']
[dc1_node1] CONFLICT detected for key='item:0063', siblings=19
[dc1_node1] Saved 8 keys to disk
[dc1_node1] Coordinator IS in preference list, stored locally
[dc1_node1] Replicated to localhost:50065
[dc1_node1] Replicated to localhost:50069
[dc1_node1] W-quorum achieved (2 writes), returning to client
[dc1_node1] Background replication continues for remaining nodes
[dc1_node1] Successful writes: 3/3
[dc1_node1] Client PUT: key='item:0081', value='value_81_client4_op1749'
[dc1_node1] Preference list for 'item:0081': ['localhost:50066', 'localhost:50060', 'localhost:50055']
[dc1_node1] Coordinator NOT in preference list, forwarding only
[dc1_node1] Internal PUT (replication): key='item:0079'
[dc1_node1] CONFLICT detected for key='item:0079', siblings=20
[dc1_node1] Replicated to localhost:50066
[dc1_node1] Replicated to localhost:50055
[dc1_node1] Replicated to localhost:50060
[dc1_node1] Saved 8 keys to disk
[dc1_node1] W-quorum achieved (2 writes), returning to client
[dc1_node1] Background replication continues for remaining nodes
[dc1_node1] Successful writes: 3/3
[dc1_node1] Retrieved key='item:0079', versions=20
[dc1_node1] Internal PUT (replication): key='item:0095'
[dc1_node1] CONFLICT detected for key='item:0095', siblings=19
[dc1_node1] Saved 8 keys to disk
[dc1_node1] Retrieved key='item:0079', versions=20
[dc1_node1] Client GET: key='item:0092'
[dc1_node1] Preference list for 'item:0092': ['localhost:50055', 'localhost:50069', 'localhost:50056']
[dc1_node1] Reading from first 2 nodes in preference list
[dc1_node1] Internal PUT (replication): key='item:0031'
[dc1_node1] CONFLICT detected for key='item:0031', siblings=20
[dc1_node1] Internal PUT (replication): key='item:0042'
[dc1_node1] Saved 8 keys to disk
[dc1_node1] CONFLICT detected for key='item:0042', siblings=20
[dc1_node1] CONFLICT: 40 sibling versions for 'item:0092'
[dc1_node1] Saved 8 keys to disk
[dc1_node1] Client PUT: key='item:0071', value='value_71_update_client4_op1757'
[dc1_node1] Preference list for 'item:0071': ['localhost:50052', 'localhost:50063', 'localhost:50060']
[dc1_node1] Coordinator NOT in preference list, forwarding only
[dc1_node1] Replicated to localhost:50063
[dc1_node1] Replicated to localhost:50052
[dc1_node1] Replicated to localhost:50060
[dc1_node1] W-quorum achieved (2 writes), returning to client
[dc1_node1] Background replication continues for remaining nodes
[dc1_node1] Successful writes: 3/3
[dc1_node1] Client PUT: key='item:0070', value='value_70_update_client2_op1755'
[dc1_node1] Preference list for 'item:0070': ['localhost:50060', 'localhost:50068', 'localhost:50063']
[dc1_node1] Coordinator NOT in preference list, forwarding only
[dc1_node1] Replicated to localhost:50068
[dc1_node1] Replicated to localhost:50060
[dc1_node1] Replicated to localhost:50063
[dc1_node1] W-quorum achieved (2 writes), returning to client
[dc1_node1] Background replication continues for remaining nodes
[dc1_node1] Successful writes: 3/3
[dc1_node1] Client PUT: key='item:0036', value='value_36_update_client4_op1760'
[dc1_node1] Preference list for 'item:0036': ['localhost:50058', 'localhost:50063', 'localhost:50056']
[dc1_node1] Coordinator NOT in preference list, forwarding only
[dc1_node1] Replicated to localhost:50063
[dc1_node1] Replicated to localhost:50056
[dc1_node1] W-quorum achieved (2 writes), returning to client
[dc1_node1] Background replication continues for remaining nodes
[dc1_node1] Successful writes: 2/3
[dc1_node1] Replicated to localhost:50058
[dc1_node1] Client PUT: key='item:0026', value='value_26_update_client2_op1759'
[dc1_node1] Preference list for 'item:0026': ['localhost:50059', 'localhost:50063', 'localhost:50062']
[dc1_node1] Coordinator NOT in preference list, forwarding only
[dc1_node1] Replicated to localhost:50063
[dc1_node1] Replicated to localhost:50059
[dc1_node1] Replicated to localhost:50062
[dc1_node1] W-quorum achieved (2 writes), returning to client
[dc1_node1] Background replication continues for remaining nodes
[dc1_node1] Successful writes: 3/3
[dc1_node1] Client PUT: key='item:0017', value='value_17_client2_op1767'
[dc1_node1] Preference list for 'item:0017': ['localhost:50063', 'localhost:50054', 'localhost:50053']
[dc1_node1] Coordinator NOT in preference list, forwarding only
[dc1_node1] Replicated to localhost:50063
[dc1_node1] Replicated to localhost:50054
[dc1_node1] Replicated to localhost:50053
[dc1_node1] W-quorum achieved (2 writes), returning to client
[dc1_node1] Background replication continues for remaining nodes
[dc1_node1] Successful writes: 3/3
[dc1_node1] Client GET: key='item:0017'
[dc1_node1] Preference list for 'item:0017': ['localhost:50063', 'localhost:50054', 'localhost:50053']
[dc1_node1] Reading from first 2 nodes in preference list
[dc1_node1] CONFLICT: 40 sibling versions for 'item:0017'
[dc1_node1] Client PUT: key='item:0099', value='value_99_update_client0_op1765'
[dc1_node1] Preference list for 'item:0099': ['localhost:50053', 'localhost:50070', 'localhost:50054']
[dc1_node1] Coordinator NOT in preference list, forwarding only
[dc1_node1] Client GET: key='item:0098'
[dc1_node1] Preference list for 'item:0098': ['localhost:50055', 'localhost:50064', 'localhost:50067']
[dc1_node1] Reading from first 2 nodes in preference list
[dc1_node1] Replicated to localhost:50053
[dc1_node1] Replicated to localhost:50070
[dc1_node1] CONFLICT: 38 sibling versions for 'item:0098'
[dc1_node1] Replicated to localhost:50054
[dc1_node1] Internal PUT (replication): key='item:0054'
[dc1_node1] CONFLICT detected for key='item:0054', siblings=19
[dc1_node1] Saved 8 keys to disk
[dc1_node1] W-quorum achieved (2 writes), returning to client
[dc1_node1] Background replication continues for remaining nodes
[dc1_node1] Successful writes: 3/3
[dc1_node1] Client GET: key='item:0092'
[dc1_node1] Preference list for 'item:0092': ['localhost:50055', 'localhost:50069', 'localhost:50056']
[dc1_node1] Reading from first 2 nodes in preference list
[dc1_node1] CONFLICT: 40 sibling versions for 'item:0092'
[dc1_node1] Client GET: key='item:0001'
[dc1_node1] Preference list for 'item:0001': ['localhost:50067', 'localhost:50057', 'localhost:50060']
[dc1_node1] Reading from first 2 nodes in preference list
[dc1_node1] CONFLICT: 40 sibling versions for 'item:0001'
[dc1_node1] Internal PUT (replication): key='item:0031'
[dc1_node1] CONFLICT detected for key='item:0031', siblings=20
[dc1_node1] Saved 8 keys to disk
[dc1_node1] Internal PUT (replication): key='item:0063'
[dc1_node1] CONFLICT detected for key='item:0063', siblings=19
[dc1_node1] Saved 8 keys to disk
[dc1_node1] Client PUT: key='item:0040', value='value_40_update_client2_op1777'
[dc1_node1] Preference list for 'item:0040': ['localhost:50070', 'localhost:50055', 'localhost:50065']
[dc1_node1] Coordinator NOT in preference list, forwarding only
[dc1_node1] Replicated to localhost:50065
[dc1_node1] Replicated to localhost:50055
[dc1_node1] Replicated to localhost:50070
[dc1_node1] W-quorum achieved (2 writes), returning to client
[dc1_node1] Background replication continues for remaining nodes
[dc1_node1] Successful writes: 3/3
[dc1_node1] Client PUT: key='item:0075', value='value_75_update_client1_op1783'
[dc1_node1] Preference list for 'item:0075': ['localhost:50059', 'localhost:50065', 'localhost:50060']
[dc1_node1] Coordinator NOT in preference list, forwarding only
[dc1_node1] Replicated to localhost:50065
[dc1_node1] Replicated to localhost:50059
[dc1_node1] W-quorum achieved (2 writes), returning to client
[dc1_node1] Background replication continues for remaining nodes
[dc1_node1] Successful writes: 2/3
[dc1_node1] Client PUT: key='item:0073', value='value_73_client1_op1784'
[dc1_node1] Preference list for 'item:0073': ['localhost:50067', 'localhost:50058', 'localhost:50061']
[dc1_node1] Coordinator NOT in preference list, forwarding only
[dc1_node1] Replicated to localhost:50060
[dc1_node1] Replicated to localhost:50061
[dc1_node1] Replicated to localhost:50058
[dc1_node1] Replicated to localhost:50067
[dc1_node1] W-quorum achieved (2 writes), returning to client
[dc1_node1] Background replication continues for remaining nodes
[dc1_node1] Successful writes: 3/3
[dc1_node1] Retrieved key='item:0031', versions=20
[dc1_node1] Internal PUT (replication): key='item:0025'
[dc1_node1] CONFLICT detected for key='item:0025', siblings=17
[dc1_node1] Saved 8 keys to disk
[dc1_node1] Internal PUT (replication): key='item:0042'
[dc1_node1] CONFLICT detected for key='item:0042', siblings=20
[dc1_node1] Saved 8 keys to disk
[dc1_node1] Client GET: key='item:0046'
[dc1_node1] Preference list for 'item:0046': ['localhost:50057', 'localhost:50067', 'localhost:50064']
[dc1_node1] Reading from first 2 nodes in preference list
[dc1_node1] CONFLICT: 38 sibling versions for 'item:0046'
[dc1_node1] Internal PUT (replication): key='item:0031'
[dc1_node1] CONFLICT detected for key='item:0031', siblings=20
[dc1_node1] Client PUT: key='item:0055', value='value_55_client2_op1794'
[dc1_node1] Preference list for 'item:0055': ['localhost:50059', 'localhost:50068', 'localhost:50056']
[dc1_node1] Coordinator NOT in preference list, forwarding only
[dc1_node1] Saved 8 keys to disk
[dc1_node1] Internal PUT (replication): key='item:0025'
[dc1_node1] CONFLICT detected for key='item:0025', siblings=17
[dc1_node1] Saved 8 keys to disk
[dc1_node1] Replicated to localhost:50059
[dc1_node1] Replicated to localhost:50068
[dc1_node1] Replicated to localhost:50056
[dc1_node1] W-quorum achieved (2 writes), returning to client
[dc1_node1] Background replication continues for remaining nodes
[dc1_node1] Successful writes: 3/3
[dc1_node1] Client PUT: key='item:0091', value='value_91_update_client1_op1798'
[dc1_node1] Preference list for 'item:0091': ['localhost:50058', 'localhost:50063', 'localhost:50056']
[dc1_node1] Coordinator NOT in preference list, forwarding only
[dc1_node1] Internal PUT (replication): key='item:0079'
[dc1_node1] CONFLICT detected for key='item:0079', siblings=20
[dc1_node1] Saved 8 keys to disk
[dc1_node1] Replicated to localhost:50056
[dc1_node1] Replicated to localhost:50063
[dc1_node1] Replicated to localhost:50058
[dc1_node1] W-quorum achieved (2 writes), returning to client
[dc1_node1] Background replication continues for remaining nodes
[dc1_node1] Successful writes: 3/3
[dc1_node1] Internal PUT (replication): key='item:0095'
[dc1_node1] CONFLICT detected for key='item:0095', siblings=19
[dc1_node1] Saved 8 keys to disk
[dc1_node1] Client PUT: key='item:0044', value='value_44_client2_op1805'
[dc1_node1] Preference list for 'item:0044': ['localhost:50055', 'localhost:50068', 'localhost:50060']
[dc1_node1] Coordinator NOT in preference list, forwarding only
[dc1_node1] Replicated to localhost:50055
[dc1_node1] Replicated to localhost:50068
[dc1_node1] Replicated to localhost:50060
[dc1_node1] W-quorum achieved (2 writes), returning to client
[dc1_node1] Background replication continues for remaining nodes
[dc1_node1] Successful writes: 3/3
[dc1_node1] Internal PUT (replication): key='item:0031'
[dc1_node1] CONFLICT detected for key='item:0031', siblings=20
[dc1_node1] Saved 8 keys to disk
[dc1_node1] Retrieved key='item:0079', versions=20
[dc1_node1] Internal PUT (replication): key='item:0063'
[dc1_node1] CONFLICT detected for key='item:0063', siblings=20
[dc1_node1] Saved 8 keys to disk
[dc1_node1] Internal PUT (replication): key='item:0063'
[dc1_node1] CONFLICT detected for key='item:0063', siblings=20
[dc1_node1] Saved 8 keys to disk
[dc1_node1] Retrieved key='item:0095', versions=19
[dc1_node1] Internal PUT (replication): key='item:0054'
[dc1_node1] CONFLICT detected for key='item:0054', siblings=19
[dc1_node1] Saved 8 keys to disk
[dc1_node1] Internal PUT (replication): key='item:0031'
[dc1_node1] CONFLICT detected for key='item:0031', siblings=20
[dc1_node1] Saved 8 keys to disk
[dc1_node1] Retrieved key='item:0095', versions=19
[dc1_node1] Client PUT: key='item:0091', value='value_91_update_client0_op1820'
[dc1_node1] Preference list for 'item:0091': ['localhost:50058', 'localhost:50063', 'localhost:50056']
[dc1_node1] Coordinator NOT in preference list, forwarding only
[dc1_node1] Replicated to localhost:50056
[dc1_node1] Replicated to localhost:50058
[dc1_node1] Replicated to localhost:50063
[dc1_node1] W-quorum achieved (2 writes), returning to client
[dc1_node1] Background replication continues for remaining nodes
[dc1_node1] Successful writes: 3/3
[dc1_node1] Internal PUT (replication): key='item:0031'
[dc1_node1] CONFLICT detected for key='item:0031', siblings=20
[dc1_node1] Saved 8 keys to disk
[dc1_node1] Internal PUT (replication): key='item:0080'
[dc1_node1] CONFLICT detected for key='item:0080', siblings=17
[dc1_node1] Saved 8 keys to disk
[dc1_node1] Internal PUT (replication): key='item:0042'
[dc1_node1] CONFLICT detected for key='item:0042', siblings=20
[dc1_node1] Saved 8 keys to disk
[dc1_node1] Client GET: key='item:0085'
[dc1_node1] Preference list for 'item:0085': ['localhost:50060', 'localhost:50061', 'localhost:50053']
[dc1_node1] Reading from first 2 nodes in preference list
[dc1_node1] CONFLICT: 36 sibling versions for 'item:0085'
[dc1_node1] Retrieved key='item:0031', versions=20
[dc1_node1] Client PUT: key='item:0046', value='value_46_update_client4_op1843'
[dc1_node1] Preference list for 'item:0046': ['localhost:50057', 'localhost:50067', 'localhost:50064']
[dc1_node1] Coordinator NOT in preference list, forwarding only
[dc1_node1] Internal PUT (replication): key='item:0079'
[dc1_node1] CONFLICT detected for key='item:0079', siblings=20
[dc1_node1] Saved 8 keys to disk
[dc1_node1] Replicated to localhost:50057
[dc1_node1] Replicated to localhost:50067
[dc1_node1] Replicated to localhost:50064
[dc1_node1] W-quorum achieved (2 writes), returning to client
[dc1_node1] Background replication continues for remaining nodes
[dc1_node1] Successful writes: 3/3
[dc1_node1] Internal PUT (replication): key='item:0042'
[dc1_node1] CONFLICT detected for key='item:0042', siblings=20
[dc1_node1] Saved 8 keys to disk
[dc1_node1] Client PUT: key='item:0062', value='value_62_update_client1_op1842'
[dc1_node1] Preference list for 'item:0062': ['localhost:50058', 'localhost:50062', 'localhost:50053']
[dc1_node1] Coordinator NOT in preference list, forwarding only
[dc1_node1] Client PUT: key='item:0048', value='value_48_update_client0_op1832'
[dc1_node1] Preference list for 'item:0048': ['localhost:50070', 'localhost:50054', 'localhost:50064']
[dc1_node1] Coordinator NOT in preference list, forwarding only
[dc1_node1] Replicated to localhost:50062
[dc1_node1] Replicated to localhost:50053
[dc1_node1] Replicated to localhost:50058
[dc1_node1] Replicated to localhost:50054
[dc1_node1] Replicated to localhost:50064
[dc1_node1] Replicated to localhost:50070
[dc1_node1] W-quorum achieved (2 writes), returning to client
[dc1_node1] Background replication continues for remaining nodes
[dc1_node1] Successful writes: 3/3
[dc1_node1] W-quorum achieved (2 writes), returning to client
[dc1_node1] Background replication continues for remaining nodes
[dc1_node1] Successful writes: 3/3
[dc1_node1] Internal PUT (replication): key='item:0025'
[dc1_node1] CONFLICT detected for key='item:0025', siblings=17
[dc1_node1] Saved 8 keys to disk
[dc1_node1] Client GET: key='item:0039'
[dc1_node1] Preference list for 'item:0039': ['localhost:50070', 'localhost:50054', 'localhost:50068']
[dc1_node1] Reading from first 2 nodes in preference list
[dc1_node1] CONFLICT: 36 sibling versions for 'item:0039'
[dc1_node1] Retrieved key='item:0063', versions=20
[dc1_node1] Client GET: key='item:0098'
[dc1_node1] Preference list for 'item:0098': ['localhost:50055', 'localhost:50064', 'localhost:50067']
[dc1_node1] Reading from first 2 nodes in preference list
[dc1_node1] Internal PUT (replication): key='item:0042'
[dc1_node1] CONFLICT detected for key='item:0042', siblings=20
[dc1_node1] CONFLICT: 40 sibling versions for 'item:0098'
[dc1_node1] Client PUT: key='item:0094', value='value_94_update_client2_op1857'
[dc1_node1] Preference list for 'item:0094': ['localhost:50060', 'localhost:50066', 'localhost:50055']
[dc1_node1] Coordinator NOT in preference list, forwarding only
[dc1_node1] Saved 8 keys to disk
[dc1_node1] Replicated to localhost:50066
[dc1_node1] Replicated to localhost:50060
[dc1_node1] Replicated to localhost:50055
[dc1_node1] W-quorum achieved (2 writes), returning to client
[dc1_node1] Background replication continues for remaining nodes
[dc1_node1] Successful writes: 3/3
[dc1_node1] Client GET: key='item:0089'
[dc1_node1] Preference list for 'item:0089': ['localhost:50064', 'localhost:50058', 'localhost:50069']
[dc1_node1] Reading from first 2 nodes in preference list
[dc1_node1] CONFLICT: 40 sibling versions for 'item:0089'
[dc1_node1] Internal PUT (replication): key='item:0095'
[dc1_node1] CONFLICT detected for key='item:0095', siblings=19
[dc1_node1] Saved 8 keys to disk
[dc1_node1] Internal PUT (replication): key='item:0031'
[dc1_node1] CONFLICT detected for key='item:0031', siblings=20
[dc1_node1] Saved 8 keys to disk
[dc1_node1] Internal PUT (replication): key='item:0031'
[dc1_node1] CONFLICT detected for key='item:0031', siblings=20
[dc1_node1] Saved 8 keys to disk
[dc1_node1] Client PUT: key='item:0024', value='value_24_update_client2_op1866'
[dc1_node1] Preference list for 'item:0024': ['localhost:50061', 'localhost:50053', 'localhost:50062']
[dc1_node1] Coordinator NOT in preference list, forwarding only
[dc1_node1] Replicated to localhost:50053
[dc1_node1] Replicated to localhost:50061
[dc1_node1] Replicated to localhost:50062
[dc1_node1] W-quorum achieved (2 writes), returning to client
[dc1_node1] Background replication continues for remaining nodes
[dc1_node1] Successful writes: 3/3
[dc1_node1] Client GET: key='item:0026'
[dc1_node1] Preference list for 'item:0026': ['localhost:50059', 'localhost:50063', 'localhost:50062']
[dc1_node1] Reading from first 2 nodes in preference list
[dc1_node1] CONFLICT: 40 sibling versions for 'item:0026'
[dc1_node1] Internal PUT (replication): key='item:0042'
[dc1_node1] CONFLICT detected for key='item:0042', siblings=20
[dc1_node1] Saved 8 keys to disk
[dc1_node1] Client PUT: key='item:0092', value='value_92_client4_op1878'
[dc1_node1] Preference list for 'item:0092': ['localhost:50055', 'localhost:50069', 'localhost:50056']
[dc1_node1] Coordinator NOT in preference list, forwarding only
[dc1_node1] Replicated to localhost:50055
[dc1_node1] Replicated to localhost:50056
[dc1_node1] Replicated to localhost:50069
[dc1_node1] W-quorum achieved (2 writes), returning to client
[dc1_node1] Background replication continues for remaining nodes
[dc1_node1] Successful writes: 3/3
[dc1_node1] Internal PUT (replication): key='item:0063'
[dc1_node1] CONFLICT detected for key='item:0063', siblings=20
[dc1_node1] Saved 8 keys to disk
[dc1_node1] Client PUT: key='item:0056', value='value_56_client0_op1870'
[dc1_node1] Preference list for 'item:0056': ['localhost:50061', 'localhost:50052', 'localhost:50070']
[dc1_node1] Coordinator NOT in preference list, forwarding only
[dc1_node1] Replicated to localhost:50061
[dc1_node1] Replicated to localhost:50070
[dc1_node1] Replicated to localhost:50052
[dc1_node1] Client GET: key='item:0087'
[dc1_node1] Preference list for 'item:0087': ['localhost:50052', 'localhost:50061', 'localhost:50063']
[dc1_node1] Reading from first 2 nodes in preference list
[dc1_node1] CONFLICT: 34 sibling versions for 'item:0087'
[dc1_node1] W-quorum achieved (2 writes), returning to client
[dc1_node1] Background replication continues for remaining nodes
[dc1_node1] Successful writes: 3/3
[dc1_node1] Internal PUT (replication): key='item:0095'
[dc1_node1] CONFLICT detected for key='item:0095', siblings=19
[dc1_node1] Saved 8 keys to disk
[dc1_node1] Internal PUT (replication): key='item:0063'
[dc1_node1] CONFLICT detected for key='item:0063', siblings=20
[dc1_node1] Saved 8 keys to disk
[dc1_node1] Internal PUT (replication): key='item:0025'
[dc1_node1] CONFLICT detected for key='item:0025', siblings=17
[dc1_node1] Saved 8 keys to disk
[dc1_node1] Internal PUT (replication): key='item:0025'
[dc1_node1] CONFLICT detected for key='item:0025', siblings=17
[dc1_node1] Saved 8 keys to disk
[dc1_node1] Client PUT: key='item:0098', value='value_98_update_client4_op1898'
[dc1_node1] Preference list for 'item:0098': ['localhost:50055', 'localhost:50064', 'localhost:50067']
[dc1_node1] Coordinator NOT in preference list, forwarding only
[dc1_node1] Replicated to localhost:50067
[dc1_node1] Replicated to localhost:50055
[dc1_node1] Replicated to localhost:50064
[dc1_node1] Internal PUT (replication): key='item:0031'
[dc1_node1] CONFLICT detected for key='item:0031', siblings=20
[dc1_node1] Saved 8 keys to disk
[dc1_node1] W-quorum achieved (2 writes), returning to client
[dc1_node1] Background replication continues for remaining nodes
[dc1_node1] Successful writes: 3/3
[dc1_node1] Internal PUT (replication): key='item:0054'
[dc1_node1] CONFLICT detected for key='item:0054', siblings=19
[dc1_node1] Saved 8 keys to disk
[dc1_node1] Client PUT: key='item:0059', value='value_59_client0_op1888'
[dc1_node1] Preference list for 'item:0059': ['localhost:50055', 'localhost:50069', 'localhost:50060']
[dc1_node1] Coordinator NOT in preference list, forwarding only
[dc1_node1] Internal PUT (replication): key='item:0079'
[dc1_node1] CONFLICT detected for key='item:0079', siblings=20
[dc1_node1] Saved 8 keys to disk
[dc1_node1] Replicated to localhost:50055
[dc1_node1] Replicated to localhost:50069
[dc1_node1] W-quorum achieved (2 writes), returning to client
[dc1_node1] Background replication continues for remaining nodes
[dc1_node1] Successful writes: 2/3
[dc1_node1] Replicated to localhost:50060
[dc1_node1] Client PUT: key='item:0099', value='value_99_client2_op1897'
[dc1_node1] Preference list for 'item:0099': ['localhost:50053', 'localhost:50070', 'localhost:50054']
[dc1_node1] Coordinator NOT in preference list, forwarding only
[dc1_node1] Replicated to localhost:50054
[dc1_node1] Replicated to localhost:50053
[dc1_node1] Replicated to localhost:50070
[dc1_node1] W-quorum achieved (2 writes), returning to client
[dc1_node1] Background replication continues for remaining nodes
[dc1_node1] Successful writes: 3/3
[dc1_node1] Client PUT: key='item:0066', value='value_66_client2_op1899'
[dc1_node1] Preference list for 'item:0066': ['localhost:50066', 'localhost:50052', 'localhost:50061']
[dc1_node1] Coordinator NOT in preference list, forwarding only
[dc1_node1] Replicated to localhost:50066
[dc1_node1] Replicated to localhost:50052
[dc1_node1] Replicated to localhost:50061
[dc1_node1] W-quorum achieved (2 writes), returning to client
[dc1_node1] Background replication continues for remaining nodes
[dc1_node1] Successful writes: 3/3
[dc1_node1] Internal PUT (replication): key='item:0079'
[dc1_node1] CONFLICT detected for key='item:0079', siblings=20
[dc1_node1] Saved 8 keys to disk
[dc1_node1] Retrieved key='item:0063', versions=20
[dc1_node1] Internal PUT (replication): key='item:0079'
[dc1_node1] CONFLICT detected for key='item:0079', siblings=20
[dc1_node1] Saved 8 keys to disk
[dc1_node1] Internal PUT (replication): key='item:0054'
[dc1_node1] CONFLICT detected for key='item:0054', siblings=19
[dc1_node1] Saved 8 keys to disk
[dc1_node1] Client PUT: key='item:0059', value='value_59_client2_op1909'
[dc1_node1] Preference list for 'item:0059': ['localhost:50055', 'localhost:50069', 'localhost:50060']
[dc1_node1] Coordinator NOT in preference list, forwarding only
[dc1_node1] Internal PUT (replication): key='item:0080'
[dc1_node1] CONFLICT detected for key='item:0080', siblings=17
[dc1_node1] Replicated to localhost:50055
[dc1_node1] Replicated to localhost:50069
[dc1_node1] Saved 8 keys to disk
[dc1_node1] Replicated to localhost:50060
[dc1_node1] W-quorum achieved (2 writes), returning to client
[dc1_node1] Background replication continues for remaining nodes
[dc1_node1] Successful writes: 3/3
[dc1_node1] Client PUT: key='item:0038', value='value_38_client2_op1911'
[dc1_node1] Preference list for 'item:0038': ['localhost:50059', 'localhost:50065', 'localhost:50060']
[dc1_node1] Coordinator NOT in preference list, forwarding only
[dc1_node1] Replicated to localhost:50059
[dc1_node1] Replicated to localhost:50065
[dc1_node1] W-quorum achieved (2 writes), returning to client
[dc1_node1] Background replication continues for remaining nodes
[dc1_node1] Successful writes: 2/3
[dc1_node1] Replicated to localhost:50060
[dc1_node1] Retrieved key='item:0095', versions=19
[dc1_node1] Client GET: key='item:0083'
[dc1_node1] Preference list for 'item:0083': ['localhost:50064', 'localhost:50057', 'localhost:50070']
[dc1_node1] Reading from first 2 nodes in preference list
[dc1_node1] CONFLICT: 40 sibling versions for 'item:0083'
[dc1_node1] Internal PUT (replication): key='item:0095'
[dc1_node1] CONFLICT detected for key='item:0095', siblings=19
[dc1_node1] Saved 8 keys to disk
[dc1_node1] Internal PUT (replication): key='item:0031'
[dc1_node1] CONFLICT detected for key='item:0031', siblings=20
[dc1_node1] Saved 8 keys to disk
[dc1_node1] Internal PUT (replication): key='item:0079'
[dc1_node1] CONFLICT detected for key='item:0079', siblings=20
[dc1_node1] Saved 8 keys to disk
[dc1_node1] Client PUT: key='item:0016', value='value_16_client2_op1925'
[dc1_node1] Preference list for 'item:0016': ['localhost:50062', 'localhost:50058', 'localhost:50053']
[dc1_node1] Coordinator NOT in preference list, forwarding only
[dc1_node1] Replicated to localhost:50053
[dc1_node1] Replicated to localhost:50062
[dc1_node1] Replicated to localhost:50058
[dc1_node1] W-quorum achieved (2 writes), returning to client
[dc1_node1] Background replication continues for remaining nodes
[dc1_node1] Successful writes: 3/3
[dc1_node1] Internal PUT (replication): key='item:0031'
[dc1_node1] CONFLICT detected for key='item:0031', siblings=20
[dc1_node1] Saved 8 keys to disk
[dc1_node1] Internal PUT (replication): key='item:0080'
[dc1_node1] CONFLICT detected for key='item:0080', siblings=18
[dc1_node1] Saved 8 keys to disk
[dc1_node1] Client GET: key='item:0097'
[dc1_node1] Preference list for 'item:0097': ['localhost:50060', 'localhost:50064', 'localhost:50052']
[dc1_node1] Reading from first 2 nodes in preference list
[dc1_node1] CONFLICT: 38 sibling versions for 'item:0097'
[dc1_node1] Client PUT: key='item:0010', value='value_10_client1_op1938'
[dc1_node1] Preference list for 'item:0010': ['localhost:50056', 'localhost:50067', 'localhost:50055']
[dc1_node1] Coordinator NOT in preference list, forwarding only
[dc1_node1] Client PUT: key='item:0035', value='value_35_update_client0_op1923'
[dc1_node1] Preference list for 'item:0035': ['localhost:50054', 'localhost:50068', 'localhost:50060']
[dc1_node1] Coordinator NOT in preference list, forwarding only
[dc1_node1] Replicated to localhost:50056
[dc1_node1] Replicated to localhost:50067
[dc1_node1] Client PUT: key='item:0090', value='value_90_client2_op1930'
[dc1_node1] Preference list for 'item:0090': ['localhost:50067', 'localhost:50052', 'localhost:50053']
[dc1_node1] Coordinator NOT in preference list, forwarding only
[dc1_node1] Replicated to localhost:50055
[dc1_node1] Replicated to localhost:50068
[dc1_node1] Replicated to localhost:50054
[dc1_node1] Client PUT: key='item:0038', value='value_38_update_client4_op1939'
[dc1_node1] Preference list for 'item:0038': ['localhost:50059', 'localhost:50065', 'localhost:50060']
[dc1_node1] Coordinator NOT in preference list, forwarding only
[dc1_node1] Replicated to localhost:50052
[dc1_node1] Replicated to localhost:50053
[dc1_node1] Replicated to localhost:50067
[dc1_node1] Replicated to localhost:50060
[dc1_node1] W-quorum achieved (2 writes), returning to client
[dc1_node1] Background replication continues for remaining nodes
[dc1_node1] Successful writes: 3/3
[dc1_node1] Replicated to localhost:50059
[dc1_node1] Replicated to localhost:50065
[dc1_node1] W-quorum achieved (2 writes), returning to client
[dc1_node1] Background replication continues for remaining nodes
[dc1_node1] Successful writes: 3/3
[dc1_node1] W-quorum achieved (2 writes), returning to client
[dc1_node1] Background replication continues for remaining nodes
[dc1_node1] Successful writes: 3/3
[dc1_node1] Replicated to localhost:50060
[dc1_node1] W-quorum achieved (2 writes), returning to client
[dc1_node1] Background replication continues for remaining nodes
[dc1_node1] Successful writes: 3/3
[dc1_node1] Client GET: key='item:0090'
[dc1_node1] Preference list for 'item:0090': ['localhost:50067', 'localhost:50052', 'localhost:50053']
[dc1_node1] Reading from first 2 nodes in preference list
[dc1_node1] CONFLICT: 40 sibling versions for 'item:0090'
[dc1_node1] Internal PUT (replication): key='item:0095'
[dc1_node1] CONFLICT detected for key='item:0095', siblings=19
[dc1_node1] Saved 8 keys to disk
[dc1_node1] Internal PUT (replication): key='item:0031'
[dc1_node1] CONFLICT detected for key='item:0031', siblings=20
[dc1_node1] Saved 8 keys to disk
[dc1_node1] Internal PUT (replication): key='item:0079'
[dc1_node1] CONFLICT detected for key='item:0079', siblings=20
[dc1_node1] Saved 8 keys to disk
[dc1_node1] Retrieved key='item:0063', versions=20
[dc1_node1] Internal PUT (replication): key='item:0025'
[dc1_node1] CONFLICT detected for key='item:0025', siblings=17
[dc1_node1] Saved 8 keys to disk
[dc1_node1] Internal PUT (replication): key='item:0031'
[dc1_node1] CONFLICT detected for key='item:0031', siblings=20
[dc1_node1] Saved 8 keys to disk
[dc1_node1] Client PUT: key='item:0032', value='value_32_update_client0_op1939'
[dc1_node1] Preference list for 'item:0032': ['localhost:50063', 'localhost:50055', 'localhost:50064']
[dc1_node1] Coordinator NOT in preference list, forwarding only
[dc1_node1] Replicated to localhost:50063
[dc1_node1] Replicated to localhost:50055
[dc1_node1] Replicated to localhost:50064
[dc1_node1] W-quorum achieved (2 writes), returning to client
[dc1_node1] Background replication continues for remaining nodes
[dc1_node1] Successful writes: 3/3
[dc1_node1] Client GET: key='item:0058'
[dc1_node1] Preference list for 'item:0058': ['localhost:50070', 'localhost:50058', 'localhost:50060']
[dc1_node1] Reading from first 2 nodes in preference list
[dc1_node1] CONFLICT: 36 sibling versions for 'item:0058'
[dc1_node1] Client GET: key='item:0057'
[dc1_node1] Preference list for 'item:0057': ['localhost:50067', 'localhost:50059', 'localhost:50061']
[dc1_node1] Reading from first 2 nodes in preference list
[dc1_node1] Internal PUT (replication): key='item:0095'
[dc1_node1] CONFLICT detected for key='item:0095', siblings=19
[dc1_node1] CONFLICT: 38 sibling versions for 'item:0057'
[dc1_node1] Saved 8 keys to disk
[dc1_node1] Client PUT: key='item:0069', value='value_69_client3_op1934'
[dc1_node1] Preference list for 'item:0069': ['localhost:50062', 'localhost:50056', 'localhost:50053']
[dc1_node1] Coordinator NOT in preference list, forwarding only
[dc1_node1] Replicated to localhost:50056
[dc1_node1] Replicated to localhost:50053
[dc1_node1] Replicated to localhost:50062
[dc1_node1] W-quorum achieved (2 writes), returning to client
[dc1_node1] Background replication continues for remaining nodes
[dc1_node1] Successful writes: 3/3
[dc1_node1] Internal PUT (replication): key='item:0079'
[dc1_node1] CONFLICT detected for key='item:0079', siblings=20
[dc1_node1] Saved 8 keys to disk
[dc1_node1] Client PUT: key='item:0033', value='value_33_client0_op1950'
[dc1_node1] Preference list for 'item:0033': ['localhost:50058', 'localhost:50063', 'localhost:50062']
[dc1_node1] Coordinator NOT in preference list, forwarding only
[dc1_node1] Replicated to localhost:50062
[dc1_node1] Replicated to localhost:50058
[dc1_node1] Replicated to localhost:50063
[dc1_node1] W-quorum achieved (2 writes), returning to client
[dc1_node1] Background replication continues for remaining nodes
[dc1_node1] Successful writes: 3/3
[dc1_node1] Internal PUT (replication): key='item:0095'
[dc1_node1] CONFLICT detected for key='item:0095', siblings=19
[dc1_node1] Saved 8 keys to disk
[dc1_node1] Internal PUT (replication): key='item:0080'
[dc1_node1] CONFLICT detected for key='item:0080', siblings=18
[dc1_node1] Saved 8 keys to disk
[dc1_node1] Internal PUT (replication): key='item:0063'
[dc1_node1] CONFLICT detected for key='item:0063', siblings=20
[dc1_node1] Internal PUT (replication): key='item:0054'
[dc1_node1] Saved 8 keys to disk
[dc1_node1] CONFLICT detected for key='item:0054', siblings=19
[dc1_node1] Saved 8 keys to disk
[dc1_node1] Client PUT: key='item:0020', value='value_20_client1_op1974'
[dc1_node1] Preference list for 'item:0020': ['localhost:50052', 'localhost:50061', 'localhost:50065']
[dc1_node1] Coordinator NOT in preference list, forwarding only
[dc1_node1] Replicated to localhost:50065
[dc1_node1] Replicated to localhost:50052
[dc1_node1] Replicated to localhost:50061
[dc1_node1] W-quorum achieved (2 writes), returning to client
[dc1_node1] Background replication continues for remaining nodes
[dc1_node1] Successful writes: 3/3
[dc1_node1] Client GET: key='item:0030'
[dc1_node1] Preference list for 'item:0030': ['localhost:50070', 'localhost:50056', 'localhost:50058']
[dc1_node1] Reading from first 2 nodes in preference list
[dc1_node1] CONFLICT: 38 sibling versions for 'item:0030'
[dc1_node1] Client GET: key='item:0075'
[dc1_node1] Preference list for 'item:0075': ['localhost:50059', 'localhost:50065', 'localhost:50060']
[dc1_node1] Reading from first 2 nodes in preference list
[dc1_node1] CONFLICT: 40 sibling versions for 'item:0075'
[dc1_node1] Internal PUT (replication): key='item:0025'
[dc1_node1] CONFLICT detected for key='item:0025', siblings=17
[dc1_node1] Saved 8 keys to disk
[dc1_node1] Client PUT: key='item:0085', value='value_85_client1_op1982'
[dc1_node1] Preference list for 'item:0085': ['localhost:50060', 'localhost:50061', 'localhost:50053']
[dc1_node1] Coordinator NOT in preference list, forwarding only
[dc1_node1] Replicated to localhost:50061
[dc1_node1] Replicated to localhost:50060
[dc1_node1] Replicated to localhost:50053
[dc1_node1] W-quorum achieved (2 writes), returning to client
[dc1_node1] Background replication continues for remaining nodes
[dc1_node1] Successful writes: 3/3
[dc1_node1] Client PUT: key='item:0026', value='value_26_client1_op1984'
[dc1_node1] Preference list for 'item:0026': ['localhost:50059', 'localhost:50063', 'localhost:50062']
[dc1_node1] Coordinator NOT in preference list, forwarding only
[dc1_node1] Replicated to localhost:50063
[dc1_node1] Replicated to localhost:50059
[dc1_node1] Replicated to localhost:50062
[dc1_node1] W-quorum achieved (2 writes), returning to client
[dc1_node1] Background replication continues for remaining nodes
[dc1_node1] Successful writes: 3/3
[dc1_node1] Client PUT: key='item:0073', value='value_73_client3_op1957'
[dc1_node1] Preference list for 'item:0073': ['localhost:50067', 'localhost:50058', 'localhost:50061']
[dc1_node1] Coordinator NOT in preference list, forwarding only
[dc1_node1] Replicated to localhost:50061
[dc1_node1] Replicated to localhost:50058
[dc1_node1] Replicated to localhost:50067
[dc1_node1] W-quorum achieved (2 writes), returning to client
[dc1_node1] Background replication continues for remaining nodes
[dc1_node1] Successful writes: 3/3
[dc1_node1] Internal PUT (replication): key='item:0025'
[dc1_node1] CONFLICT detected for key='item:0025', siblings=17
[dc1_node1] Saved 8 keys to disk
[dc1_node1] Internal PUT (replication): key='item:0054'
[dc1_node1] CONFLICT detected for key='item:0054', siblings=19
[dc1_node1] Saved 8 keys to disk
[dc1_node1] Client GET: key='item:0049'
[dc1_node1] Preference list for 'item:0049': ['localhost:50066', 'localhost:50060', 'localhost:50061']
[dc1_node1] Reading from first 2 nodes in preference list
[dc1_node1] CONFLICT: 40 sibling versions for 'item:0049'
[dc1_node1] Client PUT: key='item:0055', value='value_55_client1_op1994'
[dc1_node1] Preference list for 'item:0055': ['localhost:50059', 'localhost:50068', 'localhost:50056']
[dc1_node1] Coordinator NOT in preference list, forwarding only
[dc1_node1] Replicated to localhost:50068
[dc1_node1] Replicated to localhost:50056
[dc1_node1] Replicated to localhost:50059
[dc1_node1] W-quorum achieved (2 writes), returning to client
[dc1_node1] Background replication continues for remaining nodes
[dc1_node1] Successful writes: 3/3
[dc1_node1] Internal PUT (replication): key='item:0063'
[dc1_node1] CONFLICT detected for key='item:0063', siblings=20
[dc1_node1] Saved 8 keys to disk
[dc1_node1] Client GET: key='item:0046'
[dc1_node1] Preference list for 'item:0046': ['localhost:50057', 'localhost:50067', 'localhost:50064']
[dc1_node1] Reading from first 2 nodes in preference list
[dc1_node1] CONFLICT: 38 sibling versions for 'item:0046'
[dc1_node1] Internal PUT (replication): key='item:0080'
[dc1_node1] CONFLICT detected for key='item:0080', siblings=19
[dc1_node1] Saved 8 keys to disk
[dc1_node1] Internal PUT (replication): key='item:0095'
[dc1_node1] CONFLICT detected for key='item:0095', siblings=19
[dc1_node1] Saved 8 keys to disk
[dc1_node1] Internal PUT (replication): key='item:0031'
[dc1_node1] CONFLICT detected for key='item:0031', siblings=20
[dc1_node1] Saved 8 keys to disk
[dc1_node1] Internal PUT (replication): key='item:0025'
[dc1_node1] CONFLICT detected for key='item:0025', siblings=17
[dc1_node1] Saved 8 keys to disk
[dc1_node1] Internal PUT (replication): key='item:0080'
[dc1_node1] CONFLICT detected for key='item:0080', siblings=19
[dc1_node1] Saved 8 keys to disk
[dc1_node1] Internal PUT (replication): key='item:0031'
[dc1_node1] CONFLICT detected for key='item:0031', siblings=20
[dc1_node1] Saved 8 keys to disk
[dc1_node1] Internal PUT (replication): key='item:0031'
[dc1_node1] CONFLICT detected for key='item:0031', siblings=20
[dc1_node1] Saved 8 keys to disk
[dc1_node1] Internal PUT (replication): key='item:0080'
[dc1_node1] CONFLICT detected for key='item:0080', siblings=19
[dc1_node1] Saved 8 keys to disk
[dc1_node1] Internal PUT (replication): key='item:0080'
[dc1_node1] CONFLICT detected for key='item:0080', siblings=19
[dc1_node1] Saved 8 keys to disk
[dc1_node1] Client PUT: key='item:0001', value='value_during_failure_30'
[dc1_node1] Preference list for 'item:0001': ['localhost:50067', 'localhost:50057', 'localhost:50060']
[dc1_node1] Coordinator NOT in preference list, forwarding only
[dc1_node1] Error replicating to localhost:50067: <_InactiveRpcError of RPC that terminated with:
	status = StatusCode.UNAVAILABLE
	details = "failed to connect to all addresses; last error: UNKNOWN: ipv4:127.0.0.1:50067: Failed to connect to remote host: Connection refused"
	debug_error_string = "UNKNOWN:Error received from peer  {created_time:"2025-11-30T01:22:12.196918051+05:30", grpc_status:14, grpc_message:"failed to connect to all addresses; last error: UNKNOWN: ipv4:127.0.0.1:50067: Failed to connect to remote host: Connection refused"}"
>
[dc1_node1] Replicated to localhost:50057
[dc1_node1] Replicated to localhost:50060
[dc1_node1] W-quorum achieved (2 writes), returning to client
[dc1_node1] Background replication continues for remaining nodes
[dc1_node1] Successful writes: 2/3
[dc1_node1] Internal PUT (replication): key='item:0080'
[dc1_node1] CONFLICT detected for key='item:0080', siblings=19
[dc1_node1] Saved 8 keys to disk
[dc1_node1] Internal PUT (replication): key='item:0025'
[dc1_node1] CONFLICT detected for key='item:0025', siblings=17
[dc1_node1] Saved 8 keys to disk
[dc1_node1] Internal PUT (replication): key='item:0095'
[dc1_node1] CONFLICT detected for key='item:0095', siblings=19
[dc1_node1] Saved 8 keys to disk
[dc1_node1] Client PUT: key='item:0040', value='value_during_failure_87'
[dc1_node1] Preference list for 'item:0040': ['localhost:50070', 'localhost:50055', 'localhost:50065']
[dc1_node1] Coordinator NOT in preference list, forwarding only
[dc1_node1] Error replicating to localhost:50065: <_InactiveRpcError of RPC that terminated with:
	status = StatusCode.UNAVAILABLE
	details = "failed to connect to all addresses; last error: UNKNOWN: ipv4:127.0.0.1:50065: Failed to connect to remote host: Connection refused"
	debug_error_string = "UNKNOWN:Error received from peer  {created_time:"2025-11-30T01:22:19.134481252+05:30", grpc_status:14, grpc_message:"failed to connect to all addresses; last error: UNKNOWN: ipv4:127.0.0.1:50065: Failed to connect to remote host: Connection refused"}"
>
[dc1_node1] Replicated to localhost:50070
[dc1_node1] Replicated to localhost:50055
[dc1_node1] W-quorum achieved (2 writes), returning to client
[dc1_node1] Background replication continues for remaining nodes
[dc1_node1] Successful writes: 2/3
[dc1_node1] Join request from localhost:50065 (DC: DC2)
[dc1_node1] GetRing request from dc2_node5
[dc1_node1] Join request from localhost:50066 (DC: DC2)
[dc1_node1] GetRing request from dc2_node6
[dc1_node1] Join request from localhost:50067 (DC: DC2)
[dc1_node1] GetRing request from dc2_node7
[dc1_node1] Join request from localhost:50056 (DC: DC1)
[dc1_node1] GetRing request from dc1_node6
[dc1_node1] GetRing request from dc2_node5
[dc1_node1] GetRing request from dc2_node6
[dc1_node1] GetRing request from dc2_node7
[dc1_node1] GetRing request from dc1_node6
[dc1_node1] Client GET: key='item:0057'
[dc1_node1] Preference list for 'item:0057': ['localhost:50067', 'localhost:50059', 'localhost:50061']
[dc1_node1] Reading from first 2 nodes in preference list
[dc1_node1] CONFLICT: 38 sibling versions for 'item:0057'
[dc1_node1] Client GET: key='item:0020'
[dc1_node1] Preference list for 'item:0020': ['localhost:50052', 'localhost:50061', 'localhost:50065']
[dc1_node1] Reading from first 2 nodes in preference list
[dc1_node1] CONFLICT: 40 sibling versions for 'item:0020'
[dc1_node1] Client GET: key='item:0051'
[dc1_node1] Preference list for 'item:0051': ['localhost:50059', 'localhost:50064', 'localhost:50055']
[dc1_node1] Reading from first 2 nodes in preference list
[dc1_node1] CONFLICT: 38 sibling versions for 'item:0051'
[dc1_node1] Retrieved key='item:0063', versions=20
[dc1_node1] Retrieved key='item:0063', versions=20
[dc1_node1] Retrieved key='item:0063', versions=20
[dc1_node1] Retrieved key='item:0063', versions=20
[dc1_node1] Retrieved key='item:0063', versions=20
[dc1_node1] Client GET: key='item:0026'
[dc1_node1] Preference list for 'item:0026': ['localhost:50059', 'localhost:50063', 'localhost:50062']
[dc1_node1] Reading from first 2 nodes in preference list
[dc1_node1] CONFLICT: 40 sibling versions for 'item:0026'
[dc1_node1] Client GET: key='item:0049'
[dc1_node1] Preference list for 'item:0049': ['localhost:50066', 'localhost:50060', 'localhost:50061']
[dc1_node1] Reading from first 2 nodes in preference list
[dc1_node1] CONFLICT: 40 sibling versions for 'item:0049'
[dc1_node1] Client GET: key='item:0020'
[dc1_node1] Preference list for 'item:0020': ['localhost:50052', 'localhost:50061', 'localhost:50065']
[dc1_node1] Reading from first 2 nodes in preference list
[dc1_node1] CONFLICT: 40 sibling versions for 'item:0020'
[dc1_node1] Client GET: key='item:0088'
[dc1_node1] Preference list for 'item:0088': ['localhost:50065', 'localhost:50058', 'localhost:50061']
[dc1_node1] Reading from first 2 nodes in preference list
[dc1_node1] CONFLICT: 38 sibling versions for 'item:0088'
[dc1_node1] Client GET: key='item:0088'
[dc1_node1] Preference list for 'item:0088': ['localhost:50065', 'localhost:50058', 'localhost:50061']
[dc1_node1] Reading from first 2 nodes in preference list
[dc1_node1] CONFLICT: 38 sibling versions for 'item:0088'
[dc1_node1] Client GET: key='item:0024'
[dc1_node1] Preference list for 'item:0024': ['localhost:50061', 'localhost:50053', 'localhost:50062']
[dc1_node1] Reading from first 2 nodes in preference list
[dc1_node1] CONFLICT: 40 sibling versions for 'item:0024'
[dc1_node1] Client GET: key='item:0090'
[dc1_node1] Preference list for 'item:0090': ['localhost:50067', 'localhost:50052', 'localhost:50053']
[dc1_node1] Reading from first 2 nodes in preference list
[dc1_node1] CONFLICT: 40 sibling versions for 'item:0090'
[dc1_node1] Client GET: key='item:0010'
[dc1_node1] Preference list for 'item:0010': ['localhost:50056', 'localhost:50067', 'localhost:50055']
[dc1_node1] Reading from first 2 nodes in preference list
[dc1_node1] CONFLICT: 36 sibling versions for 'item:0010'
[dc1_node1] Client GET: key='item:0010'
[dc1_node1] Preference list for 'item:0010': ['localhost:50056', 'localhost:50067', 'localhost:50055']
[dc1_node1] Reading from first 2 nodes in preference list
[dc1_node1] CONFLICT: 36 sibling versions for 'item:0010'
[dc1_node1] Client GET: key='item:0044'
[dc1_node1] Preference list for 'item:0044': ['localhost:50055', 'localhost:50068', 'localhost:50060']
[dc1_node1] Reading from first 2 nodes in preference list
[dc1_node1] CONFLICT: 40 sibling versions for 'item:0044'
[dc1_node1] Client GET: key='item:0064'
[dc1_node1] Preference list for 'item:0064': ['localhost:50058', 'localhost:50062', 'localhost:50059']
[dc1_node1] Reading from first 2 nodes in preference list
[dc1_node1] CONFLICT: 40 sibling versions for 'item:0064'
[dc1_node1] Client GET: key='item:0090'
[dc1_node1] Preference list for 'item:0090': ['localhost:50067', 'localhost:50052', 'localhost:50053']
[dc1_node1] Reading from first 2 nodes in preference list
[dc1_node1] CONFLICT: 40 sibling versions for 'item:0090'
[dc1_node1] Client GET: key='item:0090'
[dc1_node1] Preference list for 'item:0090': ['localhost:50067', 'localhost:50052', 'localhost:50053']
[dc1_node1] Reading from first 2 nodes in preference list
[dc1_node1] CONFLICT: 40 sibling versions for 'item:0090'
[dc1_node1] Client GET: key='item:0089'
[dc1_node1] Preference list for 'item:0089': ['localhost:50064', 'localhost:50058', 'localhost:50069']
[dc1_node1] Reading from first 2 nodes in preference list
[dc1_node1] CONFLICT: 40 sibling versions for 'item:0089'
[dc1_node1] Client GET: key='item:0046'
[dc1_node1] Preference list for 'item:0046': ['localhost:50057', 'localhost:50067', 'localhost:50064']
[dc1_node1] Reading from first 2 nodes in preference list
[dc1_node1] CONFLICT: 38 sibling versions for 'item:0046'
[dc1_node1] Client GET: key='item:0046'
[dc1_node1] Preference list for 'item:0046': ['localhost:50057', 'localhost:50067', 'localhost:50064']
[dc1_node1] Reading from first 2 nodes in preference list
[dc1_node1] CONFLICT: 38 sibling versions for 'item:0046'
[dc1_node1] Client GET: key='item:0043'
[dc1_node1] Preference list for 'item:0043': ['localhost:50058', 'localhost:50070', 'localhost:50057']
[dc1_node1] Reading from first 2 nodes in preference list
[dc1_node1] CONFLICT: 40 sibling versions for 'item:0043'
[dc1_node1] Client GET: key='item:0056'
[dc1_node1] Preference list for 'item:0056': ['localhost:50061', 'localhost:50052', 'localhost:50070']
[dc1_node1] Reading from first 2 nodes in preference list
[dc1_node1] CONFLICT: 40 sibling versions for 'item:0056'
[dc1_node1] Client GET: key='item:0048'
[dc1_node1] Preference list for 'item:0048': ['localhost:50070', 'localhost:50054', 'localhost:50064']
[dc1_node1] Reading from first 2 nodes in preference list
[dc1_node1] CONFLICT: 40 sibling versions for 'item:0048'
[dc1_node1] Client GET: key='item:0066'
[dc1_node1] Preference list for 'item:0066': ['localhost:50066', 'localhost:50052', 'localhost:50061']
[dc1_node1] Reading from first 2 nodes in preference list
[dc1_node1] CONFLICT: 40 sibling versions for 'item:0066'
[dc1_node1] Retrieved key='item:0095', versions=19
[dc1_node1] Retrieved key='item:0095', versions=19
[dc1_node1] Retrieved key='item:0095', versions=19
[dc1_node1] Retrieved key='item:0095', versions=19
[dc1_node1] Retrieved key='item:0095', versions=19
[dc1_node1] Client GET: key='item:0043'
[dc1_node1] Preference list for 'item:0043': ['localhost:50058', 'localhost:50070', 'localhost:50057']
[dc1_node1] Reading from first 2 nodes in preference list
[dc1_node1] CONFLICT: 40 sibling versions for 'item:0043'
[dc1_node1] Retrieved key='item:0079', versions=20
[dc1_node1] Retrieved key='item:0079', versions=20
[dc1_node1] Client GET: key='item:0079'
[dc1_node1] Preference list for 'item:0079': ['localhost:50051', 'localhost:50065', 'localhost:50060']
[dc1_node1] Reading from first 2 nodes in preference list
[dc1_node1] Retrieved key='item:0079', versions=20
[dc1_node1] Read locally (coordinator in preference list)
[dc1_node1] CONFLICT: 40 sibling versions for 'item:0079'
[dc1_node1] Retrieved key='item:0079', versions=20
[dc1_node1] Retrieved key='item:0079', versions=20
[dc1_node1] Client GET: key='item:0057'
[dc1_node1] Preference list for 'item:0057': ['localhost:50067', 'localhost:50059', 'localhost:50061']
[dc1_node1] Reading from first 2 nodes in preference list
[dc1_node1] CONFLICT: 38 sibling versions for 'item:0057'
[dc1_node1] Client GET: key='item:0007'
[dc1_node1] Preference list for 'item:0007': ['localhost:50065', 'localhost:50059', 'localhost:50070']
[dc1_node1] Reading from first 2 nodes in preference list
[dc1_node1] CONFLICT: 38 sibling versions for 'item:0007'
[dc1_node1] Client GET: key='item:0020'
[dc1_node1] Preference list for 'item:0020': ['localhost:50052', 'localhost:50061', 'localhost:50065']
[dc1_node1] Reading from first 2 nodes in preference list
[dc1_node1] CONFLICT: 40 sibling versions for 'item:0020'
[dc1_node1] Client GET: key='item:0036'
[dc1_node1] Preference list for 'item:0036': ['localhost:50058', 'localhost:50063', 'localhost:50056']
[dc1_node1] Reading from first 2 nodes in preference list
[dc1_node1] CONFLICT: 40 sibling versions for 'item:0036'
[dc1_node1] Client GET: key='item:0076'
[dc1_node1] Preference list for 'item:0076': ['localhost:50067', 'localhost:50052', 'localhost:50064']
[dc1_node1] Reading from first 2 nodes in preference list
[dc1_node1] CONFLICT: 40 sibling versions for 'item:0076'
[dc1_node1] Client GET: key='item:0085'
[dc1_node1] Preference list for 'item:0085': ['localhost:50060', 'localhost:50061', 'localhost:50053']
[dc1_node1] Reading from first 2 nodes in preference list
[dc1_node1] CONFLICT: 38 sibling versions for 'item:0085'
[dc1_node1] Client GET: key='item:0016'
[dc1_node1] Preference list for 'item:0016': ['localhost:50062', 'localhost:50058', 'localhost:50053']
[dc1_node1] Reading from first 2 nodes in preference list
[dc1_node1] CONFLICT: 38 sibling versions for 'item:0016'
[dc1_node1] Client GET: key='item:0093'
[dc1_node1] Preference list for 'item:0093': ['localhost:50052', 'localhost:50062', 'localhost:50054']
[dc1_node1] Reading from first 2 nodes in preference list
[dc1_node1] CONFLICT: 38 sibling versions for 'item:0093'
[dc1_node1] Client GET: key='item:0055'
[dc1_node1] Preference list for 'item:0055': ['localhost:50059', 'localhost:50068', 'localhost:50056']
[dc1_node1] Reading from first 2 nodes in preference list
[dc1_node1] CONFLICT: 36 sibling versions for 'item:0055'
[dc1_node1] Retrieved key='item:0031', versions=20
[dc1_node1] Retrieved key='item:0031', versions=20
[dc1_node1] Retrieved key='item:0031', versions=20
[dc1_node1] Retrieved key='item:0031', versions=20
[dc1_node1] Retrieved key='item:0031', versions=20
[dc1_node1] Client GET: key='item:0044'
[dc1_node1] Preference list for 'item:0044': ['localhost:50055', 'localhost:50068', 'localhost:50060']
[dc1_node1] Reading from first 2 nodes in preference list
[dc1_node1] CONFLICT: 40 sibling versions for 'item:0044'
[dc1_node1] Client GET: key='item:0083'
[dc1_node1] Preference list for 'item:0083': ['localhost:50064', 'localhost:50057', 'localhost:50070']
[dc1_node1] Reading from first 2 nodes in preference list
[dc1_node1] CONFLICT: 40 sibling versions for 'item:0083'
[dc1_node1] Client GET: key='item:0019'
[dc1_node1] Preference list for 'item:0019': ['localhost:50059', 'localhost:50068', 'localhost:50069']
[dc1_node1] Reading from first 2 nodes in preference list
[dc1_node1] CONFLICT: 40 sibling versions for 'item:0019'
[dc1_node1] Client GET: key='item:0068'
[dc1_node1] Preference list for 'item:0068': ['localhost:50067', 'localhost:50052', 'localhost:50062']
[dc1_node1] Reading from first 2 nodes in preference list
[dc1_node1] CONFLICT: 40 sibling versions for 'item:0068'
[dc1_node1] Client GET: key='item:0040'
[dc1_node1] Preference list for 'item:0040': ['localhost:50070', 'localhost:50055', 'localhost:50065']
[dc1_node1] Reading from first 2 nodes in preference list
[dc1_node1] CONFLICT: 38 sibling versions for 'item:0040'
[dc1_node1] Client GET: key='item:0014'
[dc1_node1] Preference list for 'item:0014': ['localhost:50061', 'localhost:50055', 'localhost:50069']
[dc1_node1] Reading from first 2 nodes in preference list
[dc1_node1] CONFLICT: 38 sibling versions for 'item:0014'
[dc1_node1] Retrieved key='item:0079', versions=20
[dc1_node1] Retrieved key='item:0079', versions=20
[dc1_node1] Retrieved key='item:0079', versions=20
[dc1_node1] Retrieved key='item:0079', versions=20
[dc1_node1] Retrieved key='item:0079', versions=20
[dc1_node1] Client GET: key='item:0048'
[dc1_node1] Preference list for 'item:0048': ['localhost:50070', 'localhost:50054', 'localhost:50064']
[dc1_node1] Reading from first 2 nodes in preference list
[dc1_node1] CONFLICT: 40 sibling versions for 'item:0048'
[dc1_node1] Client GET: key='item:0026'
[dc1_node1] Preference list for 'item:0026': ['localhost:50059', 'localhost:50063', 'localhost:50062']
[dc1_node1] Reading from first 2 nodes in preference list
[dc1_node1] CONFLICT: 40 sibling versions for 'item:0026'
[dc1_node1] Client GET: key='item:0010'
[dc1_node1] Preference list for 'item:0010': ['localhost:50056', 'localhost:50067', 'localhost:50055']
[dc1_node1] Reading from first 2 nodes in preference list
[dc1_node1] CONFLICT: 36 sibling versions for 'item:0010'
[dc1_node1] Client GET: key='item:0038'
[dc1_node1] Preference list for 'item:0038': ['localhost:50059', 'localhost:50065', 'localhost:50060']
[dc1_node1] Reading from first 2 nodes in preference list
[dc1_node1] CONFLICT: 40 sibling versions for 'item:0038'
[dc1_node1] Client GET: key='item:0073'
[dc1_node1] Preference list for 'item:0073': ['localhost:50067', 'localhost:50058', 'localhost:50061']
[dc1_node1] Reading from first 2 nodes in preference list
[dc1_node1] CONFLICT: 38 sibling versions for 'item:0073'
[dc1_node1] Client GET: key='item:0073'
[dc1_node1] Preference list for 'item:0073': ['localhost:50067', 'localhost:50058', 'localhost:50061']
[dc1_node1] Reading from first 2 nodes in preference list
[dc1_node1] CONFLICT: 38 sibling versions for 'item:0073'
[dc1_node1] Client GET: key='item:0038'
[dc1_node1] Preference list for 'item:0038': ['localhost:50059', 'localhost:50065', 'localhost:50060']
[dc1_node1] Reading from first 2 nodes in preference list
[dc1_node1] CONFLICT: 40 sibling versions for 'item:0038'
[dc1_node1] Client GET: key='item:0054'
[dc1_node1] Preference list for 'item:0054': ['localhost:50060', 'localhost:50067', 'localhost:50051']
[dc1_node1] Reading from first 2 nodes in preference list
[dc1_node1] CONFLICT: 38 sibling versions for 'item:0054'
[dc1_node1] Client GET: key='item:0082'
[dc1_node1] Preference list for 'item:0082': ['localhost:50064', 'localhost:50054', 'localhost:50067']
[dc1_node1] Reading from first 2 nodes in preference list
[dc1_node1] CONFLICT: 40 sibling versions for 'item:0082'
[dc1_node1] Client GET: key='item:0048'
[dc1_node1] Preference list for 'item:0048': ['localhost:50070', 'localhost:50054', 'localhost:50064']
[dc1_node1] Reading from first 2 nodes in preference list
[dc1_node1] CONFLICT: 40 sibling versions for 'item:0048'
[dc1_node1] Client GET: key='item:0087'
[dc1_node1] Preference list for 'item:0087': ['localhost:50052', 'localhost:50061', 'localhost:50063']
[dc1_node1] Reading from first 2 nodes in preference list
[dc1_node1] CONFLICT: 34 sibling versions for 'item:0087'
[dc1_node1] Client GET: key='item:0009'
[dc1_node1] Preference list for 'item:0009': ['localhost:50064', 'localhost:50052', 'localhost:50066']
[dc1_node1] Reading from first 2 nodes in preference list
[dc1_node1] CONFLICT: 40 sibling versions for 'item:0009'
[dc1_node1] Client GET: key='item:0035'
[dc1_node1] Preference list for 'item:0035': ['localhost:50054', 'localhost:50068', 'localhost:50060']
[dc1_node1] Reading from first 2 nodes in preference list
[dc1_node1] CONFLICT: 40 sibling versions for 'item:0035'
[dc1_node1] Retrieved key='item:0079', versions=20
[dc1_node1] Retrieved key='item:0079', versions=20
[dc1_node1] Retrieved key='item:0079', versions=20
[dc1_node1] Retrieved key='item:0079', versions=20
[dc1_node1] Retrieved key='item:0079', versions=20
[dc1_node1] Retrieved key='item:0095', versions=19
[dc1_node1] Retrieved key='item:0095', versions=19
[dc1_node1] Retrieved key='item:0095', versions=19
[dc1_node1] Retrieved key='item:0095', versions=19
[dc1_node1] Retrieved key='item:0095', versions=19
[dc1_node1] Client GET: key='item:0042'
[dc1_node1] Preference list for 'item:0042': ['localhost:50053', 'localhost:50062', 'localhost:50051']
[dc1_node1] Reading from first 2 nodes in preference list
[dc1_node1] CONFLICT: 40 sibling versions for 'item:0042'
[dc1_node1] Retrieved key='item:0063', versions=20
[dc1_node1] Retrieved key='item:0063', versions=20
[dc1_node1] Retrieved key='item:0063', versions=20
[dc1_node1] Retrieved key='item:0063', versions=20
[dc1_node1] Retrieved key='item:0063', versions=20
[dc1_node1] Client GET: key='item:0067'
[dc1_node1] Preference list for 'item:0067': ['localhost:50065', 'localhost:50060', 'localhost:50053']
[dc1_node1] Reading from first 2 nodes in preference list
[dc1_node1] CONFLICT: 40 sibling versions for 'item:0067'
[dc1_node1] Retrieved key='item:0063', versions=20
[dc1_node1] Retrieved key='item:0063', versions=20
[dc1_node1] Retrieved key='item:0063', versions=20
[dc1_node1] Retrieved key='item:0063', versions=20
[dc1_node1] Retrieved key='item:0063', versions=20
[dc1_node1] Client GET: key='item:0023'
[dc1_node1] Preference list for 'item:0023': ['localhost:50067', 'localhost:50058', 'localhost:50061']
[dc1_node1] Reading from first 2 nodes in preference list
[dc1_node1] CONFLICT: 36 sibling versions for 'item:0023'
[dc1_node1] Client GET: key='item:0017'
[dc1_node1] Preference list for 'item:0017': ['localhost:50063', 'localhost:50054', 'localhost:50053']
[dc1_node1] Reading from first 2 nodes in preference list
[dc1_node1] CONFLICT: 40 sibling versions for 'item:0017'
[dc1_node1] Retrieved key='item:0079', versions=20
[dc1_node1] Retrieved key='item:0079', versions=20
[dc1_node1] Retrieved key='item:0079', versions=20
[dc1_node1] Retrieved key='item:0079', versions=20
[dc1_node1] Retrieved key='item:0079', versions=20
[dc1_node1] Client GET: key='item:0021'
[dc1_node1] Preference list for 'item:0021': ['localhost:50054', 'localhost:50068', 'localhost:50060']
[dc1_node1] Reading from first 2 nodes in preference list
[dc1_node1] CONFLICT: 36 sibling versions for 'item:0021'
[dc1_node1] Client GET: key='item:0003'
[dc1_node1] Preference list for 'item:0003': ['localhost:50058', 'localhost:50069', 'localhost:50062']
[dc1_node1] Reading from first 2 nodes in preference list
[dc1_node1] CONFLICT: 38 sibling versions for 'item:0003'
[dc1_node1] Client GET: key='item:0046'
[dc1_node1] Preference list for 'item:0046': ['localhost:50057', 'localhost:50067', 'localhost:50064']
[dc1_node1] Reading from first 2 nodes in preference list
[dc1_node1] CONFLICT: 38 sibling versions for 'item:0046'
[dc1_node1] Client GET: key='item:0059'
[dc1_node1] Preference list for 'item:0059': ['localhost:50055', 'localhost:50069', 'localhost:50060']
[dc1_node1] Reading from first 2 nodes in preference list
[dc1_node1] CONFLICT: 38 sibling versions for 'item:0059'
[dc1_node1] Join request from localhost:50055 (DC: DC1)
[dc1_node1] GetRing request from dc1_node5
[dc1_node1] GetRing request from dc1_node5
[dc1_node1] Join request from localhost:50068 (DC: DC2)
[dc1_node1] GetRing request from dc2_node8
[dc1_node1] GetRing request from dc2_node8
[dc1_node1] Join request from localhost:50057 (DC: DC1)
[dc1_node1] GetRing request from dc1_node7
[dc1_node1] GetRing request from dc1_node7
[dc1_node1] Join request from localhost:50060 (DC: DC1)
[dc1_node1] GetRing request from dc1_node10
[dc1_node1] GetRing request from dc1_node10
[dc1_node1] Join request from localhost:50067 (DC: DC2)
[dc1_node1] GetRing request from dc2_node7
[dc1_node1] Client GET: key='item:0068'
[dc1_node1] Preference list for 'item:0068': ['localhost:50067', 'localhost:50052', 'localhost:50062']
[dc1_node1] Reading from first 2 nodes in preference list
[dc1_node1] CONFLICT: 40 sibling versions for 'item:0068'
[dc1_node1] Internal PUT (replication): key='item:0054'
[dc1_node1] CONFLICT detected for key='item:0054', siblings=19
[dc1_node1] Saved 8 keys to disk
[dc1_node1] Internal PUT (replication): key='item:0063'
[dc1_node1] CONFLICT detected for key='item:0063', siblings=20
[dc1_node1] Saved 8 keys to disk
[dc1_node1] Client PUT: key='item:0065', value='stress_7_7'
[dc1_node1] Preference list for 'item:0065': ['localhost:50055', 'localhost:50066', 'localhost:50065']
[dc1_node1] Coordinator NOT in preference list, forwarding only
[dc1_node1] Retrieved key='item:0031', versions=20
[dc1_node1] Replicated to localhost:50066
[dc1_node1] Replicated to localhost:50055
[dc1_node1] Replicated to localhost:50065
[dc1_node1] W-quorum achieved (2 writes), returning to client
[dc1_node1] Background replication continues for remaining nodes
[dc1_node1] Successful writes: 3/3
[dc1_node1] Client PUT: key='item:0062', value='stress_6_9'
[dc1_node1] Preference list for 'item:0062': ['localhost:50058', 'localhost:50062', 'localhost:50053']
[dc1_node1] Coordinator NOT in preference list, forwarding only
[dc1_node1] Retrieved key='item:0031', versions=20
[dc1_node1] Client GET: key='item:0018'
[dc1_node1] Preference list for 'item:0018': ['localhost:50064', 'localhost:50056', 'localhost:50052']
[dc1_node1] Reading from first 2 nodes in preference list
[dc1_node1] CONFLICT: 36 sibling versions for 'item:0018'
[dc1_node1] Replicated to localhost:50058
[dc1_node1] Replicated to localhost:50062
[dc1_node1] Replicated to localhost:50053
[dc1_node1] W-quorum achieved (2 writes), returning to client
[dc1_node1] Background replication continues for remaining nodes
[dc1_node1] Successful writes: 3/3
[dc1_node1] Client GET: key='item:0008'
[dc1_node1] Preference list for 'item:0008': ['localhost:50065', 'localhost:50060', 'localhost:50055']
[dc1_node1] Reading from first 2 nodes in preference list
[dc1_node1] CONFLICT: 38 sibling versions for 'item:0008'
[dc1_node1] Retrieved key='item:0031', versions=20
[dc1_node1] Client GET: key='item:0053'
[dc1_node1] Preference list for 'item:0053': ['localhost:50056', 'localhost:50068', 'localhost:50062']
[dc1_node1] Reading from first 2 nodes in preference list
[dc1_node1] CONFLICT: 40 sibling versions for 'item:0053'
[dc1_node1] Client GET: key='item:0075'
[dc1_node1] Preference list for 'item:0075': ['localhost:50059', 'localhost:50065', 'localhost:50060']
[dc1_node1] Reading from first 2 nodes in preference list
[dc1_node1] CONFLICT: 40 sibling versions for 'item:0075'
[dc1_node1] Client GET: key='item:0064'
[dc1_node1] Preference list for 'item:0064': ['localhost:50058', 'localhost:50062', 'localhost:50059']
[dc1_node1] Reading from first 2 nodes in preference list
[dc1_node1] Retrieved key='item:0079', versions=20
[dc1_node1] CONFLICT: 40 sibling versions for 'item:0064'
[dc1_node1] Retrieved key='item:0063', versions=20
[dc1_node1] Internal PUT (replication): key='item:0054'
[dc1_node1] CONFLICT detected for key='item:0054', siblings=19
[dc1_node1] Saved 8 keys to disk
[dc1_node1] Retrieved key='item:0031', versions=20
[dc1_node1] Internal PUT (replication): key='item:0025'
[dc1_node1] CONFLICT detected for key='item:0025', siblings=18
[dc1_node1] Saved 8 keys to disk
[dc1_node1] Client GET: key='item:0011'
[dc1_node1] Preference list for 'item:0011': ['localhost:50054', 'localhost:50066', 'localhost:50053']
[dc1_node1] Reading from first 2 nodes in preference list
[dc1_node1] CONFLICT: 35 sibling versions for 'item:0011'
[dc1_node1] Client PUT: key='item:0019', value='stress_1_26'
[dc1_node1] Preference list for 'item:0019': ['localhost:50059', 'localhost:50068', 'localhost:50069']
[dc1_node1] Coordinator NOT in preference list, forwarding only
[dc1_node1] Internal PUT (replication): key='item:0095'
[dc1_node1] CONFLICT detected for key='item:0095', siblings=19
[dc1_node1] Replicated to localhost:50068
[dc1_node1] Replicated to localhost:50059
[dc1_node1] Saved 8 keys to disk
[dc1_node1] Replicated to localhost:50069
[dc1_node1] W-quorum achieved (2 writes), returning to client
[dc1_node1] Background replication continues for remaining nodes
[dc1_node1] Successful writes: 3/3
[dc1_node1] Retrieved key='item:0031', versions=20
[dc1_node1] Internal PUT (replication): key='item:0031'
[dc1_node1] CONFLICT detected for key='item:0031', siblings=20
[dc1_node1] Saved 8 keys to disk
[dc1_node1] Client GET: key='item:0013'
[dc1_node1] Preference list for 'item:0013': ['localhost:50060', 'localhost:50070', 'localhost:50057']
[dc1_node1] Reading from first 2 nodes in preference list
[dc1_node1] CONFLICT: 38 sibling versions for 'item:0013'
[dc1_node1] Client PUT: key='item:0014', value='stress_8_27'
[dc1_node1] Preference list for 'item:0014': ['localhost:50061', 'localhost:50055', 'localhost:50069']
[dc1_node1] Coordinator NOT in preference list, forwarding only
[dc1_node1] Internal PUT (replication): key='item:0025'
[dc1_node1] CONFLICT detected for key='item:0025', siblings=18
[dc1_node1] Saved 8 keys to disk
[dc1_node1] Replicated to localhost:50069
[dc1_node1] Client PUT: key='item:0098', value='stress_0_28'
[dc1_node1] Preference list for 'item:0098': ['localhost:50055', 'localhost:50064', 'localhost:50067']
[dc1_node1] Coordinator NOT in preference list, forwarding only
[dc1_node1] Replicated to localhost:50061
[dc1_node1] Internal PUT (replication): key='item:0042'
[dc1_node1] CONFLICT detected for key='item:0042', siblings=20
[dc1_node1] Saved 8 keys to disk
[dc1_node1] W-quorum achieved (2 writes), returning to client
[dc1_node1] Background replication continues for remaining nodes
[dc1_node1] Successful writes: 2/3
[dc1_node1] Replicated to localhost:50067
[dc1_node1] Replicated to localhost:50055
[dc1_node1] Replicated to localhost:50064
[dc1_node1] Replicated to localhost:50055
[dc1_node1] W-quorum achieved (2 writes), returning to client
[dc1_node1] Background replication continues for remaining nodes
[dc1_node1] Successful writes: 3/3
[dc1_node1] Client PUT: key='item:0018', value='stress_5_30'
[dc1_node1] Preference list for 'item:0018': ['localhost:50064', 'localhost:50056', 'localhost:50052']
[dc1_node1] Coordinator NOT in preference list, forwarding only
[dc1_node1] Client GET: key='item:0068'
[dc1_node1] Preference list for 'item:0068': ['localhost:50067', 'localhost:50052', 'localhost:50062']
[dc1_node1] Reading from first 2 nodes in preference list
[dc1_node1] Client PUT: key='item:0051', value='stress_2_29'
[dc1_node1] Preference list for 'item:0051': ['localhost:50059', 'localhost:50064', 'localhost:50055']
[dc1_node1] Coordinator NOT in preference list, forwarding only
[dc1_node1] Replicated to localhost:50056
[dc1_node1] Replicated to localhost:50052
[dc1_node1] Replicated to localhost:50064
[dc1_node1] CONFLICT: 40 sibling versions for 'item:0068'
[dc1_node1] Replicated to localhost:50055
[dc1_node1] Replicated to localhost:50064
[dc1_node1] Replicated to localhost:50059
[dc1_node1] W-quorum achieved (2 writes), returning to client
[dc1_node1] Background replication continues for remaining nodes
[dc1_node1] Successful writes: 3/3
[dc1_node1] W-quorum achieved (2 writes), returning to client
[dc1_node1] Background replication continues for remaining nodes
[dc1_node1] Successful writes: 3/3
[dc1_node1] Retrieved key='item:0063', versions=20
[dc1_node1] Client GET: key='item:0078'
[dc1_node1] Preference list for 'item:0078': ['localhost:50058', 'localhost:50070', 'localhost:50057']
[dc1_node1] Reading from first 2 nodes in preference list
[dc1_node1] CONFLICT: 38 sibling versions for 'item:0078'
[dc1_node1] Client GET: key='item:0000'
[dc1_node1] Preference list for 'item:0000': ['localhost:50066', 'localhost:50057', 'localhost:50053']
[dc1_node1] Reading from first 2 nodes in preference list
[dc1_node1] CONFLICT: 40 sibling versions for 'item:0000'
[dc1_node1] Client PUT: key='item:0094', value='stress_7_34'
[dc1_node1] Preference list for 'item:0094': ['localhost:50060', 'localhost:50066', 'localhost:50055']
[dc1_node1] Coordinator NOT in preference list, forwarding only
[dc1_node1] Replicated to localhost:50055
[dc1_node1] Replicated to localhost:50066
[dc1_node1] Replicated to localhost:50060
[dc1_node1] Client PUT: key='item:0038', value='stress_2_36'
[dc1_node1] Preference list for 'item:0038': ['localhost:50059', 'localhost:50065', 'localhost:50060']
[dc1_node1] Coordinator NOT in preference list, forwarding only
[dc1_node1] W-quorum achieved (2 writes), returning to client
[dc1_node1] Background replication continues for remaining nodes
[dc1_node1] Successful writes: 3/3
[dc1_node1] Replicated to localhost:50059
[dc1_node1] Replicated to localhost:50060
[dc1_node1] Replicated to localhost:50065
[dc1_node1] W-quorum achieved (2 writes), returning to client
[dc1_node1] Background replication continues for remaining nodes
[dc1_node1] Successful writes: 3/3
[dc1_node1] Client PUT: key='item:0031', value='stress_1_39'
[dc1_node1] Preference list for 'item:0031': ['localhost:50068', 'localhost:50051', 'localhost:50054']
[dc1_node1] CONFLICT detected for key='item:0031', siblings=20
[dc1_node1] Internal PUT (replication): key='item:0080'
[dc1_node1] Saved 8 keys to disk
[dc1_node1] Coordinator IS in preference list, stored locally
[dc1_node1] CONFLICT detected for key='item:0080', siblings=19
[dc1_node1] Saved 8 keys to disk
[dc1_node1] Replicated to localhost:50068
[dc1_node1] Replicated to localhost:50054
[dc1_node1] W-quorum achieved (2 writes), returning to client
[dc1_node1] Background replication continues for remaining nodes
[dc1_node1] Successful writes: 3/3
[dc1_node1] Client GET: key='item:0037'
[dc1_node1] Preference list for 'item:0037': ['localhost:50066', 'localhost:50052', 'localhost:50063']
[dc1_node1] Reading from first 2 nodes in preference list
[dc1_node1] Client GET: key='item:0094'
[dc1_node1] Preference list for 'item:0094': ['localhost:50060', 'localhost:50066', 'localhost:50055']
[dc1_node1] Reading from first 2 nodes in preference list
[dc1_node1] CONFLICT: 40 sibling versions for 'item:0094'
[dc1_node1] Client PUT: key='item:0041', value='stress_7_39'
[dc1_node1] Preference list for 'item:0041': ['localhost:50069', 'localhost:50059', 'localhost:50064']
[dc1_node1] Coordinator NOT in preference list, forwarding only
[dc1_node1] CONFLICT: 40 sibling versions for 'item:0037'
[dc1_node1] Replicated to localhost:50069
[dc1_node1] Replicated to localhost:50059
[dc1_node1] Replicated to localhost:50064
[dc1_node1] W-quorum achieved (2 writes), returning to client
[dc1_node1] Background replication continues for remaining nodes
[dc1_node1] Successful writes: 3/3
[dc1_node1] Retrieved key='item:0079', versions=20
[dc1_node1] Client PUT: key='item:0002', value='stress_2_42'
[dc1_node1] Preference list for 'item:0002': ['localhost:50066', 'localhost:50058', 'localhost:50053']
[dc1_node1] Coordinator NOT in preference list, forwarding only
[dc1_node1] Replicated to localhost:50066
[dc1_node1] Replicated to localhost:50058
[dc1_node1] Replicated to localhost:50053
[dc1_node1] W-quorum achieved (2 writes), returning to client
[dc1_node1] Background replication continues for remaining nodes
[dc1_node1] Successful writes: 3/3
[dc1_node1] Client GET: key='item:0003'
[dc1_node1] Preference list for 'item:0003': ['localhost:50058', 'localhost:50069', 'localhost:50062']
[dc1_node1] Reading from first 2 nodes in preference list
[dc1_node1] CONFLICT: 38 sibling versions for 'item:0003'
[dc1_node1] Client GET: key='item:0003'
[dc1_node1] Preference list for 'item:0003': ['localhost:50058', 'localhost:50069', 'localhost:50062']
[dc1_node1] Reading from first 2 nodes in preference list
[dc1_node1] Internal PUT (replication): key='item:0095'
[dc1_node1] CONFLICT detected for key='item:0095', siblings=19
[dc1_node1] CONFLICT: 38 sibling versions for 'item:0003'
[dc1_node1] Saved 8 keys to disk
[dc1_node1] Retrieved key='item:0079', versions=20
[dc1_node1] Client PUT: key='item:0084', value='stress_2_46'
[dc1_node1] Preference list for 'item:0084': ['localhost:50065', 'localhost:50058', 'localhost:50061']
[dc1_node1] Coordinator NOT in preference list, forwarding only
[dc1_node1] Replicated to localhost:50065
[dc1_node1] Replicated to localhost:50061
[dc1_node1] Replicated to localhost:50058
[dc1_node1] W-quorum achieved (2 writes), returning to client
[dc1_node1] Background replication continues for remaining nodes
[dc1_node1] Successful writes: 3/3
[dc1_node1] Internal PUT (replication): key='item:0025'
[dc1_node1] CONFLICT detected for key='item:0025', siblings=18
[dc1_node1] Saved 8 keys to disk
[dc1_node1] Internal PUT (replication): key='item:0079'
[dc1_node1] CONFLICT detected for key='item:0079', siblings=20
[dc1_node1] Client GET: key='item:0085'
[dc1_node1] Preference list for 'item:0085': ['localhost:50060', 'localhost:50061', 'localhost:50053']
[dc1_node1] Reading from first 2 nodes in preference list
[dc1_node1] Saved 8 keys to disk
[dc1_node1] CONFLICT: 38 sibling versions for 'item:0085'
[dc1_node1] Client GET: key='item:0083'
[dc1_node1] Preference list for 'item:0083': ['localhost:50064', 'localhost:50057', 'localhost:50070']
[dc1_node1] Reading from first 2 nodes in preference list
[dc1_node1] Client PUT: key='item:0019', value='stress_4_54'
[dc1_node1] Preference list for 'item:0019': ['localhost:50059', 'localhost:50068', 'localhost:50069']
[dc1_node1] Coordinator NOT in preference list, forwarding only
[dc1_node1] CONFLICT: 40 sibling versions for 'item:0083'
[dc1_node1] Replicated to localhost:50068
[dc1_node1] Replicated to localhost:50069
[dc1_node1] Replicated to localhost:50059
[dc1_node1] W-quorum achieved (2 writes), returning to client
[dc1_node1] Background replication continues for remaining nodes
[dc1_node1] Successful writes: 3/3
[dc1_node1] Internal PUT (replication): key='item:0031'
[dc1_node1] CONFLICT detected for key='item:0031', siblings=20
[dc1_node1] Saved 8 keys to disk
[dc1_node1] Internal PUT (replication): key='item:0054'
[dc1_node1] CONFLICT detected for key='item:0054', siblings=19
[dc1_node1] Saved 8 keys to disk
[dc1_node1] Retrieved key='item:0063', versions=20
[dc1_node1] Internal PUT (replication): key='item:0095'
[dc1_node1] CONFLICT detected for key='item:0095', siblings=19
[dc1_node1] Client PUT: key='item:0023', value='stress_7_53'
[dc1_node1] Preference list for 'item:0023': ['localhost:50067', 'localhost:50058', 'localhost:50061']
[dc1_node1] Coordinator NOT in preference list, forwarding only
[dc1_node1] Saved 8 keys to disk
[dc1_node1] Client GET: key='item:0039'
[dc1_node1] Preference list for 'item:0039': ['localhost:50070', 'localhost:50054', 'localhost:50068']
[dc1_node1] Reading from first 2 nodes in preference list
[dc1_node1] Internal PUT (replication): key='item:0042'
[dc1_node1] CONFLICT detected for key='item:0042', siblings=20
[dc1_node1] Replicated to localhost:50067
[dc1_node1] Replicated to localhost:50061
[dc1_node1] Saved 8 keys to disk
[dc1_node1] CONFLICT: 38 sibling versions for 'item:0039'
[dc1_node1] Client GET: key='item:0079'
[dc1_node1] Preference list for 'item:0079': ['localhost:50051', 'localhost:50065', 'localhost:50060']
[dc1_node1] Reading from first 2 nodes in preference list
[dc1_node1] Retrieved key='item:0079', versions=20
[dc1_node1] Read locally (coordinator in preference list)
[dc1_node1] Replicated to localhost:50058
[dc1_node1] CONFLICT: 40 sibling versions for 'item:0079'
[dc1_node1] W-quorum achieved (2 writes), returning to client
[dc1_node1] Background replication continues for remaining nodes
[dc1_node1] Successful writes: 3/3
[dc1_node1] Internal PUT (replication): key='item:0079'
[dc1_node1] CONFLICT detected for key='item:0079', siblings=20
[dc1_node1] Saved 8 keys to disk
[dc1_node1] Retrieved key='item:0063', versions=20
[dc1_node1] Client PUT: key='item:0080', value='stress_6_57'
[dc1_node1] Preference list for 'item:0080': ['localhost:50056', 'localhost:50067', 'localhost:50051']
[dc1_node1] CONFLICT detected for key='item:0080', siblings=20
[dc1_node1] Internal PUT (replication): key='item:0042'
[dc1_node1] Saved 8 keys to disk
[dc1_node1] Coordinator IS in preference list, stored locally
[dc1_node1] CONFLICT detected for key='item:0042', siblings=20
[dc1_node1] Saved 8 keys to disk
[dc1_node1] Replicated to localhost:50056
[dc1_node1] Replicated to localhost:50067
[dc1_node1] W-quorum achieved (2 writes), returning to client
[dc1_node1] Background replication continues for remaining nodes
[dc1_node1] Successful writes: 3/3
[dc1_node1] Internal PUT (replication): key='item:0054'
[dc1_node1] CONFLICT detected for key='item:0054', siblings=19
[dc1_node1] Client GET: key='item:0058'
[dc1_node1] Preference list for 'item:0058': ['localhost:50070', 'localhost:50058', 'localhost:50060']
[dc1_node1] Reading from first 2 nodes in preference list
[dc1_node1] Client PUT: key='item:0085', value='stress_8_59'
[dc1_node1] Preference list for 'item:0085': ['localhost:50060', 'localhost:50061', 'localhost:50053']
[dc1_node1] Coordinator NOT in preference list, forwarding only
[dc1_node1] Saved 8 keys to disk
[dc1_node1] Internal PUT (replication): key='item:0063'
[dc1_node1] CONFLICT detected for key='item:0063', siblings=20
[dc1_node1] CONFLICT: 36 sibling versions for 'item:0058'
[dc1_node1] Replicated to localhost:50060
[dc1_node1] Replicated to localhost:50061
[dc1_node1] Saved 8 keys to disk
[dc1_node1] Replicated to localhost:50053
[dc1_node1] W-quorum achieved (2 writes), returning to client
[dc1_node1] Background replication continues for remaining nodes
[dc1_node1] Successful writes: 3/3
[dc1_node1] Client PUT: key='item:0002', value='stress_9_62'
[dc1_node1] Preference list for 'item:0002': ['localhost:50066', 'localhost:50058', 'localhost:50053']
[dc1_node1] Coordinator NOT in preference list, forwarding only
[dc1_node1] Replicated to localhost:50066
[dc1_node1] Replicated to localhost:50053
[dc1_node1] Replicated to localhost:50058
[dc1_node1] W-quorum achieved (2 writes), returning to client
[dc1_node1] Background replication continues for remaining nodes
[dc1_node1] Successful writes: 3/3
[dc1_node1] Internal PUT (replication): key='item:0042'
[dc1_node1] CONFLICT detected for key='item:0042', siblings=20
[dc1_node1] Saved 8 keys to disk
[dc1_node1] Client GET: key='item:0020'
[dc1_node1] Preference list for 'item:0020': ['localhost:50052', 'localhost:50061', 'localhost:50065']
[dc1_node1] Reading from first 2 nodes in preference list
[dc1_node1] CONFLICT: 40 sibling versions for 'item:0020'
[dc1_node1] Client GET: key='item:0062'
[dc1_node1] Preference list for 'item:0062': ['localhost:50058', 'localhost:50062', 'localhost:50053']
[dc1_node1] Reading from first 2 nodes in preference list
[dc1_node1] CONFLICT: 36 sibling versions for 'item:0062'
[dc1_node1] Client GET: key='item:0034'
[dc1_node1] Preference list for 'item:0034': ['localhost:50064', 'localhost:50055', 'localhost:50062']
[dc1_node1] Reading from first 2 nodes in preference list
[dc1_node1] Internal PUT (replication): key='item:0063'
[dc1_node1] CONFLICT detected for key='item:0063', siblings=20
[dc1_node1] Internal PUT (replication): key='item:0025'
[dc1_node1] CONFLICT: 38 sibling versions for 'item:0034'
[dc1_node1] Saved 8 keys to disk
[dc1_node1] CONFLICT detected for key='item:0025', siblings=18
[dc1_node1] Saved 8 keys to disk
[dc1_node1] Internal PUT (replication): key='item:0080'
[dc1_node1] CONFLICT detected for key='item:0080', siblings=20
[dc1_node1] Saved 8 keys to disk
[dc1_node1] Internal PUT (replication): key='item:0079'
[dc1_node1] CONFLICT detected for key='item:0079', siblings=20
[dc1_node1] Saved 8 keys to disk
[dc1_node1] Internal PUT (replication): key='item:0095'
[dc1_node1] CONFLICT detected for key='item:0095', siblings=19
[dc1_node1] Saved 8 keys to disk
[dc1_node1] Client GET: key='item:0059'
[dc1_node1] Preference list for 'item:0059': ['localhost:50055', 'localhost:50069', 'localhost:50060']
[dc1_node1] Reading from first 2 nodes in preference list
[dc1_node1] Internal PUT (replication): key='item:0079'
[dc1_node1] CONFLICT detected for key='item:0079', siblings=20
[dc1_node1] Saved 8 keys to disk
[dc1_node1] CONFLICT: 38 sibling versions for 'item:0059'
[dc1_node1] Client PUT: key='item:0072', value='stress_6_78'
[dc1_node1] Preference list for 'item:0072': ['localhost:50067', 'localhost:50056', 'localhost:50059']
[dc1_node1] Coordinator NOT in preference list, forwarding only
[dc1_node1] Replicated to localhost:50067
[dc1_node1] Replicated to localhost:50056
[dc1_node1] Replicated to localhost:50059
[dc1_node1] Internal PUT (replication): key='item:0025'
[dc1_node1] CONFLICT detected for key='item:0025', siblings=18
[dc1_node1] Saved 8 keys to disk
[dc1_node1] W-quorum achieved (2 writes), returning to client
[dc1_node1] Background replication continues for remaining nodes
[dc1_node1] Successful writes: 3/3
[dc1_node1] Retrieved key='item:0031', versions=20
[dc1_node1] Internal PUT (replication): key='item:0042'
[dc1_node1] CONFLICT detected for key='item:0042', siblings=20
[dc1_node1] Saved 8 keys to disk
[dc1_node1] Client GET: key='item:0049'
[dc1_node1] Preference list for 'item:0049': ['localhost:50066', 'localhost:50060', 'localhost:50061']
[dc1_node1] Reading from first 2 nodes in preference list
[dc1_node1] CONFLICT: 40 sibling versions for 'item:0049'
[dc1_node1] GetRing request from dc2_node7
[dc1_node1] Internal PUT (replication): key='item:0042'
[dc1_node1] CONFLICT detected for key='item:0042', siblings=20
[dc1_node1] Internal PUT (replication): key='item:0080'
[dc1_node1] Saved 8 keys to disk
[dc1_node1] CONFLICT detected for key='item:0080', siblings=20
[dc1_node1] Client PUT: key='item:0019', value='stress_6_81'
[dc1_node1] Preference list for 'item:0019': ['localhost:50059', 'localhost:50068', 'localhost:50069']
[dc1_node1] Coordinator NOT in preference list, forwarding only
[dc1_node1] Saved 8 keys to disk
[dc1_node1] Replicated to localhost:50068
[dc1_node1] Replicated to localhost:50069
[dc1_node1] Replicated to localhost:50059
[dc1_node1] W-quorum achieved (2 writes), returning to client
[dc1_node1] Background replication continues for remaining nodes
[dc1_node1] Successful writes: 3/3
[dc1_node1] Retrieved key='item:0095', versions=19
[dc1_node1] Internal PUT (replication): key='item:0080'
[dc1_node1] CONFLICT detected for key='item:0080', siblings=20
[dc1_node1] Saved 8 keys to disk
[dc1_node1] Internal PUT (replication): key='item:0031'
[dc1_node1] CONFLICT detected for key='item:0031', siblings=20
[dc1_node1] Saved 8 keys to disk
[dc1_node1] Retrieved key='item:0031', versions=20
[dc1_node1] Client GET: key='item:0087'
[dc1_node1] Preference list for 'item:0087': ['localhost:50052', 'localhost:50061', 'localhost:50063']
[dc1_node1] Reading from first 2 nodes in preference list
[dc1_node1] Client PUT: key='item:0070', value='stress_9_85'
[dc1_node1] Preference list for 'item:0070': ['localhost:50060', 'localhost:50068', 'localhost:50063']
[dc1_node1] Coordinator NOT in preference list, forwarding only
[dc1_node1] Replicated to localhost:50068
[dc1_node1] CONFLICT: 38 sibling versions for 'item:0087'
[dc1_node1] Replicated to localhost:50063
[dc1_node1] W-quorum achieved (2 writes), returning to client
[dc1_node1] Background replication continues for remaining nodes
[dc1_node1] Successful writes: 2/3
[dc1_node1] Replicated to localhost:50060
[dc1_node1] Client PUT: key='item:0044', value='stress_9_87'
[dc1_node1] Preference list for 'item:0044': ['localhost:50055', 'localhost:50068', 'localhost:50060']
[dc1_node1] Coordinator NOT in preference list, forwarding only
[dc1_node1] Replicated to localhost:50055
[dc1_node1] Replicated to localhost:50060
[dc1_node1] Replicated to localhost:50068
[dc1_node1] W-quorum achieved (2 writes), returning to client
[dc1_node1] Background replication continues for remaining nodes
[dc1_node1] Successful writes: 3/3
[dc1_node1] Client PUT: key='item:0042', value='stress_7_88'
[dc1_node1] Preference list for 'item:0042': ['localhost:50053', 'localhost:50062', 'localhost:50051']
[dc1_node1] CONFLICT detected for key='item:0042', siblings=20
[dc1_node1] Saved 8 keys to disk
[dc1_node1] Coordinator IS in preference list, stored locally
[dc1_node1] Replicated to localhost:50053
[dc1_node1] Replicated to localhost:50062
[dc1_node1] Retrieved key='item:0063', versions=20
[dc1_node1] W-quorum achieved (2 writes), returning to client
[dc1_node1] Background replication continues for remaining nodes
[dc1_node1] Successful writes: 3/3
[dc1_node1] Retrieved key='item:0095', versions=19
[dc1_node1] Client PUT: key='item:0012', value='stress_2_91'
[dc1_node1] Preference list for 'item:0012': ['localhost:50069', 'localhost:50057', 'localhost:50065']
[dc1_node1] Coordinator NOT in preference list, forwarding only
[dc1_node1] Replicated to localhost:50069
[dc1_node1] Replicated to localhost:50057
[dc1_node1] Replicated to localhost:50065
[dc1_node1] Client GET: key='item:0048'
[dc1_node1] Preference list for 'item:0048': ['localhost:50070', 'localhost:50054', 'localhost:50064']
[dc1_node1] Reading from first 2 nodes in preference list
[dc1_node1] W-quorum achieved (2 writes), returning to client
[dc1_node1] Background replication continues for remaining nodes
[dc1_node1] Successful writes: 3/3
[dc1_node1] Internal PUT (replication): key='item:0095'
[dc1_node1] CONFLICT detected for key='item:0095', siblings=19
[dc1_node1] CONFLICT: 40 sibling versions for 'item:0048'
[dc1_node1] Saved 8 keys to disk
[dc1_node1] Internal PUT (replication): key='item:0079'
[dc1_node1] CONFLICT detected for key='item:0079', siblings=20
[dc1_node1] Client GET: key='item:0032'
[dc1_node1] Preference list for 'item:0032': ['localhost:50063', 'localhost:50055', 'localhost:50064']
[dc1_node1] Reading from first 2 nodes in preference list
[dc1_node1] Saved 8 keys to disk
[dc1_node1] CONFLICT: 38 sibling versions for 'item:0032'
[dc1_node1] Internal PUT (replication): key='item:0025'
[dc1_node1] CONFLICT detected for key='item:0025', siblings=18
[dc1_node1] Client GET: key='item:0003'
[dc1_node1] Preference list for 'item:0003': ['localhost:50058', 'localhost:50069', 'localhost:50062']
[dc1_node1] Reading from first 2 nodes in preference list
[dc1_node1] Client GET: key='item:0094'
[dc1_node1] Preference list for 'item:0094': ['localhost:50060', 'localhost:50066', 'localhost:50055']
[dc1_node1] Reading from first 2 nodes in preference list
[dc1_node1] Saved 8 keys to disk
[dc1_node1] CONFLICT: 40 sibling versions for 'item:0094'
[dc1_node1] CONFLICT: 38 sibling versions for 'item:0003'
[dc1_node1] Client GET: key='item:0025'
[dc1_node1] Preference list for 'item:0025': ['localhost:50059', 'localhost:50067', 'localhost:50051']
[dc1_node1] Reading from first 2 nodes in preference list
[dc1_node1] Retrieved key='item:0095', versions=19
[dc1_node1] Retrieved key='item:0063', versions=20
[dc1_node1] CONFLICT: 36 sibling versions for 'item:0025'
[dc1_node1] Retrieved key='item:0031', versions=20
[dc1_node1] Client PUT: key='item:0082', value='stress_1_96'
[dc1_node1] Preference list for 'item:0082': ['localhost:50064', 'localhost:50054', 'localhost:50067']
[dc1_node1] Coordinator NOT in preference list, forwarding only
[dc1_node1] Internal PUT (replication): key='item:0054'
[dc1_node1] CONFLICT detected for key='item:0054', siblings=19
[dc1_node1] Saved 8 keys to disk
[dc1_node1] Replicated to localhost:50054
[dc1_node1] Replicated to localhost:50067
[dc1_node1] Replicated to localhost:50064
[dc1_node1] Client GET: key='item:0096'
[dc1_node1] Preference list for 'item:0096': ['localhost:50070', 'localhost:50058', 'localhost:50060']
[dc1_node1] Reading from first 2 nodes in preference list
[dc1_node1] Retrieved key='item:0063', versions=20
[dc1_node1] W-quorum achieved (2 writes), returning to client
[dc1_node1] Background replication continues for remaining nodes
[dc1_node1] Successful writes: 3/3
[dc1_node1] CONFLICT: 36 sibling versions for 'item:0096'
[dc1_node1] Retrieved key='item:0095', versions=19
[dc1_node1] Internal PUT (replication): key='item:0080'
[dc1_node1] CONFLICT detected for key='item:0080', siblings=20
[dc1_node1] Saved 8 keys to disk
[dc1_node1] Retrieved key='item:0063', versions=20
[dc1_node1] Internal PUT (replication): key='item:0080'
[dc1_node1] CONFLICT detected for key='item:0080', siblings=20
[dc1_node1] Saved 8 keys to disk
[dc1_node1] Client GET: key='item:0046'
[dc1_node1] Preference list for 'item:0046': ['localhost:50057', 'localhost:50067', 'localhost:50064']
[dc1_node1] Reading from first 2 nodes in preference list
[dc1_node1] CONFLICT: 40 sibling versions for 'item:0046'
[dc1_node1] Client PUT: key='item:0063', value='stress_8_108'
[dc1_node1] Preference list for 'item:0063': ['localhost:50069', 'localhost:50051', 'localhost:50065']
[dc1_node1] CONFLICT detected for key='item:0063', siblings=20
[dc1_node1] Internal PUT (replication): key='item:0063'
[dc1_node1] Client PUT: key='item:0097', value='stress_0_107'
[dc1_node1] Preference list for 'item:0097': ['localhost:50060', 'localhost:50064', 'localhost:50052']
[dc1_node1] Coordinator NOT in preference list, forwarding only
[dc1_node1] Replicated to localhost:50069
[dc1_node1] W-quorum achieved (2 writes), returning to client
[dc1_node1] Background replication continues for remaining nodes
[dc1_node1] Successful writes: 2/3
[dc1_node1] Internal PUT (replication): key='item:0080'
[dc1_node1] CONFLICT: 40 sibling versions for 'item:0027'
[dc1_node1] Saved 8 keys to disk
[dc1_node1] CONFLICT detected for key='item:0080', siblings=20
[dc1_node1] Replicated to localhost:50060
[dc1_node1] Replicated to localhost:50064
[dc1_node1] Replicated to localhost:50065
[dc1_node1] Saved 8 keys to disk
[dc1_node1] Client PUT: key='item:0072', value='stress_2_108'
[dc1_node1] Preference list for 'item:0072': ['localhost:50067', 'localhost:50056', 'localhost:50059']
[dc1_node1] Coordinator NOT in preference list, forwarding only
[dc1_node1] Replicated to localhost:50052
[dc1_node1] W-quorum achieved (2 writes), returning to client
[dc1_node1] Background replication continues for remaining nodes
[dc1_node1] Successful writes: 3/3
[dc1_node1] Replicated to localhost:50059
[dc1_node1] Replicated to localhost:50067
[dc1_node1] Replicated to localhost:50056
[dc1_node1] W-quorum achieved (2 writes), returning to client
[dc1_node1] Background replication continues for remaining nodes
[dc1_node1] Successful writes: 3/3
[dc1_node1] Client PUT: key='item:0068', value='stress_9_110'
[dc1_node1] Preference list for 'item:0068': ['localhost:50067', 'localhost:50052', 'localhost:50062']
[dc1_node1] Coordinator NOT in preference list, forwarding only
[dc1_node1] Replicated to localhost:50067
[dc1_node1] Replicated to localhost:50052
[dc1_node1] Replicated to localhost:50062
[dc1_node1] W-quorum achieved (2 writes), returning to client
[dc1_node1] Background replication continues for remaining nodes
[dc1_node1] Successful writes: 3/3
[dc1_node1] Client PUT: key='item:0001', value='stress_5_112'
[dc1_node1] Preference list for 'item:0001': ['localhost:50067', 'localhost:50057', 'localhost:50060']
[dc1_node1] Coordinator NOT in preference list, forwarding only
[dc1_node1] Replicated to localhost:50057
[dc1_node1] Replicated to localhost:50067
[dc1_node1] W-quorum achieved (2 writes), returning to client
[dc1_node1] Background replication continues for remaining nodes
[dc1_node1] Successful writes: 2/3
[dc1_node1] Replicated to localhost:50060
[dc1_node1] Client GET: key='item:0041'
[dc1_node1] Preference list for 'item:0041': ['localhost:50069', 'localhost:50059', 'localhost:50064']
[dc1_node1] Reading from first 2 nodes in preference list
[dc1_node1] CONFLICT: 38 sibling versions for 'item:0041'
[dc1_node1] Retrieved key='item:0079', versions=20
[dc1_node1] Internal PUT (replication): key='item:0063'
[dc1_node1] CONFLICT detected for key='item:0063', siblings=20
[dc1_node1] Saved 8 keys to disk
[dc1_node1] Retrieved key='item:0031', versions=20
[dc1_node1] Client GET: key='item:0062'
[dc1_node1] Preference list for 'item:0062': ['localhost:50058', 'localhost:50062', 'localhost:50053']
[dc1_node1] Reading from first 2 nodes in preference list
[dc1_node1] Internal PUT (replication): key='item:0063'
[dc1_node1] CONFLICT detected for key='item:0063', siblings=20
[dc1_node1] Saved 8 keys to disk
[dc1_node1] Internal PUT (replication): key='item:0042'
[dc1_node1] CONFLICT detected for key='item:0042', siblings=20
[dc1_node1] Saved 8 keys to disk
[dc1_node1] CONFLICT: 38 sibling versions for 'item:0062'
[dc1_node1] Client GET: key='item:0045'
[dc1_node1] Preference list for 'item:0045': ['localhost:50059', 'localhost:50063', 'localhost:50062']
[dc1_node1] Reading from first 2 nodes in preference list
[dc1_node1] CONFLICT: 38 sibling versions for 'item:0045'
[dc1_node1] Internal PUT (replication): key='item:0080'
[dc1_node1] CONFLICT detected for key='item:0080', siblings=20
[dc1_node1] Saved 8 keys to disk
[dc1_node1] Client GET: key='item:0061'
[dc1_node1] Preference list for 'item:0061': ['localhost:50056', 'localhost:50062', 'localhost:50052']
[dc1_node1] Reading from first 2 nodes in preference list
[dc1_node1] CONFLICT: 40 sibling versions for 'item:0061'
[dc1_node1] Client GET: key='item:0000'
[dc1_node1] Preference list for 'item:0000': ['localhost:50066', 'localhost:50057', 'localhost:50053']
[dc1_node1] Reading from first 2 nodes in preference list
[dc1_node1] Internal PUT (replication): key='item:0063'
[dc1_node1] CONFLICT detected for key='item:0063', siblings=20
[dc1_node1] CONFLICT: 40 sibling versions for 'item:0000'
[dc1_node1] Saved 8 keys to disk
[dc1_node1] Retrieved key='item:0063', versions=20
[dc1_node1] Client PUT: key='item:0091', value='stress_2_127'
[dc1_node1] Preference list for 'item:0091': ['localhost:50058', 'localhost:50063', 'localhost:50056']
[dc1_node1] Coordinator NOT in preference list, forwarding only
[dc1_node1] Client GET: key='item:0084'
[dc1_node1] Preference list for 'item:0084': ['localhost:50065', 'localhost:50058', 'localhost:50061']
[dc1_node1] Reading from first 2 nodes in preference list
[dc1_node1] Internal PUT (replication): key='item:0095'
[dc1_node1] CONFLICT detected for key='item:0095', siblings=19
[dc1_node1] Replicated to localhost:50063
[dc1_node1] Replicated to localhost:50056
[dc1_node1] Saved 8 keys to disk
[dc1_node1] Replicated to localhost:50058
[dc1_node1] W-quorum achieved (2 writes), returning to client
[dc1_node1] Background replication continues for remaining nodes
[dc1_node1] Successful writes: 3/3
[dc1_node1] CONFLICT: 40 sibling versions for 'item:0084'
[dc1_node1] Internal PUT (replication): key='item:0025'
[dc1_node1] CONFLICT detected for key='item:0025', siblings=18
[dc1_node1] Saved 8 keys to disk
[dc1_node1] Client PUT: key='item:0062', value='stress_0_131'
[dc1_node1] Preference list for 'item:0062': ['localhost:50058', 'localhost:50062', 'localhost:50053']
[dc1_node1] Coordinator NOT in preference list, forwarding only
[dc1_node1] Client PUT: key='item:0090', value='stress_9_127'
[dc1_node1] Preference list for 'item:0090': ['localhost:50067', 'localhost:50052', 'localhost:50053']
[dc1_node1] Coordinator NOT in preference list, forwarding only
[dc1_node1] Retrieved key='item:0079', versions=20
[dc1_node1] Replicated to localhost:50062
[dc1_node1] Replicated to localhost:50053
[dc1_node1] Replicated to localhost:50067
[dc1_node1] Replicated to localhost:50058
[dc1_node1] Replicated to localhost:50052
[dc1_node1] W-quorum achieved (2 writes), returning to client
[dc1_node1] Background replication continues for remaining nodes
[dc1_node1] Successful writes: 3/3
[dc1_node1] Replicated to localhost:50053
[dc1_node1] W-quorum achieved (2 writes), returning to client
[dc1_node1] Background replication continues for remaining nodes
[dc1_node1] Successful writes: 3/3
[dc1_node1] Retrieved key='item:0079', versions=20
[dc1_node1] Client GET: key='item:0076'
[dc1_node1] Preference list for 'item:0076': ['localhost:50067', 'localhost:50052', 'localhost:50064']
[dc1_node1] Reading from first 2 nodes in preference list
[dc1_node1] CONFLICT: 40 sibling versions for 'item:0076'
[dc1_node1] Internal PUT (replication): key='item:0025'
[dc1_node1] CONFLICT detected for key='item:0025', siblings=18
[dc1_node1] Saved 8 keys to disk
[dc1_node1] Client GET: key='item:0037'
[dc1_node1] Preference list for 'item:0037': ['localhost:50066', 'localhost:50052', 'localhost:50063']
[dc1_node1] Reading from first 2 nodes in preference list
[dc1_node1] CONFLICT: 40 sibling versions for 'item:0037'
[dc1_node1] Internal PUT (replication): key='item:0054'
[dc1_node1] CONFLICT detected for key='item:0054', siblings=19
[dc1_node1] Saved 8 keys to disk
value_95_update_client2_op1497",
      "vector_clock": {
        "dc1_node4": 1
      }
    },
    {
      "value": "value_95_client2_op1804",
      "vector_clock": {
        "dc2_node5": 1
      }
    },
    {
      "value": "value_95_client0_op1913",
      "vector_clock": {
        "dc1_node6": 1
      }
    },
    {
      "value": "value_95_client1_op194[dc1_node1] Retrieved key='item:0095', versions=19
[dc1_node1] Internal PUT (replication): key='item:0063'
[dc1_node1] CONFLICT detected for key='item:0063', siblings=20
[dc1_node1] Saved 8 keys to disk
[dc1_node1] Client GET: key='item:0035'
[dc1_node1] Preference list for 'item:0035': ['localhost:50054', 'localhost:50068', 'localhost:50060']
[dc1_node1] Reading from first 2 nodes in preference list
[dc1_node1] Retrieved key='item:0095', versions=19
[dc1_node1] Internal PUT (replication): key='item:0042'
[dc1_node1] CONFLICT detected for key='item:0042', siblings=20
[dc1_node1] CONFLICT: 40 sibling versions for 'item:0035'
[dc1_node1] Saved 8 keys to disk
[dc1_node1] Internal PUT (replication): key='item:0079'
[dc1_node1] CONFLICT detected for key='item:0079', siblings=20
[dc1_node1] Saved 8 keys to disk
[dc1_node1] Client GET: key='item:0027'
[dc1_node1] Preference list for 'item:0027': ['localhost:50067', 'localhost:50058', 'localhost:50052']
[dc1_node1] Reading from first 2 nodes in preference list
[dc1_node1] CONFLICT: 40 sibling versions for 'item:0027'
[dc1_node1] Client PUT: key='item:0040', value='stress_5_142'
[dc1_node1] Preference list for 'item:0040': ['localhost:50070', 'localhost:50055', 'localhost:50065']
[dc1_node1] Coordinator NOT in preference list, forwarding only
[dc1_node1] Replicated to localhost:50070
[dc1_node1] Replicated to localhost:50055
[dc1_node1] Replicated to localhost:50065
[dc1_node1] W-quorum achieved (2 writes), returning to client
[dc1_node1] Background replication continues for remaining nodes
[dc1_node1] Successful writes: 3/3
[dc1_node1] Client GET: key='item:0004'
[dc1_node1] Preference list for 'item:0004': ['localhost:50070', 'localhost:50060', 'localhost:50066']
[dc1_node1] Reading from first 2 nodes in preference list
[dc1_node1] Internal PUT (replication): key='item:0054'
[dc1_node1] CONFLICT detected for key='item:0054', siblings=19
[dc1_node1] Saved 8 keys to disk
[dc1_node1] CONFLICT: 40 sibling versions for 'item:0004'
[dc1_node1] Client GET: key='item:0056'
[dc1_node1] Preference list for 'item:0056': ['localhost:50061', 'localhost:50052', 'localhost:50070']
[dc1_node1] Reading from first 2 nodes in preference list
[dc1_node1] CONFLICT: 40 sibling versions for 'item:0056'
[dc1_node1] Retrieved key='item:0079', versions=20
[dc1_node1] Client GET: key='item:0056'
[dc1_node1] Preference list for 'item:0056': ['localhost:50061', 'localhost:50052', 'localhost:50070']
[dc1_node1] Reading from first 2 nodes in preference list
[dc1_node1] CONFLICT: 40 sibling versions for 'item:0056'
[dc1_node1] Internal PUT (replication): key='item:0063'
[dc1_node1] CONFLICT detected for key='item:0063', siblings=20
[dc1_node1] Client PUT: key='item:0084', value='stress_1_148'
[dc1_node1] Preference list for 'item:0084': ['localhost:50065', 'localhost:50058', 'localhost:50061']
[dc1_node1] Coordinator NOT in preference list, forwarding only
[dc1_node1] Saved 8 keys to disk
[dc1_node1] Replicated to localhost:50065
[dc1_node1] Replicated to localhost:50058
[dc1_node1] W-quorum achieved (2 writes), returning to client
[dc1_node1] Background replication continues for remaining nodes
[dc1_node1] Successful writes: 2/3
[dc1_node1] Replicated to localhost:50061
[dc1_node1] Client GET: key='item:0085'
[dc1_node1] Preference list for 'item:0085': ['localhost:50060', 'localhost:50061', 'localhost:50053']
[dc1_node1] Reading from first 2 nodes in preference list
[dc1_node1] CONFLICT: 38 sibling versions for 'item:0085'
[dc1_node1] Internal PUT (replication): key='item:0080'
[dc1_node1] CONFLICT detected for key='item:0080', siblings=20
[dc1_node1] Saved 8 keys to disk
[dc1_node1] Internal PUT (replication): key='item:0080'
[dc1_node1] CONFLICT detected for key='item:0080', siblings=20
[dc1_node1] Saved 8 keys to disk
[dc1_node1] Client GET: key='item:0043'
[dc1_node1] Preference list for 'item:0043': ['localhost:50058', 'localhost:50070', 'localhost:50057']
[dc1_node1] Reading from first 2 nodes in preference list
[dc1_node1] CONFLICT: 40 sibling versions for 'item:0043'
[dc1_node1] Retrieved key='item:0031', versions=20
[dc1_node1] Client GET: key='item:0036'
[dc1_node1] Preference list for 'item:0036': ['localhost:50058', 'localhost:50063', 'localhost:50056']
[dc1_node1] Reading from first 2 nodes in preference list
[dc1_node1] CONFLICT: 40 sibling versions for 'item:0036'
[dc1_node1] Client PUT: key='item:0091', value='stress_1_155'
[dc1_node1] Preference list for 'item:0091': ['localhost:50058', 'localhost:50063', 'localhost:50056']
[dc1_node1] Coordinator NOT in preference list, forwarding only
[dc1_node1] Replicated to localhost:50056
[dc1_node1] Replicated to localhost:50063
[dc1_node1] W-quorum achieved (2 writes), returning to client
[dc1_node1] Background replication continues for remaining nodes
[dc1_node1] Successful writes: 2/3
[dc1_node1] Replicated to localhost:50058
[dc1_node1] Client GET: key='item:0044'
[dc1_node1] Preference list for 'item:0044': ['localhost:50055', 'localhost:50068', 'localhost:50060']
[dc1_node1] Reading from first 2 nodes in preference list
[dc1_node1] CONFLICT: 40 sibling versions for 'item:0044'
[dc1_node1] Internal PUT (replication): key='item:0063'
[dc1_node1] CONFLICT detected for key='item:0063', siblings=20
[dc1_node1] Saved 8 keys to disk
[dc1_node1] Retrieved key='item:0095', versions=19
[dc1_node1] Internal PUT (replication): key='item:0095'
[dc1_node1] CONFLICT detected for key='item:0095', siblings=19
[dc1_node1] Client PUT: key='item:0066', value='stress_7_167'
[dc1_node1] Preference list for 'item:0066': ['localhost:50066', 'localhost:50052', 'localhost:50061']
[dc1_node1] Coordinator NOT in preference list, forwarding only
[dc1_node1] Saved 8 keys to disk
[dc1_node1] Replicated to localhost:50066
[dc1_node1] Replicated to localhost:50061
[dc1_node1] Replicated to localhost:50052
[dc1_node1] W-quorum achieved (2 writes), returning to client
[dc1_node1] Background replication continues for remaining nodes
[dc1_node1] Successful writes: 3/3
[dc1_node1] Internal PUT (replication): key='item:0042'
[dc1_node1] CONFLICT detected for key='item:0042', siblings=20
[dc1_node1] Saved 8 keys to disk
[dc1_node1] Client PUT: key='item:0028', value='stress_1_164'
[dc1_node1] Preference list for 'item:0028': ['localhost:50069', 'localhost:50060', 'localhost:50057']
[dc1_node1] Coordinator NOT in preference list, forwarding only
[dc1_node1] Replicated to localhost:50069
[dc1_node1] Replicated to localhost:50057
[dc1_node1] Replicated to localhost:50060
[dc1_node1] W-quorum achieved (2 writes), returning to client
[dc1_node1] Background replication continues for remaining nodes
[dc1_node1] Successful writes: 3/3
[dc1_node1] Client GET: key='item:0009'
[dc1_node1] Preference list for 'item:0009': ['localhost:50064', 'localhost:50052', 'localhost:50066']
[dc1_node1] Reading from first 2 nodes in preference list
[dc1_node1] Client GET: key='item:0047'
[dc1_node1] Preference list for 'item:0047': ['localhost:50070', 'localhost:50055', 'localhost:50065']
[dc1_node1] Reading from first 2 nodes in preference list
[dc1_node1] CONFLICT: 40 sibling versions for 'item:0009'
[dc1_node1] Client PUT: key='item:0053', value='stress_1_166'
[dc1_node1] Preference list for 'item:0053': ['localhost:50056', 'localhost:50068', 'localhost:50062']
[dc1_node1] Coordinator NOT in preference list, forwarding only
[dc1_node1] CONFLICT: 38 sibling versions for 'item:0047'
[dc1_node1] Replicated to localhost:50068
[dc1_node1] Replicated to localhost:50062
[dc1_node1] Replicated to localhost:50056
[dc1_node1] W-quorum achieved (2 writes), returning to client
[dc1_node1] Background replication continues for remaining nodes
[dc1_node1] Successful writes: 3/3
[dc1_node1] Internal PUT (replication): key='item:0054'
[dc1_node1] CONFLICT detected for key='item:0054', siblings=19
[dc1_node1] Saved 8 keys to disk
[dc1_node1] Retrieved key='item:0095', versions=19
[dc1_node1] Client PUT: key='item:0042', value='stress_0_177'
[dc1_node1] Preference list for 'item:0042': ['localhost:50053', 'localhost:50062', 'localhost:50051']
[dc1_node1] CONFLICT detected for key='item:0042', siblings=20
[dc1_node1] Client PUT: key='item:0007', value='stress_1_173'
[dc1_node1] Preference list for 'item:0007': ['localhost:50065', 'localhost:50059', 'localhost:50070']
[dc1_node1] Coordinator NOT in preference list, forwarding only
[dc1_node1] Saved 8 keys to disk
[dc1_node1] Coordinator IS in preference list, stored locally
[dc1_node1] Replicated to localhost:50059
[dc1_node1] Replicated to localhost:50070
[dc1_node1] Client GET: key='item:0018'
[dc1_node1] Preference list for 'item:0018': ['localhost:50064', 'localhost:50056', 'localhost:50052']
[dc1_node1] Reading from first 2 nodes in preference list
[dc1_node1] Replicated to localhost:50065
[dc1_node1] Replicated to localhost:50062
[dc1_node1] Retrieved key='item:0063', versions=20
[dc1_node1] CONFLICT: 36 sibling versions for 'item:0018'
[dc1_node1] W-quorum achieved (2 writes), returning to client
[dc1_node1] Background replication continues for remaining nodes
[dc1_node1] Successful writes: 3/3
[dc1_node1] Replicated to localhost:50053
[dc1_node1] W-quorum achieved (2 writes), returning to client
[dc1_node1] Background replication continues for remaining nodes
[dc1_node1] Successful writes: 3/3
[dc1_node1] Client GET: key='item:0055'
[dc1_node1] Preference list for 'item:0055': ['localhost:50059', 'localhost:50068', 'localhost:50056']
[dc1_node1] Reading from first 2 nodes in preference list
[dc1_node1] CONFLICT: 40 sibling versions for 'item:0055'
[dc1_node1] Client GET: key='item:0004'
[dc1_node1] Preference list for 'item:0004': ['localhost:50070', 'localhost:50060', 'localhost:50066']
[dc1_node1] Reading from first 2 nodes in preference list
[dc1_node1] CONFLICT: 40 sibling versions for 'item:0004'
[dc1_node1] Internal PUT (replication): key='item:0079'
[dc1_node1] CONFLICT detected for key='item:0079', siblings=20
[dc1_node1] Saved 8 keys to disk
[dc1_node1] Client PUT: key='item:0016', value='stress_9_176'
[dc1_node1] Preference list for 'item:0016': ['localhost:50062', 'localhost:50058', 'localhost:50053']
[dc1_node1] Coordinator NOT in preference list, forwarding only
[dc1_node1] Replicated to localhost:50053
[dc1_node1] Replicated to localhost:50058
[dc1_node1] Replicated to localhost:50062
[dc1_node1] W-quorum achieved (2 writes), returning to client
[dc1_node1] Background replication continues for remaining nodes
[dc1_node1] Successful writes: 3/3
[dc1_node1] Client PUT: key='item:0008', value='stress_6_182'
[dc1_node1] Preference list for 'item:0008': ['localhost:50065', 'localhost:50060', 'localhost:50055']
[dc1_node1] Coordinator NOT in preference list, forwarding only
[dc1_node1] Replicated to localhost:50065
[dc1_node1] Replicated to localhost:50055
[dc1_node1] Replicated to localhost:50060
[dc1_node1] W-quorum achieved (2 writes), returning to client
[dc1_node1] Background replication continues for remaining nodes
[dc1_node1] Successful writes: 3/3
[dc1_node1] Client GET: key='item:0062'
[dc1_node1] Preference list for 'item:0062': ['localhost:50058', 'localhost:50062', 'localhost:50053']
[dc1_node1] Reading from first 2 nodes in preference list
[dc1_node1] Internal PUT (replication): key='item:0042'
[dc1_node1] CONFLICT detected for key='item:0042', siblings=20
[dc1_node1] Saved 8 keys to disk
[dc1_node1] Client PUT: key='item:0037', value='stress_2_187'
[dc1_node1] Preference list for 'item:0037': ['localhost:50066', 'localhost:50052', 'localhost:50063']
[dc1_node1] Coordinator NOT in preference list, forwarding only
[dc1_node1] CONFLICT: 38 sibling versions for 'item:0062'
[dc1_node1] Replicated to localhost:50066
[dc1_node1] Replicated to localhost:50063
[dc1_node1] Replicated to localhost:50052
[dc1_node1] W-quorum achieved (2 writes), returning to client
[dc1_node1] Background replication continues for remaining nodes
[dc1_node1] Successful writes: 3/3
[dc1_node1] Retrieved key='item:0063', versions=20
[dc1_node1] Internal PUT (replication): key='item:0025'
[dc1_node1] CONFLICT detected for key='item:0025', siblings=18
[dc1_node1] Saved 8 keys to disk
[dc1_node1] Client PUT: key='item:0065', value='stress_9_189'
[dc1_node1] Preference list for 'item:0065': ['localhost:50055', 'localhost:50066', 'localhost:50065']
[dc1_node1] Coordinator NOT in preference list, forwarding only
[dc1_node1] Replicated to localhost:50055
[dc1_node1] Replicated to localhost:50066
[dc1_node1] Replicated to localhost:50065
[dc1_node1] W-quorum achieved (2 writes), returning to client
[dc1_node1] Background replication continues for remaining nodes
[dc1_node1] Successful writes: 3/3
[dc1_node1] Client GET: key='item:0012'
[dc1_node1] Preference list for 'item:0012': ['localhost:50069', 'localhost:50057', 'localhost:50065']
[dc1_node1] Reading from first 2 nodes in preference list
[dc1_node1] Client GET: key='item:0047'
[dc1_node1] Preference list for 'item:0047': ['localhost:50070', 'localhost:50055', 'localhost:50065']
[dc1_node1] Reading from first 2 nodes in preference list
[dc1_node1] CONFLICT: 40 sibling versions for 'item:0012'
[dc1_node1] CONFLICT: 38 sibling versions for 'item:0047'
[dc1_node1] Client GET: key='item:0025'
[dc1_node1] Preference list for 'item:0025': ['localhost:50059', 'localhost:50067', 'localhost:50051']
[dc1_node1] Reading from first 2 nodes in preference list
[dc1_node1] CONFLICT: 36 sibling versions for 'item:0025'
[dc1_node1] Retrieved key='item:0031', versions=20
[dc1_node1] Client GET: key='item:0038'
[dc1_node1] Preference list for 'item:0038': ['localhost:50059', 'localhost:50065', 'localhost:50060']
[dc1_node1] Reading from first 2 nodes in preference list
[dc1_node1] CONFLICT: 40 sibling versions for 'item:0038'
[dc1_node1] Client GET: key='item:0036'
[dc1_node1] Preference list for 'item:0036': ['localhost:50058', 'localhost:50063', 'localhost:50056']
[dc1_node1] Reading from first 2 nodes in preference list
[dc1_node1] CONFLICT: 40 sibling versions for 'item:0036'
[dc1_node1] Client PUT: key='item:0001', value='stress_9_197'
[dc1_node1] Preference list for 'item:0001': ['localhost:50067', 'localhost:50057', 'localhost:50060']
[dc1_node1] Coordinator NOT in preference list, forwarding only
[dc1_node1] Replicated to localhost:50057
[dc1_node1] Internal PUT (replication): key='item:0054'
[dc1_node1] CONFLICT detected for key='item:0054', siblings=19
[dc1_node1] Saved 8 keys to disk
[dc1_node1] Replicated to localhost:50067
[dc1_node1] Replicated to localhost:50060
[dc1_node1] W-quorum achieved (2 writes), returning to client
[dc1_node1] Background replication continues for remaining nodes
[dc1_node1] Successful writes: 3/3
[dc1_node1] Client PUT: key='item:0051', value='stress_1_197'
[dc1_node1] Preference list for 'item:0051': ['localhost:50059', 'localhost:50064', 'localhost:50055']
[dc1_node1] Coordinator NOT in preference list, forwarding only
[dc1_node1] Replicated to localhost:50059
[dc1_node1] Replicated to localhost:50055
[dc1_node1] Replicated to localhost:50064
[dc1_node1] W-quorum achieved (2 writes), returning to client
[dc1_node1] Background replication continues for remaining nodes
[dc1_node1] Successful writes: 3/3
[dc1_node1] Client GET: key='item:0087'
[dc1_node1] Preference list for 'item:0087': ['localhost:50052', 'localhost:50061', 'localhost:50063']
[dc1_node1] Reading from first 2 nodes in preference list
[dc1_node1] CONFLICT: 38 sibling versions for 'item:0087'
[dc1_node1] Internal PUT (replication): key='item:0042'
[dc1_node1] CONFLICT detected for key='item:0042', siblings=20
[dc1_node1] Saved 8 keys to disk
[dc1_node1] Client PUT: key='item:0091', value='stress_5_209'
[dc1_node1] Preference list for 'item:0091': ['localhost:50058', 'localhost:50063', 'localhost:50056']
[dc1_node1] Coordinator NOT in preference list, forwarding only
[dc1_node1] Replicated to localhost:50056
[dc1_node1] Replicated to localhost:50058
[dc1_node1] Replicated to localhost:50063
[dc1_node1] W-quorum achieved (2 writes), returning to client
[dc1_node1] Background replication continues for remaining nodes
[dc1_node1] Successful writes: 3/3
[dc1_node1] Internal PUT (replication): key='item:0079'
[dc1_node1] CONFLICT detected for key='item:0079', siblings=20
[dc1_node1] Saved 8 keys to disk
[dc1_node1] Retrieved key='item:0063', versions=20
[dc1_node1] Internal PUT (replication): key='item:0025'
[dc1_node1] CONFLICT detected for key='item:0025', siblings=18
[dc1_node1] Internal PUT (replication): key='item:0080'
[dc1_node1] Saved 8 keys to disk
[dc1_node1] CONFLICT detected for key='item:0080', siblings=20
[dc1_node1] Saved 8 keys to disk
[dc1_node1] Retrieved key='item:0095', versions=19
[dc1_node1] Retrieved key='item:0063', versions=20
[dc1_node1] Internal PUT (replication): key='item:0080'
[dc1_node1] CONFLICT detected for key='item:0080', siblings=20
[dc1_node1] Saved 8 keys to disk
[dc1_node1] Client PUT: key='item:0022', value='stress_7_219'
[dc1_node1] Preference list for 'item:0022': ['localhost:50066', 'localhost:50057', 'localhost:50059']
[dc1_node1] Coordinator NOT in preference list, forwarding only
[dc1_node1] Replicated to localhost:50057
[dc1_node1] Replicated to localhost:50066
[dc1_node1] Replicated to localhost:50059
[dc1_node1] W-quorum achieved (2 writes), returning to client
[dc1_node1] Background replication continues for remaining nodes
[dc1_node1] Successful writes: 3/3
[dc1_node1] Client PUT: key='item:0097', value='stress_0_218'
[dc1_node1] Preference list for 'item:0097': ['localhost:50060', 'localhost:50064', 'localhost:50052']
[dc1_node1] Coordinator NOT in preference list, forwarding only
[dc1_node1] Client GET: key='item:0051'
[dc1_node1] Preference list for 'item:0051': ['localhost:50059', 'localhost:50064', 'localhost:50055']
[dc1_node1] Reading from first 2 nodes in preference list
[dc1_node1] Replicated to localhost:50064
[dc1_node1] CONFLICT: 40 sibling versions for 'item:0051'
[dc1_node1] Replicated to localhost:50060
[dc1_node1] Internal PUT (replication): key='item:0042'
[dc1_node1] CONFLICT detected for key='item:0042', siblings=20
[dc1_node1] Client PUT: key='item:0041', value='stress_7_225'
[dc1_node1] Preference list for 'item:0041': ['localhost:50069', 'localhost:50059', 'localhost:50064']
[dc1_node1] Coordinator NOT in preference list, forwarding only
[dc1_node1] Saved 8 keys to disk
[dc1_node1] Replicated to localhost:50052
[dc1_node1] W-quorum achieved (2 writes), returning to client
[dc1_node1] Background replication continues for remaining nodes
[dc1_node1] Successful writes: 3/3
[dc1_node1] Retrieved key='item:0031', versions=20
[dc1_node1] Replicated to localhost:50059
[dc1_node1] Replicated to localhost:50064
[dc1_node1] Replicated to localhost:50069
[dc1_node1] Retrieved key='item:0079', versions=20
[dc1_node1] W-quorum achieved (2 writes), returning to client
[dc1_node1] Background replication continues for remaining nodes
[dc1_node1] Successful writes: 3/3
[dc1_node1] Retrieved key='item:0031', versions=20
[dc1_node1] Client PUT: key='item:0060', value='stress_3_216'
[dc1_node1] Preference list for 'item:0060': ['localhost:50054', 'localhost:50061', 'localhost:50064']
[dc1_node1] Coordinator NOT in preference list, forwarding only
[dc1_node1] Replicated to localhost:50054
[dc1_node1] Replicated to localhost:50061
[dc1_node1] W-quorum achieved (2 writes), returning to client
[dc1_node1] Background replication continues for remaining nodes
[dc1_node1] Successful writes: 2/3
[dc1_node1] Replicated to localhost:50064
[dc1_node1] Internal PUT (replication): key='item:0079'
[dc1_node1] CONFLICT detected for key='item:0079', siblings=20
[dc1_node1] Saved 8 keys to disk
[dc1_node1] Client GET: key='item:0028'
[dc1_node1] Preference list for 'item:0028': ['localhost:50069', 'localhost:50060', 'localhost:50057']
[dc1_node1] Reading from first 2 nodes in preference list
[dc1_node1] Internal PUT (replication): key='item:0042'
[dc1_node1] CONFLICT detected for key='item:0042', siblings=20
[dc1_node1] Saved 8 keys to disk
[dc1_node1] Retrieved key='item:0095', versions=19
[dc1_node1] CONFLICT: 40 sibling versions for 'item:0028'
[dc1_node1] Client PUT: key='item:0038', value='stress_4_220'
[dc1_node1] Preference list for 'item:0038': ['localhost:50059', 'localhost:50065', 'localhost:50060']
[dc1_node1] Coordinator NOT in preference list, forwarding only
[dc1_node1] Client PUT: key='item:0097', value='stress_3_221'
[dc1_node1] Preference list for 'item:0097': ['localhost:50060', 'localhost:50064', 'localhost:50052']
[dc1_node1] Coordinator NOT in preference list, forwarding only
[dc1_node1] Replicated to localhost:50059
[dc1_node1] Replicated to localhost:50065
[dc1_node1] Replicated to localhost:50064
[dc1_node1] Replicated to localhost:50052
[dc1_node1] Replicated to localhost:50060
[dc1_node1] W-quorum achieved (2 writes), returning to client
[dc1_node1] Background replication continues for remaining nodes
[dc1_node1] Successful writes: 2/3
[dc1_node1] W-quorum achieved (2 writes), returning to client
[dc1_node1] Background replication continues for remaining nodes
[dc1_node1] Successful writes: 3/3
[dc1_node1] Client PUT: key='item:0058', value='stress_9_226'
[dc1_node1] Preference list for 'item:0058': ['localhost:50070', 'localhost:50058', 'localhost:50060']
[dc1_node1] Coordinator NOT in preference list, forwarding only
[dc1_node1] Retrieved key='item:0031', versions=20
[dc1_node1] Replicated to localhost:50060
[dc1_node1] Replicated to localhost:50070
[dc1_node1] Replicated to localhost:50060
[dc1_node1] W-quorum achieved (2 writes), returning to client
[dc1_node1] Background replication continues for remaining nodes
[dc1_node1] Successful writes: 2/3
[dc1_node1] Client GET: key='item:0062'
[dc1_node1] Preference list for 'item:0062': ['localhost:50058', 'localhost:50062', 'localhost:50053']
[dc1_node1] Reading from first 2 nodes in preference list
[dc1_node1] Replicated to localhost:50058
[dc1_node1] Retrieved key='item:0063', versions=20
[dc1_node1] CONFLICT: 38 sibling versions for 'item:0062'
[dc1_node1] Retrieved key='item:0079', versions=20
[dc1_node1] Client PUT: key='item:0007', value='stress_1_229'
[dc1_node1] Preference list for 'item:0007': ['localhost:50065', 'localhost:50059', 'localhost:50070']
[dc1_node1] Coordinator NOT in preference list, forwarding only
[dc1_node1] Internal PUT (replication): key='item:0031'
[dc1_node1] CONFLICT detected for key='item:0031', siblings=20
[dc1_node1] Replicated to localhost:50065
[dc1_node1] Saved 8 keys to disk
[dc1_node1] Retrieved key='item:0063', versions=20
[dc1_node1] Client GET: key='item:0059'
[dc1_node1] Preference list for 'item:0059': ['localhost:50055', 'localhost:50069', 'localhost:50060']
[dc1_node1] Reading from first 2 nodes in preference list
[dc1_node1] Replicated to localhost:50059
[dc1_node1] Client GET: key='item:0012'
[dc1_node1] Preference list for 'item:0012': ['localhost:50069', 'localhost:50057', 'localhost:50065']
[dc1_node1] Reading from first 2 nodes in preference list
[dc1_node1] W-quorum achieved (2 writes), returning to client
[dc1_node1] Background replication continues for remaining nodes
[dc1_node1] Successful writes: 2/3
[dc1_node1] Replicated to localhost:50070
[dc1_node1] CONFLICT: 40 sibling versions for 'item:0012'
[dc1_node1] CONFLICT: 38 sibling versions for 'item:0059'
[dc1_node1] Internal PUT (replication): key='item:0080'
[dc1_node1] CONFLICT detected for key='item:0080', siblings=20
[dc1_node1] Saved 8 keys to disk
[dc1_node1] Retrieved key='item:0079', versions=20
[dc1_node1] Internal PUT (replication): key='item:0095'
[dc1_node1] CONFLICT detected for key='item:0095', siblings=19
[dc1_node1] Saved 8 keys to disk
[dc1_node1] Client GET: key='item:0071'
[dc1_node1] Preference list for 'item:0071': ['localhost:50052', 'localhost:50063', 'localhost:50060']
[dc1_node1] Reading from first 2 nodes in preference list
[dc1_node1] CONFLICT: 36 sibling versions for 'item:0071'
[dc1_node1] Client GET: key='item:0018'
[dc1_node1] Preference list for 'item:0018': ['localhost:50064', 'localhost:50056', 'localhost:50052']
[dc1_node1] Reading from first 2 nodes in preference list
[dc1_node1] Internal PUT (replication): key='item:0054'
[dc1_node1] CONFLICT detected for key='item:0054', siblings=19
[dc1_node1] Saved 8 keys to disk
[dc1_node1] CONFLICT: 36 sibling versions for 'item:0018'
[dc1_node1] Internal PUT (replication): key='item:0063'
[dc1_node1] CONFLICT detected for key='item:0063', siblings=20
[dc1_node1] Saved 8 keys to disk
[dc1_node1] Internal PUT (replication): key='item:0031'
[dc1_node1] CONFLICT detected for key='item:0031', siblings=20
[dc1_node1] Client GET: key='item:0034'
[dc1_node1] Preference list for 'item:0034': ['localhost:50064', 'localhost:50055', 'localhost:50062']
[dc1_node1] Reading from first 2 nodes in preference list
[dc1_node1] Saved 8 keys to disk
[dc1_node1] CONFLICT: 38 sibling versions for 'item:0034'
[dc1_node1] Internal PUT (replication): key='item:0042'
[dc1_node1] CONFLICT detected for key='item:0042', siblings=20
[dc1_node1] Saved 8 keys to disk
[dc1_node1] Retrieved key='item:0031', versions=20
[dc1_node1] Client GET: key='item:0004'
[dc1_node1] Preference list for 'item:0004': ['localhost:50070', 'localhost:50060', 'localhost:50066']
[dc1_node1] Reading from first 2 nodes in preference list
[dc1_node1] CONFLICT: 40 sibling versions for 'item:0004'
[dc1_node1] Internal PUT (replication): key='item:0031'
[dc1_node1] CONFLICT detected for key='item:0031', siblings=20
[dc1_node1] Saved 8 keys to disk
[dc1_node1] Client PUT: key='item:0032', value='stress_0_249'
[dc1_node1] Preference list for 'item:0032': ['localhost:50063', 'localhost:50055', 'localhost:50064']
[dc1_node1] Coordinator NOT in preference list, forwarding only
[dc1_node1] Replicated to localhost:50055
[dc1_node1] Replicated to localhost:50063
[dc1_node1] Replicated to localhost:50064
[dc1_node1] Internal PUT (replication): key='item:0080'
[dc1_node1] CONFLICT detected for key='item:0080', siblings=20
[dc1_node1] W-quorum achieved (2 writes), returning to client
[dc1_node1] Background replication continues for remaining nodes
[dc1_node1] Successful writes: 3/3
[dc1_node1] Saved 8 keys to disk
[dc1_node1] Internal PUT (replication): key='item:0095'
[dc1_node1] CONFLICT detected for key='item:0095', siblings=19
[dc1_node1] Saved 8 keys to disk
[dc1_node1] Client PUT: key='item:0082', value='stress_1_255'
[dc1_node1] Preference list for 'item:0082': ['localhost:50064', 'localhost:50054', 'localhost:50067']
[dc1_node1] Coordinator NOT in preference list, forwarding only
[dc1_node1] Internal PUT (replication): key='item:0095'
[dc1_node1] CONFLICT detected for key='item:0095', siblings=19
[dc1_node1] Replicated to localhost:50064
[dc1_node1] Saved 8 keys to disk
[dc1_node1] Replicated to localhost:50054
[dc1_node1] W-quorum achieved (2 writes), returning to client
[dc1_node1] Background replication continues for remaining nodes
[dc1_node1] Successful writes: 2/3
[dc1_node1] Replicated to localhost:50067
[dc1_node1] Internal PUT (replication): key='item:0063'
[dc1_node1] CONFLICT detected for key='item:0063', siblings=20
[dc1_node1] Saved 8 keys to disk
[dc1_node1] Client GET: key='item:0019'
[dc1_node1] Preference list for 'item:0019': ['localhost:50059', 'localhost:50068', 'localhost:50069']
[dc1_node1] Reading from first 2 nodes in preference list
[dc1_node1] CONFLICT: 40 sibling versions for 'item:0019'
[dc1_node1] Client PUT: key='item:0037', value='stress_1_258'
[dc1_node1] Preference list for 'item:0037': ['localhost:50066', 'localhost:50052', 'localhost:50063']
[dc1_node1] Coordinator NOT in preference list, forwarding only
[dc1_node1] Replicated to localhost:50063
[dc1_node1] Replicated to localhost:50066
[dc1_node1] Replicated to localhost:50052
[dc1_node1] W-quorum achieved (2 writes), returning to client
[dc1_node1] Background replication continues for remaining nodes
[dc1_node1] Successful writes: 3/3
[dc1_node1] Internal PUT (replication): key='item:0025'
[dc1_node1] CONFLICT detected for key='item:0025', siblings=18
[dc1_node1] Saved 8 keys to disk
[dc1_node1] Internal PUT (replication): key='item:0054'
[dc1_node1] CONFLICT detected for key='item:0054', siblings=19
[dc1_node1] Saved 8 keys to disk
[dc1_node1] Client GET: key='item:0083'
[dc1_node1] Preference list for 'item:0083': ['localhost:50064', 'localhost:50057', 'localhost:50070']
[dc1_node1] Reading from first 2 nodes in preference list
[dc1_node1] Internal PUT (replication): key='item:0079'
[dc1_node1] CONFLICT detected for key='item:0079', siblings=20
[dc1_node1] Saved 8 keys to disk
[dc1_node1] CONFLICT: 40 sibling versions for 'item:0083'
[dc1_node1] Retrieved key='item:0031', versions=20
[dc1_node1] Client PUT: key='item:0032', value='stress_3_264'
[dc1_node1] Preference list for 'item:0032': ['localhost:50063', 'localhost:50055', 'localhost:50064']
[dc1_node1] Coordinator NOT in preference list, forwarding only
[dc1_node1] Retrieved key='item:0079', versions=20
[dc1_node1] Replicated to localhost:50063
[dc1_node1] Replicated to localhost:50064
[dc1_node1] Replicated to localhost:50055
[dc1_node1] W-quorum achieved (2 writes), returning to client
[dc1_node1] Background replication continues for remaining nodes
[dc1_node1] Successful writes: 3/3
[dc1_node1] Internal PUT (replication): key='item:0025'
[dc1_node1] CONFLICT detected for key='item:0025', siblings=18
[dc1_node1] Saved 8 keys to disk
[dc1_node1] Client PUT: key='item:0007', value='stress_9_275'
[dc1_node1] Preference list for 'item:0007': ['localhost:50065', 'localhost:50059', 'localhost:50070']
[dc1_node1] Coordinator NOT in preference list, forwarding only
[dc1_node1] Replicated to localhost:50065
[dc1_node1] Replicated to localhost:50059
[dc1_node1] Replicated to localhost:50070
[dc1_node1] Client GET: key='item:0051'
[dc1_node1] Preference list for 'item:0051': ['localhost:50059', 'localhost:50064', 'localhost:50055']
[dc1_node1] Reading from first 2 nodes in preference list
[dc1_node1] W-quorum achieved (2 writes), returning to client
[dc1_node1] Background replication continues for remaining nodes
[dc1_node1] Successful writes: 3/3
[dc1_node1] Retrieved key='item:0095', versions=19
[dc1_node1] Client GET: key='item:0009'
[dc1_node1] Preference list for 'item:0009': ['localhost:50064', 'localhost:50052', 'localhost:50066']
[dc1_node1] Reading from first 2 nodes in preference list
[dc1_node1] CONFLICT: 40 sibling versions for 'item:0051'
[dc1_node1] CONFLICT: 40 sibling versions for 'item:0009'
[dc1_node1] Retrieved key='item:0079', versions=20
[dc1_node1] Client GET: key='item:0056'
[dc1_node1] Preference list for 'item:0056': ['localhost:50061', 'localhost:50052', 'localhost:50070']
[dc1_node1] Reading from first 2 nodes in preference list
[dc1_node1] CONFLICT: 40 sibling versions for 'item:0056'
[dc1_node1] Internal PUT (replication): key='item:0025'
[dc1_node1] CONFLICT detected for key='item:0025', siblings=18
[dc1_node1] Saved 8 keys to disk
[dc1_node1] Retrieved key='item:0063', versions=20
[dc1_node1] Internal PUT (replication): key='item:0095'
[dc1_node1] CONFLICT detected for key='item:0095', siblings=19
[dc1_node1] Saved 8 keys to disk
[dc1_node1] Client GET: key='item:0075'
[dc1_node1] Preference list for 'item:0075': ['localhost:50059', 'localhost:50065', 'localhost:50060']
[dc1_node1] Reading from first 2 nodes in preference list
[dc1_node1] CONFLICT: 40 sibling versions for 'item:0075'
[dc1_node1] Client PUT: key='item:0069', value='stress_2_281'
[dc1_node1] Preference list for 'item:0069': ['localhost:50062', 'localhost:50056', 'localhost:50053']
[dc1_node1] Coordinator NOT in preference list, forwarding only
[dc1_node1] Internal PUT (replication): key='item:0063'
[dc1_node1] CONFLICT detected for key='item:0063', siblings=20
[dc1_node1] Replicated to localhost:50062
[dc1_node1] Saved 8 keys to disk
[dc1_node1] Replicated to localhost:50056
[dc1_node1] Replicated to localhost:50053
[dc1_node1] W-quorum achieved (2 writes), returning to client
[dc1_node1] Background replication continues for remaining nodes
[dc1_node1] Successful writes: 3/3
[dc1_node1] Internal PUT (replication): key='item:0095'
[dc1_node1] CONFLICT detected for key='item:0095', siblings=19
[dc1_node1] Saved 8 keys to disk
[dc1_node1] Internal PUT (replication): key='item:0063'
[dc1_node1] CONFLICT detected for key='item:0063', siblings=20
[dc1_node1] Saved 8 keys to disk
[dc1_node1] Internal PUT (replication): key='item:0079'
[dc1_node1] CONFLICT detected for key='item:0079', siblings=20
[dc1_node1] Saved 8 keys to disk
[dc1_node1] Client GET: key='item:0012'
[dc1_node1] Preference list for 'item:0012': ['localhost:50069', 'localhost:50057', 'localhost:50065']
[dc1_node1] Reading from first 2 nodes in preference list
[dc1_node1] Client PUT: key='item:0021', value='stress_8_289'
[dc1_node1] Preference list for 'item:0021': ['localhost:50054', 'localhost:50068', 'localhost:50060']
[dc1_node1] Coordinator NOT in preference list, forwarding only
[dc1_node1] CONFLICT: 40 sibling versions for 'item:0012'
[dc1_node1] Replicated to localhost:50068
[dc1_node1] Replicated to localhost:50054
[dc1_node1] Replicated to localhost:50060
[dc1_node1] W-quorum achieved (2 writes), returning to client
[dc1_node1] Background replication continues for remaining nodes
[dc1_node1] Successful writes: 3/3
[dc1_node1] Internal PUT (replication): key='item:0031'
[dc1_node1] CONFLICT detected for key='item:0031', siblings=20
[dc1_node1] Saved 8 keys to disk
[dc1_node1] Client PUT: key='item:0044', value='stress_8_291'
[dc1_node1] Preference list for 'item:0044': ['localhost:50055', 'localhost:50068', 'localhost:50060']
[dc1_node1] Coordinator NOT in preference list, forwarding only
[dc1_node1] Replicated to localhost:50068
[dc1_node1] Client GET: key='item:0052'
[dc1_node1] Preference list for 'item:0052': ['localhost:50057', 'localhost:50062', 'localhost:50056']
[dc1_node1] Reading from first 2 nodes in preference list
[dc1_node1] Replicated to localhost:50060
[dc1_node1] Replicated to localhost:50055
[dc1_node1] W-quorum achieved (2 writes), returning to client
[dc1_node1] Background replication continues for remaining nodes
[dc1_node1] Successful writes: 3/3
[dc1_node1] CONFLICT: 40 sibling versions for 'item:0052'
[dc1_node1] Internal PUT (replication): key='item:0025'
[dc1_node1] CONFLICT detected for key='item:0025', siblings=18
[dc1_node1] Saved 8 keys to disk
[dc1_node1] Client GET: key='item:0051'
[dc1_node1] Preference list for 'item:0051': ['localhost:50059', 'localhost:50064', 'localhost:50055']
[dc1_node1] Reading from first 2 nodes in preference list
[dc1_node1] CONFLICT: 40 sibling versions for 'item:0051'
[dc1_node1] Internal PUT (replication): key='item:0042'
[dc1_node1] CONFLICT detected for key='item:0042', siblings=20
[dc1_node1] Saved 8 keys to disk
[dc1_node1] Internal PUT (replication): key='item:0031'
[dc1_node1] CONFLICT detected for key='item:0031', siblings=20
[dc1_node1] Saved 8 keys to disk
[dc1_node1] Retrieved key='item:0095', versions=19
[dc1_node1] Client PUT: key='item:0022', value='stress_6_295'
[dc1_node1] Preference list for 'item:0022': ['localhost:50066', 'localhost:50057', 'localhost:50059']
[dc1_node1] Coordinator NOT in preference list, forwarding only
[dc1_node1] Client PUT: key='item:0030', value='stress_7_304'
[dc1_node1] Preference list for 'item:0030': ['localhost:50070', 'localhost:50056', 'localhost:50058']
[dc1_node1] Coordinator NOT in preference list, forwarding only
[dc1_node1] Replicated to localhost:50057
[dc1_node1] Replicated to localhost:50066
[dc1_node1] Client PUT: key='item:0018', value='stress_2_297'
[dc1_node1] Preference list for 'item:0018': ['localhost:50064', 'localhost:50056', 'localhost:50052']
[dc1_node1] Coordinator NOT in preference list, forwarding only
[dc1_node1] Replicated to localhost:50059
[dc1_node1] Replicated to localhost:50070
[dc1_node1] Replicated to localhost:50056
[dc1_node1] W-quorum achieved (2 writes), returning to client
[dc1_node1] Background replication continues for remaining nodes
[dc1_node1] Successful writes: 3/3
[dc1_node1] Replicated to localhost:50056
[dc1_node1] W-quorum achieved (2 writes), returning to client
[dc1_node1] Background replication continues for remaining nodes
[dc1_node1] Successful writes: 2/3
[dc1_node1] Replicated to localhost:50064
[dc1_node1] Internal PUT (replication): key='item:0063'
[dc1_node1] CONFLICT detected for key='item:0063', siblings=20
[dc1_node1] Client GET: key='item:0000'
[dc1_node1] Preference list for 'item:0000': ['localhost:50066', 'localhost:50057', 'localhost:50053']
[dc1_node1] Reading from first 2 nodes in preference list
[dc1_node1] W-quorum achieved (2 writes), returning to client
[dc1_node1] Background replication continues for remaining nodes
[dc1_node1] Successful writes: 2/3
[dc1_node1] Saved 8 keys to disk
[dc1_node1] Replicated to localhost:50052
[dc1_node1] CONFLICT: 40 sibling versions for 'item:0000'
[dc1_node1] Replicated to localhost:50058
[dc1_node1] Client PUT: key='item:0064', value='stress_2_299'
[dc1_node1] Preference list for 'item:0064': ['localhost:50058', 'localhost:50062', 'localhost:50059']
[dc1_node1] Coordinator NOT in preference list, forwarding only
[dc1_node1] Replicated to localhost:50059
[dc1_node1] Replicated to localhost:50058
[dc1_node1] Internal PUT (replication): key='item:0063'
[dc1_node1] CONFLICT detected for key='item:0063', siblings=20
[dc1_node1] Client PUT: key='item:0030', value='stress_0_295'
[dc1_node1] Preference list for 'item:0030': ['localhost:50070', 'localhost:50056', 'localhost:50058']
[dc1_node1] Coordinator NOT in preference list, forwarding only
[dc1_node1] Saved 8 keys to disk
[dc1_node1] W-quorum achieved (2 writes), returning to client
[dc1_node1] Background replication continues for remaining nodes
[dc1_node1] Successful writes: 2/3
[dc1_node1] Replicated to localhost:50058
[dc1_node1] Replicated to localhost:50070
[dc1_node1] Replicated to localhost:50062
[dc1_node1] Replicated to localhost:50056
[dc1_node1] W-quorum achieved (2 writes), returning to client
[dc1_node1] Background replication continues for remaining nodes
[dc1_node1] Successful writes: 3/3
[dc1_node1] Internal PUT (replication): key='item:0063'
[dc1_node1] CONFLICT detected for key='item:0063', siblings=20
[dc1_node1] Saved 8 keys to disk
[dc1_node1] Client GET: key='item:0082'
[dc1_node1] Preference list for 'item:0082': ['localhost:50064', 'localhost:50054', 'localhost:50067']
[dc1_node1] Reading from first 2 nodes in preference list
[dc1_node1] CONFLICT: 40 sibling versions for 'item:0082'
[dc1_node1] Client GET: key='item:0014'
[dc1_node1] Preference list for 'item:0014': ['localhost:50061', 'localhost:50055', 'localhost:50069']
[dc1_node1] Reading from first 2 nodes in preference list
[dc1_node1] CONFLICT: 40 sibling versions for 'item:0014'
[dc1_node1] Retrieved key='item:0063', versions=20
[dc1_node1] Client PUT: key='item:0085', value='stress_8_308'
[dc1_node1] Preference list for 'item:0085': ['localhost:50060', 'localhost:50061', 'localhost:50053']
[dc1_node1] Coordinator NOT in preference list, forwarding only
[dc1_node1] Replicated to localhost:50053
[dc1_node1] Replicated to localhost:50061
[dc1_node1] W-quorum achieved (2 writes), returning to client
[dc1_node1] Background replication continues for remaining nodes
[dc1_node1] Successful writes: 2/3
[dc1_node1] Replicated to localhost:50060
[dc1_node1] Internal PUT (replication): key='item:0079'
[dc1_node1] CONFLICT detected for key='item:0079', siblings=20
[dc1_node1] Saved 8 keys to disk
[dc1_node1] Retrieved key='item:0095', versions=19
[dc1_node1] Internal PUT (replication): key='item:0079'
[dc1_node1] CONFLICT detected for key='item:0079', siblings=20
[dc1_node1] Saved 8 keys to disk
[dc1_node1] Internal PUT (replication): key='item:0095'
[dc1_node1] CONFLICT detected for key='item:0095', siblings=19
[dc1_node1] Saved 8 keys to disk
[dc1_node1] Internal PUT (replication): key='item:0025'
[dc1_node1] CONFLICT detected for key='item:0025', siblings=18
[dc1_node1] Saved 8 keys to disk
[dc1_node1] Internal PUT (replication): key='item:0042'
[dc1_node1] CONFLICT detected for key='item:0042', siblings=20
[dc1_node1] Saved 8 keys to disk
[dc1_node1] Internal PUT (replication): key='item:0054'
[dc1_node1] CONFLICT detected for key='item:0054', siblings=19
[dc1_node1] Saved 8 keys to disk
[dc1_node1] Internal PUT (replication): key='item:0063'
[dc1_node1] CONFLICT detected for key='item:0063', siblings=20
[dc1_node1] Saved 8 keys to disk
[dc1_node1] Client GET: key='item:0053'
[dc1_node1] Preference list for 'item:0053': ['localhost:50056', 'localhost:50068', 'localhost:50062']
[dc1_node1] Reading from first 2 nodes in preference list
[dc1_node1] Retrieved key='item:0063', versions=20
[dc1_node1] CONFLICT: 40 sibling versions for 'item:0053'
[dc1_node1] Client PUT: key='item:0027', value='stress_2_319'
[dc1_node1] Preference list for 'item:0027': ['localhost:50067', 'localhost:50058', 'localhost:50052']
[dc1_node1] Coordinator NOT in preference list, forwarding only
[dc1_node1] Client PUT: key='item:0055', value='stress_8_321'
[dc1_node1] Preference list for 'item:0055': ['localhost:50059', 'localhost:50068', 'localhost:50056']
[dc1_node1] Coordinator NOT in preference list, forwarding only
[dc1_node1] Replicated to localhost:50067
[dc1_node1] Replicated to localhost:50058
[dc1_node1] Client GET: key='item:0019'
[dc1_node1] Preference list for 'item:0019': ['localhost:50059', 'localhost:50068', 'localhost:50069']
[dc1_node1] Reading from first 2 nodes in preference list
[dc1_node1] Replicated to localhost:50052
[dc1_node1] Replicated to localhost:50068
[dc1_node1] Replicated to localhost:50059
[dc1_node1] Replicated to localhost:50056
[dc1_node1] Client GET: key='item:0022'
[dc1_node1] Preference list for 'item:0022': ['localhost:50066', 'localhost:50057', 'localhost:50059']
[dc1_node1] Reading from first 2 nodes in preference list
[dc1_node1] Retrieved key='item:0079', versions=20
[dc1_node1] W-quorum achieved (2 writes), returning to client
[dc1_node1] Background replication continues for remaining nodes
[dc1_node1] Successful writes: 3/3
[dc1_node1] CONFLICT: 40 sibling versions for 'item:0019'
[dc1_node1] CONFLICT: 40 sibling versions for 'item:0022'
[dc1_node1] W-quorum achieved (2 writes), returning to client
[dc1_node1] Background replication continues for remaining nodes
[dc1_node1] Successful writes: 3/3
[dc1_node1] Internal PUT (replication): key='item:0054'
[dc1_node1] CONFLICT detected for key='item:0054', siblings=19
[dc1_node1] Saved 8 keys to disk
[dc1_node1] Client GET: key='item:0005'
[dc1_node1] Preference list for 'item:0005': ['localhost:50063', 'localhost:50053', 'localhost:50064']
[dc1_node1] Reading from first 2 nodes in preference list
[dc1_node1] CONFLICT: 40 sibling versions for 'item:0005'
[dc1_node1] Internal PUT (replication): key='item:0054'
[dc1_node1] CONFLICT detected for key='item:0054', siblings=19
[dc1_node1] Saved 8 keys to disk
[dc1_node1] Client GET: key='item:0038'
[dc1_node1] Preference list for 'item:0038': ['localhost:50059', 'localhost:50065', 'localhost:50060']
[dc1_node1] Reading from first 2 nodes in preference list
[dc1_node1] CONFLICT: 40 sibling versions for 'item:0038'
[dc1_node1] Internal PUT (replication): key='item:0079'
[dc1_node1] CONFLICT detected for key='item:0079', siblings=20
[dc1_node1] Saved 8 keys to disk
[dc1_node1] Client PUT: key='item:0029', value='stress_6_326'
[dc1_node1] Preference list for 'item:0029': ['localhost:50062', 'localhost:50058', 'localhost:50069']
[dc1_node1] Coordinator NOT in preference list, forwarding only
[dc1_node1] Replicated to localhost:50062
[dc1_node1] Replicated to localhost:50069
[dc1_node1] Replicated to localhost:50058
[dc1_node1] W-quorum achieved (2 writes), returning to client
[dc1_node1] Background replication continues for remaining nodes
[dc1_node1] Successful writes: 3/3
[dc1_node1] Client PUT: key='item:0088', value='stress_4_317'
[dc1_node1] Preference list for 'item:0088': ['localhost:50065', 'localhost:50058', 'localhost:50061']
[dc1_node1] Coordinator NOT in preference list, forwarding only
[dc1_node1] Retrieved key='item:0095', versions=19
[dc1_node1] Replicated to localhost:50065
[dc1_node1] Client PUT: key='item:0091', value='stress_6_328'
[dc1_node1] Preference list for 'item:0091': ['localhost:50058', 'localhost:50063', 'localhost:50056']
[dc1_node1] Coordinator NOT in preference list, forwarding only
[dc1_node1] Replicated to localhost:50058
[dc1_node1] Replicated to localhost:50061
[dc1_node1] W-quorum achieved (2 writes), returning to client
[dc1_node1] Background replication continues for remaining nodes
[dc1_node1] Successful writes: 3/3
[dc1_node1] Replicated to localhost:50063
[dc1_node1] Replicated to localhost:50058
[dc1_node1] Replicated to localhost:50056
[dc1_node1] W-quorum achieved (2 writes), returning to client
[dc1_node1] Background replication continues for remaining nodes
[dc1_node1] Successful writes: 3/3
[dc1_node1] Internal PUT (replication): key='item:0025'
[dc1_node1] CONFLICT detected for key='item:0025', siblings=18
[dc1_node1] Saved 8 keys to disk
[dc1_node1] Internal PUT (replication): key='item:0095'
[dc1_node1] CONFLICT detected for key='item:0095', siblings=19
[dc1_node1] Saved 8 keys to disk
[dc1_node1] Retrieved key='item:0079', versions=20
[dc1_node1] Client GET: key='item:0027'
[dc1_node1] Preference list for 'item:0027': ['localhost:50067', 'localhost:50058', 'localhost:50052']
[dc1_node1] Reading from first 2 nodes in preference list
[dc1_node1] CONFLICT: 40 sibling versions for 'item:0027'
[dc1_node1] Internal PUT (replication): key='item:0054'
[dc1_node1] CONFLICT detected for key='item:0054', siblings=19
[dc1_node1] Saved 8 keys to disk
[dc1_node1] Retrieved key='item:0031', versions=20
[dc1_node1] Client GET: key='item:0093'
[dc1_node1] Preference list for 'item:0093': ['localhost:50052', 'localhost:50062', 'localhost:50054']
[dc1_node1] Reading from first 2 nodes in preference list
[dc1_node1] CONFLICT: 40 sibling versions for 'item:0093'
[dc1_node1] Client PUT: key='item:0013', value='stress_9_341'
[dc1_node1] Preference list for 'item:0013': ['localhost:50060', 'localhost:50070', 'localhost:50057']
[dc1_node1] Coordinator NOT in preference list, forwarding only
[dc1_node1] Client PUT: key='item:0051', value='stress_7_344'
[dc1_node1] Preference list for 'item:0051': ['localhost:50059', 'localhost:50064', 'localhost:50055']
[dc1_node1] Coordinator NOT in preference list, forwarding only
[dc1_node1] Replicated to localhost:50070
[dc1_node1] Client PUT: key='item:0087', value='stress_6_335'
[dc1_node1] Preference list for 'item:0087': ['localhost:50052', 'localhost:50061', 'localhost:50063']
[dc1_node1] Coordinator NOT in preference list, forwarding only
[dc1_node1] Replicated to localhost:50057
[dc1_node1] Replicated to localhost:50064
[dc1_node1] Replicated to localhost:50059
[dc1_node1] Replicated to localhost:50060
[dc1_node1] Replicated to localhost:50061
[dc1_node1] W-quorum achieved (2 writes), returning to client
[dc1_node1] Background replication continues for remaining nodes
[dc1_node1] Successful writes: 3/3
[dc1_node1] Replicated to localhost:50063
[dc1_node1] Replicated to localhost:50052
[dc1_node1] Replicated to localhost:50055
[dc1_node1] Retrieved key='item:0079', versions=20
[dc1_node1] W-quorum achieved (2 writes), returning to client
[dc1_node1] Background replication continues for remaining nodes
[dc1_node1] Successful writes: 3/3
[dc1_node1] W-quorum achieved (2 writes), returning to client
[dc1_node1] Background replication continues for remaining nodes
[dc1_node1] Successful writes: 3/3
[dc1_node1] Retrieved key='item:0031', versions=20
[dc1_node1] Internal PUT (replication): key='item:0031'
[dc1_node1] CONFLICT detected for key='item:0031', siblings=20
[dc1_node1] Saved 8 keys to disk
[dc1_node1] Client GET: key='item:0082'
[dc1_node1] Preference list for 'item:0082': ['localhost:50064', 'localhost:50054', 'localhost:50067']
[dc1_node1] Reading from first 2 nodes in preference list
[dc1_node1] CONFLICT: 40 sibling versions for 'item:0082'
[dc1_node1] Retrieved key='item:0095', versions=19
[dc1_node1] Client PUT: key='item:0097', value='stress_2_340'
[dc1_node1] Preference list for 'item:0097': ['localhost:50060', 'localhost:50064', 'localhost:50052']
[dc1_node1] Coordinator NOT in preference list, forwarding only
[dc1_node1] Replicated to localhost:50064
[dc1_node1] Replicated to localhost:50052
[dc1_node1] Replicated to localhost:50060
[dc1_node1] W-quorum achieved (2 writes), returning to client
[dc1_node1] Background replication continues for remaining nodes
[dc1_node1] Successful writes: 3/3
[dc1_node1] Internal PUT (replication): key='item:0079'
[dc1_node1] CONFLICT detected for key='item:0079', siblings=20
[dc1_node1] Saved 8 keys to disk
[dc1_node1] Client GET: key='item:0093'
[dc1_node1] Preference list for 'item:0093': ['localhost:50052', 'localhost:50062', 'localhost:50054']
[dc1_node1] Reading from first 2 nodes in preference list
[dc1_node1] CONFLICT: 40 sibling versions for 'item:0093'
[dc1_node1] Retrieved key='item:0063', versions=20
[dc1_node1] Internal PUT (replication): key='item:0080'
[dc1_node1] CONFLICT detected for key='item:0080', siblings=20
[dc1_node1] Saved 8 keys to disk
[dc1_node1] Internal PUT (replication): key='item:0063'
[dc1_node1] CONFLICT detected for key='item:0063', siblings=20
[dc1_node1] Saved 8 keys to disk
[dc1_node1] Client GET: key='item:0089'
[dc1_node1] Preference list for 'item:0089': ['localhost:50064', 'localhost:50058', 'localhost:50069']
[dc1_node1] Reading from first 2 nodes in preference list
[dc1_node1] CONFLICT: 40 sibling versions for 'item:0089'
[dc1_node1] Client GET: key='item:0061'
[dc1_node1] Preference list for 'item:0061': ['localhost:50056', 'localhost:50062', 'localhost:50052']
[dc1_node1] Reading from first 2 nodes in preference list
[dc1_node1] CONFLICT: 40 sibling versions for 'item:0061'
[dc1_node1] Client GET: key='item:0063'
[dc1_node1] Preference list for 'item:0063': ['localhost:50069', 'localhost:50051', 'localhost:50065']
[dc1_node1] Reading from first 2 nodes in preference list
[dc1_node1] Retrieved key='item:0063', versions=20
[dc1_node1] Read locally (coordinator in preference list)
[dc1_node1] Client PUT: key='item:0072', value='stress_3_347'
[dc1_node1] Preference list for 'item:0072': ['localhost:50067', 'localhost:50056', 'localhost:50059']
[dc1_node1] Coordinator NOT in preference list, forwarding only
[dc1_node1] CONFLICT: 40 sibling versions for 'item:0063'
[dc1_node1] Client PUT: key='item:0050', value='stress_8_349'
[dc1_node1] Preference list for 'item:0050': ['localhost:50053', 'localhost:50061', 'localhost:50052']
[dc1_node1] Coordinator NOT in preference list, forwarding only
[dc1_node1] Replicated to localhost:50056
[dc1_node1] Replicated to localhost:50059
[dc1_node1] Replicated to localhost:50067
[dc1_node1] Client PUT: key='item:0091', value='stress_9_354'
[dc1_node1] Preference list for 'item:0091': ['localhost:50058', 'localhost:50063', 'localhost:50056']
[dc1_node1] Coordinator NOT in preference list, forwarding only
[dc1_node1] Internal PUT (replication): key='item:0079'
[dc1_node1] CONFLICT detected for key='item:0079', siblings=20
[dc1_node1] Replicated to localhost:50053
[dc1_node1] Replicated to localhost:50061
[dc1_node1] Saved 8 keys to disk
[dc1_node1] Replicated to localhost:50052
[dc1_node1] W-quorum achieved (2 writes), returning to client
[dc1_node1] Background replication continues for remaining nodes
[dc1_node1] Successful writes: 3/3
[dc1_node1] Replicated to localhost:50063
[dc1_node1] Replicated to localhost:50058
[dc1_node1] W-quorum achieved (2 writes), returning to client
[dc1_node1] Background replication continues for remaining nodes
[dc1_node1] Successful writes: 3/3
[dc1_node1] Replicated to localhost:50056
[dc1_node1] W-quorum achieved (2 writes), returning to client
[dc1_node1] Background replication continues for remaining nodes
[dc1_node1] Successful writes: 3/3
[dc1_node1] Internal PUT (replication): key='item:0025'
[dc1_node1] CONFLICT detected for key='item:0025', siblings=18
[dc1_node1] Client PUT: key='item:0053', value='stress_8_351'
[dc1_node1] Preference list for 'item:0053': ['localhost:50056', 'localhost:50068', 'localhost:50062']
[dc1_node1] Coordinator NOT in preference list, forwarding only
[dc1_node1] Saved 8 keys to disk
[dc1_node1] Replicated to localhost:50068
[dc1_node1] Replicated to localhost:50062
[dc1_node1] Replicated to localhost:50056
[dc1_node1] W-quorum achieved (2 writes), returning to client
[dc1_node1] Background replication continues for remaining nodes
[dc1_node1] Successful writes: 3/3
[dc1_node1] Retrieved key='item:0063', versions=20
[dc1_node1] Retrieved key='item:0063', versions=20
[dc1_node1] Internal PUT (replication): key='item:0095'
[dc1_node1] CONFLICT detected for key='item:0095', siblings=19
[dc1_node1] Saved 8 keys to disk
[dc1_node1] Internal PUT (replication): key='item:0031'
[dc1_node1] CONFLICT detected for key='item:0031', siblings=20
[dc1_node1] Saved 8 keys to disk
[dc1_node1] Client PUT: key='item:0023', value='stress_6_359'
[dc1_node1] Preference list for 'item:0023': ['localhost:50067', 'localhost:50058', 'localhost:50061']
[dc1_node1] Coordinator NOT in preference list, forwarding only
[dc1_node1] Client GET: key='item:0046'
[dc1_node1] Preference list for 'item:0046': ['localhost:50057', 'localhost:50067', 'localhost:50064']
[dc1_node1] Reading from first 2 nodes in preference list
[dc1_node1] Replicated to localhost:50067
[dc1_node1] CONFLICT: 40 sibling versions for 'item:0046'
[dc1_node1] Replicated to localhost:50058
[dc1_node1] Replicated to localhost:50061
[dc1_node1] W-quorum achieved (2 writes), returning to client
[dc1_node1] Background replication continues for remaining nodes
[dc1_node1] Successful writes: 3/3
[dc1_node1] Internal PUT (replication): key='item:0063'
[dc1_node1] CONFLICT detected for key='item:0063', siblings=20
[dc1_node1] Saved 8 keys to disk
[dc1_node1] Retrieved key='item:0079', versions=20
[dc1_node1] Client PUT: key='item:0001', value='stress_2_362'
[dc1_node1] Preference list for 'item:0001': ['localhost:50067', 'localhost:50057', 'localhost:50060']
[dc1_node1] Coordinator NOT in preference list, forwarding only
[dc1_node1] Client GET: key='item:0083'
[dc1_node1] Preference list for 'item:0083': ['localhost:50064', 'localhost:50057', 'localhost:50070']
[dc1_node1] Reading from first 2 nodes in preference list
[dc1_node1] Internal PUT (replication): key='item:0080'
[dc1_node1] CONFLICT detected for key='item:0080', siblings=20
[dc1_node1] Replicated to localhost:50057
[dc1_node1] Saved 8 keys to disk
[dc1_node1] Replicated to localhost:50060
[dc1_node1] CONFLICT: 40 sibling versions for 'item:0083'
[dc1_node1] Replicated to localhost:50067
[dc1_node1] W-quorum achieved (2 writes), returning to client
[dc1_node1] Background replication continues for remaining nodes
[dc1_node1] Successful writes: 3/3
[dc1_node1] Client GET: key='item:0084'
[dc1_node1] Preference list for 'item:0084': ['localhost:50065', 'localhost:50058', 'localhost:50061']
[dc1_node1] Reading from first 2 nodes in preference list
[dc1_node1] CONFLICT: 40 sibling versions for 'item:0084'
[dc1_node1] Internal PUT (replication): key='item:0080'
[dc1_node1] CONFLICT detected for key='item:0080', siblings=20
[dc1_node1] Saved 8 keys to disk
[dc1_node1] Client GET: key='item:0039'
[dc1_node1] Preference list for 'item:0039': ['localhost:50070', 'localhost:50054', 'localhost:50068']
[dc1_node1] Reading from first 2 nodes in preference list
[dc1_node1] CONFLICT: 38 sibling versions for 'item:0039'
[dc1_node1] Client PUT: key='item:0008', value='stress_1_365'
[dc1_node1] Preference list for 'item:0008': ['localhost:50065', 'localhost:50060', 'localhost:50055']
[dc1_node1] Coordinator NOT in preference list, forwarding only
[dc1_node1] Client PUT: key='item:0021', value='stress_8_367'
[dc1_node1] Preference list for 'item:0021': ['localhost:50054', 'localhost:50068', 'localhost:50060']
[dc1_node1] Coordinator NOT in preference list, forwarding only
[dc1_node1] Replicated to localhost:50065
[dc1_node1] Replicated to localhost:50060
[dc1_node1] Replicated to localhost:50054
[dc1_node1] Replicated to localhost:50068
[dc1_node1] Replicated to localhost:50055
[dc1_node1] W-quorum achieved (2 writes), returning to client
[dc1_node1] Background replication continues for remaining nodes
[dc1_node1] Successful writes: 3/3
[dc1_node1] Client PUT: key='item:0027', value='stress_3_365'
[dc1_node1] Preference list for 'item:0027': ['localhost:50067', 'localhost:50058', 'localhost:50052']
[dc1_node1] Coordinator NOT in preference list, forwarding only
[dc1_node1] W-quorum achieved (2 writes), returning to client
[dc1_node1] Background replication continues for remaining nodes
[dc1_node1] Successful writes: 2/3
[dc1_node1] Replicated to localhost:50052
[dc1_node1] Replicated to localhost:50067
[dc1_node1] Replicated to localhost:50060
[dc1_node1] W-quorum achieved (2 writes), returning to client
[dc1_node1] Background replication continues for remaining nodes
[dc1_node1] Successful writes: 2/3
[dc1_node1] Replicated to localhost:50058
[dc1_node1] Retrieved key='item:0095', versions=19
[dc1_node1] Client GET: key='item:0097'
[dc1_node1] Preference list for 'item:0097': ['localhost:50060', 'localhost:50064', 'localhost:50052']
[dc1_node1] Reading from first 2 nodes in preference list
[dc1_node1] CONFLICT: 38 sibling versions for 'item:0097'
[dc1_node1] Client GET: key='item:0000'
[dc1_node1] Preference list for 'item:0000': ['localhost:50066', 'localhost:50057', 'localhost:50053']
[dc1_node1] Reading from first 2 nodes in preference list
[dc1_node1] CONFLICT: 40 sibling versions for 'item:0000'
[dc1_node1] Client GET: key='item:0022'
[dc1_node1] Preference list for 'item:0022': ['localhost:50066', 'localhost:50057', 'localhost:50059']
[dc1_node1] Reading from first 2 nodes in preference list
[dc1_node1] Client GET: key='item:0087'
[dc1_node1] Preference list for 'item:0087': ['localhost:50052', 'localhost:50061', 'localhost:50063']
[dc1_node1] Reading from first 2 nodes in preference list
[dc1_node1] Retrieved key='item:0095', versions=19
[dc1_node1] Internal PUT (replication): key='item:0095'
[dc1_node1] CONFLICT detected for key='item:0095', siblings=19
[dc1_node1] CONFLICT: 40 sibling versions for 'item:0022'
[dc1_node1] CONFLICT: 38 sibling versions for 'item:0087'
[dc1_node1] Saved 8 keys to disk
[dc1_node1] Internal PUT (replication): key='item:0063'
[dc1_node1] CONFLICT detected for key='item:0063', siblings=20
[dc1_node1] Saved 8 keys to disk
[dc1_node1] Retrieved key='item:0031', versions=20
[dc1_node1] Client GET: key='item:0056'
[dc1_node1] Preference list for 'item:0056': ['localhost:50061', 'localhost:50052', 'localhost:50070']
[dc1_node1] Reading from first 2 nodes in preference list
[dc1_node1] CONFLICT: 40 sibling versions for 'item:0056'
[dc1_node1] Client GET: key='item:0071'
[dc1_node1] Preference list for 'item:0071': ['localhost:50052', 'localhost:50063', 'localhost:50060']
[dc1_node1] Reading from first 2 nodes in preference list
[dc1_node1] CONFLICT: 38 sibling versions for 'item:0071'
[dc1_node1] Retrieved key='item:0031', versions=20
[dc1_node1] Client PUT: key='item:0052', value='stress_0_371'
[dc1_node1] Preference list for 'item:0052': ['localhost:50057', 'localhost:50062', 'localhost:50056']
[dc1_node1] Coordinator NOT in preference list, forwarding only
[dc1_node1] Replicated to localhost:50056
[dc1_node1] Replicated to localhost:50057
[dc1_node1] Replicated to localhost:50062
[dc1_node1] W-quorum achieved (2 writes), returning to client
[dc1_node1] Background replication continues for remaining nodes
[dc1_node1] Successful writes: 3/3
[dc1_node1] Client PUT: key='item:0002', value='stress_4_371'
[dc1_node1] Preference list for 'item:0002': ['localhost:50066', 'localhost:50058', 'localhost:50053']
[dc1_node1] Coordinator NOT in preference list, forwarding only
[dc1_node1] Replicated to localhost:50053
[dc1_node1] Replicated to localhost:50058
[dc1_node1] Replicated to localhost:50066
[dc1_node1] Internal PUT (replication): key='item:0095'
[dc1_node1] CONFLICT detected for key='item:0095', siblings=19
[dc1_node1] W-quorum achieved (2 writes), returning to client
[dc1_node1] Background replication continues for remaining nodes
[dc1_node1] Successful writes: 3/3
[dc1_node1] Saved 8 keys to disk
[dc1_node1] Internal PUT (replication): key='item:0063'
[dc1_node1] CONFLICT detected for key='item:0063', siblings=20
[dc1_node1] Client PUT: key='item:0038', value='stress_3_383'
[dc1_node1] Preference list for 'item:0038': ['localhost:50059', 'localhost:50065', 'localhost:50060']
[dc1_node1] Coordinator NOT in preference list, forwarding only
[dc1_node1] Client PUT: key='item:0002', value='stress_1_380'
[dc1_node1] Preference list for 'item:0002': ['localhost:50066', 'localhost:50058', 'localhost:50053']
[dc1_node1] Coordinator NOT in preference list, forwarding only
[dc1_node1] Saved 8 keys to disk
[dc1_node1] Replicated to localhost:50059
[dc1_node1] Replicated to localhost:50065
[dc1_node1] Retrieved key='item:0063', versions=20
[dc1_node1] Replicated to localhost:50060
[dc1_node1] Replicated to localhost:50053
[dc1_node1] Replicated to localhost:50066
[dc1_node1] W-quorum achieved (2 writes), returning to client
[dc1_node1] Background replication continues for remaining nodes
[dc1_node1] Successful writes: 3/3
[dc1_node1] Replicated to localhost:50058
[dc1_node1] Internal PUT (replication): key='item:0063'
[dc1_node1] CONFLICT detected for key='item:0063', siblings=20
[dc1_node1] Saved 8 keys to disk
[dc1_node1] W-quorum achieved (2 writes), returning to client
[dc1_node1] Background replication continues for remaining nodes
[dc1_node1] Successful writes: 3/3
[dc1_node1] Retrieved key='item:0063', versions=20
[dc1_node1] Internal PUT (replication): key='item:0054'
[dc1_node1] CONFLICT detected for key='item:0054', siblings=19
[dc1_node1] Saved 8 keys to disk
[dc1_node1] Client GET: key='item:0096'
[dc1_node1] Preference list for 'item:0096': ['localhost:50070', 'localhost:50058', 'localhost:50060']
[dc1_node1] Reading from first 2 nodes in preference list
[dc1_node1] Internal PUT (replication): key='item:0042'
[dc1_node1] CONFLICT detected for key='item:0042', siblings=20
[dc1_node1] CONFLICT: 38 sibling versions for 'item:0096'
[dc1_node1] Saved 8 keys to disk
[dc1_node1] Retrieved key='item:0031', versions=20
[dc1_node1] Client PUT: key='item:0076', value='stress_1_385'
[dc1_node1] Preference list for 'item:0076': ['localhost:50067', 'localhost:50052', 'localhost:50064']
[dc1_node1] Coordinator NOT in preference list, forwarding only
[dc1_node1] Replicated to localhost:50052
[dc1_node1] Retrieved key='item:0031', versions=20
[dc1_node1] Replicated to localhost:50067
[dc1_node1] Replicated to localhost:50064
[dc1_node1] Internal PUT (replication): key='item:0025'
[dc1_node1] CONFLICT detected for key='item:0025', siblings=18
[dc1_node1] Saved 8 keys to disk
[dc1_node1] W-quorum achieved (2 writes), returning to client
[dc1_node1] Background replication continues for remaining nodes
[dc1_node1] Successful writes: 3/3
[dc1_node1] Client GET: key='item:0003'
[dc1_node1] Preference list for 'item:0003': ['localhost:50058', 'localhost:50069', 'localhost:50062']
[dc1_node1] Reading from first 2 nodes in preference list
[dc1_node1] CONFLICT: 38 sibling versions for 'item:0003'
[dc1_node1] Client GET: key='item:0026'
[dc1_node1] Preference list for 'item:0026': ['localhost:50059', 'localhost:50063', 'localhost:50062']
[dc1_node1] Reading from first 2 nodes in preference list
[dc1_node1] CONFLICT: 40 sibling versions for 'item:0026'
[dc1_node1] Internal PUT (replication): key='item:0080'
[dc1_node1] CONFLICT detected for key='item:0080', siblings=20
[dc1_node1] Saved 8 keys to disk
[dc1_node1] Client PUT: key='item:0049', value='stress_5_392'
[dc1_node1] Preference list for 'item:0049': ['localhost:50066', 'localhost:50060', 'localhost:50061']
[dc1_node1] Coordinator NOT in preference list, forwarding only
[dc1_node1] Replicated to localhost:50061
[dc1_node1] Internal PUT (replication): key='item:0063'
[dc1_node1] CONFLICT detected for key='item:0063', siblings=20
[dc1_node1] Replicated to localhost:50066
[dc1_node1] Saved 8 keys to disk
[dc1_node1] Replicated to localhost:50060
[dc1_node1] W-quorum achieved (2 writes), returning to client
[dc1_node1] Background replication continues for remaining nodes
[dc1_node1] Successful writes: 3/3
[dc1_node1] Client GET: key='item:0078'
[dc1_node1] Preference list for 'item:0078': ['localhost:50058', 'localhost:50070', 'localhost:50057']
[dc1_node1] Reading from first 2 nodes in preference list
[dc1_node1] CONFLICT: 40 sibling versions for 'item:0078'
[dc1_node1] Internal PUT (replication): key='item:0080'
[dc1_node1] CONFLICT detected for key='item:0080', siblings=20
[dc1_node1] Client GET: key='item:0033'
[dc1_node1] Preference list for 'item:0033': ['localhost:50058', 'localhost:50063', 'localhost:50062']
[dc1_node1] Reading from first 2 nodes in preference list
[dc1_node1] Saved 8 keys to disk
[dc1_node1] CONFLICT: 38 sibling versions for 'item:0033'
[dc1_node1] Internal PUT (replication): key='item:0054'
[dc1_node1] CONFLICT detected for key='item:0054', siblings=19
[dc1_node1] Saved 8 keys to disk
[dc1_node1] Internal PUT (replication): key='item:0063'
[dc1_node1] CONFLICT detected for key='item:0063', siblings=20
[dc1_node1] Saved 8 keys to disk
[dc1_node1] Internal PUT (replication): key='item:0042'
[dc1_node1] CONFLICT detected for key='item:0042', siblings=20
[dc1_node1] Saved 8 keys to disk
[dc1_node1] Internal PUT (replication): key='item:0080'
[dc1_node1] CONFLICT detected for key='item:0080', siblings=20
[dc1_node1] Saved 8 keys to disk
[dc1_node1] Internal PUT (replication): key='item:0063'
[dc1_node1] CONFLICT detected for key='item:0063', siblings=20
[dc1_node1] Saved 8 keys to disk
[dc1_node1] Internal PUT (replication): key='item:0063'
[dc1_node1] CONFLICT detected for key='item:0063', siblings=20
[dc1_node1] Saved 8 keys to disk
[dc1_node1] Internal PUT (replication): key='item:0042'
[dc1_node1] CONFLICT detected for key='item:0042', siblings=20
[dc1_node1] Saved 8 keys to disk
[dc1_node1] Internal PUT (replication): key='item:0080'
[dc1_node1] CONFLICT detected for key='item:0080', siblings=20
[dc1_node1] Internal PUT (replication): key='item:0025'
[dc1_node1] Saved 8 keys to disk
[dc1_node1] CONFLICT detected for key='item:0025', siblings=18
[dc1_node1] Saved 8 keys to disk
[dc1_node1] Retrieved key='item:0063', versions=20
[dc1_node1] Client PUT: key='item:0015', value='stress_1_407'
[dc1_node1] Preference list for 'item:0015': ['localhost:50052', 'localhost:50065', 'localhost:50068']
[dc1_node1] Coordinator NOT in preference list, forwarding only
[dc1_node1] Client PUT: key='item:0022', value='stress_2_408'
[dc1_node1] Preference list for 'item:0022': ['localhost:50066', 'localhost:50057', 'localhost:50059']
[dc1_node1] Coordinator NOT in preference list, forwarding only
[dc1_node1] Replicated to localhost:50068
[dc1_node1] Replicated to localhost:50065
[dc1_node1] Replicated to localhost:50052
[dc1_node1] Replicated to localhost:50066
[dc1_node1] Replicated to localhost:50057
[dc1_node1] Replicated to localhost:50059
[dc1_node1] W-quorum achieved (2 writes), returning to client
[dc1_node1] Background replication continues for remaining nodes
[dc1_node1] Successful writes: 3/3
[dc1_node1] W-quorum achieved (2 writes), returning to client
[dc1_node1] Background replication continues for remaining nodes
[dc1_node1] Successful writes: 3/3
[dc1_node1] Retrieved key='item:0095', versions=19
[dc1_node1] Internal PUT (replication): key='item:0080'
[dc1_node1] CONFLICT detected for key='item:0080', siblings=20
[dc1_node1] Saved 8 keys to disk
[dc1_node1] Retrieved key='item:0031', versions=20
[dc1_node1] Internal PUT (replication): key='item:0025'
[dc1_node1] CONFLICT detected for key='item:0025', siblings=18
[dc1_node1] Saved 8 keys to disk
[dc1_node1] Internal PUT (replication): key='item:0054'
[dc1_node1] CONFLICT detected for key='item:0054', siblings=19
[dc1_node1] Saved 8 keys to disk
[dc1_node1] Client PUT: key='item:0024', value='stress_7_429'
[dc1_node1] Preference list for 'item:0024': ['localhost:50061', 'localhost:50053', 'localhost:50062']
[dc1_node1] Coordinator NOT in preference list, forwarding only
[dc1_node1] Internal PUT (replication): key='item:0079'
[dc1_node1] CONFLICT detected for key='item:0079', siblings=20
[dc1_node1] Replicated to localhost:50061
[dc1_node1] Replicated to localhost:50053
[dc1_node1] Saved 8 keys to disk
[dc1_node1] Replicated to localhost:50062
[dc1_node1] W-quorum achieved (2 writes), returning to client
[dc1_node1] Background replication continues for remaining nodes
[dc1_node1] Successful writes: 3/3
[dc1_node1] Client GET: key='item:0039'
[dc1_node1] Preference list for 'item:0039': ['localhost:50070', 'localhost:50054', 'localhost:50068']
[dc1_node1] Reading from first 2 nodes in preference list
[dc1_node1] Client PUT: key='item:0094', value='stress_7_431'
[dc1_node1] Preference list for 'item:0094': ['localhost:50060', 'localhost:50066', 'localhost:50055']
[dc1_node1] Coordinator NOT in preference list, forwarding only
[dc1_node1] CONFLICT: 38 sibling versions for 'item:0039'
[dc1_node1] Replicated to localhost:50066
[dc1_node1] Replicated to localhost:50055
[dc1_node1] Replicated to localhost:50060
[dc1_node1] W-quorum achieved (2 writes), returning to client
[dc1_node1] Background replication continues for remaining nodes
[dc1_node1] Successful writes: 3/3
[dc1_node1] Internal PUT (replication): key='item:0063'
[dc1_node1] CONFLICT detected for key='item:0063', siblings=20
[dc1_node1] Client GET: key='item:0099'
[dc1_node1] Preference list for 'item:0099': ['localhost:50053', 'localhost:50070', 'localhost:50054']
[dc1_node1] Reading from first 2 nodes in preference list
[dc1_node1] Saved 8 keys to disk
[dc1_node1] CONFLICT: 38 sibling versions for 'item:0099'
[dc1_node1] Client PUT: key='item:0091', value='stress_8_426'
[dc1_node1] Preference list for 'item:0091': ['localhost:50058', 'localhost:50063', 'localhost:50056']
[dc1_node1] Coordinator NOT in preference list, forwarding only
[dc1_node1] Replicated to localhost:50063
[dc1_node1] Replicated to localhost:50056
[dc1_node1] Replicated to localhost:50058
[dc1_node1] W-quorum achieved (2 writes), returning to client
[dc1_node1] Background replication continues for remaining nodes
[dc1_node1] Successful writes: 3/3
[dc1_node1] Internal PUT (replication): key='item:0063'
[dc1_node1] CONFLICT detected for key='item:0063', siblings=20
[dc1_node1] Saved 8 keys to disk
[dc1_node1] Client PUT: key='item:0074', value='stress_4_415'
[dc1_node1] Preference list for 'item:0074': ['localhost:50066', 'localhost:50058', 'localhost:50062']
[dc1_node1] Coordinator NOT in preference list, forwarding only
[dc1_node1] Replicated to localhost:50066
[dc1_node1] Replicated to localhost:50062
[dc1_node1] Replicated to localhost:50058
[dc1_node1] W-quorum achieved (2 writes), returning to client
[dc1_node1] Background replication continues for remaining nodes
[dc1_node1] Successful writes: 3/3
[dc1_node1] Retrieved key='item:0031', versions=20
[dc1_node1] Client PUT: key='item:0050', value='stress_9_438'
[dc1_node1] Preference list for 'item:0050': ['localhost:50053', 'localhost:50061', 'localhost:50052']
[dc1_node1] Coordinator NOT in preference list, forwarding only
[dc1_node1] Replicated to localhost:50061
[dc1_node1] Replicated to localhost:50052
[dc1_node1] Replicated to localhost:50053
[dc1_node1] W-quorum achieved (2 writes), returning to client
[dc1_node1] Background replication continues for remaining nodes
[dc1_node1] Successful writes: 3/3
[dc1_node1] Client GET: key='item:0022'
[dc1_node1] Preference list for 'item:0022': ['localhost:50066', 'localhost:50057', 'localhost:50059']
[dc1_node1] Reading from first 2 nodes in preference list
[dc1_node1] CONFLICT: 40 sibling versions for 'item:0022'
[dc1_node1] Client GET: key='item:0022'
[dc1_node1] Preference list for 'item:0022': ['localhost:50066', 'localhost:50057', 'localhost:50059']
[dc1_node1] Reading from first 2 nodes in preference list
[dc1_node1] CONFLICT: 40 sibling versions for 'item:0022'
[dc1_node1] Client GET: key='item:0012'
[dc1_node1] Preference list for 'item:0012': ['localhost:50069', 'localhost:50057', 'localhost:50065']
[dc1_node1] Reading from first 2 nodes in preference list
[dc1_node1] CONFLICT: 40 sibling versions for 'item:0012'
[dc1_node1] Retrieved key='item:0095', versions=19
[dc1_node1] Internal PUT (replication): key='item:0025'
[dc1_node1] CONFLICT detected for key='item:0025', siblings=18
[dc1_node1] Saved 8 keys to disk
[dc1_node1] Internal PUT (replication): key='item:0063'
[dc1_node1] CONFLICT detected for key='item:0063', siblings=20
[dc1_node1] Saved 8 keys to disk
[dc1_node1] Internal PUT (replication): key='item:0063'
[dc1_node1] CONFLICT detected for key='item:0063', siblings=20
[dc1_node1] Saved 8 keys to disk
[dc1_node1] Client PUT: key='item:0054', value='stress_0_432'
[dc1_node1] Preference list for 'item:0054': ['localhost:50060', 'localhost:50067', 'localhost:50051']
[dc1_node1] CONFLICT detected for key='item:0054', siblings=19
[dc1_node1] Saved 8 keys to disk
[dc1_node1] Coordinator IS in preference list, stored locally
[dc1_node1] Replicated to localhost:50067
[dc1_node1] Replicated to localhost:50060
[dc1_node1] Retrieved key='item:0063', versions=20
[dc1_node1] W-quorum achieved (2 writes), returning to client
[dc1_node1] Background replication continues for remaining nodes
[dc1_node1] Successful writes: 3/3
[dc1_node1] Client PUT: key='item:0082', value='stress_8_442'
[dc1_node1] Preference list for 'item:0082': ['localhost:50064', 'localhost:50054', 'localhost:50067']
[dc1_node1] Coordinator NOT in preference list, forwarding only
[dc1_node1] Replicated to localhost:50054
[dc1_node1] Replicated to localhost:50067
[dc1_node1] Replicated to localhost:50064
[dc1_node1] W-quorum achieved (2 writes), returning to client
[dc1_node1] Background replication continues for remaining nodes
[dc1_node1] Successful writes: 3/3
[dc1_node1] Client PUT: key='item:0008', value='stress_3_439'
[dc1_node1] Preference list for 'item:0008': ['localhost:50065', 'localhost:50060', 'localhost:50055']
[dc1_node1] Coordinator NOT in preference list, forwarding only
[dc1_node1] Replicated to localhost:50065
[dc1_node1] Replicated to localhost:50055
[dc1_node1] Replicated to localhost:50060
[dc1_node1] W-quorum achieved (2 writes), returning to client
[dc1_node1] Background replication continues for remaining nodes
[dc1_node1] Successful writes: 3/3
[dc1_node1] Internal PUT (replication): key='item:0095'
[dc1_node1] CONFLICT detected for key='item:0095', siblings=19
[dc1_node1] Saved 8 keys to disk
[dc1_node1] Retrieved key='item:0063', versions=20
[dc1_node1] Internal PUT (replication): key='item:0025'
[dc1_node1] CONFLICT detected for key='item:0025', siblings=18
[dc1_node1] Saved 8 keys to disk
[dc1_node1] Retrieved key='item:0095', versions=19
[dc1_node1] Internal PUT (replication): key='item:0063'
[dc1_node1] CONFLICT detected for key='item:0063', siblings=20
[dc1_node1] Saved 8 keys to disk
[dc1_node1] Internal PUT (replication): key='item:0025'
[dc1_node1] CONFLICT detected for key='item:0025', siblings=18
[dc1_node1] Saved 8 keys to disk
[dc1_node1] Internal PUT (replication): key='item:0042'
[dc1_node1] CONFLICT detected for key='item:0042', siblings=20
[dc1_node1] Saved 8 keys to disk
[dc1_node1] Internal PUT (replication): key='item:0042'
[dc1_node1] CONFLICT detected for key='item:0042', siblings=20
[dc1_node1] Saved 8 keys to disk
[dc1_node1] Internal PUT (replication): key='item:0080'
[dc1_node1] CONFLICT detected for key='item:0080', siblings=20
[dc1_node1] Client GET: key='item:0041'
[dc1_node1] Preference list for 'item:0041': ['localhost:50069', 'localhost:50059', 'localhost:50064']
[dc1_node1] Reading from first 2 nodes in preference list
[dc1_node1] Saved 8 keys to disk
[dc1_node1] CONFLICT: 38 sibling versions for 'item:0041'
[dc1_node1] Client GET: key='item:0025'
[dc1_node1] Preference list for 'item:0025': ['localhost:50059', 'localhost:50067', 'localhost:50051']
[dc1_node1] Reading from first 2 nodes in preference list
[dc1_node1] Internal PUT (replication): key='item:0080'
[dc1_node1] CONFLICT detected for key='item:0080', siblings=20
[dc1_node1] Saved 8 keys to disk
[dc1_node1] CONFLICT: 36 sibling versions for 'item:0025'
[dc1_node1] Internal PUT (replication): key='item:0080'
[dc1_node1] CONFLICT detected for key='item:0080', siblings=20
[dc1_node1] Saved 8 keys to disk
[dc1_node1] Internal PUT (replication): key='item:0063'
[dc1_node1] CONFLICT detected for key='item:0063', siblings=20
[dc1_node1] Internal PUT (replication): key='item:0095'
[dc1_node1] Saved 8 keys to disk
[dc1_node1] CONFLICT detected for key='item:0095', siblings=19
[dc1_node1] Saved 8 keys to disk
[dc1_node1] Client GET: key='item:0038'
[dc1_node1] Preference list for 'item:0038': ['localhost:50059', 'localhost:50065', 'localhost:50060']
[dc1_node1] Reading from first 2 nodes in preference list
[dc1_node1] Internal PUT (replication): key='item:0079'
[dc1_node1] CONFLICT detected for key='item:0079', siblings=20
[dc1_node1] Saved 8 keys to disk
[dc1_node1] CONFLICT: 40 sibling versions for 'item:0038'
[dc1_node1] Client GET: key='item:0029'
[dc1_node1] Preference list for 'item:0029': ['localhost:50062', 'localhost:50058', 'localhost:50069']
[dc1_node1] Reading from first 2 nodes in preference list
[dc1_node1] CONFLICT: 40 sibling versions for 'item:0029'
[dc1_node1] Internal PUT (replication): key='item:0042'
[dc1_node1] CONFLICT detected for key='item:0042', siblings=20
[dc1_node1] Saved 8 keys to disk
[dc1_node1] Internal PUT (replication): key='item:0054'
[dc1_node1] CONFLICT detected for key='item:0054', siblings=19
[dc1_node1] Saved 8 keys to disk
[dc1_node1] Client GET: key='item:0078'
[dc1_node1] Preference list for 'item:0078': ['localhost:50058', 'localhost:50070', 'localhost:50057']
[dc1_node1] Reading from first 2 nodes in preference list
[dc1_node1] Client GET: key='item:0080'
[dc1_node1] Preference list for 'item:0080': ['localhost:50056', 'localhost:50067', 'localhost:50051']
[dc1_node1] Reading from first 2 nodes in preference list
[dc1_node1] Retrieved key='item:0079', versions=20
[dc1_node1] CONFLICT: 40 sibling versions for 'item:0078'
[dc1_node1] CONFLICT: 40 sibling versions for 'item:0080'
[dc1_node1] Retrieved key='item:0095', versions=19
[dc1_node1] Internal PUT (replication): key='item:0063'
[dc1_node1] CONFLICT detected for key='item:0063', siblings=20
[dc1_node1] Saved 8 keys to disk
[dc1_node1] Client PUT: key='item:0079', value='stress_2_462'
[dc1_node1] Preference list for 'item:0079': ['localhost:50051', 'localhost:50065', 'localhost:50060']
[dc1_node1] CONFLICT detected for key='item:0079', siblings=20
[dc1_node1] Saved 8 keys to disk
[dc1_node1] Coordinator IS in preference list, stored locally
[dc1_node1] Replicated to localhost:50060
[dc1_node1] Replicated to localhost:50065
[dc1_node1] Internal PUT (replication): key='item:0095'
[dc1_node1] CONFLICT detected for key='item:0095', siblings=19
[dc1_node1] Saved 8 keys to disk
[dc1_node1] W-quorum achieved (2 writes), returning to client
[dc1_node1] Background replication continues for remaining nodes
[dc1_node1] Successful writes: 3/3
[dc1_node1] Client GET: key='item:0076'
[dc1_node1] Preference list for 'item:0076': ['localhost:50067', 'localhost:50052', 'localhost:50064']
[dc1_node1] Reading from first 2 nodes in preference list
[dc1_node1] CONFLICT: 40 sibling versions for 'item:0076'
[dc1_node1] Retrieved key='item:0031', versions=20
[dc1_node1] Client PUT: key='item:0045', value='stress_4_454'
[dc1_node1] Preference list for 'item:0045': ['localhost:50059', 'localhost:50063', 'localhost:50062']
[dc1_node1] Coordinator NOT in preference list, forwarding only
[dc1_node1] Replicated to localhost:50059
[dc1_node1] Replicated to localhost:50063
[dc1_node1] Replicated to localhost:50062
[dc1_node1] W-quorum achieved (2 writes), returning to client
[dc1_node1] Background replication continues for remaining nodes
[dc1_node1] Successful writes: 3/3
[dc1_node1] Client PUT: key='item:0076', value='stress_9_480'
[dc1_node1] Preference list for 'item:0076': ['localhost:50067', 'localhost:50052', 'localhost:50064']
[dc1_node1] Coordinator NOT in preference list, forwarding only
[dc1_node1] Retrieved key='item:0063', versions=20
[dc1_node1] Replicated to localhost:50064
[dc1_node1] Replicated to localhost:50067
[dc1_node1] Internal PUT (replication): key='item:0063'
[dc1_node1] CONFLICT detected for key='item:0063', siblings=20
[dc1_node1] Saved 8 keys to disk
[dc1_node1] W-quorum achieved (2 writes), returning to client
[dc1_node1] Background replication continues for remaining nodes
[dc1_node1] Successful writes: 2/3
[dc1_node1] Replicated to localhost:50052
[dc1_node1] Client PUT: key='item:0035', value='stress_7_483'
[dc1_node1] Preference list for 'item:0035': ['localhost:50054', 'localhost:50068', 'localhost:50060']
[dc1_node1] Coordinator NOT in preference list, forwarding only
[dc1_node1] Client GET: key='item:0012'
[dc1_node1] Preference list for 'item:0012': ['localhost:50069', 'localhost:50057', 'localhost:50065']
[dc1_node1] Reading from first 2 nodes in preference list
[dc1_node1] Replicated to localhost:50054
[dc1_node1] Replicated to localhost:50068
[dc1_node1] CONFLICT: 40 sibling versions for 'item:0012'
[dc1_node1] Replicated to localhost:50060
[dc1_node1] Internal PUT (replication): key='item:0079'
[dc1_node1] CONFLICT detected for key='item:0079', siblings=20
[dc1_node1] W-quorum achieved (2 writes), returning to client
[dc1_node1] Background replication continues for remaining nodes
[dc1_node1] Successful writes: 3/3
[dc1_node1] Saved 8 keys to disk
[dc1_node1] Internal PUT (replication): key='item:0095'
[dc1_node1] CONFLICT detected for key='item:0095', siblings=19
[dc1_node1] Saved 8 keys to disk
[dc1_node1] Retrieved key='item:0063', versions=20
[dc1_node1] Retrieved key='item:0079', versions=20
[dc1_node1] Internal PUT (replication): key='item:0063'
[dc1_node1] CONFLICT detected for key='item:0063', siblings=20
[dc1_node1] Saved 8 keys to disk
[dc1_node1] Retrieved key='item:0063', versions=20
[dc1_node1] Client PUT: key='item:0010', value='stress_9_488'
[dc1_node1] Preference list for 'item:0010': ['localhost:50056', 'localhost:50067', 'localhost:50055']
[dc1_node1] Coordinator NOT in preference list, forwarding only
[dc1_node1] Replicated to localhost:50056
[dc1_node1] Replicated to localhost:50067
[dc1_node1] Replicated to localhost:50055
[dc1_node1] W-quorum achieved (2 writes), returning to client
[dc1_node1] Background replication continues for remaining nodes
[dc1_node1] Successful writes: 3/3
[dc1_node1] Retrieved key='item:0095', versions=19
[dc1_node1] Internal PUT (replication): key='item:0025'
[dc1_node1] CONFLICT detected for key='item:0025', siblings=18
[dc1_node1] Saved 8 keys to disk
[dc1_node1] Client PUT: key='item:0024', value='stress_6_486'
[dc1_node1] Preference list for 'item:0024': ['localhost:50061', 'localhost:50053', 'localhost:50062']
[dc1_node1] Coordinator NOT in preference list, forwarding only
[dc1_node1] Client PUT: key='item:0016', value='stress_7_493'
[dc1_node1] Preference list for 'item:0016': ['localhost:50062', 'localhost:50058', 'localhost:50053']
[dc1_node1] Coordinator NOT in preference list, forwarding only
[dc1_node1] Replicated to localhost:50061
[dc1_node1] Replicated to localhost:50062
[dc1_node1] Replicated to localhost:50053
[dc1_node1] Replicated to localhost:50058
[dc1_node1] Replicated to localhost:50062
[dc1_node1] Replicated to localhost:50053
[dc1_node1] W-quorum achieved (2 writes), returning to client
[dc1_node1] Background replication continues for remaining nodes
[dc1_node1] Successful writes: 3/3
[dc1_node1] W-quorum achieved (2 writes), returning to client
[dc1_node1] Background replication continues for remaining nodes
[dc1_node1] Successful writes: 3/3
[dc1_node1] Retrieved key='item:0063', versions=20
[dc1_node1] Internal PUT (replication): key='item:0031'
[dc1_node1] CONFLICT detected for key='item:0031', siblings=20
[dc1_node1] Saved 8 keys to disk
[dc1_node1] Retrieved key='item:0063', versions=20
[dc1_node1] Client PUT: key='item:0023', value='stress_5_490'
[dc1_node1] Preference list for 'item:0023': ['localhost:50067', 'localhost:50058', 'localhost:50061']
[dc1_node1] Coordinator NOT in preference list, forwarding only
[dc1_node1] Replicated to localhost:50061
[dc1_node1] Replicated to localhost:50067
[dc1_node1] Replicated to localhost:50058
[dc1_node1] W-quorum achieved (2 writes), returning to client
[dc1_node1] Background replication continues for remaining nodes
[dc1_node1] Successful writes: 3/3
[dc1_node1] Client GET: key='item:0097'
[dc1_node1] Preference list for 'item:0097': ['localhost:50060', 'localhost:50064', 'localhost:50052']
[dc1_node1] Reading from first 2 nodes in preference list
[dc1_node1] CONFLICT: 38 sibling versions for 'item:0097'
[dc1_node1] Internal PUT (replication): key='item:0031'
[dc1_node1] CONFLICT detected for key='item:0031', siblings=20
[dc1_node1] Saved 8 keys to disk
[dc1_node1] Retrieved key='item:0031', versions=20
[dc1_node1] Internal PUT (replication): key='item:0025'
[dc1_node1] CONFLICT detected for key='item:0025', siblings=18
[dc1_node1] Saved 8 keys to disk
[dc1_node1] Client GET: key='item:0025'
[dc1_node1] Preference list for 'item:0025': ['localhost:50059', 'localhost:50067', 'localhost:50051']
[dc1_node1] Reading from first 2 nodes in preference list
[dc1_node1] Internal PUT (replication): key='item:0063'
[dc1_node1] CONFLICT detected for key='item:0063', siblings=20
[dc1_node1] Internal PUT (replication): key='item:0095'
[dc1_node1] Saved 8 keys to disk
[dc1_node1] CONFLICT detected for key='item:0095', siblings=19
[dc1_node1] Saved 8 keys to disk
[dc1_node1] Internal PUT (replication): key='item:0025'
[dc1_node1] CONFLICT detected for key='item:0025', siblings=18
[dc1_node1] Saved 8 keys to disk
[dc1_node1] CONFLICT: 36 sibling versions for 'item:0025'
[dc1_node1] Internal PUT (replication): key='item:0025'
[dc1_node1] CONFLICT detected for key='item:0025', siblings=18
[dc1_node1] Saved 8 keys to disk
[dc1_node1] Client GET: key='item:0064'
[dc1_node1] Preference list for 'item:0064': ['localhost:50058', 'localhost:50062', 'localhost:50059']
[dc1_node1] Reading from first 2 nodes in preference list
[dc1_node1] CONFLICT: 40 sibling versions for 'item:0064'
[dc1_node1] Client GET: key='item:0068'
[dc1_node1] Preference list for 'item:0068': ['localhost:50067', 'localhost:50052', 'localhost:50062']
[dc1_node1] Reading from first 2 nodes in preference list
[dc1_node1] CONFLICT: 40 sibling versions for 'item:0068'
[dc1_node1] Client PUT: key='item:0053', value='stress_7_508'
[dc1_node1] Preference list for 'item:0053': ['localhost:50056', 'localhost:50068', 'localhost:50062']
[dc1_node1] Coordinator NOT in preference list, forwarding only
[dc1_node1] Client GET: key='item:0005'
[dc1_node1] Preference list for 'item:0005': ['localhost:50063', 'localhost:50053', 'localhost:50064']
[dc1_node1] Reading from first 2 nodes in preference list
[dc1_node1] Replicated to localhost:50068
[dc1_node1] Replicated to localhost:50056
[dc1_node1] CONFLICT: 40 sibling versions for 'item:0005'
[dc1_node1] Replicated to localhost:50062
[dc1_node1] Client PUT: key='item:0034', value='stress_8_505'
[dc1_node1] Preference list for 'item:0034': ['localhost:50064', 'localhost:50055', 'localhost:50062']
[dc1_node1] Coordinator NOT in preference list, forwarding only
[dc1_node1] W-quorum achieved (2 writes), returning to client
[dc1_node1] Background replication continues for remaining nodes
[dc1_node1] Successful writes: 3/3
[dc1_node1] Replicated to localhost:50055
[dc1_node1] Replicated to localhost:50064
[dc1_node1] Client GET: key='item:0022'
[dc1_node1] Preference list for 'item:0022': ['localhost:50066', 'localhost:50057', 'localhost:50059']
[dc1_node1] Reading from first 2 nodes in preference list
[dc1_node1] Replicated to localhost:50062
[dc1_node1] W-quorum achieved (2 writes), returning to client
[dc1_node1] Background replication continues for remaining nodes
[dc1_node1] Successful writes: 3/3
[dc1_node1] CONFLICT: 40 sibling versions for 'item:0022'
[dc1_node1] Client GET: key='item:0075'
[dc1_node1] Preference list for 'item:0075': ['localhost:50059', 'localhost:50065', 'localhost:50060']
[dc1_node1] Reading from first 2 nodes in preference list
[dc1_node1] CONFLICT: 40 sibling versions for 'item:0075'
[dc1_node1] Retrieved key='item:0095', versions=19
[dc1_node1] Internal PUT (replication): key='item:0095'
[dc1_node1] CONFLICT detected for key='item:0095', siblings=20
[dc1_node1] Saved 8 keys to disk
[dc1_node1] Client GET: key='item:0002'
[dc1_node1] Preference list for 'item:0002': ['localhost:50066', 'localhost:50058', 'localhost:50053']
[dc1_node1] Reading from first 2 nodes in preference list
[dc1_node1] Retrieved key='item:0079', versions=20
[dc1_node1] CONFLICT: 40 sibling versions for 'item:0002'
[dc1_node1] Internal PUT (replication): key='item:0080'
[dc1_node1] CONFLICT detected for key='item:0080', siblings=20
[dc1_node1] Saved 8 keys to disk
[dc1_node1] Internal PUT (replication): key='item:0080'
[dc1_node1] CONFLICT detected for key='item:0080', siblings=20
[dc1_node1] Saved 8 keys to disk
[dc1_node1] Client GET: key='item:0085'
[dc1_node1] Preference list for 'item:0085': ['localhost:50060', 'localhost:50061', 'localhost:50053']
[dc1_node1] Reading from first 2 nodes in preference list
[dc1_node1] CONFLICT: 38 sibling versions for 'item:0085'
[dc1_node1] Retrieved key='item:0031', versions=20
[dc1_node1] Client PUT: key='item:0080', value='stress_7_519'
[dc1_node1] Preference list for 'item:0080': ['localhost:50056', 'localhost:50067', 'localhost:50051']
[dc1_node1] CONFLICT detected for key='item:0080', siblings=20
[dc1_node1] Saved 8 keys to disk
[dc1_node1] Coordinator IS in preference list, stored locally
[dc1_node1] Replicated to localhost:50067
[dc1_node1] Replicated to localhost:50056
[dc1_node1] W-quorum achieved (2 writes), returning to client
[dc1_node1] Background replication continues for remaining nodes
[dc1_node1] Successful writes: 3/3
[dc1_node1] Client GET: key='item:0012'
[dc1_node1] Preference list for 'item:0012': ['localhost:50069', 'localhost:50057', 'localhost:50065']
[dc1_node1] Reading from first 2 nodes in preference list
[dc1_node1] CONFLICT: 40 sibling versions for 'item:0012'
[dc1_node1] Internal PUT (replication): key='item:0054'
[dc1_node1] CONFLICT detected for key='item:0054', siblings=19
[dc1_node1] Saved 8 keys to disk
[dc1_node1] Client GET: key='item:0086'
[dc1_node1] Preference list for 'item:0086': ['localhost:50056', 'localhost:50067', 'localhost:50055']
[dc1_node1] Reading from first 2 nodes in preference list
[dc1_node1] Client PUT: key='item:0014', value='stress_3_511'
[dc1_node1] Preference list for 'item:0014': ['localhost:50061', 'localhost:50055', 'localhost:50069']
[dc1_node1] Coordinator NOT in preference list, forwarding only
[dc1_node1] CONFLICT: 40 sibling versions for 'item:0086'
[dc1_node1] Replicated to localhost:50061
[dc1_node1] Replicated to localhost:50055
[dc1_node1] Replicated to localhost:50069
[dc1_node1] Internal PUT (replication): key='item:0054'
[dc1_node1] CONFLICT detected for key='item:0054', siblings=19
[dc1_node1] W-quorum achieved (2 writes), returning to client
[dc1_node1] Background replication continues for remaining nodes
[dc1_node1] Successful writes: 3/3
[dc1_node1] Saved 8 keys to disk
[dc1_node1] Retrieved key='item:0031', versions=20
[dc1_node1] Retrieved key='item:0063', versions=20
[dc1_node1] Retrieved key='item:0095', versions=20
[dc1_node1] Retrieved key='item:0079', versions=20
[dc1_node1] Internal PUT (replication): key='item:0063'
[dc1_node1] CONFLICT detected for key='item:0063', siblings=20
[dc1_node1] Saved 8 keys to disk
[dc1_node1] Retrieved key='item:0079', versions=20
[dc1_node1] Client PUT: key='item:0052', value='stress_0_516'
[dc1_node1] Preference list for 'item:0052': ['localhost:50057', 'localhost:50062', 'localhost:50056']
[dc1_node1] Coordinator NOT in preference list, forwarding only
[dc1_node1] Replicated to localhost:50056
[dc1_node1] Replicated to localhost:50057
[dc1_node1] Replicated to localhost:50062
[dc1_node1] Client PUT: key='item:0044', value='stress_6_528'
[dc1_node1] Preference list for 'item:0044': ['localhost:50055', 'localhost:50068', 'localhost:50060']
[dc1_node1] Coordinator NOT in preference list, forwarding only
[dc1_node1] W-quorum achieved (2 writes), returning to client
[dc1_node1] Background replication continues for remaining nodes
[dc1_node1] Successful writes: 3/3
[dc1_node1] Replicated to localhost:50068
[dc1_node1] Replicated to localhost:50055
[dc1_node1] Replicated to localhost:50060
[dc1_node1] W-quorum achieved (2 writes), returning to client
[dc1_node1] Background replication continues for remaining nodes
[dc1_node1] Successful writes: 3/3
[dc1_node1] Client PUT: key='item:0052', value='stress_6_529'
[dc1_node1] Preference list for 'item:0052': ['localhost:50057', 'localhost:50062', 'localhost:50056']
[dc1_node1] Coordinator NOT in preference list, forwarding only
[dc1_node1] Replicated to localhost:50057
[dc1_node1] Replicated to localhost:50062
[dc1_node1] Replicated to localhost:50056
[dc1_node1] W-quorum achieved (2 writes), returning to client
[dc1_node1] Background replication continues for remaining nodes
[dc1_node1] Successful writes: 3/3
[dc1_node1] Internal PUT (replication): key='item:0080'
[dc1_node1] CONFLICT detected for key='item:0080', siblings=20
[dc1_node1] Saved 8 keys to disk
[dc1_node1] Retrieved key='item:0031', versions=20
[dc1_node1] Client PUT: key='item:0058', value='stress_7_535'
[dc1_node1] Preference list for 'item:0058': ['localhost:50070', 'localhost:50058', 'localhost:50060']
[dc1_node1] Coordinator NOT in preference list, forwarding only
[dc1_node1] Replicated to localhost:50070
[dc1_node1] Replicated to localhost:50058
[dc1_node1] Replicated to localhost:50060
[dc1_node1] Internal PUT (replication): key='item:0095'
[dc1_node1] CONFLICT detected for key='item:0095', siblings=20
[dc1_node1] W-quorum achieved (2 writes), returning to client
[dc1_node1] Background replication continues for remaining nodes
[dc1_node1] Successful writes: 3/3
[dc1_node1] Saved 8 keys to disk
[dc1_node1] Retrieved key='item:0095', versions=20
[dc1_node1] Client PUT: key='item:0000', value='stress_1_531'
[dc1_node1] Preference list for 'item:0000': ['localhost:50066', 'localhost:50057', 'localhost:50053']
[dc1_node1] Coordinator NOT in preference list, forwarding only
[dc1_node1] Internal PUT (replication): key='item:0054'
[dc1_node1] CONFLICT detected for key='item:0054', siblings=19
[dc1_node1] Saved 8 keys to disk
[dc1_node1] Replicated to localhost:50057
[dc1_node1] Retrieved key='item:0095', versions=20
[dc1_node1] Replicated to localhost:50066
[dc1_node1] Replicated to localhost:50053
[dc1_node1] W-quorum achieved (2 writes), returning to client
[dc1_node1] Background replication continues for remaining nodes
[dc1_node1] Successful writes: 3/3
[dc1_node1] Internal PUT (replication): key='item:0063'
[dc1_node1] CONFLICT detected for key='item:0063', siblings=20
[dc1_node1] Saved 8 keys to disk
[dc1_node1] Internal PUT (replication): key='item:0025'
[dc1_node1] CONFLICT detected for key='item:0025', siblings=18
[dc1_node1] Internal PUT (replication): key='item:0054'
[dc1_node1] Saved 8 keys to disk
[dc1_node1] CONFLICT detected for key='item:0054', siblings=19
[dc1_node1] Client PUT: key='item:0020', value='stress_0_533'
[dc1_node1] Preference list for 'item:0020': ['localhost:50052', 'localhost:50061', 'localhost:50065']
[dc1_node1] Coordinator NOT in preference list, forwarding only
[dc1_node1] Saved 8 keys to disk
[dc1_node1] Replicated to localhost:50065
[dc1_node1] Replicated to localhost:50061
[dc1_node1] Replicated to localhost:50052
[dc1_node1] Internal PUT (replication): key='item:0063'
[dc1_node1] CONFLICT detected for key='item:0063', siblings=20
[dc1_node1] Saved 8 keys to disk
[dc1_node1] W-quorum achieved (2 writes), returning to client
[dc1_node1] Background replication continues for remaining nodes
[dc1_node1] Successful writes: 3/3
[dc1_node1] Client PUT: key='item:0029', value='stress_9_551'
[dc1_node1] Preference list for 'item:0029': ['localhost:50062', 'localhost:50058', 'localhost:50069']
[dc1_node1] Coordinator NOT in preference list, forwarding only
[dc1_node1] Replicated to localhost:50069
[dc1_node1] Replicated to localhost:50062
[dc1_node1] Replicated to localhost:50058
[dc1_node1] W-quorum achieved (2 writes), returning to client
[dc1_node1] Background replication continues for remaining nodes
[dc1_node1] Successful writes: 3/3
[dc1_node1] Internal PUT (replication): key='item:0025'
[dc1_node1] CONFLICT detected for key='item:0025', siblings=18
[dc1_node1] Saved 8 keys to disk
[dc1_node1] Client GET: key='item:0014'
[dc1_node1] Preference list for 'item:0014': ['localhost:50061', 'localhost:50055', 'localhost:50069']
[dc1_node1] Reading from first 2 nodes in preference list
[dc1_node1] Client PUT: key='item:0081', value='stress_2_536'
[dc1_node1] Preference list for 'item:0081': ['localhost:50066', 'localhost:50060', 'localhost:50055']
[dc1_node1] Coordinator NOT in preference list, forwarding only
[dc1_node1] CONFLICT: 40 sibling versions for 'item:0014'
[dc1_node1] Replicated to localhost:50066
[dc1_node1] Replicated to localhost:50060
[dc1_node1] Replicated to localhost:50055
[dc1_node1] Client PUT: key='item:0007', value='stress_1_543'
[dc1_node1] Preference list for 'item:0007': ['localhost:50065', 'localhost:50059', 'localhost:50070']
[dc1_node1] Coordinator NOT in preference list, forwarding only
[dc1_node1] W-quorum achieved (2 writes), returning to client
[dc1_node1] Background replication continues for remaining nodes
[dc1_node1] Successful writes: 3/3
[dc1_node1] Replicated to localhost:50065
[dc1_node1] Replicated to localhost:50059
[dc1_node1] Replicated to localhost:50070
[dc1_node1] Internal PUT (replication): key='item:0031'
[dc1_node1] CONFLICT detected for key='item:0031', siblings=20
[dc1_node1] Saved 8 keys to disk
[dc1_node1] Client PUT: key='item:0000', value='stress_2_538'
[dc1_node1] Preference list for 'item:0000': ['localhost:50066', 'localhost:50057', 'localhost:50053']
[dc1_node1] Coordinator NOT in preference list, forwarding only
[dc1_node1] W-quorum achieved (2 writes), returning to client
[dc1_node1] Background replication continues for remaining nodes
[dc1_node1] Successful writes: 3/3
[dc1_node1] Replicated to localhost:50066
[dc1_node1] Replicated to localhost:50057
[dc1_node1] Replicated to localhost:50053
[dc1_node1] W-quorum achieved (2 writes), returning to client
[dc1_node1] Background replication continues for remaining nodes
[dc1_node1] Successful writes: 3/3
[dc1_node1] Retrieved key='item:0031', versions=20
[dc1_node1] Client GET: key='item:0084'
[dc1_node1] Preference list for 'item:0084': ['localhost:50065', 'localhost:50058', 'localhost:50061']
[dc1_node1] Reading from first 2 nodes in preference list
[dc1_node1] CONFLICT: 40 sibling versions for 'item:0084'
[dc1_node1] Retrieved key='item:0079', versions=20
[dc1_node1] Client GET: key='item:0060'
[dc1_node1] Preference list for 'item:0060': ['localhost:50054', 'localhost:50061', 'localhost:50064']
[dc1_node1] Reading from first 2 nodes in preference list
[dc1_node1] Internal PUT (replication): key='item:0080'
[dc1_node1] CONFLICT detected for key='item:0080', siblings=20
[dc1_node1] Internal PUT (replication): key='item:0095'
[dc1_node1] Saved 8 keys to disk
[dc1_node1] CONFLICT detected for key='item:0095', siblings=20
[dc1_node1] CONFLICT: 40 sibling versions for 'item:0060'
[dc1_node1] Saved 8 keys to disk
[dc1_node1] Internal PUT (replication): key='item:0054'
[dc1_node1] CONFLICT detected for key='item:0054', siblings=19
[dc1_node1] Saved 8 keys to disk
[dc1_node1] Internal PUT (replication): key='item:0025'
[dc1_node1] CONFLICT detected for key='item:0025', siblings=19
[dc1_node1] Saved 8 keys to disk
[dc1_node1] Client PUT: key='item:0096', value='stress_7_559'
[dc1_node1] Preference list for 'item:0096': ['localhost:50070', 'localhost:50058', 'localhost:50060']
[dc1_node1] Coordinator NOT in preference list, forwarding only
[dc1_node1] Replicated to localhost:50070
[dc1_node1] Internal PUT (replication): key='item:0079'
[dc1_node1] CONFLICT detected for key='item:0079', siblings=20
[dc1_node1] Saved 8 keys to disk
[dc1_node1] Replicated to localhost:50058
[dc1_node1] Replicated to localhost:50060
[dc1_node1] W-quorum achieved (2 writes), returning to client
[dc1_node1] Background replication continues for remaining nodes
[dc1_node1] Successful writes: 3/3
[dc1_node1] Internal PUT (replication): key='item:0063'
[dc1_node1] CONFLICT detected for key='item:0063', siblings=20
[dc1_node1] Saved 8 keys to disk
[dc1_node1] Client PUT: key='item:0045', value='stress_4_540'
[dc1_node1] Preference list for 'item:0045': ['localhost:50059', 'localhost:50063', 'localhost:50062']
[dc1_node1] Coordinator NOT in preference list, forwarding only
[dc1_node1] Replicated to localhost:50059
[dc1_node1] Replicated to localhost:50063
[dc1_node1] Replicated to localhost:50062
[dc1_node1] Internal PUT (replication): key='item:0025'
[dc1_node1] CONFLICT detected for key='item:0025', siblings=19
[dc1_node1] Saved 8 keys to disk
[dc1_node1] W-quorum achieved (2 writes), returning to client
[dc1_node1] Background replication continues for remaining nodes
[dc1_node1] Successful writes: 3/3
[dc1_node1] Internal PUT (replication): key='item:0080'
[dc1_node1] CONFLICT detected for key='item:0080', siblings=20
[dc1_node1] Saved 8 keys to disk
[dc1_node1] Client PUT: key='item:0035', value='stress_7_563'
[dc1_node1] Preference list for 'item:0035': ['localhost:50054', 'localhost:50068', 'localhost:50060']
[dc1_node1] Coordinator NOT in preference list, forwarding only
[dc1_node1] Internal PUT (replication): key='item:0031'
[dc1_node1] CONFLICT detected for key='item:0031', siblings=20
[dc1_node1] Saved 8 keys to disk
[dc1_node1] Replicated to localhost:50068
[dc1_node1] Replicated to localhost:50054
[dc1_node1] Replicated to localhost:50060
[dc1_node1] W-quorum achieved (2 writes), returning to client
[dc1_node1] Background replication continues for remaining nodes
[dc1_node1] Successful writes: 3/3
[dc1_node1] Client GET: key='item:0027'
[dc1_node1] Preference list for 'item:0027': ['localhost:50067', 'localhost:50058', 'localhost:50052']
[dc1_node1] Reading from first 2 nodes in preference list
[dc1_node1] Internal PUT (replication): key='item:0095'
[dc1_node1] CONFLICT detected for key='item:0095', siblings=20
[dc1_node1] Saved 8 keys to disk
[dc1_node1] CONFLICT: 40 sibling versions for 'item:0027'
[dc1_node1] Client GET: key='item:0003'
[dc1_node1] Preference list for 'item:0003': ['localhost:50058', 'localhost:50069', 'localhost:50062']
[dc1_node1] Reading from first 2 nodes in preference list
[dc1_node1] CONFLICT: 38 sibling versions for 'item:0003'
[dc1_node1] Client PUT: key='item:0089', value='stress_0_558'
[dc1_node1] Preference list for 'item:0089': ['localhost:50064', 'localhost:50058', 'localhost:50069']
[dc1_node1] Coordinator NOT in preference list, forwarding only
[dc1_node1] Client PUT: key='item:0068', value='stress_5_562'
[dc1_node1] Preference list for 'item:0068': ['localhost:50067', 'localhost:50052', 'localhost:50062']
[dc1_node1] Coordinator NOT in preference list, forwarding only
[dc1_node1] Replicated to localhost:50064
[dc1_node1] Client PUT: key='item:0028', value='stress_4_546'
[dc1_node1] Preference list for 'item:0028': ['localhost:50069', 'localhost:50060', 'localhost:50057']
[dc1_node1] Coordinator NOT in preference list, forwarding only
[dc1_node1] Replicated to localhost:50052
[dc1_node1] Replicated to localhost:50069
[dc1_node1] Replicated to localhost:50067
[dc1_node1] W-quorum achieved (2 writes), returning to client
[dc1_node1] Background replication continues for remaining nodes
[dc1_node1] Successful writes: 2/3
[dc1_node1] Replicated to localhost:50058
[dc1_node1] Replicated to localhost:50057
[dc1_node1] Replicated to localhost:50069
[dc1_node1] Replicated to localhost:50062
[dc1_node1] Replicated to localhost:50060
[dc1_node1] Internal PUT (replication): key='item:0025'
[dc1_node1] CONFLICT detected for key='item:0025', siblings=19
[dc1_node1] Saved 8 keys to disk
[dc1_node1] W-quorum achieved (2 writes), returning to client
[dc1_node1] Background replication continues for remaining nodes
[dc1_node1] Successful writes: 3/3
[dc1_node1] W-quorum achieved (2 writes), returning to client
[dc1_node1] Background replication continues for remaining nodes
[dc1_node1] Successful writes: 3/3
[dc1_node1] Retrieved key='item:0063', versions=20
[dc1_node1] Client GET: key='item:0088'
[dc1_node1] Preference list for 'item:0088': ['localhost:50065', 'localhost:50058', 'localhost:50061']
[dc1_node1] Reading from first 2 nodes in preference list
[dc1_node1] CONFLICT: 40 sibling versions for 'item:0088'
[dc1_node1] Client GET: key='item:0068'
[dc1_node1] Preference list for 'item:0068': ['localhost:50067', 'localhost:50052', 'localhost:50062']
[dc1_node1] Reading from first 2 nodes in preference list
[dc1_node1] Internal PUT (replication): key='item:0063'
[dc1_node1] CONFLICT detected for key='item:0063', siblings=20
[dc1_node1] Internal PUT (replication): key='item:0042'
[dc1_node1] Saved 8 keys to disk
[dc1_node1] CONFLICT detected for key='item:0042', siblings=20
[dc1_node1] CONFLICT: 40 sibling versions for 'item:0068'
[dc1_node1] Saved 8 keys to disk
[dc1_node1] Client PUT: key='item:0024', value='stress_2_565'
[dc1_node1] Preference list for 'item:0024': ['localhost:50061', 'localhost:50053', 'localhost:50062']
[dc1_node1] Coordinator NOT in preference list, forwarding only
[dc1_node1] Replicated to localhost:50053
[dc1_node1] Replicated to localhost:50061
[dc1_node1] W-quorum achieved (2 writes), returning to client
[dc1_node1] Background replication continues for remaining nodes
[dc1_node1] Successful writes: 2/3
[dc1_node1] Replicated to localhost:50062
[dc1_node1] Client GET: key='item:0057'
[dc1_node1] Preference list for 'item:0057': ['localhost:50067', 'localhost:50059', 'localhost:50061']
[dc1_node1] Reading from first 2 nodes in preference list
[dc1_node1] Client GET: key='item:0087'
[dc1_node1] Preference list for 'item:0087': ['localhost:50052', 'localhost:50061', 'localhost:50063']
[dc1_node1] Reading from first 2 nodes in preference list
[dc1_node1] CONFLICT: 40 sibling versions for 'item:0057'
[dc1_node1] Internal PUT (replication): key='item:0042'
[dc1_node1] CONFLICT detected for key='item:0042', siblings=20
[dc1_node1] CONFLICT: 38 sibling versions for 'item:0087'
[dc1_node1] Saved 8 keys to disk
[dc1_node1] Client PUT: key='item:0006', value='stress_6_574'
[dc1_node1] Preference list for 'item:0006': ['localhost:50062', 'localhost:50053', 'localhost:50070']
[dc1_node1] Coordinator NOT in preference list, forwarding only
[dc1_node1] Client PUT: key='item:0007', value='stress_1_570'
[dc1_node1] Preference list for 'item:0007': ['localhost:50065', 'localhost:50059', 'localhost:50070']
[dc1_node1] Coordinator NOT in preference list, forwarding only
[dc1_node1] Client GET: key='item:0014'
[dc1_node1] Preference list for 'item:0014': ['localhost:50061', 'localhost:50055', 'localhost:50069']
[dc1_node1] Reading from first 2 nodes in preference list
[dc1_node1] Replicated to localhost:50053
[dc1_node1] CONFLICT: 40 sibling versions for 'item:0014'
[dc1_node1] Replicated to localhost:50065
[dc1_node1] Replicated to localhost:50070
[dc1_node1] Replicated to localhost:50062
[dc1_node1] W-quorum achieved (2 writes), returning to client
[dc1_node1] Background replication continues for remaining nodes
[dc1_node1] Successful writes: 3/3
[dc1_node1] Replicated to localhost:50059
[dc1_node1] Internal PUT (replication): key='item:0031'
[dc1_node1] CONFLICT detected for key='item:0031', siblings=20
[dc1_node1] Client GET: key='item:0041'
[dc1_node1] Preference list for 'item:0041': ['localhost:50069', 'localhost:50059', 'localhost:50064']
[dc1_node1] Reading from first 2 nodes in preference list
[dc1_node1] Saved 8 keys to disk
[dc1_node1] Replicated to localhost:50070
[dc1_node1] W-quorum achieved (2 writes), returning to client
[dc1_node1] Background replication continues for remaining nodes
[dc1_node1] Successful writes: 3/3
[dc1_node1] Client PUT: key='item:0007', value='stress_0_571'
[dc1_node1] Preference list for 'item:0007': ['localhost:50065', 'localhost:50059', 'localhost:50070']
[dc1_node1] Coordinator NOT in preference list, forwarding only
[dc1_node1] CONFLICT: 38 sibling versions for 'item:0041'
[dc1_node1] Internal PUT (replication): key='item:0054'
[dc1_node1] CONFLICT detected for key='item:0054', siblings=19
[dc1_node1] Saved 8 keys to disk
[dc1_node1] Replicated to localhost:50059
[dc1_node1] Replicated to localhost:50065
[dc1_node1] Replicated to localhost:50070
[dc1_node1] W-quorum achieved (2 writes), returning to client
[dc1_node1] Background replication continues for remaining nodes
[dc1_node1] Successful writes: 3/3
[dc1_node1] Retrieved key='item:0079', versions=20
[dc1_node1] Retrieved key='item:0095', versions=20
[dc1_node1] Internal PUT (replication): key='item:0095'
[dc1_node1] CONFLICT detected for key='item:0095', siblings=20
[dc1_node1] Saved 8 keys to disk
[dc1_node1] Internal PUT (replication): key='item:0054'
[dc1_node1] CONFLICT detected for key='item:0054', siblings=19
[dc1_node1] Saved 8 keys to disk
[dc1_node1] Internal PUT (replication): key='item:0095'
[dc1_node1] CONFLICT detected for key='item:0095', siblings=20
[dc1_node1] Saved 8 keys to disk
[dc1_node1] Internal PUT (replication): key='item:0063'
[dc1_node1] CONFLICT detected for key='item:0063', siblings=20
[dc1_node1] Saved 8 keys to disk
[dc1_node1] Retrieved key='item:0079', versions=20
[dc1_node1] Internal PUT (replication): key='item:0025'
[dc1_node1] CONFLICT detected for key='item:0025', siblings=19
[dc1_node1] Saved 8 keys to disk
[dc1_node1] Client GET: key='item:0013'
[dc1_node1] Preference list for 'item:0013': ['localhost:50060', 'localhost:50070', 'localhost:50057']
[dc1_node1] Reading from first 2 nodes in preference list
[dc1_node1] CONFLICT: 40 sibling versions for 'item:0013'
[dc1_node1] Retrieved key='item:0063', versions=20
[dc1_node1] Client PUT: key='item:0058', value='stress_8_593'
[dc1_node1] Preference list for 'item:0058': ['localhost:50070', 'localhost:50058', 'localhost:50060']
[dc1_node1] Coordinator NOT in preference list, forwarding only
[dc1_node1] Internal PUT (replication): key='item:0031'
[dc1_node1] CONFLICT detected for key='item:0031', siblings=20
[dc1_node1] Saved 8 keys to disk
[dc1_node1] Replicated to localhost:50070
[dc1_node1] Replicated to localhost:50058
[dc1_node1] Retrieved key='item:0095', versions=20
[dc1_node1] Replicated to localhost:50060
[dc1_node1] W-quorum achieved (2 writes), returning to client
[dc1_node1] Background replication continues for remaining nodes
[dc1_node1] Successful writes: 3/3
[dc1_node1] Internal PUT (replication): key='item:0042'
[dc1_node1] CONFLICT detected for key='item:0042', siblings=20
[dc1_node1] Saved 8 keys to disk
[dc1_node1] Internal PUT (replication): key='item:0031'
[dc1_node1] CONFLICT detected for key='item:0031', siblings=20
[dc1_node1] Saved 8 keys to disk
[dc1_node1] Retrieved key='item:0063', versions=20
[dc1_node1] Internal PUT (replication): key='item:0080'
[dc1_node1] CONFLICT detected for key='item:0080', siblings=20
[dc1_node1] Saved 8 keys to disk
[dc1_node1] Internal PUT (replication): key='item:0025'
[dc1_node1] CONFLICT detected for key='item:0025', siblings=19
[dc1_node1] Saved 8 keys to disk
[dc1_node1] Internal PUT (replication): key='item:0080'
[dc1_node1] CONFLICT detected for key='item:0080', siblings=20
[dc1_node1] Client PUT: key='item:0061', value='stress_2_592'
[dc1_node1] Preference list for 'item:0061': ['localhost:50056', 'localhost:50062', 'localhost:50052']
[dc1_node1] Coordinator NOT in preference list, forwarding only
[dc1_node1] Saved 8 keys to disk
[dc1_node1] Replicated to localhost:50056
[dc1_node1] Replicated to localhost:50062
[dc1_node1] Replicated to localhost:50052
[dc1_node1] W-quorum achieved (2 writes), returning to client
[dc1_node1] Background replication continues for remaining nodes
[dc1_node1] Successful writes: 3/3
[dc1_node1] Client PUT: key='item:0097', value='stress_8_602'
[dc1_node1] Preference list for 'item:0097': ['localhost:50060', 'localhost:50064', 'localhost:50052']
[dc1_node1] Coordinator NOT in preference list, forwarding only
[dc1_node1] Replicated to localhost:50064
[dc1_node1] Replicated to localhost:50052
[dc1_node1] Replicated to localhost:50060
[dc1_node1] W-quorum achieved (2 writes), returning to client
[dc1_node1] Background replication continues for remaining nodes
[dc1_node1] Successful writes: 3/3
[dc1_node1] Internal PUT (replication): key='item:0025'
[dc1_node1] CONFLICT detected for key='item:0025', siblings=19
[dc1_node1] Saved 8 keys to disk
[dc1_node1] Internal PUT (replication): key='item:0042'
[dc1_node1] CONFLICT detected for key='item:0042', siblings=20
[dc1_node1] Saved 8 keys to disk
[dc1_node1] Retrieved key='item:0031', versions=20
[dc1_node1] Retrieved key='item:0079', versions=20
[dc1_node1] Internal PUT (replication): key='item:0080'
[dc1_node1] CONFLICT detected for key='item:0080', siblings=20
[dc1_node1] Internal PUT (replication): key='item:0063'
[dc1_node1] Saved 8 keys to disk
[dc1_node1] CONFLICT detected for key='item:0063', siblings=20
[dc1_node1] Saved 8 keys to disk
[dc1_node1] Retrieved key='item:0095', versions=20
[dc1_node1] Internal PUT (replication): key='item:0031'
[dc1_node1] CONFLICT detected for key='item:0031', siblings=20
[dc1_node1] Saved 8 keys to disk
[dc1_node1] Client GET: key='item:0015'
[dc1_node1] Preference list for 'item:0015': ['localhost:50052', 'localhost:50065', 'localhost:50068']
[dc1_node1] Reading from first 2 nodes in preference list
[dc1_node1] CONFLICT: 40 sibling versions for 'item:0015'
[dc1_node1] Internal PUT (replication): key='item:0063'
[dc1_node1] CONFLICT detected for key='item:0063', siblings=20
[dc1_node1] Saved 8 keys to disk
[dc1_node1] Retrieved key='item:0063', versions=20
[dc1_node1] Internal PUT (replication): key='item:0025'
[dc1_node1] CONFLICT detected for key='item:0025', siblings=19
[dc1_node1] Saved 8 keys to disk
[dc1_node1] Client PUT: key='item:0098', value='stress_3_603'
[dc1_node1] Preference list for 'item:0098': ['localhost:50055', 'localhost:50064', 'localhost:50067']
[dc1_node1] Coordinator NOT in preference list, forwarding only
[dc1_node1] Client PUT: key='item:0054', value='stress_9_621'
[dc1_node1] Preference list for 'item:0054': ['localhost:50060', 'localhost:50067', 'localhost:50051']
[dc1_node1] CONFLICT detected for key='item:0054', siblings=19
[dc1_node1] Replicated to localhost:50055
[dc1_node1] Replicated to localhost:50064
[dc1_node1] Saved 8 keys to disk
[dc1_node1] Coordinator IS in preference list, stored locally
[dc1_node1] Replicated to localhost:50067
[dc1_node1] Replicated to localhost:50060
[dc1_node1] W-quorum achieved (2 writes), returning to client
[dc1_node1] Background replication continues for remaining nodes
[dc1_node1] Successful writes: 3/3
[dc1_node1] W-quorum achieved (2 writes), returning to client
[dc1_node1] Background replication continues for remaining nodes
[dc1_node1] Successful writes: 2/3
[dc1_node1] Replicated to localhost:50067
[dc1_node1] Client GET: key='item:0041'
[dc1_node1] Preference list for 'item:0041': ['localhost:50069', 'localhost:50059', 'localhost:50064']
[dc1_node1] Reading from first 2 nodes in preference list
[dc1_node1] CONFLICT: 38 sibling versions for 'item:0041'
[dc1_node1] Internal PUT (replication): key='item:0079'
[dc1_node1] CONFLICT detected for key='item:0079', siblings=20
[dc1_node1] Saved 8 keys to disk
[dc1_node1] Client GET: key='item:0057'
[dc1_node1] Preference list for 'item:0057': ['localhost:50067', 'localhost:50059', 'localhost:50061']
[dc1_node1] Reading from first 2 nodes in preference list
[dc1_node1] CONFLICT: 40 sibling versions for 'item:0057'
[dc1_node1] Internal PUT (replication): key='item:0042'
[dc1_node1] CONFLICT detected for key='item:0042', siblings=20
[dc1_node1] Internal PUT (replication): key='item:0031'
[dc1_node1] Saved 8 keys to disk
[dc1_node1] CONFLICT detected for key='item:0031', siblings=20
[dc1_node1] Saved 8 keys to disk
[dc1_node1] Internal PUT (replication): key='item:0031'
[dc1_node1] CONFLICT detected for key='item:0031', siblings=20
[dc1_node1] Saved 8 keys to disk
[dc1_node1] Internal PUT (replication): key='item:0063'
[dc1_node1] CONFLICT detected for key='item:0063', siblings=20
[dc1_node1] Saved 8 keys to disk
[dc1_node1] Retrieved key='item:0063', versions=20
[dc1_node1] Internal PUT (replication): key='item:0080'
[dc1_node1] CONFLICT detected for key='item:0080', siblings=20
[dc1_node1] Saved 8 keys to disk
[dc1_node1] Internal PUT (replication): key='item:0042'
[dc1_node1] CONFLICT detected for key='item:0042', siblings=20
[dc1_node1] Saved 8 keys to disk
[dc1_node1] Client GET: key='item:0001'
[dc1_node1] Preference list for 'item:0001': ['localhost:50067', 'localhost:50057', 'localhost:50060']
[dc1_node1] Reading from first 2 nodes in preference list
[dc1_node1] CONFLICT: 40 sibling versions for 'item:0001'
[dc1_node1] Client GET: key='item:0024'
[dc1_node1] Preference list for 'item:0024': ['localhost:50061', 'localhost:50053', 'localhost:50062']
[dc1_node1] Reading from first 2 nodes in preference list
[dc1_node1] CONFLICT: 40 sibling versions for 'item:0024'
[dc1_node1] Internal PUT (replication): key='item:0042'
[dc1_node1] CONFLICT detected for key='item:0042', siblings=20
[dc1_node1] Saved 8 keys to disk
[dc1_node1] Client PUT: key='item:0098', value='stress_8_623'
[dc1_node1] Preference list for 'item:0098': ['localhost:50055', 'localhost:50064', 'localhost:50067']
[dc1_node1] Coordinator NOT in preference list, forwarding only
[dc1_node1] Replicated to localhost:50064
[dc1_node1] Replicated to localhost:50055
[dc1_node1] Replicated to localhost:50067
[dc1_node1] W-quorum achieved (2 writes), returning to client
[dc1_node1] Background replication continues for remaining nodes
[dc1_node1] Successful writes: 3/3
[dc1_node1] Client PUT: key='item:0050', value='stress_4_612'
[dc1_node1] Preference list for 'item:0050': ['localhost:50053', 'localhost:50061', 'localhost:50052']
[dc1_node1] Coordinator NOT in preference list, forwarding only
[dc1_node1] Retrieved key='item:0063', versions=20
[dc1_node1] Replicated to localhost:50053
[dc1_node1] Replicated to localhost:50061
[dc1_node1] Internal PUT (replication): key='item:0054'
[dc1_node1] CONFLICT detected for key='item:0054', siblings=19
[dc1_node1] Saved 8 keys to disk
[dc1_node1] Replicated to localhost:50052
[dc1_node1] W-quorum achieved (2 writes), returning to client
[dc1_node1] Background replication continues for remaining nodes
[dc1_node1] Successful writes: 3/3
[dc1_node1] Retrieved key='item:0031', versions=20
[dc1_node1] Retrieved key='item:0079', versions=20
[dc1_node1] Internal PUT (replication): key='item:0025'
[dc1_node1] CONFLICT detected for key='item:0025', siblings=19
[dc1_node1] Saved 8 keys to disk
[dc1_node1] Retrieved key='item:0031', versions=20
[dc1_node1] Internal PUT (replication): key='item:0054'
[dc1_node1] CONFLICT detected for key='item:0054', siblings=19
[dc1_node1] Internal PUT (replication): key='item:0031'
[dc1_node1] Saved 8 keys to disk
[dc1_node1] CONFLICT detected for key='item:0031', siblings=20
[dc1_node1] Saved 8 keys to disk
[dc1_node1] Client PUT: key='item:0080', value='stress_6_636'
[dc1_node1] Preference list for 'item:0080': ['localhost:50056', 'localhost:50067', 'localhost:50051']
[dc1_node1] CONFLICT detected for key='item:0080', siblings=20
[dc1_node1] Saved 8 keys to disk
[dc1_node1] Coordinator IS in preference list, stored locally
[dc1_node1] Replicated to localhost:50056
[dc1_node1] Replicated to localhost:50067
[dc1_node1] Internal PUT (replication): key='item:0042'
[dc1_node1] CONFLICT detected for key='item:0042', siblings=20
[dc1_node1] Saved 8 keys to disk
[dc1_node1] W-quorum achieved (2 writes), returning to client
[dc1_node1] Background replication continues for remaining nodes
[dc1_node1] Successful writes: 3/3
[dc1_node1] Client GET: key='item:0030'
[dc1_node1] Preference list for 'item:0030': ['localhost:50070', 'localhost:50056', 'localhost:50058']
[dc1_node1] Reading from first 2 nodes in preference list
[dc1_node1] CONFLICT: 40 sibling versions for 'item:0030'
[dc1_node1] Internal PUT (replication): key='item:0042'
[dc1_node1] CONFLICT detected for key='item:0042', siblings=20
[dc1_node1] Internal PUT (replication): key='item:0080'
[dc1_node1] Saved 8 keys to disk
[dc1_node1] CONFLICT detected for key='item:0080', siblings=20
[dc1_node1] Saved 8 keys to disk
[dc1_node1] Internal PUT (replication): key='item:0042'
[dc1_node1] CONFLICT detected for key='item:0042', siblings=20
[dc1_node1] Saved 8 keys to disk
[dc1_node1] Client GET: key='item:0074'
[dc1_node1] Preference list for 'item:0074': ['localhost:50066', 'localhost:50058', 'localhost:50062']
[dc1_node1] Reading from first 2 nodes in preference list
[dc1_node1] CONFLICT: 40 sibling versions for 'item:0074'
[dc1_node1] Retrieved key='item:0063', versions=20
[dc1_node1] Client GET: key='item:0095'
[dc1_node1] Preference list for 'item:0095': ['localhost:50069', 'localhost:50051', 'localhost:50067']
[dc1_node1] Reading from first 2 nodes in preference list
[dc1_node1] Retrieved key='item:0095', versions=20
[dc1_node1] Read locally (coordinator in preference list)
[dc1_node1] CONFLICT: 40 sibling versions for 'item:0095'
[dc1_node1] Client PUT: key='item:0087', value='stress_8_644'
[dc1_node1] Preference list for 'item:0087': ['localhost:50052', 'localhost:50061', 'localhost:50063']
[dc1_node1] Coordinator NOT in preference list, forwarding only
[dc1_node1] Client PUT: key='item:0003', value='stress_0_643'
[dc1_node1] Preference list for 'item:0003': ['localhost:50058', 'localhost:50069', 'localhost:50062']
[dc1_node1] Coordinator NOT in preference list, forwarding only
[dc1_node1] Replicated to localhost:50061
[dc1_node1] Client GET: key='item:0073'
[dc1_node1] Preference list for 'item:0073': ['localhost:50067', 'localhost:50058', 'localhost:50061']
[dc1_node1] Reading from first 2 nodes in preference list
[dc1_node1] Replicated to localhost:50069
[dc1_node1] Replicated to localhost:50052
[dc1_node1] Replicated to localhost:50063
[dc1_node1] Replicated to localhost:50062
[dc1_node1] W-quorum achieved (2 writes), returning to client
[dc1_node1] Background replication continues for remaining nodes
[dc1_node1] Successful writes: 3/3
[dc1_node1] W-quorum achieved (2 writes), returning to client
[dc1_node1] Background replication continues for remaining nodes
[dc1_node1] Successful writes: 2/3
[dc1_node1] Replicated to localhost:50058
[dc1_node1] CONFLICT: 40 sibling versions for 'item:0073'
[dc1_node1] Client GET: key='item:0053'
[dc1_node1] Preference list for 'item:0053': ['localhost:50056', 'localhost:50068', 'localhost:50062']
[dc1_node1] Reading from first 2 nodes in preference list
[dc1_node1] CONFLICT: 40 sibling versions for 'item:0053'
[dc1_node1] Retrieved key='item:0095', versions=20
[dc1_node1] Client PUT: key='item:0061', value='stress_9_656'
[dc1_node1] Preference list for 'item:0061': ['localhost:50056', 'localhost:50062', 'localhost:50052']
[dc1_node1] Coordinator NOT in preference list, forwarding only
[dc1_node1] Client GET: key='item:0001'
[dc1_node1] Preference list for 'item:0001': ['localhost:50067', 'localhost:50057', 'localhost:50060']
[dc1_node1] Reading from first 2 nodes in preference list
[dc1_node1] Replicated to localhost:50052
[dc1_node1] Replicated to localhost:50062
[dc1_node1] CONFLICT: 40 sibling versions for 'item:0001'
[dc1_node1] Replicated to localhost:50056
[dc1_node1] Client PUT: key='item:0094', value='stress_1_644'
[dc1_node1] Preference list for 'item:0094': ['localhost:50060', 'localhost:50066', 'localhost:50055']
[dc1_node1] Coordinator NOT in preference list, forwarding only
[dc1_node1] W-quorum achieved (2 writes), returning to client
[dc1_node1] Background replication continues for remaining nodes
[dc1_node1] Successful writes: 3/3
[dc1_node1] Client PUT: key='item:0058', value='stress_8_650'
[dc1_node1] Preference list for 'item:0058': ['localhost:50070', 'localhost:50058', 'localhost:50060']
[dc1_node1] Coordinator NOT in preference list, forwarding only
[dc1_node1] Internal PUT (replication): key='item:0054'
[dc1_node1] CONFLICT detected for key='item:0054', siblings=20
[dc1_node1] Replicated to localhost:50060
[dc1_node1] Replicated to localhost:50070
[dc1_node1] Saved 8 keys to disk
[dc1_node1] Replicated to localhost:50058
[dc1_node1] Replicated to localhost:50066
[dc1_node1] W-quorum achieved (2 writes), returning to client
[dc1_node1] Background replication continues for remaining nodes
[dc1_node1] Successful writes: 2/3
[dc1_node1] Replicated to localhost:50055
[dc1_node1] Replicated to localhost:50060
[dc1_node1] W-quorum achieved (2 writes), returning to client
[dc1_node1] Background replication continues for remaining nodes
[dc1_node1] Successful writes: 3/3
[dc1_node1] Retrieved key='item:0031', versions=20
[dc1_node1] Client GET: key='item:0039'
[dc1_node1] Preference list for 'item:0039': ['localhost:50070', 'localhost:50054', 'localhost:50068']
[dc1_node1] Reading from first 2 nodes in preference list
[dc1_node1] CONFLICT: 38 sibling versions for 'item:0039'
[dc1_node1] Client GET: key='item:0040'
[dc1_node1] Preference list for 'item:0040': ['localhost:50070', 'localhost:50055', 'localhost:50065']
[dc1_node1] Reading from first 2 nodes in preference list
[dc1_node1] CONFLICT: 40 sibling versions for 'item:0040'
[dc1_node1] Client GET: key='item:0034'
[dc1_node1] Preference list for 'item:0034': ['localhost:50064', 'localhost:50055', 'localhost:50062']
[dc1_node1] Reading from first 2 nodes in preference list
[dc1_node1] Retrieved key='item:0031', versions=20
[dc1_node1] CONFLICT: 38 sibling versions for 'item:0034'
[dc1_node1] Client PUT: key='item:0037', value='stress_1_650'
[dc1_node1] Preference list for 'item:0037': ['localhost:50066', 'localhost:50052', 'localhost:50063']
[dc1_node1] Coordinator NOT in preference list, forwarding only
[dc1_node1] Internal PUT (replication): key='item:0042'
[dc1_node1] CONFLICT detected for key='item:0042', siblings=20
[dc1_node1] Saved 8 keys to disk
[dc1_node1] Replicated to localhost:50052
[dc1_node1] Replicated to localhost:50066
[dc1_node1] Replicated to localhost:50063
[dc1_node1] W-quorum achieved (2 writes), returning to client
[dc1_node1] Background replication continues for remaining nodes
[dc1_node1] Successful writes: 3/3
[dc1_node1] Retrieved key='item:0079', versions=20
[dc1_node1] Client GET: key='item:0089'
[dc1_node1] Preference list for 'item:0089': ['localhost:50064', 'localhost:50058', 'localhost:50069']
[dc1_node1] Reading from first 2 nodes in preference list
[dc1_node1] Client PUT: key='item:0066', value='stress_7_658'
[dc1_node1] Preference list for 'item:0066': ['localhost:50066', 'localhost:50052', 'localhost:50061']
[dc1_node1] Coordinator NOT in preference list, forwarding only
[dc1_node1] Internal PUT (replication): key='item:0079'
[dc1_node1] CONFLICT detected for key='item:0079', siblings=20
[dc1_node1] Saved 8 keys to disk
[dc1_node1] Replicated to localhost:50066
[dc1_node1] CONFLICT: 40 sibling versions for 'item:0089'
[dc1_node1] Replicated to localhost:50052
[dc1_node1] Replicated to localhost:50061
[dc1_node1] W-quorum achieved (2 writes), returning to client
[dc1_node1] Background replication continues for remaining nodes
[dc1_node1] Successful writes: 3/3
[dc1_node1] Internal PUT (replication): key='item:0080'
[dc1_node1] CONFLICT detected for key='item:0080', siblings=20
[dc1_node1] Saved 8 keys to disk
[dc1_node1] Client PUT: key='item:0006', value='stress_3_660'
[dc1_node1] Preference list for 'item:0006': ['localhost:50062', 'localhost:50053', 'localhost:50070']
[dc1_node1] Coordinator NOT in preference list, forwarding only
[dc1_node1] Replicated to localhost:50070
[dc1_node1] Replicated to localhost:50053
[dc1_node1] Replicated to localhost:50062
[dc1_node1] W-quorum achieved (2 writes), returning to client
[dc1_node1] Background replication continues for remaining nodes
[dc1_node1] Successful writes: 3/3
[dc1_node1] Client PUT: key='item:0045', value='stress_2_659'
[dc1_node1] Preference list for 'item:0045': ['localhost:50059', 'localhost:50063', 'localhost:50062']
[dc1_node1] Coordinator NOT in preference list, forwarding only
[dc1_node1] Retrieved key='item:0079', versions=20
[dc1_node1] Replicated to localhost:50063
[dc1_node1] Replicated to localhost:50059
[dc1_node1] Replicated to localhost:50062
[dc1_node1] W-quorum achieved (2 writes), returning to client
[dc1_node1] Background replication continues for remaining nodes
[dc1_node1] Successful writes: 3/3
[dc1_node1] Client GET: key='item:0037'
[dc1_node1] Preference list for 'item:0037': ['localhost:50066', 'localhost:50052', 'localhost:50063']
[dc1_node1] Reading from first 2 nodes in preference list
[dc1_node1] Client GET: key='item:0040'
[dc1_node1] Preference list for 'item:0040': ['localhost:50070', 'localhost:50055', 'localhost:50065']
[dc1_node1] Reading from first 2 nodes in preference list
[dc1_node1] Internal PUT (replication): key='item:0080'
[dc1_node1] CONFLICT detected for key='item:0080', siblings=20
[dc1_node1] CONFLICT: 40 sibling versions for 'item:0037'
[dc1_node1] Saved 8 keys to disk
[dc1_node1] CONFLICT: 40 sibling versions for 'item:0040'
[dc1_node1] Client PUT: key='item:0055', value='stress_3_666'
[dc1_node1] Preference list for 'item:0055': ['localhost:50059', 'localhost:50068', 'localhost:50056']
[dc1_node1] Coordinator NOT in preference list, forwarding only
[dc1_node1] Replicated to localhost:50068
[dc1_node1] Replicated to localhost:50059
[dc1_node1] Replicated to localhost:50056
[dc1_node1] W-quorum achieved (2 writes), returning to client
[dc1_node1] Background replication continues for remaining nodes
[dc1_node1] Successful writes: 3/3
[dc1_node1] Retrieved key='item:0095', versions=20
[dc1_node1] Retrieved key='item:0095', versions=20
[dc1_node1] Client GET: key='item:0032'
[dc1_node1] Preference list for 'item:0032': ['localhost:50063', 'localhost:50055', 'localhost:50064']
[dc1_node1] Reading from first 2 nodes in preference list
[dc1_node1] Internal PUT (replication): key='item:0095'
[dc1_node1] CONFLICT detected for key='item:0095', siblings=20
[dc1_node1] Saved 8 keys to disk
[dc1_node1] CONFLICT: 38 sibling versions for 'item:0032'
[dc1_node1] Client GET: key='item:0075'
[dc1_node1] Preference list for 'item:0075': ['localhost:50059', 'localhost:50065', 'localhost:50060']
[dc1_node1] Reading from first 2 nodes in preference list
[dc1_node1] CONFLICT: 40 sibling versions for 'item:0075'
[dc1_node1] Internal PUT (replication): key='item:0042'
[dc1_node1] CONFLICT detected for key='item:0042', siblings=20
[dc1_node1] Saved 8 keys to disk
[dc1_node1] Internal PUT (replication): key='item:0095'
[dc1_node1] CONFLICT detected for key='item:0095', siblings=20
[dc1_node1] Saved 8 keys to disk
[dc1_node1] Client GET: key='item:0022'
[dc1_node1] Preference list for 'item:0022': ['localhost:50066', 'localhost:50057', 'localhost:50059']
[dc1_node1] Reading from first 2 nodes in preference list
[dc1_node1] Internal PUT (replication): key='item:0031'
[dc1_node1] CONFLICT detected for key='item:0031', siblings=20
[dc1_node1] CONFLICT: 40 sibling versions for 'item:0022'
[dc1_node1] Saved 8 keys to disk
[dc1_node1] Client GET: key='item:0006'
[dc1_node1] Preference list for 'item:0006': ['localhost:50062', 'localhost:50053', 'localhost:50070']
[dc1_node1] Reading from first 2 nodes in preference list
[dc1_node1] Client PUT: key='item:0030', value='stress_0_675'
[dc1_node1] Preference list for 'item:0030': ['localhost:50070', 'localhost:50056', 'localhost:50058']
[dc1_node1] Coordinator NOT in preference list, forwarding only
[dc1_node1] Internal PUT (replication): key='item:0095'
[dc1_node1] CONFLICT detected for key='item:0095', siblings=20
[dc1_node1] Saved 8 keys to disk
[dc1_node1] CONFLICT: 40 sibling versions for 'item:0006'
[dc1_node1] Replicated to localhost:50056
[dc1_node1] Replicated to localhost:50070
[dc1_node1] Replicated to localhost:50058
[dc1_node1] W-quorum achieved (2 writes), returning to client
[dc1_node1] Background replication continues for remaining nodes
[dc1_node1] Successful writes: 3/3
[dc1_node1] Internal PUT (replication): key='item:0079'
[dc1_node1] CONFLICT detected for key='item:0079', siblings=20
[dc1_node1] Saved 8 keys to disk
[dc1_node1] Client GET: key='item:0065'
[dc1_node1] Preference list for 'item:0065': ['localhost:50055', 'localhost:50066', 'localhost:50065']
[dc1_node1] Reading from first 2 nodes in preference list
[dc1_node1] CONFLICT: 40 sibling versions for 'item:0065'
[dc1_node1] Retrieved key='item:0031', versions=20
[dc1_node1] Internal PUT (replication): key='item:0079'
[dc1_node1] CONFLICT detected for key='item:0079', siblings=20
[dc1_node1] Saved 8 keys to disk
[dc1_node1] Internal PUT (replication): key='item:0079'
[dc1_node1] CONFLICT detected for key='item:0079', siblings=20
[dc1_node1] Saved 8 keys to disk
[dc1_node1] Retrieved key='item:0031', versions=20
[dc1_node1] Client GET: key='item:0003'
[dc1_node1] Preference list for 'item:0003': ['localhost:50058', 'localhost:50069', 'localhost:50062']
[dc1_node1] Reading from first 2 nodes in preference list
[dc1_node1] CONFLICT: 38 sibling versions for 'item:0003'
[dc1_node1] Client PUT: key='item:0062', value='stress_7_684'
[dc1_node1] Preference list for 'item:0062': ['localhost:50058', 'localhost:50062', 'localhost:50053']
[dc1_node1] Coordinator NOT in preference list, forwarding only
[dc1_node1] Client GET: key='item:0031'
[dc1_node1] Preference list for 'item:0031': ['localhost:50068', 'localhost:50051', 'localhost:50054']
[dc1_node1] Reading from first 2 nodes in preference list
[dc1_node1] Retrieved key='item:0031', versions=20
[dc1_node1] Read locally (coordinator in preference list)
[dc1_node1] CONFLICT: 40 sibling versions for 'item:0031'
[dc1_node1] Replicated to localhost:50058
[dc1_node1] Replicated to localhost:50062
[dc1_node1] W-quorum achieved (2 writes), returning to client
[dc1_node1] Background replication continues for remaining nodes
[dc1_node1] Successful writes: 2/3
[dc1_node1] Replicated to localhost:50053
[dc1_node1] Client GET: key='item:0033'
[dc1_node1] Preference list for 'item:0033': ['localhost:50058', 'localhost:50063', 'localhost:50062']
[dc1_node1] Reading from first 2 nodes in preference list
[dc1_node1] CONFLICT: 38 sibling versions for 'item:0033'
[dc1_node1] Internal PUT (replication): key='item:0079'
[dc1_node1] CONFLICT detected for key='item:0079', siblings=20
[dc1_node1] Saved 8 keys to disk
[dc1_node1] Internal PUT (replication): key='item:0079'
[dc1_node1] CONFLICT detected for key='item:0079', siblings=20
[dc1_node1] Saved 8 keys to disk
[dc1_node1] Internal PUT (replication): key='item:0079'
[dc1_node1] CONFLICT detected for key='item:0079', siblings=20
[dc1_node1] Saved 8 keys to disk
[dc1_node1] Client PUT: key='item:0051', value='stress_9_706'
[dc1_node1] Preference list for 'item:0051': ['localhost:50059', 'localhost:50064', 'localhost:50055']
[dc1_node1] Coordinator NOT in preference list, forwarding only
[dc1_node1] Client PUT: key='item:0052', value='stress_5_696'
[dc1_node1] Preference list for 'item:0052': ['localhost:50057', 'localhost:50062', 'localhost:50056']
[dc1_node1] Coordinator NOT in preference list, forwarding only
[dc1_node1] Replicated to localhost:50059
[dc1_node1] Client PUT: key='item:0003', value='stress_7_691'
[dc1_node1] Preference list for 'item:0003': ['localhost:50058', 'localhost:50069', 'localhost:50062']
[dc1_node1] Coordinator NOT in preference list, forwarding only
[dc1_node1] Replicated to localhost:50055
[dc1_node1] Replicated to localhost:50057
[dc1_node1] Replicated to localhost:50064
[dc1_node1] Replicated to localhost:50062
[dc1_node1] W-quorum achieved (2 writes), returning to client
[dc1_node1] Background replication continues for remaining nodes
[dc1_node1] Successful writes: 2/3
[dc1_node1] Replicated to localhost:50056
[dc1_node1] Replicated to localhost:50069
[dc1_node1] W-quorum achieved (2 writes), returning to client
[dc1_node1] Background replication continues for remaining nodes
[dc1_node1] Successful writes: 3/3
[dc1_node1] Replicated to localhost:50062
[dc1_node1] W-quorum achieved (2 writes), returning to client
[dc1_node1] Background replication continues for remaining nodes
[dc1_node1] Successful writes: 2/3
[dc1_node1] Replicated to localhost:50058
[dc1_node1] Retrieved key='item:0079', versions=20
[dc1_node1] Client PUT: key='item:0006', value='stress_8_698'
[dc1_node1] Preference list for 'item:0006': ['localhost:50062', 'localhost:50053', 'localhost:50070']
[dc1_node1] Coordinator NOT in preference list, forwarding only
[dc1_node1] Replicated to localhost:50053
[dc1_node1] Replicated to localhost:50070
[dc1_node1] Replicated to localhost:50062
[dc1_node1] Internal PUT (replication): key='item:0080'
[dc1_node1] CONFLICT detected for key='item:0080', siblings=20
[dc1_node1] Saved 8 keys to disk
[dc1_node1] W-quorum achieved (2 writes), returning to client
[dc1_node1] Background replication continues for remaining nodes
[dc1_node1] Successful writes: 3/3
[dc1_node1] Retrieved key='item:0031', versions=20
[dc1_node1] Internal PUT (replication): key='item:0080'
[dc1_node1] CONFLICT detected for key='item:0080', siblings=20
[dc1_node1] Saved 8 keys to disk
[dc1_node1] Internal PUT (replication): key='item:0025'
[dc1_node1] CONFLICT detected for key='item:0025', siblings=19
[dc1_node1] Saved 8 keys to disk
[dc1_node1] Client GET: key='item:0030'
[dc1_node1] Preference list for 'item:0030': ['localhost:50070', 'localhost:50056', 'localhost:50058']
[dc1_node1] Reading from first 2 nodes in preference list
[dc1_node1] CONFLICT: 40 sibling versions for 'item:0030'
[dc1_node1] Client GET: key='item:0068'
[dc1_node1] Preference list for 'item:0068': ['localhost:50067', 'localhost:50052', 'localhost:50062']
[dc1_node1] Reading from first 2 nodes in preference list
[dc1_node1] Internal PUT (replication): key='item:0063'
[dc1_node1] CONFLICT detected for key='item:0063', siblings=20
[dc1_node1] Saved 8 keys to disk
[dc1_node1] CONFLICT: 40 sibling versions for 'item:0068'
[dc1_node1] Client PUT: key='item:0049', value='stress_8_707'
[dc1_node1] Preference list for 'item:0049': ['localhost:50066', 'localhost:50060', 'localhost:50061']
[dc1_node1] Coordinator NOT in preference list, forwarding only
[dc1_node1] Replicated to localhost:50061
[dc1_node1] Replicated to localhost:50066
[dc1_node1] Client GET: key='item:0016'
[dc1_node1] Preference list for 'item:0016': ['localhost:50062', 'localhost:50058', 'localhost:50053']
[dc1_node1] Reading from first 2 nodes in preference list
[dc1_node1] W-quorum achieved (2 writes), returning to client
[dc1_node1] Background replication continues for remaining nodes
[dc1_node1] Successful writes: 2/3
[dc1_node1] Replicated to localhost:50060
[dc1_node1] CONFLICT: 40 sibling versions for 'item:0016'
[dc1_node1] Internal PUT (replication): key='item:0079'
[dc1_node1] CONFLICT detected for key='item:0079', siblings=20
[dc1_node1] Saved 8 keys to disk
[dc1_node1] Internal PUT (replication): key='item:0054'
[dc1_node1] CONFLICT detected for key='item:0054', siblings=20
[dc1_node1] Saved 8 keys to disk
[dc1_node1] Retrieved key='item:0095', versions=20
[dc1_node1] Internal PUT (replication): key='item:0025'
[dc1_node1] CONFLICT detected for key='item:0025', siblings=19
[dc1_node1] Saved 8 keys to disk
[dc1_node1] Client PUT: key='item:0028', value='stress_8_715'
[dc1_node1] Preference list for 'item:0028': ['localhost:50069', 'localhost:50060', 'localhost:50057']
[dc1_node1] Coordinator NOT in preference list, forwarding only
[dc1_node1] Replicated to localhost:50057
[dc1_node1] Replicated to localhost:50060
[dc1_node1] Client PUT: key='item:0044', value='stress_5_717'
[dc1_node1] Preference list for 'item:0044': ['localhost:50055', 'localhost:50068', 'localhost:50060']
[dc1_node1] Coordinator NOT in preference list, forwarding only
[dc1_node1] Replicated to localhost:50069
[dc1_node1] Internal PUT (replication): key='item:0080'
[dc1_node1] CONFLICT detected for key='item:0080', siblings=20
[dc1_node1] W-quorum achieved (2 writes), returning to client
[dc1_node1] Background replication continues for remaining nodes
[dc1_node1] Successful writes: 3/3
[dc1_node1] Saved 8 keys to disk
[dc1_node1] Replicated to localhost:50055
[dc1_node1] Replicated to localhost:50068
[dc1_node1] Replicated to localhost:50060
[dc1_node1] Retrieved key='item:0031', versions=20
[dc1_node1] W-quorum achieved (2 writes), returning to client
[dc1_node1] Background replication continues for remaining nodes
[dc1_node1] Successful writes: 3/3
[dc1_node1] Internal PUT (replication): key='item:0031'
[dc1_node1] CONFLICT detected for key='item:0031', siblings=20
[dc1_node1] Saved 8 keys to disk
[dc1_node1] Client GET: key='item:0025'
[dc1_node1] Preference list for 'item:0025': ['localhost:50059', 'localhost:50067', 'localhost:50051']
[dc1_node1] Reading from first 2 nodes in preference list
[dc1_node1] CONFLICT: 38 sibling versions for 'item:0025'
[dc1_node1] Internal PUT (replication): key='item:0079'
[dc1_node1] CONFLICT detected for key='item:0079', siblings=20
[dc1_node1] Saved 8 keys to disk
[dc1_node1] Internal PUT (replication): key='item:0080'
[dc1_node1] CONFLICT detected for key='item:0080', siblings=20
[dc1_node1] Internal PUT (replication): key='item:0080'
[dc1_node1] Saved 8 keys to disk
[dc1_node1] CONFLICT detected for key='item:0080', siblings=20
[dc1_node1] Client PUT: key='item:0069', value='stress_9_727'
[dc1_node1] Preference list for 'item:0069': ['localhost:50062', 'localhost:50056', 'localhost:50053']
[dc1_node1] Coordinator NOT in preference list, forwarding only
[dc1_node1] Saved 8 keys to disk
[dc1_node1] Client GET: key='item:0018'
[dc1_node1] Preference list for 'item:0018': ['localhost:50064', 'localhost:50056', 'localhost:50052']
[dc1_node1] Reading from first 2 nodes in preference list
[dc1_node1] Replicated to localhost:50053
[dc1_node1] Replicated to localhost:50056
[dc1_node1] Replicated to localhost:50062
[dc1_node1] Client GET: key='item:0081'
[dc1_node1] Preference list for 'item:0081': ['localhost:50066', 'localhost:50060', 'localhost:50055']
[dc1_node1] Reading from first 2 nodes in preference list
[dc1_node1] Client PUT: key='item:0006', value='stress_2_710'
[dc1_node1] Preference list for 'item:0006': ['localhost:50062', 'localhost:50053', 'localhost:50070']
[dc1_node1] Coordinator NOT in preference list, forwarding only
[dc1_node1] W-quorum achieved (2 writes), returning to client
[dc1_node1] Background replication continues for remaining nodes
[dc1_node1] Successful writes: 3/3
[dc1_node1] CONFLICT: 38 sibling versions for 'item:0018'
[dc1_node1] CONFLICT: 40 sibling versions for 'item:0081'
[dc1_node1] Replicated to localhost:50053
[dc1_node1] Internal PUT (replication): key='item:0080'
[dc1_node1] CONFLICT detected for key='item:0080', siblings=20
[dc1_node1] Replicated to localhost:50070
[dc1_node1] Saved 8 keys to disk
[dc1_node1] Replicated to localhost:50062
[dc1_node1] W-quorum achieved (2 writes), returning to client
[dc1_node1] Background replication continues for remaining nodes
[dc1_node1] Successful writes: 3/3
[dc1_node1] Client GET: key='item:0018'
[dc1_node1] Preference list for 'item:0018': ['localhost:50064', 'localhost:50056', 'localhost:50052']
[dc1_node1] Reading from first 2 nodes in preference list
[dc1_node1] CONFLICT: 38 sibling versions for 'item:0018'
[dc1_node1] Internal PUT (replication): key='item:0063'
[dc1_node1] CONFLICT detected for key='item:0063', siblings=20
[dc1_node1] Saved 8 keys to disk
[dc1_node1] Client PUT: key='item:0010', value='stress_0_719'
[dc1_node1] Preference list for 'item:0010': ['localhost:50056', 'localhost:50067', 'localhost:50055']
[dc1_node1] Coordinator NOT in preference list, forwarding only
[dc1_node1] Replicated to localhost:50056
[dc1_node1] Replicated to localhost:50055
[dc1_node1] Replicated to localhost:50067
[dc1_node1] W-quorum achieved (2 writes), returning to client
[dc1_node1] Background replication continues for remaining nodes
[dc1_node1] Successful writes: 3/3
[dc1_node1] Internal PUT (replication): key='item:0031'
[dc1_node1] CONFLICT detected for key='item:0031', siblings=20
[dc1_node1] Saved 8 keys to disk
[dc1_node1] Internal PUT (replication): key='item:0080'
[dc1_node1] CONFLICT detected for key='item:0080', siblings=20
[dc1_node1] Internal PUT (replication): key='item:0080'
[dc1_node1] Saved 8 keys to disk
[dc1_node1] CONFLICT detected for key='item:0080', siblings=20
[dc1_node1] Saved 8 keys to disk
[dc1_node1] Client GET: key='item:0020'
[dc1_node1] Preference list for 'item:0020': ['localhost:50052', 'localhost:50061', 'localhost:50065']
[dc1_node1] Reading from first 2 nodes in preference list
[dc1_node1] CONFLICT: 40 sibling versions for 'item:0020'
[dc1_node1] Internal PUT (replication): key='item:0095'
[dc1_node1] CONFLICT detected for key='item:0095', siblings=20
[dc1_node1] Saved 8 keys to disk
[dc1_node1] Client GET: key='item:0011'
[dc1_node1] Preference list for 'item:0011': ['localhost:50054', 'localhost:50066', 'localhost:50053']
[dc1_node1] Reading from first 2 nodes in preference list
[dc1_node1] CONFLICT: 39 sibling versions for 'item:0011'
[dc1_node1] Internal PUT (replication): key='item:0054'
[dc1_node1] CONFLICT detected for key='item:0054', siblings=20
[dc1_node1] Saved 8 keys to disk
[dc1_node1] Retrieved key='item:0063', versions=20
[dc1_node1] Client GET: key='item:0042'
[dc1_node1] Preference list for 'item:0042': ['localhost:50053', 'localhost:50062', 'localhost:50051']
[dc1_node1] Reading from first 2 nodes in preference list
[dc1_node1] Internal PUT (replication): key='item:0079'
[dc1_node1] CONFLICT detected for key='item:0079', siblings=20
[dc1_node1] Saved 8 keys to disk
[dc1_node1] Internal PUT (replication): key='item:0079'
[dc1_node1] CONFLICT detected for key='item:0079', siblings=20
[dc1_node1] Saved 8 keys to disk
[dc1_node1] CONFLICT: 40 sibling versions for 'item:0042'
[dc1_node1] Client GET: key='item:0082'
[dc1_node1] Preference list for 'item:0082': ['localhost:50064', 'localhost:50054', 'localhost:50067']
[dc1_node1] Reading from first 2 nodes in preference list
[dc1_node1] CONFLICT: 40 sibling versions for 'item:0082'
[dc1_node1] Internal PUT (replication): key='item:0079'
[dc1_node1] CONFLICT detected for key='item:0079', siblings=20
[dc1_node1] Saved 8 keys to disk
[dc1_node1] Client PUT: key='item:0063', value='stress_5_737'
[dc1_node1] Preference list for 'item:0063': ['localhost:50069', 'localhost:50051', 'localhost:50065']
[dc1_node1] CONFLICT detected for key='item:0063', siblings=20
[dc1_node1] Saved 8 keys to disk
[dc1_node1] Coordinator IS in preference list, stored locally
[dc1_node1] Replicated to localhost:50069
[dc1_node1] Replicated to localhost:50065
[dc1_node1] W-quorum achieved (2 writes), returning to client
[dc1_node1] Background replication continues for remaining nodes
[dc1_node1] Successful writes: 3/3
[dc1_node1] Internal PUT (replication): key='item:0095'
[dc1_node1] CONFLICT detected for key='item:0095', siblings=20
[dc1_node1] Saved 8 keys to disk
[dc1_node1] Retrieved key='item:0031', versions=20
[dc1_node1] Internal PUT (replication): key='item:0080'
[dc1_node1] CONFLICT detected for key='item:0080', siblings=20
[dc1_node1] Client PUT: key='item:0084', value='stress_0_737'
[dc1_node1] Preference list for 'item:0084': ['localhost:50065', 'localhost:50058', 'localhost:50061']
[dc1_node1] Coordinator NOT in preference list, forwarding only
[dc1_node1] Saved 8 keys to disk
[dc1_node1] Internal PUT (replication): key='item:0063'
[dc1_node1] CONFLICT detected for key='item:0063', siblings=20
[dc1_node1] Saved 8 keys to disk
[dc1_node1] Replicated to localhost:50058
[dc1_node1] Replicated to localhost:50061
[dc1_node1] W-quorum achieved (2 writes), returning to client
[dc1_node1] Background replication continues for remaining nodes
[dc1_node1] Successful writes: 2/3
[dc1_node1] Replicated to localhost:50065
[dc1_node1] Internal PUT (replication): key='item:0031'
[dc1_node1] CONFLICT detected for key='item:0031', siblings=20
[dc1_node1] Saved 8 keys to disk
[dc1_node1] Internal PUT (replication): key='item:0042'
[dc1_node1] CONFLICT detected for key='item:0042', siblings=20
[dc1_node1] Saved 8 keys to disk
[dc1_node1] Client PUT: key='item:0000', value='stress_7_741'
[dc1_node1] Preference list for 'item:0000': ['localhost:50066', 'localhost:50057', 'localhost:50053']
[dc1_node1] Coordinator NOT in preference list, forwarding only
[dc1_node1] Replicated to localhost:50057
[dc1_node1] Replicated to localhost:50066
[dc1_node1] Replicated to localhost:50053
[dc1_node1] W-quorum achieved (2 writes), returning to client
[dc1_node1] Background replication continues for remaining nodes
[dc1_node1] Successful writes: 3/3
[dc1_node1] Internal PUT (replication): key='item:0095'
[dc1_node1] CONFLICT detected for key='item:0095', siblings=20
[dc1_node1] Saved 8 keys to disk
[dc1_node1] Client GET: key='item:0060'
[dc1_node1] Preference list for 'item:0060': ['localhost:50054', 'localhost:50061', 'localhost:50064']
[dc1_node1] Reading from first 2 nodes in preference list
[dc1_node1] CONFLICT: 40 sibling versions for 'item:0060'
[dc1_node1] Client GET: key='item:0004'
[dc1_node1] Preference list for 'item:0004': ['localhost:50070', 'localhost:50060', 'localhost:50066']
[dc1_node1] Reading from first 2 nodes in preference list
[dc1_node1] CONFLICT: 40 sibling versions for 'item:0004'
[dc1_node1] Internal PUT (replication): key='item:0054'
[dc1_node1] CONFLICT detected for key='item:0054', siblings=20
[dc1_node1] Saved 8 keys to disk
[dc1_node1] Client PUT: key='item:0049', value='stress_9_761'
[dc1_node1] Preference list for 'item:0049': ['localhost:50066', 'localhost:50060', 'localhost:50061']
[dc1_node1] Coordinator NOT in preference list, forwarding only
[dc1_node1] Replicated to localhost:50061
[dc1_node1] Client GET: key='item:0034'
[dc1_node1] Preference list for 'item:0034': ['localhost:50064', 'localhost:50055', 'localhost:50062']
[dc1_node1] Reading from first 2 nodes in preference list
[dc1_node1] Replicated to localhost:50066
[dc1_node1] Retrieved key='item:0095', versions=20
[dc1_node1] Replicated to localhost:50060
[dc1_node1] CONFLICT: 38 sibling versions for 'item:0034'
[dc1_node1] W-quorum achieved (2 writes), returning to client
[dc1_node1] Background replication continues for remaining nodes
[dc1_node1] Successful writes: 3/3
[dc1_node1] Retrieved key='item:0031', versions=20
[dc1_node1] Client PUT: key='item:0082', value='stress_6_754'
[dc1_node1] Preference list for 'item:0082': ['localhost:50064', 'localhost:50054', 'localhost:50067']
[dc1_node1] Coordinator NOT in preference list, forwarding only
[dc1_node1] Internal PUT (replication): key='item:0031'
[dc1_node1] CONFLICT detected for key='item:0031', siblings=20
[dc1_node1] Saved 8 keys to disk
[dc1_node1] Retrieved key='item:0095', versions=20
[dc1_node1] Replicated to localhost:50064
[dc1_node1] Internal PUT (replication): key='item:0025'
[dc1_node1] CONFLICT detected for key='item:0025', siblings=19
[dc1_node1] Replicated to localhost:50054
[dc1_node1] Replicated to localhost:50067
[dc1_node1] Saved 8 keys to disk
[dc1_node1] W-quorum achieved (2 writes), returning to client
[dc1_node1] Background replication continues for remaining nodes
[dc1_node1] Successful writes: 3/3
[dc1_node1] Retrieved key='item:0063', versions=20
[dc1_node1] Client PUT: key='item:0004', value='stress_5_758'
[dc1_node1] Preference list for 'item:0004': ['localhost:50070', 'localhost:50060', 'localhost:50066']
[dc1_node1] Coordinator NOT in preference list, forwarding only
[dc1_node1] Internal PUT (replication): key='item:0025'
[dc1_node1] CONFLICT detected for key='item:0025', siblings=19
[dc1_node1] Saved 8 keys to disk
[dc1_node1] Replicated to localhost:50066
[dc1_node1] Replicated to localhost:50070
[dc1_node1] Replicated to localhost:50060
[dc1_node1] W-quorum achieved (2 writes), returning to client
[dc1_node1] Background replication continues for remaining nodes
[dc1_node1] Successful writes: 3/3
[dc1_node1] Client GET: key='item:0059'
[dc1_node1] Preference list for 'item:0059': ['localhost:50055', 'localhost:50069', 'localhost:50060']
[dc1_node1] Reading from first 2 nodes in preference list
[dc1_node1] CONFLICT: 40 sibling versions for 'item:0059'
[dc1_node1] Client PUT: key='item:0069', value='stress_3_753'
[dc1_node1] Preference list for 'item:0069': ['localhost:50062', 'localhost:50056', 'localhost:50053']
[dc1_node1] Coordinator NOT in preference list, forwarding only
[dc1_node1] Replicated to localhost:50062
[dc1_node1] Client PUT: key='item:0065', value='stress_4_746'
[dc1_node1] Preference list for 'item:0065': ['localhost:50055', 'localhost:50066', 'localhost:50065']
[dc1_node1] Coordinator NOT in preference list, forwarding only
[dc1_node1] Replicated to localhost:50056
[dc1_node1] Replicated to localhost:50053
[dc1_node1] W-quorum achieved (2 writes), returning to client
[dc1_node1] Background replication continues for remaining nodes
[dc1_node1] Successful writes: 3/3
[dc1_node1] Retrieved key='item:0095', versions=20
[dc1_node1] Replicated to localhost:50055
[dc1_node1] Replicated to localhost:50066
[dc1_node1] Replicated to localhost:50065
[dc1_node1] W-quorum achieved (2 writes), returning to client
[dc1_node1] Background replication continues for remaining nodes
[dc1_node1] Successful writes: 3/3
[dc1_node1] Internal PUT (replication): key='item:0095'
[dc1_node1] CONFLICT detected for key='item:0095', siblings=20
[dc1_node1] Saved 8 keys to disk
[dc1_node1] Retrieved key='item:0095', versions=20
[dc1_node1] Retrieved key='item:0063', versions=20
[dc1_node1] Client PUT: key='item:0068', value='stress_7_758'
[dc1_node1] Preference list for 'item:0068': ['localhost:50067', 'localhost:50052', 'localhost:50062']
[dc1_node1] Coordinator NOT in preference list, forwarding only
[dc1_node1] Replicated to localhost:50052
[dc1_node1] Replicated to localhost:50062
[dc1_node1] Internal PUT (replication): key='item:0054'
[dc1_node1] CONFLICT detected for key='item:0054', siblings=20
[dc1_node1] Saved 8 keys to disk
[dc1_node1] Replicated to localhost:50067
[dc1_node1] Client PUT: key='item:0053', value='stress_0_763'
[dc1_node1] Preference list for 'item:0053': ['localhost:50056', 'localhost:50068', 'localhost:50062']
[dc1_node1] Coordinator NOT in preference list, forwarding only
[dc1_node1] W-quorum achieved (2 writes), returning to client
[dc1_node1] Background replication continues for remaining nodes
[dc1_node1] Successful writes: 3/3
[dc1_node1] Replicated to localhost:50068
[dc1_node1] Client PUT: key='item:0049', value='stress_3_759'
[dc1_node1] Preference list for 'item:0049': ['localhost:50066', 'localhost:50060', 'localhost:50061']
[dc1_node1] Coordinator NOT in preference list, forwarding only
[dc1_node1] Replicated to localhost:50062
[dc1_node1] Replicated to localhost:50066
[dc1_node1] W-quorum achieved (2 writes), returning to client
[dc1_node1] Background replication continues for remaining nodes
[dc1_node1] Successful writes: 2/3
[dc1_node1] Replicated to localhost:50060
[dc1_node1] Replicated to localhost:50056
[dc1_node1] Replicated to localhost:50061
[dc1_node1] W-quorum achieved (2 writes), returning to client
[dc1_node1] Background replication continues for remaining nodes
[dc1_node1] Successful writes: 3/3
[dc1_node1] Client GET: key='item:0046'
[dc1_node1] Preference list for 'item:0046': ['localhost:50057', 'localhost:50067', 'localhost:50064']
[dc1_node1] Reading from first 2 nodes in preference list
[dc1_node1] CONFLICT: 40 sibling versions for 'item:0046'
[dc1_node1] Internal PUT (replication): key='item:0031'
[dc1_node1] CONFLICT detected for key='item:0031', siblings=20
[dc1_node1] Saved 8 keys to disk
[dc1_node1] Client GET: key='item:0042'
[dc1_node1] Preference list for 'item:0042': ['localhost:50053', 'localhost:50062', 'localhost:50051']
[dc1_node1] Reading from first 2 nodes in preference list
[dc1_node1] Client GET: key='item:0026'
[dc1_node1] Preference list for 'item:0026': ['localhost:50059', 'localhost:50063', 'localhost:50062']
[dc1_node1] Reading from first 2 nodes in preference list
[dc1_node1] CONFLICT: 40 sibling versions for 'item:0042'
[dc1_node1] CONFLICT: 40 sibling versions for 'item:0026'
[dc1_node1] Client GET: key='item:0018'
[dc1_node1] Preference list for 'item:0018': ['localhost:50064', 'localhost:50056', 'localhost:50052']
[dc1_node1] Reading from first 2 nodes in preference list
[dc1_node1] CONFLICT: 38 sibling versions for 'item:0018'
[dc1_node1] Retrieved key='item:0095', versions=20
[dc1_node1] Client GET: key='item:0022'
[dc1_node1] Preference list for 'item:0022': ['localhost:50066', 'localhost:50057', 'localhost:50059']
[dc1_node1] Reading from first 2 nodes in preference list
[dc1_node1] CONFLICT: 40 sibling versions for 'item:0022'
[dc1_node1] Retrieved key='item:0079', versions=20
[dc1_node1] Client GET: key='item:0017'
[dc1_node1] Preference list for 'item:0017': ['localhost:50063', 'localhost:50054', 'localhost:50053']
[dc1_node1] Reading from first 2 nodes in preference list
[dc1_node1] CONFLICT: 40 sibling versions for 'item:0017'
[dc1_node1] Client GET: key='item:0030'
[dc1_node1] Preference list for 'item:0030': ['localhost:50070', 'localhost:50056', 'localhost:50058']
[dc1_node1] Reading from first 2 nodes in preference list
[dc1_node1] CONFLICT: 40 sibling versions for 'item:0030'
[dc1_node1] Client PUT: key='item:0050', value='stress_4_761'
[dc1_node1] Preference list for 'item:0050': ['localhost:50053', 'localhost:50061', 'localhost:50052']
[dc1_node1] Coordinator NOT in preference list, forwarding only
[dc1_node1] Internal PUT (replication): key='item:0095'
[dc1_node1] CONFLICT detected for key='item:0095', siblings=20
[dc1_node1] Saved 8 keys to disk
[dc1_node1] Replicated to localhost:50052
[dc1_node1] Replicated to localhost:50061
[dc1_node1] Replicated to localhost:50053
[dc1_node1] Internal PUT (replication): key='item:0063'
[dc1_node1] CONFLICT detected for key='item:0063', siblings=20
[dc1_node1] Saved 8 keys to disk
[dc1_node1] Client GET: key='item:0076'
[dc1_node1] Preference list for 'item:0076': ['localhost:50067', 'localhost:50052', 'localhost:50064']
[dc1_node1] Reading from first 2 nodes in preference list
[dc1_node1] W-quorum achieved (2 writes), returning to client
[dc1_node1] Background replication continues for remaining nodes
[dc1_node1] Successful writes: 3/3
[dc1_node1] CONFLICT: 40 sibling versions for 'item:0076'
[dc1_node1] Client GET: key='item:0004'
[dc1_node1] Preference list for 'item:0004': ['localhost:50070', 'localhost:50060', 'localhost:50066']
[dc1_node1] Reading from first 2 nodes in preference list
[dc1_node1] Client PUT: key='item:0044', value='stress_7_772'
[dc1_node1] Preference list for 'item:0044': ['localhost:50055', 'localhost:50068', 'localhost:50060']
[dc1_node1] Coordinator NOT in preference list, forwarding only
[dc1_node1] Replicated to localhost:50068
[dc1_node1] Replicated to localhost:50055
[dc1_node1] CONFLICT: 40 sibling versions for 'item:0004'
[dc1_node1] W-quorum achieved (2 writes), returning to client
[dc1_node1] Background replication continues for remaining nodes
[dc1_node1] Successful writes: 2/3
[dc1_node1] Replicated to localhost:50060
[dc1_node1] Internal PUT (replication): key='item:0063'
[dc1_node1] CONFLICT detected for key='item:0063', siblings=20
[dc1_node1] Saved 8 keys to disk
[dc1_node1] Retrieved key='item:0095', versions=20
[dc1_node1] Retrieved key='item:0079', versions=20
[dc1_node1] Retrieved key='item:0031', versions=20
[dc1_node1] Internal PUT (replication): key='item:0031'
[dc1_node1] CONFLICT detected for key='item:0031', siblings=20
[dc1_node1] Saved 8 keys to disk
[dc1_node1] Internal PUT (replication): key='item:0095'
[dc1_node1] CONFLICT detected for key='item:0095', siblings=20
[dc1_node1] Saved 8 keys to disk
[dc1_node1] Retrieved key='item:0095', versions=20
[dc1_node1] Internal PUT (replication): key='item:0063'
[dc1_node1] CONFLICT detected for key='item:0063', siblings=20
[dc1_node1] Saved 8 keys to disk
[dc1_node1] Client GET: key='item:0052'
[dc1_node1] Preference list for 'item:0052': ['localhost:50057', 'localhost:50062', 'localhost:50056']
[dc1_node1] Reading from first 2 nodes in preference list
[dc1_node1] CONFLICT: 40 sibling versions for 'item:0052'
[dc1_node1] Internal PUT (replication): key='item:0095'
[dc1_node1] CONFLICT detected for key='item:0095', siblings=20
[dc1_node1] Saved 8 keys to disk
[dc1_node1] Client PUT: key='item:0009', value='stress_8_794'
[dc1_node1] Preference list for 'item:0009': ['localhost:50064', 'localhost:50052', 'localhost:50066']
[dc1_node1] Coordinator NOT in preference list, forwarding only
[dc1_node1] Replicated to localhost:50064
[dc1_node1] Replicated to localhost:50066
[dc1_node1] Replicated to localhost:50052
[dc1_node1] W-quorum achieved (2 writes), returning to client
[dc1_node1] Background replication continues for remaining nodes
[dc1_node1] Successful writes: 3/3
[dc1_node1] Client GET: key='item:0020'
[dc1_node1] Preference list for 'item:0020': ['localhost:50052', 'localhost:50061', 'localhost:50065']
[dc1_node1] Reading from first 2 nodes in preference list
[dc1_node1] Client PUT: key='item:0018', value='stress_4_784'
[dc1_node1] Preference list for 'item:0018': ['localhost:50064', 'localhost:50056', 'localhost:50052']
[dc1_node1] Coordinator NOT in preference list, forwarding only
[dc1_node1] CONFLICT: 40 sibling versions for 'item:0020'
[dc1_node1] Replicated to localhost:50052
[dc1_node1] Replicated to localhost:50064
[dc1_node1] Replicated to localhost:50056
[dc1_node1] W-quorum achieved (2 writes), returning to client
[dc1_node1] Background replication continues for remaining nodes
[dc1_node1] Successful writes: 3/3
[dc1_node1] Internal PUT (replication): key='item:0095'
[dc1_node1] CONFLICT detected for key='item:0095', siblings=20
[dc1_node1] Saved 8 keys to disk
[dc1_node1] Client GET: key='item:0093'
[dc1_node1] Preference list for 'item:0093': ['localhost:50052', 'localhost:50062', 'localhost:50054']
[dc1_node1] Reading from first 2 nodes in preference list
[dc1_node1] Internal PUT (replication): key='item:0063'
[dc1_node1] CONFLICT detected for key='item:0063', siblings=20
[dc1_node1] Saved 8 keys to disk
[dc1_node1] CONFLICT: 40 sibling versions for 'item:0093'
[dc1_node1] Retrieved key='item:0031', versions=20
[dc1_node1] Retrieved key='item:0095', versions=20
[dc1_node1] Internal PUT (replication): key='item:0080'
[dc1_node1] CONFLICT detected for key='item:0080', siblings=20
[dc1_node1] Saved 8 keys to disk
[dc1_node1] Retrieved key='item:0079', versions=20
[dc1_node1] Client GET: key='item:0093'
[dc1_node1] Preference list for 'item:0093': ['localhost:50052', 'localhost:50062', 'localhost:50054']
[dc1_node1] Reading from first 2 nodes in preference list
[dc1_node1] CONFLICT: 40 sibling versions for 'item:0093'
[dc1_node1] Retrieved key='item:0095', versions=20
[dc1_node1] Client PUT: key='item:0021', value='stress_5_807'
[dc1_node1] Preference list for 'item:0021': ['localhost:50054', 'localhost:50068', 'localhost:50060']
[dc1_node1] Coordinator NOT in preference list, forwarding only
[dc1_node1] Internal PUT (replication): key='item:0042'
[dc1_node1] CONFLICT detected for key='item:0042', siblings=20
[dc1_node1] Replicated to localhost:50068
[dc1_node1] Saved 8 keys to disk
[dc1_node1] Replicated to localhost:50054
[dc1_node1] Replicated to localhost:50060
[dc1_node1] W-quorum achieved (2 writes), returning to client
[dc1_node1] Background replication continues for remaining nodes
[dc1_node1] Successful writes: 3/3
[dc1_node1] Client PUT: key='item:0042', value='stress_3_797'
[dc1_node1] Preference list for 'item:0042': ['localhost:50053', 'localhost:50062', 'localhost:50051']
[dc1_node1] CONFLICT detected for key='item:0042', siblings=20
[dc1_node1] Saved 8 keys to disk
[dc1_node1] Coordinator IS in preference list, stored locally
[dc1_node1] Replicated to localhost:50053
[dc1_node1] Replicated to localhost:50062
[dc1_node1] Client GET: key='item:0081'
[dc1_node1] Preference list for 'item:0081': ['localhost:50066', 'localhost:50060', 'localhost:50055']
[dc1_node1] Reading from first 2 nodes in preference list
[dc1_node1] W-quorum achieved (2 writes), returning to client
[dc1_node1] Background replication continues for remaining nodes
[dc1_node1] Successful writes: 3/3
[dc1_node1] CONFLICT: 40 sibling versions for 'item:0081'
[dc1_node1] Internal PUT (replication): key='item:0042'
[dc1_node1] CONFLICT detected for key='item:0042', siblings=20
[dc1_node1] Saved 8 keys to disk
[dc1_node1] Retrieved key='item:0031', versions=20
[dc1_node1] Retrieved key='item:0079', versions=20
[dc1_node1] Internal PUT (replication): key='item:0031'
[dc1_node1] CONFLICT detected for key='item:0031', siblings=20
[dc1_node1] Client PUT: key='item:0019', value='stress_8_807'
[dc1_node1] Preference list for 'item:0019': ['localhost:50059', 'localhost:50068', 'localhost:50069']
[dc1_node1] Coordinator NOT in preference list, forwarding only
[dc1_node1] Saved 8 keys to disk
[dc1_node1] Replicated to localhost:50068
[dc1_node1] Replicated to localhost:50069
[dc1_node1] Replicated to localhost:50059
[dc1_node1] W-quorum achieved (2 writes), returning to client
[dc1_node1] Background replication continues for remaining nodes
[dc1_node1] Successful writes: 3/3
[dc1_node1] Client GET: key='item:0099'
[dc1_node1] Preference list for 'item:0099': ['localhost:50053', 'localhost:50070', 'localhost:50054']
[dc1_node1] Reading from first 2 nodes in preference list
[dc1_node1] CONFLICT: 38 sibling versions for 'item:0099'
[dc1_node1] Retrieved key='item:0063', versions=20
[dc1_node1] Retrieved key='item:0079', versions=20
[dc1_node1] Client PUT: key='item:0069', value='stress_2_802'
[dc1_node1] Preference list for 'item:0069': ['localhost:50062', 'localhost:50056', 'localhost:50053']
[dc1_node1] Coordinator NOT in preference list, forwarding only
[dc1_node1] Client PUT: key='item:0090', value='stress_3_809'
[dc1_node1] Preference list for 'item:0090': ['localhost:50067', 'localhost:50052', 'localhost:50053']
[dc1_node1] Coordinator NOT in preference list, forwarding only
[dc1_node1] Replicated to localhost:50056
[dc1_node1] Replicated to localhost:50062
[dc1_node1] Replicated to localhost:50053
[dc1_node1] Replicated to localhost:50053
[dc1_node1] Replicated to localhost:50067
[dc1_node1] Replicated to localhost:50052
[dc1_node1] W-quorum achieved (2 writes), returning to client
[dc1_node1] Background replication continues for remaining nodes
[dc1_node1] Successful writes: 3/3
[dc1_node1] W-quorum achieved (2 writes), returning to client
[dc1_node1] Background replication continues for remaining nodes
[dc1_node1] Successful writes: 3/3
[dc1_node1] Client PUT: key='item:0080', value='stress_9_823'
[dc1_node1] Preference list for 'item:0080': ['localhost:50056', 'localhost:50067', 'localhost:50051']
[dc1_node1] CONFLICT detected for key='item:0080', siblings=20
[dc1_node1] Saved 8 keys to disk
[dc1_node1] Coordinator IS in preference list, stored locally
[dc1_node1] Replicated to localhost:50056
[dc1_node1] Replicated to localhost:50067
[dc1_node1] Retrieved key='item:0031', versions=20
[dc1_node1] W-quorum achieved (2 writes), returning to client
[dc1_node1] Background replication continues for remaining nodes
[dc1_node1] Successful writes: 3/3
[dc1_node1] Client PUT: key='item:0057', value='stress_9_824'
[dc1_node1] Preference list for 'item:0057': ['localhost:50067', 'localhost:50059', 'localhost:50061']
[dc1_node1] Coordinator NOT in preference list, forwarding only
[dc1_node1] Replicated to localhost:50061
[dc1_node1] Replicated to localhost:50059
[dc1_node1] Internal PUT (replication): key='item:0054'
[dc1_node1] CONFLICT detected for key='item:0054', siblings=20
[dc1_node1] Replicated to localhost:50067
[dc1_node1] Saved 8 keys to disk
[dc1_node1] W-quorum achieved (2 writes), returning to client
[dc1_node1] Background replication continues for remaining nodes
[dc1_node1] Successful writes: 3/3
[dc1_node1] Internal PUT (replication): key='item:0080'
[dc1_node1] CONFLICT detected for key='item:0080', siblings=20
[dc1_node1] Client PUT: key='item:0035', value='stress_2_808'
[dc1_node1] Preference list for 'item:0035': ['localhost:50054', 'localhost:50068', 'localhost:50060']
[dc1_node1] Coordinator NOT in preference list, forwarding only
[dc1_node1] Saved 8 keys to disk
[dc1_node1] Replicated to localhost:50068
[dc1_node1] Client GET: key='item:0034'
[dc1_node1] Preference list for 'item:0034': ['localhost:50064', 'localhost:50055', 'localhost:50062']
[dc1_node1] Reading from first 2 nodes in preference list
[dc1_node1] Replicated to localhost:50054
[dc1_node1] Replicated to localhost:50060
[dc1_node1] Retrieved key='item:0063', versions=20
[dc1_node1] CONFLICT: 38 sibling versions for 'item:0034'
[dc1_node1] W-quorum achieved (2 writes), returning to client
[dc1_node1] Background replication continues for remaining nodes
[dc1_node1] Successful writes: 3/3
[dc1_node1] Client GET: key='item:0066'
[dc1_node1] Preference list for 'item:0066': ['localhost:50066', 'localhost:50052', 'localhost:50061']
[dc1_node1] Reading from first 2 nodes in preference list
[dc1_node1] CONFLICT: 40 sibling versions for 'item:0066'
[dc1_node1] Client PUT: key='item:0002', value='stress_3_820'
[dc1_node1] Preference list for 'item:0002': ['localhost:50066', 'localhost:50058', 'localhost:50053']
[dc1_node1] Coordinator NOT in preference list, forwarding only
[dc1_node1] Replicated to localhost:50066
[dc1_node1] Replicated to localhost:50053
[dc1_node1] W-quorum achieved (2 writes), returning to client
[dc1_node1] Background replication continues for remaining nodes
[dc1_node1] Successful writes: 2/3
[dc1_node1] Replicated to localhost:50058
[dc1_node1] Internal PUT (replication): key='item:0042'
[dc1_node1] CONFLICT detected for key='item:0042', siblings=20
[dc1_node1] Saved 8 keys to disk
[dc1_node1] Client PUT: key='item:0085', value='stress_4_817'
[dc1_node1] Preference list for 'item:0085': ['localhost:50060', 'localhost:50061', 'localhost:50053']
[dc1_node1] Coordinator NOT in preference list, forwarding only
[dc1_node1] Client GET: key='item:0086'
[dc1_node1] Preference list for 'item:0086': ['localhost:50056', 'localhost:50067', 'localhost:50055']
[dc1_node1] Reading from first 2 nodes in preference list
[dc1_node1] CONFLICT: 40 sibling versions for 'item:0086'
[dc1_node1] Replicated to localhost:50061
[dc1_node1] Replicated to localhost:50053
[dc1_node1] W-quorum achieved (2 writes), returning to client
[dc1_node1] Background replication continues for remaining nodes
[dc1_node1] Successful writes: 2/3
[dc1_node1] Replicated to localhost:50060
[dc1_node1] Client PUT: key='item:0037', value='stress_0_827'
[dc1_node1] Preference list for 'item:0037': ['localhost:50066', 'localhost:50052', 'localhost:50063']
[dc1_node1] Coordinator NOT in preference list, forwarding only
[dc1_node1] Replicated to localhost:50052
[dc1_node1] Replicated to localhost:50063
[dc1_node1] Client GET: key='item:0053'
[dc1_node1] Preference list for 'item:0053': ['localhost:50056', 'localhost:50068', 'localhost:50062']
[dc1_node1] Reading from first 2 nodes in preference list
[dc1_node1] Replicated to localhost:50066
[dc1_node1] Internal PUT (replication): key='item:0079'
[dc1_node1] CONFLICT detected for key='item:0079', siblings=20
[dc1_node1] CONFLICT: 40 sibling versions for 'item:0053'
[dc1_node1] W-quorum achieved (2 writes), returning to client
[dc1_node1] Background replication continues for remaining nodes
[dc1_node1] Successful writes: 3/3
[dc1_node1] Saved 8 keys to disk
[dc1_node1] Internal PUT (replication): key='item:0025'
[dc1_node1] CONFLICT detected for key='item:0025', siblings=19
[dc1_node1] Saved 8 keys to disk
[dc1_node1] Client PUT: key='item:0010', value='stress_7_830'
[dc1_node1] Preference list for 'item:0010': ['localhost:50056', 'localhost:50067', 'localhost:50055']
[dc1_node1] Coordinator NOT in preference list, forwarding only
[dc1_node1] Client PUT: key='item:0008', value='stress_3_827'
[dc1_node1] Preference list for 'item:0008': ['localhost:50065', 'localhost:50060', 'localhost:50055']
[dc1_node1] Coordinator NOT in preference list, forwarding only
[dc1_node1] Client PUT: key='item:0059', value='stress_9_838'
[dc1_node1] Preference list for 'item:0059': ['localhost:50055', 'localhost:50069', 'localhost:50060']
[dc1_node1] Coordinator NOT in preference list, forwarding only
[dc1_node1] Replicated to localhost:50056
[dc1_node1] Client PUT: key='item:0061', value='stress_5_838'
[dc1_node1] Preference list for 'item:0061': ['localhost:50056', 'localhost:50062', 'localhost:50052']
[dc1_node1] Coordinator NOT in preference list, forwarding only
[dc1_node1] Replicated to localhost:50065
[dc1_node1] Replicated to localhost:50055
[dc1_node1] Replicated to localhost:50069
[dc1_node1] Replicated to localhost:50067
[dc1_node1] Replicated to localhost:50060
[dc1_node1] Replicated to localhost:50055
[dc1_node1] Replicated to localhost:50056
[dc1_node1] Replicated to localhost:50062
[dc1_node1] W-quorum achieved (2 writes), returning to client
[dc1_node1] Background replication continues for remaining nodes
[dc1_node1] Successful writes: 3/3
[dc1_node1] W-quorum achieved (2 writes), returning to client
[dc1_node1] Background replication continues for remaining nodes
[dc1_node1] Successful writes: 3/3
[dc1_node1] Replicated to localhost:50052
[dc1_node1] Replicated to localhost:50060
[dc1_node1] Replicated to localhost:50055
[dc1_node1] W-quorum achieved (2 writes), returning to client
[dc1_node1] Background replication continues for remaining nodes
[dc1_node1] Successful writes: 3/3
[dc1_node1] W-quorum achieved (2 writes), returning to client
[dc1_node1] Background replication continues for remaining nodes
[dc1_node1] Successful writes: 3/3
[dc1_node1] Internal PUT (replication): key='item:0079'
[dc1_node1] CONFLICT detected for key='item:0079', siblings=20
[dc1_node1] Internal PUT (replication): key='item:0025'
[dc1_node1] Saved 8 keys to disk
[dc1_node1] CONFLICT detected for key='item:0025', siblings=19
[dc1_node1] Saved 8 keys to disk
[dc1_node1] Internal PUT (replication): key='item:0025'
[dc1_node1] CONFLICT detected for key='item:0025', siblings=19
[dc1_node1] Saved 8 keys to disk
[dc1_node1] Retrieved key='item:0031', versions=20
[dc1_node1] Client GET: key='item:0089'
[dc1_node1] Preference list for 'item:0089': ['localhost:50064', 'localhost:50058', 'localhost:50069']
[dc1_node1] Reading from first 2 nodes in preference list
[dc1_node1] CONFLICT: 40 sibling versions for 'item:0089'
[dc1_node1] Client GET: key='item:0036'
[dc1_node1] Preference list for 'item:0036': ['localhost:50058', 'localhost:50063', 'localhost:50056']
[dc1_node1] Reading from first 2 nodes in preference list
[dc1_node1] CONFLICT: 40 sibling versions for 'item:0036'
[dc1_node1] Client GET: key='item:0093'
[dc1_node1] Preference list for 'item:0093': ['localhost:50052', 'localhost:50062', 'localhost:50054']
[dc1_node1] Reading from first 2 nodes in preference list
[dc1_node1] Internal PUT (replication): key='item:0025'
[dc1_node1] CONFLICT detected for key='item:0025', siblings=19
[dc1_node1] Saved 8 keys to disk
[dc1_node1] CONFLICT: 40 sibling versions for 'item:0093'
[dc1_node1] Client GET: key='item:0037'
[dc1_node1] Preference list for 'item:0037': ['localhost:50066', 'localhost:50052', 'localhost:50063']
[dc1_node1] Reading from first 2 nodes in preference list
[dc1_node1] Client GET: key='item:0029'
[dc1_node1] Preference list for 'item:0029': ['localhost:50062', 'localhost:50058', 'localhost:50069']
[dc1_node1] Reading from first 2 nodes in preference list
[dc1_node1] CONFLICT: 40 sibling versions for 'item:0029'
[dc1_node1] CONFLICT: 40 sibling versions for 'item:0037'
[dc1_node1] Retrieved key='item:0031', versions=20
[dc1_node1] Retrieved key='item:0095', versions=20
[dc1_node1] Client GET: key='item:0049'
[dc1_node1] Preference list for 'item:0049': ['localhost:50066', 'localhost:50060', 'localhost:50061']
[dc1_node1] Reading from first 2 nodes in preference list
[dc1_node1] CONFLICT: 40 sibling versions for 'item:0049'
[dc1_node1] Internal PUT (replication): key='item:0095'
[dc1_node1] CONFLICT detected for key='item:0095', siblings=20
[dc1_node1] Saved 8 keys to disk
[dc1_node1] Internal PUT (replication): key='item:0025'
[dc1_node1] CONFLICT detected for key='item:0025', siblings=19
[dc1_node1] Saved 8 keys to disk
[dc1_node1] Client GET: key='item:0066'
[dc1_node1] Preference list for 'item:0066': ['localhost:50066', 'localhost:50052', 'localhost:50061']
[dc1_node1] Reading from first 2 nodes in preference list
[dc1_node1] CONFLICT: 40 sibling versions for 'item:0066'
[dc1_node1] Internal PUT (replication): key='item:0080'
[dc1_node1] CONFLICT detected for key='item:0080', siblings=20
[dc1_node1] Saved 8 keys to disk
[dc1_node1] Client PUT: key='item:0010', value='stress_4_837'
[dc1_node1] Preference list for 'item:0010': ['localhost:50056', 'localhost:50067', 'localhost:50055']
[dc1_node1] Coordinator NOT in preference list, forwarding only
[dc1_node1] Internal PUT (replication): key='item:0054'
[dc1_node1] CONFLICT detected for key='item:0054', siblings=20
[dc1_node1] Replicated to localhost:50056
[dc1_node1] Saved 8 keys to disk
[dc1_node1] Replicated to localhost:50055
[dc1_node1] W-quorum achieved (2 writes), returning to client
[dc1_node1] Background replication continues for remaining nodes
[dc1_node1] Successful writes: 2/3
[dc1_node1] Replicated to localhost:50067
[dc1_node1] Internal PUT (replication): key='item:0031'
[dc1_node1] CONFLICT detected for key='item:0031', siblings=20
[dc1_node1] Saved 8 keys to disk
[dc1_node1] Client GET: key='item:0024'
[dc1_node1] Preference list for 'item:0024': ['localhost:50061', 'localhost:50053', 'localhost:50062']
[dc1_node1] Reading from first 2 nodes in preference list
[dc1_node1] CONFLICT: 40 sibling versions for 'item:0024'
[dc1_node1] Client PUT: key='item:0057', value='stress_5_854'
[dc1_node1] Preference list for 'item:0057': ['localhost:50067', 'localhost:50059', 'localhost:50061']
[dc1_node1] Coordinator NOT in preference list, forwarding only
[dc1_node1] Replicated to localhost:50059
[dc1_node1] Replicated to localhost:50067
[dc1_node1] Replicated to localhost:50061
[dc1_node1] W-quorum achieved (2 writes), returning to client
[dc1_node1] Background replication continues for remaining nodes
[dc1_node1] Successful writes: 3/3
[dc1_node1] Retrieved key='item:0095', versions=20
[dc1_node1] Retrieved key='item:0031', versions=20
[dc1_node1] Client PUT: key='item:0024', value='stress_1_855'
[dc1_node1] Preference list for 'item:0024': ['localhost:50061', 'localhost:50053', 'localhost:50062']
[dc1_node1] Coordinator NOT in preference list, forwarding only
[dc1_node1] Internal PUT (replication): key='item:0031'
[dc1_node1] CONFLICT detected for key='item:0031', siblings=20
[dc1_node1] Saved 8 keys to disk
[dc1_node1] Replicated to localhost:50061
[dc1_node1] Replicated to localhost:50053
[dc1_node1] Replicated to localhost:50062
[dc1_node1] W-quorum achieved (2 writes), returning to client
[dc1_node1] Background replication continues for remaining nodes
[dc1_node1] Successful writes: 3/3
[dc1_node1] Internal PUT (replication): key='item:0079'
[dc1_node1] CONFLICT detected for key='item:0079', siblings=20
[dc1_node1] Saved 8 keys to disk
[dc1_node1] Internal PUT (replication): key='item:0025'
[dc1_node1] CONFLICT detected for key='item:0025', siblings=19
[dc1_node1] Saved 8 keys to disk
[dc1_node1] Retrieved key='item:0095', versions=20
[dc1_node1] Client GET: key='item:0028'
[dc1_node1] Preference list for 'item:0028': ['localhost:50069', 'localhost:50060', 'localhost:50057']
[dc1_node1] Reading from first 2 nodes in preference list
[dc1_node1] CONFLICT: 40 sibling versions for 'item:0028'
[dc1_node1] Internal PUT (replication): key='item:0025'
[dc1_node1] CONFLICT detected for key='item:0025', siblings=19
[dc1_node1] Saved 8 keys to disk
[dc1_node1] Retrieved key='item:0031', versions=20
[dc1_node1] Client PUT: key='item:0005', value='stress_4_850'
[dc1_node1] Preference list for 'item:0005': ['localhost:50063', 'localhost:50053', 'localhost:50064']
[dc1_node1] Coordinator NOT in preference list, forwarding only
[dc1_node1] Internal PUT (replication): key='item:0025'
[dc1_node1] CONFLICT detected for key='item:0025', siblings=19
[dc1_node1] Replicated to localhost:50063
[dc1_node1] Replicated to localhost:50053
[dc1_node1] Replicated to localhost:50064
[dc1_node1] Saved 8 keys to disk
[dc1_node1] Client PUT: key='item:0059', value='stress_5_865'
[dc1_node1] Preference list for 'item:0059': ['localhost:50055', 'localhost:50069', 'localhost:50060']
[dc1_node1] Coordinator NOT in preference list, forwarding only
[dc1_node1] W-quorum achieved (2 writes), returning to client
[dc1_node1] Background replication continues for remaining nodes
[dc1_node1] Successful writes: 3/3
[dc1_node1] Replicated to localhost:50069
[dc1_node1] Replicated to localhost:50055
[dc1_node1] Replicated to localhost:50060
[dc1_node1] W-quorum achieved (2 writes), returning to client
[dc1_node1] Background replication continues for remaining nodes
[dc1_node1] Successful writes: 3/3
[dc1_node1] Client GET: key='item:0024'
[dc1_node1] Preference list for 'item:0024': ['localhost:50061', 'localhost:50053', 'localhost:50062']
[dc1_node1] Reading from first 2 nodes in preference list
[dc1_node1] CONFLICT: 40 sibling versions for 'item:0024'
[dc1_node1] Retrieved key='item:0031', versions=20
[dc1_node1] Internal PUT (replication): key='item:0063'
[dc1_node1] CONFLICT detected for key='item:0063', siblings=20
[dc1_node1] Saved 8 keys to disk
[dc1_node1] Retrieved key='item:0031', versions=20
[dc1_node1] Client PUT: key='item:0089', value='stress_2_854'
[dc1_node1] Preference list for 'item:0089': ['localhost:50064', 'localhost:50058', 'localhost:50069']
[dc1_node1] Coordinator NOT in preference list, forwarding only
[dc1_node1] Internal PUT (replication): key='item:0031'
[dc1_node1] CONFLICT detected for key='item:0031', siblings=20
[dc1_node1] Saved 8 keys to disk
[dc1_node1] Replicated to localhost:50064
[dc1_node1] Replicated to localhost:50069
[dc1_node1] Replicated to localhost:50058
[dc1_node1] W-quorum achieved (2 writes), returning to client
[dc1_node1] Background replication continues for remaining nodes
[dc1_node1] Successful writes: 3/3
[dc1_node1] Retrieved key='item:0063', versions=20
[dc1_node1] Client GET: key='item:0067'
[dc1_node1] Preference list for 'item:0067': ['localhost:50065', 'localhost:50060', 'localhost:50053']
[dc1_node1] Reading from first 2 nodes in preference list
[dc1_node1] CONFLICT: 40 sibling versions for 'item:0067'
[dc1_node1] Retrieved key='item:0063', versions=20
[dc1_node1] Internal PUT (replication): key='item:0063'
[dc1_node1] CONFLICT detected for key='item:0063', siblings=20
[dc1_node1] Saved 8 keys to disk
[dc1_node1] Retrieved key='item:0095', versions=20
[dc1_node1] Internal PUT (replication): key='item:0042'
[dc1_node1] CONFLICT detected for key='item:0042', siblings=20
[dc1_node1] Saved 8 keys to disk
[dc1_node1] Client PUT: key='item:0029', value='stress_0_874'
[dc1_node1] Preference list for 'item:0029': ['localhost:50062', 'localhost:50058', 'localhost:50069']
[dc1_node1] Coordinator NOT in preference list, forwarding only
[dc1_node1] Client GET: key='item:0058'
[dc1_node1] Preference list for 'item:0058': ['localhost:50070', 'localhost:50058', 'localhost:50060']
[dc1_node1] Reading from first 2 nodes in preference list
[dc1_node1] Internal PUT (replication): key='item:0063'
[dc1_node1] CONFLICT detected for key='item:0063', siblings=20
[dc1_node1] Replicated to localhost:50062
[dc1_node1] Saved 8 keys to disk
[dc1_node1] Replicated to localhost:50069
[dc1_node1] Replicated to localhost:50058
[dc1_node1] CONFLICT: 40 sibling versions for 'item:0058'
[dc1_node1] W-quorum achieved (2 writes), returning to client
[dc1_node1] Background replication continues for remaining nodes
[dc1_node1] Successful writes: 3/3
[dc1_node1] Internal PUT (replication): key='item:0063'
[dc1_node1] CONFLICT detected for key='item:0063', siblings=20
[dc1_node1] Saved 8 keys to disk
[dc1_node1] Internal PUT (replication): key='item:0054'
[dc1_node1] CONFLICT detected for key='item:0054', siblings=20
[dc1_node1] Saved 8 keys to disk
[dc1_node1] Client GET: key='item:0049'
[dc1_node1] Preference list for 'item:0049': ['localhost:50066', 'localhost:50060', 'localhost:50061']
[dc1_node1] Reading from first 2 nodes in preference list
[dc1_node1] Internal PUT (replication): key='item:0054'
[dc1_node1] CONFLICT detected for key='item:0054', siblings=20
[dc1_node1] Saved 8 keys to disk
[dc1_node1] CONFLICT: 40 sibling versions for 'item:0049'
[dc1_node1] Internal PUT (replication): key='item:0063'
[dc1_node1] CONFLICT detected for key='item:0063', siblings=20
[dc1_node1] Saved 8 keys to disk
[dc1_node1] Client PUT: key='item:0028', value='stress_8_886'
[dc1_node1] Preference list for 'item:0028': ['localhost:50069', 'localhost:50060', 'localhost:50057']
[dc1_node1] Coordinator NOT in preference list, forwarding only
[dc1_node1] Replicated to localhost:50057
[dc1_node1] Replicated to localhost:50069
[dc1_node1] Replicated to localhost:50060
[dc1_node1] W-quorum achieved (2 writes), returning to client
[dc1_node1] Background replication continues for remaining nodes
[dc1_node1] Successful writes: 3/3
[dc1_node1] Client PUT: key='item:0059', value='stress_5_886'
[dc1_node1] Preference list for 'item:0059': ['localhost:50055', 'localhost:50069', 'localhost:50060']
[dc1_node1] Coordinator NOT in preference list, forwarding only
[dc1_node1] Replicated to localhost:50069
[dc1_node1] Internal PUT (replication): key='item:0063'
[dc1_node1] CONFLICT detected for key='item:0063', siblings=20
[dc1_node1] Replicated to localhost:50055
[dc1_node1] Saved 8 keys to disk
[dc1_node1] W-quorum achieved (2 writes), returning to client
[dc1_node1] Background replication continues for remaining nodes
[dc1_node1] Successful writes: 2/3
[dc1_node1] Replicated to localhost:50060
[dc1_node1] Retrieved key='item:0095', versions=20
[dc1_node1] Internal PUT (replication): key='item:0031'
[dc1_node1] CONFLICT detected for key='item:0031', siblings=20
[dc1_node1] Saved 8 keys to disk
[dc1_node1] Retrieved key='item:0079', versions=20
[dc1_node1] Client GET: key='item:0060'
[dc1_node1] Preference list for 'item:0060': ['localhost:50054', 'localhost:50061', 'localhost:50064']
[dc1_node1] Reading from first 2 nodes in preference list
[dc1_node1] CONFLICT: 40 sibling versions for 'item:0060'
[dc1_node1] Client PUT: key='item:0023', value='stress_8_893'
[dc1_node1] Preference list for 'item:0023': ['localhost:50067', 'localhost:50058', 'localhost:50061']
[dc1_node1] Coordinator NOT in preference list, forwarding only
[dc1_node1] Client GET: key='item:0014'
[dc1_node1] Preference list for 'item:0014': ['localhost:50061', 'localhost:50055', 'localhost:50069']
[dc1_node1] Reading from first 2 nodes in preference list
[dc1_node1] Replicated to localhost:50067
[dc1_node1] Replicated to localhost:50061
[dc1_node1] CONFLICT: 40 sibling versions for 'item:0014'
[dc1_node1] W-quorum achieved (2 writes), returning to client
[dc1_node1] Background replication continues for remaining nodes
[dc1_node1] Successful writes: 2/3
[dc1_node1] Replicated to localhost:50058
[dc1_node1] Internal PUT (replication): key='item:0063'
[dc1_node1] CONFLICT detected for key='item:0063', siblings=20
[dc1_node1] Saved 8 keys to disk
[dc1_node1] Client GET: key='item:0008'
[dc1_node1] Preference list for 'item:0008': ['localhost:50065', 'localhost:50060', 'localhost:50055']
[dc1_node1] Reading from first 2 nodes in preference list
[dc1_node1] Client PUT: key='item:0035', value='stress_6_892'
[dc1_node1] Preference list for 'item:0035': ['localhost:50054', 'localhost:50068', 'localhost:50060']
[dc1_node1] Coordinator NOT in preference list, forwarding only
[dc1_node1] CONFLICT: 40 sibling versions for 'item:0008'
[dc1_node1] Replicated to localhost:50054
[dc1_node1] Replicated to localhost:50068
[dc1_node1] Replicated to localhost:50060
[dc1_node1] W-quorum achieved (2 writes), returning to client
[dc1_node1] Background replication continues for remaining nodes
[dc1_node1] Successful writes: 3/3
[dc1_node1] Retrieved key='item:0079', versions=20
[dc1_node1] Retrieved key='item:0095', versions=20
[dc1_node1] Internal PUT (replication): key='item:0063'
[dc1_node1] CONFLICT detected for key='item:0063', siblings=20
[dc1_node1] Saved 8 keys to disk
[dc1_node1] Client PUT: key='item:0060', value='stress_5_900'
[dc1_node1] Preference list for 'item:0060': ['localhost:50054', 'localhost:50061', 'localhost:50064']
[dc1_node1] Coordinator NOT in preference list, forwarding only
[dc1_node1] Internal PUT (replication): key='item:0054'
[dc1_node1] CONFLICT detected for key='item:0054', siblings=20
[dc1_node1] Saved 8 keys to disk
[dc1_node1] Replicated to localhost:50054
[dc1_node1] Replicated to localhost:50064
[dc1_node1] Replicated to localhost:50061
[dc1_node1] W-quorum achieved (2 writes), returning to client
[dc1_node1] Background replication continues for remaining nodes
[dc1_node1] Successful writes: 3/3
[dc1_node1] Client PUT: key='item:0038', value='stress_5_901'
[dc1_node1] Preference list for 'item:0038': ['localhost:50059', 'localhost:50065', 'localhost:50060']
[dc1_node1] Coordinator NOT in preference list, forwarding only
[dc1_node1] Replicated to localhost:50065
[dc1_node1] Replicated to localhost:50060
[dc1_node1] W-quorum achieved (2 writes), returning to client
[dc1_node1] Background replication continues for remaining nodes
[dc1_node1] Successful writes: 2/3
[dc1_node1] Replicated to localhost:50059
[dc1_node1] Client GET: key='item:0095'
[dc1_node1] Preference list for 'item:0095': ['localhost:50069', 'localhost:50051', 'localhost:50067']
[dc1_node1] Reading from first 2 nodes in preference list
[dc1_node1] Retrieved key='item:0095', versions=20
[dc1_node1] Read locally (coordinator in preference list)
[dc1_node1] Client GET: key='item:0033'
[dc1_node1] Preference list for 'item:0033': ['localhost:50058', 'localhost:50063', 'localhost:50062']
[dc1_node1] Reading from first 2 nodes in preference list
[dc1_node1] CONFLICT: 40 sibling versions for 'item:0095'
[dc1_node1] CONFLICT: 40 sibling versions for 'item:0033'
[dc1_node1] Retrieved key='item:0095', versions=20
[dc1_node1] Client PUT: key='item:0003', value='stress_2_886'
[dc1_node1] Preference list for 'item:0003': ['localhost:50058', 'localhost:50069', 'localhost:50062']
[dc1_node1] Coordinator NOT in preference list, forwarding only
[dc1_node1] Client PUT: key='item:0016', value='stress_4_890'
[dc1_node1] Preference list for 'item:0016': ['localhost:50062', 'localhost:50058', 'localhost:50053']
[dc1_node1] Coordinator NOT in preference list, forwarding only
[dc1_node1] Replicated to localhost:50069
[dc1_node1] Replicated to localhost:50058
[dc1_node1] Retrieved key='item:0063', versions=20
[dc1_node1] Replicated to localhost:50053
[dc1_node1] Replicated to localhost:50058
[dc1_node1] W-quorum achieved (2 writes), returning to client
[dc1_node1] Background replication continues for remaining nodes
[dc1_node1] Successful writes: 2/3
[dc1_node1] Replicated to localhost:50062
[dc1_node1] Client PUT: key='item:0058', value='stress_2_887'
[dc1_node1] Preference list for 'item:0058': ['localhost:50070', 'localhost:50058', 'localhost:50060']
[dc1_node1] Coordinator NOT in preference list, forwarding only
[dc1_node1] W-quorum achieved (2 writes), returning to client
[dc1_node1] Background replication continues for remaining nodes
[dc1_node1] Successful writes: 2/3
[dc1_node1] Replicated to localhost:50062
[dc1_node1] Replicated to localhost:50070
[dc1_node1] Replicated to localhost:50058
[dc1_node1] W-quorum achieved (2 writes), returning to client
[dc1_node1] Background replication continues for remaining nodes
[dc1_node1] Successful writes: 2/3
[dc1_node1] Replicated to localhost:50060
[dc1_node1] Internal PUT (replication): key='item:0079'
[dc1_node1] CONFLICT detected for key='item:0079', siblings=20
[dc1_node1] Saved 8 keys to disk
[dc1_node1] Retrieved key='item:0063', versions=20
[dc1_node1] Retrieved key='item:0095', versions=20
[dc1_node1] Client PUT: key='item:0000', value='stress_8_909'
[dc1_node1] Preference list for 'item:0000': ['localhost:50066', 'localhost:50057', 'localhost:50053']
[dc1_node1] Coordinator NOT in preference list, forwarding only
[dc1_node1] Replicated to localhost:50057
[dc1_node1] Replicated to localhost:50053
[dc1_node1] Client PUT: key='item:0061', value='stress_4_896'
[dc1_node1] Preference list for 'item:0061': ['localhost:50056', 'localhost:50062', 'localhost:50052']
[dc1_node1] Coordinator NOT in preference list, forwarding only
[dc1_node1] W-quorum achieved (2 writes), returning to client
[dc1_node1] Background replication continues for remaining nodes
[dc1_node1] Successful writes: 2/3
[dc1_node1] Replicated to localhost:50066
[dc1_node1] Client GET: key='item:0048'
[dc1_node1] Preference list for 'item:0048': ['localhost:50070', 'localhost:50054', 'localhost:50064']
[dc1_node1] Reading from first 2 nodes in preference list
[dc1_node1] CONFLICT: 40 sibling versions for 'item:0048'
[dc1_node1] Replicated to localhost:50052
[dc1_node1] Replicated to localhost:50056
[dc1_node1] Replicated to localhost:50062
[dc1_node1] W-quorum achieved (2 writes), returning to client
[dc1_node1] Background replication continues for remaining nodes
[dc1_node1] Successful writes: 3/3
[dc1_node1] Retrieved key='item:0063', versions=20
[dc1_node1] Retrieved key='item:0031', versions=20
[dc1_node1] Retrieved key='item:0095', versions=20
[dc1_node1] Retrieved key='item:0095', versions=20
[dc1_node1] Internal PUT (replication): key='item:0063'
[dc1_node1] CONFLICT detected for key='item:0063', siblings=20
[dc1_node1] Saved 8 keys to disk
[dc1_node1] Internal PUT (replication): key='item:0042'
[dc1_node1] CONFLICT detected for key='item:0042', siblings=20
[dc1_node1] Saved 8 keys to disk
[dc1_node1] Retrieved key='item:0095', versions=20
[dc1_node1] Retrieved key='item:0095', versions=20
[dc1_node1] Internal PUT (replication): key='item:0079'
[dc1_node1] CONFLICT detected for key='item:0079', siblings=20
[dc1_node1] Internal PUT (replication): key='item:0095'
[dc1_node1] Saved 8 keys to disk
[dc1_node1] CONFLICT detected for key='item:0095', siblings=20
[dc1_node1] Internal PUT (replication): key='item:0025'
[dc1_node1] Saved 8 keys to disk
[dc1_node1] CONFLICT detected for key='item:0025', siblings=19
[dc1_node1] Saved 8 keys to disk
[dc1_node1] Internal PUT (replication): key='item:0042'
[dc1_node1] CONFLICT detected for key='item:0042', siblings=20
[dc1_node1] Saved 8 keys to disk
[dc1_node1] Client GET: key='item:0055'
[dc1_node1] Preference list for 'item:0055': ['localhost:50059', 'localhost:50068', 'localhost:50056']
[dc1_node1] Reading from first 2 nodes in preference list
[dc1_node1] CONFLICT: 40 sibling versions for 'item:0055'
[dc1_node1] Client PUT: key='item:0024', value='stress_7_912'
[dc1_node1] Preference list for 'item:0024': ['localhost:50061', 'localhost:50053', 'localhost:50062']
[dc1_node1] Coordinator NOT in preference list, forwarding only
[dc1_node1] Replicated to localhost:50061
[dc1_node1] Replicated to localhost:50053
[dc1_node1] Client GET: key='item:0004'
[dc1_node1] Preference list for 'item:0004': ['localhost:50070', 'localhost:50060', 'localhost:50066']
[dc1_node1] Reading from first 2 nodes in preference list
[dc1_node1] Replicated to localhost:50062
[dc1_node1] Retrieved key='item:0095', versions=20
[dc1_node1] CONFLICT: 40 sibling versions for 'item:0004'
[dc1_node1] W-quorum achieved (2 writes), returning to client
[dc1_node1] Background replication continues for remaining nodes
[dc1_node1] Successful writes: 3/3
[dc1_node1] Internal PUT (replication): key='item:0042'
[dc1_node1] CONFLICT detected for key='item:0042', siblings=20
[dc1_node1] Saved 8 keys to disk
[dc1_node1] Internal PUT (replication): key='item:0063'
[dc1_node1] CONFLICT detected for key='item:0063', siblings=20
[dc1_node1] Saved 8 keys to disk
[dc1_node1] Client GET: key='item:0066'
[dc1_node1] Preference list for 'item:0066': ['localhost:50066', 'localhost:50052', 'localhost:50061']
[dc1_node1] Reading from first 2 nodes in preference list
[dc1_node1] Retrieved key='item:0031', versions=20
[dc1_node1] CONFLICT: 40 sibling versions for 'item:0066'
[dc1_node1] Retrieved key='item:0031', versions=20
[dc1_node1] Internal PUT (replication): key='item:0025'
[dc1_node1] CONFLICT detected for key='item:0025', siblings=19
[dc1_node1] Saved 8 keys to disk
[dc1_node1] Client PUT: key='item:0097', value='stress_5_926'
[dc1_node1] Preference list for 'item:0097': ['localhost:50060', 'localhost:50064', 'localhost:50052']
[dc1_node1] Coordinator NOT in preference list, forwarding only
[dc1_node1] Replicated to localhost:50052
[dc1_node1] Replicated to localhost:50060
[dc1_node1] W-quorum achieved (2 writes), returning to client
[dc1_node1] Background replication continues for remaining nodes
[dc1_node1] Successful writes: 2/3
[dc1_node1] Replicated to localhost:50064
[dc1_node1] Internal PUT (replication): key='item:0079'
[dc1_node1] CONFLICT detected for key='item:0079', siblings=20
[dc1_node1] Saved 8 keys to disk
[dc1_node1] Internal PUT (replication): key='item:0031'
[dc1_node1] CONFLICT detected for key='item:0031', siblings=20
[dc1_node1] Internal PUT (replication): key='item:0095'
[dc1_node1] Saved 8 keys to disk
[dc1_node1] CONFLICT detected for key='item:0095', siblings=20
[dc1_node1] Internal PUT (replication): key='item:0079'
[dc1_node1] Saved 8 keys to disk
[dc1_node1] CONFLICT detected for key='item:0079', siblings=20
[dc1_node1] Saved 8 keys to disk
[dc1_node1] Internal PUT (replication): key='item:0063'
[dc1_node1] CONFLICT detected for key='item:0063', siblings=20
[dc1_node1] Saved 8 keys to disk
[dc1_node1] Internal PUT (replication): key='item:0080'
[dc1_node1] CONFLICT detected for key='item:0080', siblings=20
[dc1_node1] Saved 8 keys to disk
[dc1_node1] Client GET: key='item:0085'
[dc1_node1] Preference list for 'item:0085': ['localhost:50060', 'localhost:50061', 'localhost:50053']
[dc1_node1] Reading from first 2 nodes in preference list
[dc1_node1] Retrieved key='item:0095', versions=20
[dc1_node1] CONFLICT: 40 sibling versions for 'item:0085'
[dc1_node1] Internal PUT (replication): key='item:0079'
[dc1_node1] CONFLICT detected for key='item:0079', siblings=20
[dc1_node1] Saved 8 keys to disk
[dc1_node1] Client PUT: key='item:0033', value='stress_8_932'
[dc1_node1] Preference list for 'item:0033': ['localhost:50058', 'localhost:50063', 'localhost:50062']
[dc1_node1] Coordinator NOT in preference list, forwarding only
[dc1_node1] Replicated to localhost:50063
[dc1_node1] Replicated to localhost:50058
[dc1_node1] Replicated to localhost:50062
[dc1_node1] Client GET: key='item:0002'
[dc1_node1] Preference list for 'item:0002': ['localhost:50066', 'localhost:50058', 'localhost:50053']
[dc1_node1] Reading from first 2 nodes in preference list
[dc1_node1] W-quorum achieved (2 writes), returning to client
[dc1_node1] Background replication continues for remaining nodes
[dc1_node1] Successful writes: 3/3
[dc1_node1] CONFLICT: 40 sibling versions for 'item:0002'
[dc1_node1] Internal PUT (replication): key='item:0025'
[dc1_node1] CONFLICT detected for key='item:0025', siblings=19
[dc1_node1] Saved 8 keys to disk
[dc1_node1] Client PUT: key='item:0023', value='stress_2_918'
[dc1_node1] Preference list for 'item:0023': ['localhost:50067', 'localhost:50058', 'localhost:50061']
[dc1_node1] Coordinator NOT in preference list, forwarding only
[dc1_node1] Replicated to localhost:50058
[dc1_node1] Replicated to localhost:50061
[dc1_node1] W-quorum achieved (2 writes), returning to client
[dc1_node1] Background replication continues for remaining nodes
[dc1_node1] Successful writes: 2/3
[dc1_node1] Replicated to localhost:50067
[dc1_node1] Retrieved key='item:0031', versions=20
[dc1_node1] Client GET: key='item:0026'
[dc1_node1] Preference list for 'item:0026': ['localhost:50059', 'localhost:50063', 'localhost:50062']
[dc1_node1] Reading from first 2 nodes in preference list
[dc1_node1] CONFLICT: 40 sibling versions for 'item:0026'
[dc1_node1] Internal PUT (replication): key='item:0031'
[dc1_node1] CONFLICT detected for key='item:0031', siblings=20
[dc1_node1] Saved 8 keys to disk
[dc1_node1] Client GET: key='item:0076'
[dc1_node1] Preference list for 'item:0076': ['localhost:50067', 'localhost:50052', 'localhost:50064']
[dc1_node1] Reading from first 2 nodes in preference list
[dc1_node1] CONFLICT: 40 sibling versions for 'item:0076'
[dc1_node1] Client GET: key='item:0059'
[dc1_node1] Preference list for 'item:0059': ['localhost:50055', 'localhost:50069', 'localhost:50060']
[dc1_node1] Reading from first 2 nodes in preference list
[dc1_node1] Retrieved key='item:0031', versions=20
[dc1_node1] CONFLICT: 40 sibling versions for 'item:0059'
[dc1_node1] Retrieved key='item:0031', versions=20
[dc1_node1] Client GET: key='item:0064'
[dc1_node1] Preference list for 'item:0064': ['localhost:50058', 'localhost:50062', 'localhost:50059']
[dc1_node1] Reading from first 2 nodes in preference list
[dc1_node1] CONFLICT: 40 sibling versions for 'item:0064'
[dc1_node1] Client PUT: key='item:0013', value='stress_5_946'
[dc1_node1] Preference list for 'item:0013': ['localhost:50060', 'localhost:50070', 'localhost:50057']
[dc1_node1] Coordinator NOT in preference list, forwarding only
[dc1_node1] Replicated to localhost:50057
[dc1_node1] Replicated to localhost:50070
[dc1_node1] Client PUT: key='item:0008', value='stress_0_940'
[dc1_node1] Preference list for 'item:0008': ['localhost:50065', 'localhost:50060', 'localhost:50055']
[dc1_node1] Coordinator NOT in preference list, forwarding only
[dc1_node1] W-quorum achieved (2 writes), returning to client
[dc1_node1] Background replication continues for remaining nodes
[dc1_node1] Successful writes: 2/3
[dc1_node1] Internal PUT (replication): key='item:0025'
[dc1_node1] CONFLICT detected for key='item:0025', siblings=19
[dc1_node1] Replicated to localhost:50060
[dc1_node1] Saved 8 keys to disk
[dc1_node1] Replicated to localhost:50065
[dc1_node1] Replicated to localhost:50060
[dc1_node1] Replicated to localhost:50055
[dc1_node1] W-quorum achieved (2 writes), returning to client
[dc1_node1] Background replication continues for remaining nodes
[dc1_node1] Successful writes: 3/3
[dc1_node1] Client GET: key='item:0021'
[dc1_node1] Preference list for 'item:0021': ['localhost:50054', 'localhost:50068', 'localhost:50060']
[dc1_node1] Reading from first 2 nodes in preference list
[dc1_node1] CONFLICT: 38 sibling versions for 'item:0021'
[dc1_node1] Client GET: key='item:0082'
[dc1_node1] Preference list for 'item:0082': ['localhost:50064', 'localhost:50054', 'localhost:50067']
[dc1_node1] Reading from first 2 nodes in preference list
[dc1_node1] CONFLICT: 40 sibling versions for 'item:0082'
[dc1_node1] Internal PUT (replication): key='item:0042'
[dc1_node1] CONFLICT detected for key='item:0042', siblings=20
[dc1_node1] Saved 8 keys to disk
[dc1_node1] Internal PUT (replication): key='item:0063'
[dc1_node1] CONFLICT detected for key='item:0063', siblings=20
[dc1_node1] Saved 8 keys to disk
[dc1_node1] Client GET: key='item:0063'
[dc1_node1] Preference list for 'item:0063': ['localhost:50069', 'localhost:50051', 'localhost:50065']
[dc1_node1] Reading from first 2 nodes in preference list
[dc1_node1] Retrieved key='item:0063', versions=20
[dc1_node1] Read locally (coordinator in preference list)
[dc1_node1] CONFLICT: 40 sibling versions for 'item:0063'
[dc1_node1] Internal PUT (replication): key='item:0095'
[dc1_node1] CONFLICT detected for key='item:0095', siblings=20
[dc1_node1] Saved 8 keys to disk
[dc1_node1] Client GET: key='item:0094'
[dc1_node1] Preference list for 'item:0094': ['localhost:50060', 'localhost:50066', 'localhost:50055']
[dc1_node1] Reading from first 2 nodes in preference list
[dc1_node1] CONFLICT: 40 sibling versions for 'item:0094'
[dc1_node1] Client PUT: key='item:0068', value='stress_1_957'
[dc1_node1] Preference list for 'item:0068': ['localhost:50067', 'localhost:50052', 'localhost:50062']
[dc1_node1] Coordinator NOT in preference list, forwarding only
[dc1_node1] Client PUT: key='item:0059', value='stress_5_959'
[dc1_node1] Preference list for 'item:0059': ['localhost:50055', 'localhost:50069', 'localhost:50060']
[dc1_node1] Coordinator NOT in preference list, forwarding only
[dc1_node1] Internal PUT (replication): key='item:0080'
[dc1_node1] CONFLICT detected for key='item:0080', siblings=20
[dc1_node1] Saved 8 keys to disk
[dc1_node1] Replicated to localhost:50069
[dc1_node1] Replicated to localhost:50055
[dc1_node1] Replicated to localhost:50067
[dc1_node1] Replicated to localhost:50062
[dc1_node1] Replicated to localhost:50060
[dc1_node1] Client PUT: key='item:0006', value='stress_4_942'
[dc1_node1] Preference list for 'item:0006': ['localhost:50062', 'localhost:50053', 'localhost:50070']
[dc1_node1] Coordinator NOT in preference list, forwarding only
[dc1_node1] W-quorum achieved (2 writes), returning to client
[dc1_node1] Background replication continues for remaining nodes
[dc1_node1] Successful writes: 2/3
[dc1_node1] W-quorum achieved (2 writes), returning to client
[dc1_node1] Background replication continues for remaining nodes
[dc1_node1] Successful writes: 3/3
[dc1_node1] Retrieved key='item:0079', versions=20
[dc1_node1] Replicated to localhost:50062
[dc1_node1] Replicated to localhost:50052
[dc1_node1] Replicated to localhost:50053
[dc1_node1] Replicated to localhost:50070
[dc1_node1] Internal PUT (replication): key='item:0079'
[dc1_node1] CONFLICT detected for key='item:0079', siblings=20
[dc1_node1] Saved 8 keys to disk
[dc1_node1] W-quorum achieved (2 writes), returning to client
[dc1_node1] Background replication continues for remaining nodes
[dc1_node1] Successful writes: 3/3
[dc1_node1] Client PUT: key='item:0080', value='stress_0_954'
[dc1_node1] Preference list for 'item:0080': ['localhost:50056', 'localhost:50067', 'localhost:50051']
[dc1_node1] CONFLICT detected for key='item:0080', siblings=20
[dc1_node1] Saved 8 keys to disk
[dc1_node1] Coordinator IS in preference list, stored locally
[dc1_node1] Internal PUT (replication): key='item:0042'
[dc1_node1] CONFLICT detected for key='item:0042', siblings=20
[dc1_node1] Internal PUT (replication): key='item:0025'
[dc1_node1] Saved 8 keys to disk
[dc1_node1] CONFLICT detected for key='item:0025', siblings=19
[dc1_node1] Saved 8 keys to disk
[dc1_node1] Replicated to localhost:50067
[dc1_node1] Client GET: key='item:0067'
[dc1_node1] Preference list for 'item:0067': ['localhost:50065', 'localhost:50060', 'localhost:50053']
[dc1_node1] Reading from first 2 nodes in preference list
[dc1_node1] Replicated to localhost:50056
[dc1_node1] W-quorum achieved (2 writes), returning to client
[dc1_node1] Background replication continues for remaining nodes
[dc1_node1] Successful writes: 3/3
[dc1_node1] CONFLICT: 40 sibling versions for 'item:0067'
[dc1_node1] Retrieved key='item:0095', versions=20
[dc1_node1] Client GET: key='item:0053'
[dc1_node1] Preference list for 'item:0053': ['localhost:50056', 'localhost:50068', 'localhost:50062']
[dc1_node1] Reading from first 2 nodes in preference list
[dc1_node1] Internal PUT (replication): key='item:0042'
[dc1_node1] CONFLICT detected for key='item:0042', siblings=20
[dc1_node1] Saved 8 keys to disk
[dc1_node1] CONFLICT: 40 sibling versions for 'item:0053'
[dc1_node1] Internal PUT (replication): key='item:0080'
[dc1_node1] CONFLICT detected for key='item:0080', siblings=20
[dc1_node1] Client PUT: key='item:0030', value='stress_5_965'
[dc1_node1] Preference list for 'item:0030': ['localhost:50070', 'localhost:50056', 'localhost:50058']
[dc1_node1] Coordinator NOT in preference list, forwarding only
[dc1_node1] Saved 8 keys to disk
[dc1_node1] Replicated to localhost:50056
[dc1_node1] Replicated to localhost:50070
[dc1_node1] Replicated to localhost:50058
[dc1_node1] Internal PUT (replication): key='item:0025'
[dc1_node1] CONFLICT detected for key='item:0025', siblings=19
[dc1_node1] W-quorum achieved (2 writes), returning to client
[dc1_node1] Background replication continues for remaining nodes
[dc1_node1] Successful writes: 3/3
[dc1_node1] Saved 8 keys to disk
[dc1_node1] Retrieved key='item:0063', versions=20
[dc1_node1] Client PUT: key='item:0090', value='stress_1_966'
[dc1_node1] Preference list for 'item:0090': ['localhost:50067', 'localhost:50052', 'localhost:50053']
[dc1_node1] Coordinator NOT in preference list, forwarding only
[dc1_node1] Replicated to localhost:50067
[dc1_node1] Replicated to localhost:50053
[dc1_node1] Client GET: key='item:0074'
[dc1_node1] Preference list for 'item:0074': ['localhost:50066', 'localhost:50058', 'localhost:50062']
[dc1_node1] Reading from first 2 nodes in preference list
[dc1_node1] Replicated to localhost:50052
[dc1_node1] W-quorum achieved (2 writes), returning to client
[dc1_node1] Background replication continues for remaining nodes
[dc1_node1] Successful writes: 3/3
[dc1_node1] CONFLICT: 40 sibling versions for 'item:0074'
[dc1_node1] Internal PUT (replication): key='item:0054'
[dc1_node1] CONFLICT detected for key='item:0054', siblings=20
[dc1_node1] Saved 8 keys to disk
[dc1_node1] Retrieved key='item:0031', versions=20
[dc1_node1] Retrieved key='item:0079', versions=20
[dc1_node1] Internal PUT (replication): key='item:0054'
[dc1_node1] CONFLICT detected for key='item:0054', siblings=20
[dc1_node1] Saved 8 keys to disk
[dc1_node1] Client PUT: key='item:0000', value='stress_4_955'
[dc1_node1] Preference list for 'item:0000': ['localhost:50066', 'localhost:50057', 'localhost:50053']
[dc1_node1] Coordinator NOT in preference list, forwarding only
[dc1_node1] Replicated to localhost:50057
[dc1_node1] Replicated to localhost:50053
[dc1_node1] Replicated to localhost:50066
[dc1_node1] W-quorum achieved (2 writes), returning to client
[dc1_node1] Background replication continues for remaining nodes
[dc1_node1] Successful writes: 3/3
[dc1_node1] Internal PUT (replication): key='item:0063'
[dc1_node1] CONFLICT detected for key='item:0063', siblings=20
[dc1_node1] Saved 8 keys to disk
[dc1_node1] Client PUT: key='item:0017', value='stress_4_959'
[dc1_node1] Preference list for 'item:0017': ['localhost:50063', 'localhost:50054', 'localhost:50053']
[dc1_node1] Coordinator NOT in preference list, forwarding only
[dc1_node1] Replicated to localhost:50054
[dc1_node1] Internal PUT (replication): key='item:0063'
[dc1_node1] CONFLICT detected for key='item:0063', siblings=20
[dc1_node1] Replicated to localhost:50053
[dc1_node1] Replicated to localhost:50063
[dc1_node1] Saved 8 keys to disk
[dc1_node1] W-quorum achieved (2 writes), returning to client
[dc1_node1] Background replication continues for remaining nodes
[dc1_node1] Successful writes: 3/3
[dc1_node1] Retrieved key='item:0063', versions=20
[dc1_node1] Client GET: key='item:0044'
[dc1_node1] Preference list for 'item:0044': ['localhost:50055', 'localhost:50068', 'localhost:50060']
[dc1_node1] Reading from first 2 nodes in preference list
[dc1_node1] Client GET: key='item:0059'
[dc1_node1] Preference list for 'item:0059': ['localhost:50055', 'localhost:50069', 'localhost:50060']
[dc1_node1] Reading from first 2 nodes in preference list
[dc1_node1] Client PUT: key='item:0044', value='stress_3_967'
[dc1_node1] Preference list for 'item:0044': ['localhost:50055', 'localhost:50068', 'localhost:50060']
[dc1_node1] Coordinator NOT in preference list, forwarding only
[dc1_node1] Internal PUT (replication): key='item:0025'
[dc1_node1] CONFLICT detected for key='item:0025', siblings=19
[dc1_node1] CONFLICT: 40 sibling versions for 'item:0044'
[dc1_node1] CONFLICT: 40 sibling versions for 'item:0059'
[dc1_node1] Replicated to localhost:50068
[dc1_node1] Replicated to localhost:50055
[dc1_node1] Saved 8 keys to disk
[dc1_node1] W-quorum achieved (2 writes), returning to client
[dc1_node1] Background replication continues for remaining nodes
[dc1_node1] Successful writes: 2/3
[dc1_node1] Replicated to localhost:50060
[dc1_node1] Client GET: key='item:0037'
[dc1_node1] Preference list for 'item:0037': ['localhost:50066', 'localhost:50052', 'localhost:50063']
[dc1_node1] Reading from first 2 nodes in preference list
[dc1_node1] Client PUT: key='item:0074', value='stress_3_968'
[dc1_node1] Preference list for 'item:0074': ['localhost:50066', 'localhost:50058', 'localhost:50062']
[dc1_node1] Coordinator NOT in preference list, forwarding only
[dc1_node1] Client PUT: key='item:0053', value='stress_4_963'
[dc1_node1] Preference list for 'item:0053': ['localhost:50056', 'localhost:50068', 'localhost:50062']
[dc1_node1] Coordinator NOT in preference list, forwarding only
[dc1_node1] CONFLICT: 40 sibling versions for 'item:0037'
[dc1_node1] Replicated to localhost:50066
[dc1_node1] Replicated to localhost:50068
[dc1_node1] Replicated to localhost:50058
[dc1_node1] Replicated to localhost:50056
[dc1_node1] Replicated to localhost:50062
[dc1_node1] Client PUT: key='item:0073', value='stress_9_978'
[dc1_node1] Preference list for 'item:0073': ['localhost:50067', 'localhost:50058', 'localhost:50061']
[dc1_node1] Coordinator NOT in preference list, forwarding only
[dc1_node1] W-quorum achieved (2 writes), returning to client
[dc1_node1] Background replication continues for remaining nodes
[dc1_node1] Successful writes: 3/3
[dc1_node1] Replicated to localhost:50062
[dc1_node1] W-quorum achieved (2 writes), returning to client
[dc1_node1] Background replication continues for remaining nodes
[dc1_node1] Successful writes: 3/3
[dc1_node1] Replicated to localhost:50067
[dc1_node1] Replicated to localhost:50058
[dc1_node1] Replicated to localhost:50061
[dc1_node1] Internal PUT (replication): key='item:0031'
[dc1_node1] CONFLICT detected for key='item:0031', siblings=20
[dc1_node1] Saved 8 keys to disk
[dc1_node1] W-quorum achieved (2 writes), returning to client
[dc1_node1] Background replication continues for remaining nodes
[dc1_node1] Successful writes: 3/3
[dc1_node1] Internal PUT (replication): key='item:0054'
[dc1_node1] CONFLICT detected for key='item:0054', siblings=20
[dc1_node1] Saved 8 keys to disk
[dc1_node1] Internal PUT (replication): key='item:0025'
[dc1_node1] CONFLICT detected for key='item:0025', siblings=19
[dc1_node1] Saved 8 keys to disk
[dc1_node1] Internal PUT (replication): key='item:0079'
[dc1_node1] CONFLICT detected for key='item:0079', siblings=20
[dc1_node1] Saved 8 keys to disk
[dc1_node1] Retrieved key='item:0031', versions=20
[dc1_node1] Client GET: key='item:0080'
[dc1_node1] Preference list for 'item:0080': ['localhost:50056', 'localhost:50067', 'localhost:50051']
[dc1_node1] Reading from first 2 nodes in preference list
[dc1_node1] CONFLICT: 40 sibling versions for 'item:0080'
[dc1_node1] Client PUT: key='item:0009', value='stress_9_984'
[dc1_node1] Preference list for 'item:0009': ['localhost:50064', 'localhost:50052', 'localhost:50066']
[dc1_node1] Coordinator NOT in preference list, forwarding only
[dc1_node1] Client PUT: key='item:0049', value='stress_5_986'
[dc1_node1] Preference list for 'item:0049': ['localhost:50066', 'localhost:50060', 'localhost:50061']
[dc1_node1] Coordinator NOT in preference list, forwarding only
[dc1_node1] Retrieved key='item:0095', versions=20
[dc1_node1] Replicated to localhost:50064
[dc1_node1] Replicated to localhost:50066
[dc1_node1] Client GET: key='item:0022'
[dc1_node1] Preference list for 'item:0022': ['localhost:50066', 'localhost:50057', 'localhost:50059']
[dc1_node1] Reading from first 2 nodes in preference list
[dc1_node1] Replicated to localhost:50052
[dc1_node1] Replicated to localhost:50061
[dc1_node1] Replicated to localhost:50066
[dc1_node1] CONFLICT: 40 sibling versions for 'item:0022'
[dc1_node1] W-quorum achieved (2 writes), returning to client
[dc1_node1] Background replication continues for remaining nodes
[dc1_node1] Successful writes: 3/3
[dc1_node1] Replicated to localhost:50060
[dc1_node1] W-quorum achieved (2 writes), returning to client
[dc1_node1] Background replication continues for remaining nodes
[dc1_node1] Successful writes: 3/3
[dc1_node1] Retrieved key='item:0095', versions=20
[dc1_node1] Client GET: key='item:0001'
[dc1_node1] Preference list for 'item:0001': ['localhost:50067', 'localhost:50057', 'localhost:50060']
[dc1_node1] Reading from first 2 nodes in preference list
[dc1_node1] CONFLICT: 40 sibling versions for 'item:0001'
[dc1_node1] Client GET: key='item:0037'
[dc1_node1] Preference list for 'item:0037': ['localhost:50066', 'localhost:50052', 'localhost:50063']
[dc1_node1] Reading from first 2 nodes in preference list
[dc1_node1] CONFLICT: 40 sibling versions for 'item:0037'
[dc1_node1] Retrieved key='item:0031', versions=20
[dc1_node1] Client PUT: key='item:0069', value='stress_7_986'
[dc1_node1] Preference list for 'item:0069': ['localhost:50062', 'localhost:50056', 'localhost:50053']
[dc1_node1] Coordinator NOT in preference list, forwarding only
[dc1_node1] Replicated to localhost:50056
[dc1_node1] Internal PUT (replication): key='item:0079'
[dc1_node1] CONFLICT detected for key='item:0079', siblings=20
[dc1_node1] Saved 8 keys to disk
[dc1_node1] Client PUT: key='item:0086', value='stress_8_983'
[dc1_node1] Preference list for 'item:0086': ['localhost:50056', 'localhost:50067', 'localhost:50055']
[dc1_node1] Coordinator NOT in preference list, forwarding only
[dc1_node1] Replicated to localhost:50053
[dc1_node1] W-quorum achieved (2 writes), returning to client
[dc1_node1] Background replication continues for remaining nodes
[dc1_node1] Successful writes: 2/3
[dc1_node1] Client PUT: key='item:0045', value='stress_4_976'
[dc1_node1] Preference list for 'item:0045': ['localhost:50059', 'localhost:50063', 'localhost:50062']
[dc1_node1] Coordinator NOT in preference list, forwarding only
[dc1_node1] Client PUT: key='item:0095', value='stress_6_992'
[dc1_node1] Preference list for 'item:0095': ['localhost:50069', 'localhost:50051', 'localhost:50067']
[dc1_node1] CONFLICT detected for key='item:0095', siblings=20
[dc1_node1] Client GET: key='item:0063'
[dc1_node1] Preference list for 'item:0063': ['localhost:50069', 'localhost:50051', 'localhost:50065']
[dc1_node1] Reading from first 2 nodes in preference list
[dc1_node1] Replicated to localhost:50056
[dc1_node1] Replicated to localhost:50062
[dc1_node1] Replicated to localhost:50059
[dc1_node1] Replicated to localhost:50067
[dc1_node1] Replicated to localhost:50063
[dc1_node1] Replicated to localhost:50055
[dc1_node1] Client GET: key='item:0016'
[dc1_node1] Preference list for 'item:0016': ['localhost:50062', 'localhost:50058', 'localhost:50053']
[dc1_node1] Reading from first 2 nodes in preference list
[dc1_node1] Saved 8 keys to disk
[dc1_node1] Coordinator IS in preference list, stored locally
[dc1_node1] W-quorum achieved (2 writes), returning to client
[dc1_node1] Background replication continues for remaining nodes
[dc1_node1] Successful writes: 3/3
[dc1_node1] Replicated to localhost:50062
[dc1_node1] CONFLICT: 40 sibling versions for 'item:0016'
[dc1_node1] Replicated to localhost:50069
[dc1_node1] CONFLICT: 40 sibling versions for 'item:0063'
[dc1_node1] Replicated to localhost:50067
[dc1_node1] W-quorum achieved (2 writes), returning to client
[dc1_node1] Background replication continues for remaining nodes
[dc1_node1] Successful writes: 3/3
[dc1_node1] Internal PUT (replication): key='item:0079'
[dc1_node1] CONFLICT detected for key='item:0079', siblings=20
[dc1_node1] W-quorum achieved (2 writes), returning to client
[dc1_node1] Background replication continues for remaining nodes
[dc1_node1] Successful writes: 3/3
[dc1_node1] Saved 8 keys to disk
[dc1_node1] Client PUT: key='item:0014', value='stress_0_986'
[dc1_node1] Preference list for 'item:0014': ['localhost:50061', 'localhost:50055', 'localhost:50069']
[dc1_node1] Coordinator NOT in preference list, forwarding only
[dc1_node1] Replicated to localhost:50069
[dc1_node1] Replicated to localhost:50055
[dc1_node1] Replicated to localhost:50061
[dc1_node1] Client GET: key='item:0018'
[dc1_node1] Preference list for 'item:0018': ['localhost:50064', 'localhost:50056', 'localhost:50052']
[dc1_node1] Reading from first 2 nodes in preference list
[dc1_node1] W-quorum achieved (2 writes), returning to client
[dc1_node1] Background replication continues for remaining nodes
[dc1_node1] Successful writes: 3/3
[dc1_node1] CONFLICT: 38 sibling versions for 'item:0018'
[dc1_node1] Internal PUT (replication): key='item:0042'
[dc1_node1] CONFLICT detected for key='item:0042', siblings=20
[dc1_node1] Saved 8 keys to disk
[dc1_node1] Internal PUT (replication): key='item:0063'
[dc1_node1] CONFLICT detected for key='item:0063', siblings=20
[dc1_node1] Saved 8 keys to disk
[dc1_node1] Internal PUT (replication): key='item:0080'
[dc1_node1] CONFLICT detected for key='item:0080', siblings=20
[dc1_node1] Saved 8 keys to disk
[dc1_node1] Internal PUT (replication): key='item:0095'
[dc1_node1] CONFLICT detected for key='item:0095', siblings=20
[dc1_node1] Saved 8 keys to disk
[dc1_node1] Client PUT: key='item:0073', value='stress_3_988'
[dc1_node1] Preference list for 'item:0073': ['localhost:50067', 'localhost:50058', 'localhost:50061']
[dc1_node1] Coordinator NOT in preference list, forwarding only
[dc1_node1] Retrieved key='item:0031', versions=20
[dc1_node1] Replicated to localhost:50061
[dc1_node1] Replicated to localhost:50058
[dc1_node1] W-quorum achieved (2 writes), returning to client
[dc1_node1] Background replication continues for remaining nodes
[dc1_node1] Successful writes: 2/3
[dc1_node1] Replicated to localhost:50067
[dc1_node1] Internal PUT (replication): key='item:0079'
[dc1_node1] CONFLICT detected for key='item:0079', siblings=20
[dc1_node1] Saved 8 keys to disk
[dc1_node1] Internal PUT (replication): key='item:0042'
[dc1_node1] CONFLICT detected for key='item:0042', siblings=20
[dc1_node1] Saved 8 keys to disk
[dc1_node1] Retrieved key='item:0079', versions=20
[dc1_node1] Internal PUT (replication): key='item:0031'
[dc1_node1] CONFLICT detected for key='item:0031', siblings=20
[dc1_node1] Saved 8 keys to disk
[dc1_node1] Client GET: key='item:0037'
[dc1_node1] Preference list for 'item:0037': ['localhost:50066', 'localhost:50052', 'localhost:50063']
[dc1_node1] Reading from first 2 nodes in preference list
[dc1_node1] Internal PUT (replication): key='item:0042'
[dc1_node1] CONFLICT detected for key='item:0042', siblings=20
[dc1_node1] Saved 8 keys to disk
[dc1_node1] CONFLICT: 40 sibling versions for 'item:0037'
[dc1_node1] Client PUT: key='item:0068', value='stress_7_1003'
[dc1_node1] Preference list for 'item:0068': ['localhost:50067', 'localhost:50052', 'localhost:50062']
[dc1_node1] Coordinator NOT in preference list, forwarding only
[dc1_node1] Retrieved key='item:0063', versions=20
[dc1_node1] Replicated to localhost:50052
[dc1_node1] Replicated to localhost:50062
[dc1_node1] Replicated to localhost:50067
[dc1_node1] Internal PUT (replication): key='item:0063'
[dc1_node1] CONFLICT detected for key='item:0063', siblings=20
[dc1_node1] W-quorum achieved (2 writes), returning to client
[dc1_node1] Background replication continues for remaining nodes
[dc1_node1] Successful writes: 3/3
[dc1_node1] Saved 8 keys to disk
[dc1_node1] Client PUT: key='item:0049', value='stress_5_1007'
[dc1_node1] Preference list for 'item:0049': ['localhost:50066', 'localhost:50060', 'localhost:50061']
[dc1_node1] Coordinator NOT in preference list, forwarding only
[dc1_node1] Client GET: key='item:0043'
[dc1_node1] Preference list for 'item:0043': ['localhost:50058', 'localhost:50070', 'localhost:50057']
[dc1_node1] Reading from first 2 nodes in preference list
[dc1_node1] Internal PUT (replication): key='item:0080'
[dc1_node1] CONFLICT detected for key='item:0080', siblings=20
[dc1_node1] Replicated to localhost:50061
[dc1_node1] Saved 8 keys to disk
[dc1_node1] Replicated to localhost:50066
[dc1_node1] Replicated to localhost:50060
[dc1_node1] CONFLICT: 40 sibling versions for 'item:0043'
[dc1_node1] W-quorum achieved (2 writes), returning to client
[dc1_node1] Background replication continues for remaining nodes
[dc1_node1] Successful writes: 3/3
[dc1_node1] Client PUT: key='item:0097', value='stress_8_1001'
[dc1_node1] Preference list for 'item:0097': ['localhost:50060', 'localhost:50064', 'localhost:50052']
[dc1_node1] Coordinator NOT in preference list, forwarding only
[dc1_node1] Client PUT: key='item:0072', value='stress_6_1011'
[dc1_node1] Preference list for 'item:0072': ['localhost:50067', 'localhost:50056', 'localhost:50059']
[dc1_node1] Coordinator NOT in preference list, forwarding only
[dc1_node1] Replicated to localhost:50064
[dc1_node1] Replicated to localhost:50060
[dc1_node1] Replicated to localhost:50056
[dc1_node1] Replicated to localhost:50052
[dc1_node1] Replicated to localhost:50067
[dc1_node1] Replicated to localhost:50059
[dc1_node1] W-quorum achieved (2 writes), returning to client
[dc1_node1] Background replication continues for remaining nodes
[dc1_node1] Successful writes: 3/3
[dc1_node1] W-quorum achieved (2 writes), returning to client
[dc1_node1] Background replication continues for remaining nodes
[dc1_node1] Successful writes: 3/3
[dc1_node1] Client GET: key='item:0017'
[dc1_node1] Preference list for 'item:0017': ['localhost:50063', 'localhost:50054', 'localhost:50053']
[dc1_node1] Reading from first 2 nodes in preference list
[dc1_node1] CONFLICT: 40 sibling versions for 'item:0017'
[dc1_node1] Retrieved key='item:0079', versions=20
[dc1_node1] Client PUT: key='item:0029', value='stress_8_1004'
[dc1_node1] Preference list for 'item:0029': ['localhost:50062', 'localhost:50058', 'localhost:50069']
[dc1_node1] Coordinator NOT in preference list, forwarding only
[dc1_node1] Replicated to localhost:50069
[dc1_node1] Replicated to localhost:50062
[dc1_node1] Replicated to localhost:50058
[dc1_node1] W-quorum achieved (2 writes), returning to client
[dc1_node1] Background replication continues for remaining nodes
[dc1_node1] Successful writes: 3/3
[dc1_node1] Internal PUT (replication): key='item:0054'
[dc1_node1] CONFLICT detected for key='item:0054', siblings=20
[dc1_node1] Saved 8 keys to disk
[dc1_node1] Client GET: key='item:0082'
[dc1_node1] Preference list for 'item:0082': ['localhost:50064', 'localhost:50054', 'localhost:50067']
[dc1_node1] Reading from first 2 nodes in preference list
[dc1_node1] CONFLICT: 40 sibling versions for 'item:0082'
[dc1_node1] Internal PUT (replication): key='item:0025'
[dc1_node1] CONFLICT detected for key='item:0025', siblings=19
[dc1_node1] Internal PUT (replication): key='item:0079'
[dc1_node1] Saved 8 keys to disk
[dc1_node1] CONFLICT detected for key='item:0079', siblings=20
[dc1_node1] Saved 8 keys to disk
[dc1_node1] Internal PUT (replication): key='item:0042'
Wu  0±Tu  0/Wu  ðº°Tu  ð.Wu  p!±Tu  p±Tu  pÔdUu  °±Tu  °±Tu  ð±Tu  pÔdUu  ð.Wu  p$±Tu  [dc1_node1] CONFLICT detected for key='item:0042', siblings=20
[dc1_node1] Saved 8 keys to disk
[dc1_node1] Internal PUT (replication): key='item:0042'
[dc1_node1] CONFLICT detected for key='item:0042', siblings=20
[dc1_node1] Saved 8 keys to disk
[dc1_node1] Client PUT: key='item:0032', value='stress_1_1018'
[dc1_node1] Preference list for 'item:0032': ['localhost:50063', 'localhost:50055', 'localhost:50064']
[dc1_node1] Coordinator NOT in preference list, forwarding only
[dc1_node1] Replicated to localhost:50063
[dc1_node1] Replicated to localhost:50055
[dc1_node1] Replicated to localhost:50064
[dc1_node1] W-quorum achieved (2 writes), returning to client
[dc1_node1] Background replication continues for remaining nodes
[dc1_node1] Successful writes: 3/3
[dc1_node1] Retrieved key='item:0063', versions=20
[dc1_node1] Internal PUT (replication): key='item:0079'
[dc1_node1] CONFLICT detected for key='item:0079', siblings=20
[dc1_node1] Internal PUT (replication): key='item:0054'
[dc1_node1] Saved 8 keys to disk
[dc1_node1] CONFLICT detected for key='item:0054', siblings=20
[dc1_node1] Saved 8 keys to disk
[dc1_node1] Retrieved key='item:0079', versions=20
[dc1_node1] Internal PUT (replication): key='item:0079'
[dc1_node1] CONFLICT detected for key='item:0079', siblings=20
[dc1_node1] Saved 8 keys to disk
[dc1_node1] Retrieved key='item:0063', versions=20
[dc1_node1] Client PUT: key='item:0022', value='stress_2_1008'
[dc1_node1] Preference list for 'item:0022': ['localhost:50066', 'localhost:50057', 'localhost:50059']
[dc1_node1] Coordinator NOT in preference list, forwarding only
[dc1_node1] Replicated to localhost:50057
[dc1_node1] Replicated to localhost:50059
[dc1_node1] Replicated to localhost:50066
[dc1_node1] W-quorum achieved (2 writes), returning to client
[dc1_node1] Background replication continues for remaining nodes
[dc1_node1] Successful writes: 3/3
[dc1_node1] Internal PUT (replication): key='item:0063'
[dc1_node1] CONFLICT detected for key='item:0063', siblings=20
[dc1_node1] Saved 8 keys to disk
[dc1_node1] Retrieved key='item:0095', versions=20
[dc1_node1] Internal PUT (replication): key='item:0054'
[dc1_node1] CONFLICT detected for key='item:0054', siblings=20
[dc1_node1] Saved 8 keys to disk
[dc1_node1] Client PUT: key='item:0005', value='stress_9_1030'
[dc1_node1] Preference list for 'item:0005': ['localhost:50063', 'localhost:50053', 'localhost:50064']
[dc1_node1] Coordinator NOT in preference list, forwarding only
[dc1_node1] Client GET: key='item:0054'
[dc1_node1] Preference list for 'item:0054': ['localhost:50060', 'localhost:50067', 'localhost:50051']
[dc1_node1] Reading from first 2 nodes in preference list
[dc1_node1] Replicated to localhost:50063
[dc1_node1] Replicated to localhost:50053
[dc1_node1] Replicated to localhost:50064
[dc1_node1] W-quorum achieved (2 writes), returning to client
[dc1_node1] Background replication continues for remaining nodes
[dc1_node1] Successful writes: 3/3
[dc1_node1] Client GET: key='item:0010'
[dc1_node1] Preference list for 'item:0010': ['localhost:50056', 'localhost:50067', 'localhost:50055']
[dc1_node1] Reading from first 2 nodes in preference list
[dc1_node1] Client GET: key='item:0002'
[dc1_node1] Preference list for 'item:0002': ['localhost:50066', 'localhost:50058', 'localhost:50053']
[dc1_node1] Reading from first 2 nodes in preference list
[dc1_node1] CONFLICT: 40 sibling versions for 'item:0054'
[dc1_node1] CONFLICT: 40 sibling versions for 'item:0010'
[dc1_node1] Client GET: key='item:0097'
[dc1_node1] Preference list for 'item:0097': ['localhost:50060', 'localhost:50064', 'localhost:50052']
[dc1_node1] Reading from first 2 nodes in preference list
[dc1_node1] CONFLICT: 40 sibling versions for 'item:0002'
[dc1_node1] CONFLICT: 40 sibling versions for 'item:0097'
[dc1_node1] Internal PUT (replication): key='item:0042'
[dc1_node1] CONFLICT detected for key='item:0042', siblings=20
[dc1_node1] Saved 8 keys to disk
[dc1_node1] Internal PUT (replication): key='item:0054'
[dc1_node1] CONFLICT detected for key='item:0054', siblings=20
[dc1_node1] Saved 8 keys to disk
[dc1_node1] Internal PUT (replication): key='item:0025'
[dc1_node1] CONFLICT detected for key='item:0025', siblings=19
[dc1_node1] Saved 8 keys to disk
[dc1_node1] Client PUT: key='item:0017', value='stress_6_1044'
[dc1_node1] Preference list for 'item:0017': ['localhost:50063', 'localhost:50054', 'localhost:50053']
[dc1_node1] Coordinator NOT in preference list, forwarding only
[dc1_node1] Replicated to localhost:50054
[dc1_node1] Replicated to localhost:50063
[dc1_node1] W-quorum achieved (2 writes), returning to client
[dc1_node1] Background replication continues for remaining nodes
[dc1_node1] Successful writes: 2/3
[dc1_node1] Replicated to localhost:50053
[dc1_node1] Client PUT: key='item:0086', value='stress_4_1031'
[dc1_node1] Preference list for 'item:0086': ['localhost:50056', 'localhost:50067', 'localhost:50055']
[dc1_node1] Coordinator NOT in preference list, forwarding only
[dc1_node1] Replicated to localhost:50055
[dc1_node1] Replicated to localhost:50067
[dc1_node1] Replicated to localhost:50056
[dc1_node1] W-quorum achieved (2 writes), returning to client
[dc1_node1] Background replication continues for remaining nodes
[dc1_node1] Successful writes: 3/3
[dc1_node1] Retrieved key='item:0063', versions=20
[dc1_node1] Retrieved key='item:0063', versions=20
[dc1_node1] Client PUT: key='item:0025', value='stress_7_1047'
[dc1_node1] Preference list for 'item:0025': ['localhost:50059', 'localhost:50067', 'localhost:50051']
[dc1_node1] CONFLICT detected for key='item:0025', siblings=20
[dc1_node1] Internal PUT (replication): key='item:0025'
[dc1_node1] Internal PUT (replication): key='item:0031'
[dc1_node1] Saved 8 keys to disk
[dc1_node1] Coordinator IS in preference list, stored locally
[dc1_node1] CONFLICT detected for key='item:0025', siblings=20
[dc1_node1] Saved 8 keys to disk
[dc1_node1] CONFLICT detected for key='item:0031', siblings=20
[dc1_node1] Saved 8 keys to disk
[dc1_node1] Replicated to localhost:50067
[dc1_node1] Client PUT: key='item:0025', value='stress_9_1050'
[dc1_node1] Preference list for 'item:0025': ['localhost:50059', 'localhost:50067', 'localhost:50051']
[dc1_node1] CONFLICT detected for key='item:0025', siblings=20
[dc1_node1] Replicated to localhost:50059
[dc1_node1] W-quorum achieved (2 writes), returning to client
[dc1_node1] Background replication continues for remaining nodes
[dc1_node1] Successful writes: 3/3
[dc1_node1] Saved 8 keys to disk
[dc1_node1] Coordinator IS in preference list, stored locally
[dc1_node1] Replicated to localhost:50059
[dc1_node1] Replicated to localhost:50067
[dc1_node1] W-quorum achieved (2 writes), returning to client
[dc1_node1] Background replication continues for remaining nodes
[dc1_node1] Successful writes: 3/3
[dc1_node1] Client GET: key='item:0099'
[dc1_node1] Preference list for 'item:0099': ['localhost:50053', 'localhost:50070', 'localhost:50054']
[dc1_node1] Reading from first 2 nodes in preference list
[dc1_node1] CONFLICT: 38 sibling versions for 'item:0099'
[dc1_node1] Internal PUT (replication): key='item:0025'
[dc1_node1] CONFLICT detected for key='item:0025', siblings=20
[dc1_node1] Saved 8 keys to disk
[dc1_node1] Internal PUT (replication): key='item:0079'
[dc1_node1] CONFLICT detected for key='item:0079', siblings=20
[dc1_node1] Saved 8 keys to disk
[dc1_node1] Client PUT: key='item:0077', value='stress_8_1051'
[dc1_node1] Preference list for 'item:0077': ['localhost:50066', 'localhost:50056', 'localhost:50063']
[dc1_node1] Coordinator NOT in preference list, forwarding only
[dc1_node1] Client PUT: key='item:0038', value='stress_1_1053'
[dc1_node1] Preference list for 'item:0038': ['localhost:50059', 'localhost:50065', 'localhost:50060']
[dc1_node1] Coordinator NOT in preference list, forwarding only
[dc1_node1] Replicated to localhost:50066
[dc1_node1] Replicated to localhost:50056
[dc1_node1] Replicated to localhost:50059
[dc1_node1] Replicated to localhost:50063
[dc1_node1] Client GET: key='item:0044'
[dc1_node1] Preference list for 'item:0044': ['localhost:50055', 'localhost:50068', 'localhost:50060']
[dc1_node1] Reading from first 2 nodes in preference list
[dc1_node1] Replicated to localhost:50065
[dc1_node1] Replicated to localhost:50060
[dc1_node1] W-quorum achieved (2 writes), returning to client
[dc1_node1] Background replication continues for remaining nodes
[dc1_node1] Successful writes: 3/3
[dc1_node1] W-quorum achieved (2 writes), returning to client
[dc1_node1] Background replication continues for remaining nodes
[dc1_node1] Successful writes: 3/3
[dc1_node1] CONFLICT: 40 sibling versions for 'item:0044'
[dc1_node1] Client GET: key='item:0058'
[dc1_node1] Preference list for 'item:0058': ['localhost:50070', 'localhost:50058', 'localhost:50060']
[dc1_node1] Reading from first 2 nodes in preference list
[dc1_node1] CONFLICT: 40 sibling versions for 'item:0058'
[dc1_node1] Client GET: key='item:0066'
[dc1_node1] Preference list for 'item:0066': ['localhost:50066', 'localhost:50052', 'localhost:50061']
[dc1_node1] Reading from first 2 nodes in preference list
[dc1_node1] CONFLICT: 40 sibling versions for 'item:0066'
[dc1_node1] Client GET: key='item:0086'
[dc1_node1] Preference list for 'item:0086': ['localhost:50056', 'localhost:50067', 'localhost:50055']
[dc1_node1] Reading from first 2 nodes in preference list
[dc1_node1] Internal PUT (replication): key='item:0063'
[dc1_node1] CONFLICT detected for key='item:0063', siblings=20
[dc1_node1] Saved 8 keys to disk
[dc1_node1] CONFLICT: 40 sibling versions for 'item:0086'
[dc1_node1] Client GET: key='item:0041'
[dc1_node1] Preference list for 'item:0041': ['localhost:50069', 'localhost:50059', 'localhost:50064']
[dc1_node1] Reading from first 2 nodes in preference list
[dc1_node1] Internal PUT (replication): key='item:0095'
[dc1_node1] CONFLICT detected for key='item:0095', siblings=20
[dc1_node1] Saved 8 keys to disk
[dc1_node1] CONFLICT: 38 sibling versions for 'item:0041'
[dc1_node1] Client GET: key='item:0061'
[dc1_node1] Preference list for 'item:0061': ['localhost:50056', 'localhost:50062', 'localhost:50052']
[dc1_node1] Reading from first 2 nodes in preference list
[dc1_node1] Internal PUT (replication): key='item:0095'
[dc1_node1] CONFLICT detected for key='item:0095', siblings=20
[dc1_node1] Saved 8 keys to disk
[dc1_node1] CONFLICT: 40 sibling versions for 'item:0061'
[dc1_node1] Client GET: key='item:0095'
[dc1_node1] Preference list for 'item:0095': ['localhost:50069', 'localhost:50051', 'localhost:50067']
[dc1_node1] Reading from first 2 nodes in preference list
[dc1_node1] Retrieved key='item:0095', versions=20
[dc1_node1] Read locally (coordinator in preference list)
[dc1_node1] Internal PUT (replication): key='item:0080'
[dc1_node1] CONFLICT detected for key='item:0080', siblings=20
[dc1_node1] CONFLICT: 40 sibling versions for 'item:0095'
[dc1_node1] Saved 8 keys to disk
[dc1_node1] Internal PUT (replication): key='item:0025'
[dc1_node1] CONFLICT detected for key='item:0025', siblings=20
[dc1_node1] Saved 8 keys to disk
[dc1_node1] Internal PUT (replication): key='item:0095'
[dc1_node1] CONFLICT detected for key='item:0095', siblings=20
[dc1_node1] Saved 8 keys to disk
[dc1_node1] Client PUT: key='item:0092', value='stress_7_1071'
[dc1_node1] Preference list for 'item:0092': ['localhost:50055', 'localhost:50069', 'localhost:50056']
[dc1_node1] Coordinator NOT in preference list, forwarding only
[dc1_node1] Replicated to localhost:50055
[dc1_node1] Replicated to localhost:50069
[dc1_node1] Replicated to localhost:50056
[dc1_node1] W-quorum achieved (2 writes), returning to client
[dc1_node1] Background replication continues for remaining nodes
[dc1_node1] Successful writes: 3/3
[dc1_node1] Internal PUT (replication): key='item:0042'
[dc1_node1] CONFLICT detected for key='item:0042', siblings=20
[dc1_node1] Saved 8 keys to disk
[dc1_node1] Client PUT: key='item:0047', value='stress_8_1069'
[dc1_node1] Preference list for 'item:0047': ['localhost:50070', 'localhost:50055', 'localhost:50065']
[dc1_node1] Coordinator NOT in preference list, forwarding only
[dc1_node1] Replicated to localhost:50065
[dc1_node1] Replicated to localhost:50070
[dc1_node1] Replicated to localhost:50055
[dc1_node1] Retrieved key='item:0079', versions=20
[dc1_node1] W-quorum achieved (2 writes), returning to client
[dc1_node1] Background replication continues for remaining nodes
[dc1_node1] Successful writes: 3/3
[dc1_node1] Client GET: key='item:0057'
[dc1_node1] Preference list for 'item:0057': ['localhost:50067', 'localhost:50059', 'localhost:50061']
[dc1_node1] Reading from first 2 nodes in preference list
[dc1_node1] CONFLICT: 40 sibling versions for 'item:0057'
[dc1_node1] Client PUT: key='item:0031', value='stress_9_1075'
[dc1_node1] Preference list for 'item:0031': ['localhost:50068', 'localhost:50051', 'localhost:50054']
[dc1_node1] CONFLICT detected for key='item:0031', siblings=20
[dc1_node1] Saved 8 keys to disk
[dc1_node1] Coordinator IS in preference list, stored locally
[dc1_node1] Client PUT: key='item:0046', value='stress_4_1068'
[dc1_node1] Preference list for 'item:0046': ['localhost:50057', 'localhost:50067', 'localhost:50064']
[dc1_node1] Coordinator NOT in preference list, forwarding only
[dc1_node1] Replicated to localhost:50068
[dc1_node1] Replicated to localhost:50054
[dc1_node1] Replicated to localhost:50057
[dc1_node1] Replicated to localhost:50064
[dc1_node1] Replicated to localhost:50067
[dc1_node1] W-quorum achieved (2 writes), returning to client
[dc1_node1] Background replication continues for remaining nodes
[dc1_node1] Successful writes: 3/3
[dc1_node1] W-quorum achieved (2 writes), returning to client
[dc1_node1] Background replication continues for remaining nodes
[dc1_node1] Successful writes: 3/3
[dc1_node1] Retrieved key='item:0031', versions=20
[dc1_node1] Retrieved key='item:0095', versions=20
[dc1_node1] Retrieved key='item:0031', versions=20
[dc1_node1] Internal PUT (replication): key='item:0080'
[dc1_node1] CONFLICT detected for key='item:0080', siblings=20
[dc1_node1] Client PUT: key='item:0042', value='stress_6_1085'
[dc1_node1] Preference list for 'item:0042': ['localhost:50053', 'localhost:50062', 'localhost:50051']
[dc1_node1] Saved 8 keys to disk
[dc1_node1] CONFLICT detected for key='item:0042', siblings=20
[dc1_node1] Saved 8 keys to disk
[dc1_node1] Coordinator IS in preference list, stored locally
[dc1_node1] Replicated to localhost:50062
[dc1_node1] Replicated to localhost:50053
[dc1_node1] W-quorum achieved (2 writes), returning to client
[dc1_node1] Background replication continues for remaining nodes
[dc1_node1] Successful writes: 3/3
[dc1_node1] Internal PUT (replication): key='item:0080'
[dc1_node1] CONFLICT detected for key='item:0080', siblings=20
[dc1_node1] Client GET: key='item:0088'
[dc1_node1] Preference list for 'item:0088': ['localhost:50065', 'localhost:50058', 'localhost:50061']
[dc1_node1] Reading from first 2 nodes in preference list
[dc1_node1] Saved 8 keys to disk
[dc1_node1] CONFLICT: 40 sibling versions for 'item:0088'
[dc1_node1] Internal PUT (replication): key='item:0095'
[dc1_node1] CONFLICT detected for key='item:0095', siblings=20
[dc1_node1] Saved 8 keys to disk
[dc1_node1] Client PUT: key='item:0033', value='stress_4_1079'
[dc1_node1] Preference list for 'item:0033': ['localhost:50058', 'localhost:50063', 'localhost:50062']
[dc1_node1] Coordinator NOT in preference list, forwarding only
[dc1_node1] Internal PUT (replication): key='item:0080'
[dc1_node1] CONFLICT detected for key='item:0080', siblings=20
[dc1_node1] Replicated to localhost:50063
[dc1_node1] Saved 8 keys to disk
[dc1_node1] Replicated to localhost:50058
[dc1_node1] Replicated to localhost:50062
[dc1_node1] W-quorum achieved (2 writes), returning to client
[dc1_node1] Background replication continues for remaining nodes
[dc1_node1] Successful writes: 3/3
[dc1_node1] Internal PUT (replication): key='item:0063'
[dc1_node1] CONFLICT detected for key='item:0063', siblings=20
[dc1_node1] Saved 8 keys to disk
[dc1_node1] Internal PUT (replication): key='item:0080'
[dc1_node1] CONFLICT detected for key='item:0080', siblings=20
[dc1_node1] Saved 8 keys to disk
[dc1_node1] Retrieved key='item:0079', versions=20
[dc1_node1] Client PUT: key='item:0025', value='stress_2_1077'
[dc1_node1] Preference list for 'item:0025': ['localhost:50059', 'localhost:50067', 'localhost:50051']
[dc1_node1] CONFLICT detected for key='item:0025', siblings=20
[dc1_node1] Saved 8 keys to disk
[dc1_node1] Coordinator IS in preference list, stored locally
[dc1_node1] Replicated to localhost:50067
[dc1_node1] Replicated to localhost:50059
[dc1_node1] W-quorum achieved (2 writes), returning to client
[dc1_node1] Background replication continues for remaining nodes
[dc1_node1] Successful writes: 3/3
[dc1_node1] Client PUT: key='item:0028', value='stress_8_1090'
[dc1_node1] Preference list for 'item:0028': ['localhost:50069', 'localhost:50060', 'localhost:50057']
[dc1_node1] Coordinator NOT in preference list, forwarding only
[dc1_node1] Replicated to localhost:50069
[dc1_node1] Replicated to localhost:50057
[dc1_node1] Replicated to localhost:50060
[dc1_node1] W-quorum achieved (2 writes), returning to client
[dc1_node1] Background replication continues for remaining nodes
[dc1_node1] Successful writes: 3/3
[dc1_node1] Internal PUT (replication): key='item:0079'
[dc1_node1] CONFLICT detected for key='item:0079', siblings=20
[dc1_node1] Saved 8 keys to disk
[dc1_node1] Client GET: key='item:0040'
[dc1_node1] Preference list for 'item:0040': ['localhost:50070', 'localhost:50055', 'localhost:50065']
[dc1_node1] Reading from first 2 nodes in preference list
[dc1_node1] CONFLICT: 40 sibling versions for 'item:0040'
[dc1_node1] Internal PUT (replication): key='item:0025'
[dc1_node1] CONFLICT detected for key='item:0025', siblings=20
[dc1_node1] Saved 8 keys to disk
[dc1_node1] Client PUT: key='item:0026', value='stress_3_1093'
[dc1_node1] Preference list for 'item:0026': ['localhost:50059', 'localhost:50063', 'localhost:50062']
[dc1_node1] Coordinator NOT in preference list, forwarding only
[dc1_node1] Client GET: key='item:0047'
[dc1_node1] Preference list for 'item:0047': ['localhost:50070', 'localhost:50055', 'localhost:50065']
[dc1_node1] Reading from first 2 nodes in preference list
[dc1_node1] Replicated to localhost:50059
[dc1_node1] Replicated to localhost:50062
[dc1_node1] Replicated to localhost:50063
[dc1_node1] CONFLICT: 40 sibling versions for 'item:0047'
[dc1_node1] W-quorum achieved (2 writes), returning to client
[dc1_node1] Background replication continues for remaining nodes
[dc1_node1] Successful writes: 3/3
[dc1_node1] Retrieved key='item:0031', versions=20
[dc1_node1] Client GET: key='item:0053'
[dc1_node1] Preference list for 'item:0053': ['localhost:50056', 'localhost:50068', 'localhost:50062']
[dc1_node1] Reading from first 2 nodes in preference list
[dc1_node1] Client PUT: key='item:0077', value='stress_8_1101'
[dc1_node1] Preference list for 'item:0077': ['localhost:50066', 'localhost:50056', 'localhost:50063']
[dc1_node1] Coordinator NOT in preference list, forwarding only
[dc1_node1] Replicated to localhost:50066
[dc1_node1] CONFLICT: 40 sibling versions for 'item:0053'
[dc1_node1] Replicated to localhost:50056
[dc1_node1] Replicated to localhost:50063
[dc1_node1] W-quorum achieved (2 writes), returning to client
[dc1_node1] Background replication continues for remaining nodes
[dc1_node1] Successful writes: 3/3
[dc1_node1] Client GET: key='item:0016'
[dc1_node1] Preference list for 'item:0016': ['localhost:50062', 'localhost:50058', 'localhost:50053']
[dc1_node1] Reading from first 2 nodes in preference list
[dc1_node1] Retrieved key='item:0031', versions=20
[dc1_node1] Client PUT: key='item:0099', value='stress_9_1109'
[dc1_node1] Preference list for 'item:0099': ['localhost:50053', 'localhost:50070', 'localhost:50054']
[dc1_node1] Coordinator NOT in preference list, forwarding only
[dc1_node1] CONFLICT: 40 sibling versions for 'item:0016'
[dc1_node1] Internal PUT (replication): key='item:0025'
[dc1_node1] CONFLICT detected for key='item:0025', siblings=20
[dc1_node1] Replicated to localhost:50070
[dc1_node1] Saved 8 keys to disk
[dc1_node1] Replicated to localhost:50053
[dc1_node1] Replicated to localhost:50054
[dc1_node1] W-quorum achieved (2 writes), returning to client
[dc1_node1] Background replication continues for remaining nodes
[dc1_node1] Successful writes: 3/3
[dc1_node1] Internal PUT (replication): key='item:0080'
[dc1_node1] CONFLICT detected for key='item:0080', siblings=20
[dc1_node1] Saved 8 keys to disk
[dc1_node1] Client GET: key='item:0076'
[dc1_node1] Preference list for 'item:0076': ['localhost:50067', 'localhost:50052', 'localhost:50064']
[dc1_node1] Reading from first 2 nodes in preference list
[dc1_node1] CONFLICT: 40 sibling versions for 'item:0076'
[dc1_node1] Retrieved key='item:0031', versions=20
[dc1_node1] Internal PUT (replication): key='item:0080'
[dc1_node1] CONFLICT detected for key='item:0080', siblings=20
[dc1_node1] Saved 8 keys to disk
[dc1_node1] Internal PUT (replication): key='item:0054'
[dc1_node1] CONFLICT detected for key='item:0054', siblings=20
[dc1_node1] Saved 8 keys to disk
[dc1_node1] Client GET: key='item:0012'
[dc1_node1] Preference list for 'item:0012': ['localhost:50069', 'localhost:50057', 'localhost:50065']
[dc1_node1] Reading from first 2 nodes in preference list
[dc1_node1] CONFLICT: 40 sibling versions for 'item:0012'
[dc1_node1] Client PUT: key='item:0000', value='stress_8_1110'
[dc1_node1] Preference list for 'item:0000': ['localhost:50066', 'localhost:50057', 'localhost:50053']
[dc1_node1] Coordinator NOT in preference list, forwarding only
[dc1_node1] Replicated to localhost:50053
[dc1_node1] Replicated to localhost:50057
[dc1_node1] Replicated to localhost:50066
[dc1_node1] Client GET: key='item:0074'
[dc1_node1] Preference list for 'item:0074': ['localhost:50066', 'localhost:50058', 'localhost:50062']
[dc1_node1] Reading from first 2 nodes in preference list
[dc1_node1] W-quorum achieved (2 writes), returning to client
[dc1_node1] Background replication continues for remaining nodes
[dc1_node1] Successful writes: 3/3
[dc1_node1] CONFLICT: 40 sibling versions for 'item:0074'
[dc1_node1] Client PUT: key='item:0040', value='stress_5_1123'
[dc1_node1] Preference list for 'item:0040': ['localhost:50070', 'localhost:50055', 'localhost:50065']
[dc1_node1] Coordinator NOT in preference list, forwarding only
[dc1_node1] Replicated to localhost:50065
[dc1_node1] Replicated to localhost:50055
[dc1_node1] W-quorum achieved (2 writes), returning to client
[dc1_node1] Background replication continues for remaining nodes
[dc1_node1] Successful writes: 2/3
[dc1_node1] Replicated to localhost:50070
[dc1_node1] Internal PUT (replication): key='item:0079'
[dc1_node1] CONFLICT detected for key='item:0079', siblings=20
[dc1_node1] Client PUT: key='item:0078', value='stress_8_1113'
[dc1_node1] Preference list for 'item:0078': ['localhost:50058', 'localhost:50070', 'localhost:50057']
[dc1_node1] Coordinator NOT in preference list, forwarding only
[dc1_node1] Saved 8 keys to disk
[dc1_node1] Replicated to localhost:50057
[dc1_node1] Replicated to localhost:50070
[dc1_node1] Internal PUT (replication): key='item:0042'
[dc1_node1] CONFLICT detected for key='item:0042', siblings=20
[dc1_node1] Replicated to localhost:50058
[dc1_node1] Client PUT: key='item:0003', value='stress_2_1105'
[dc1_node1] Preference list for 'item:0003': ['localhost:50058', 'localhost:50069', 'localhost:50062']
[dc1_node1] Coordinator NOT in preference list, forwarding only
[dc1_node1] Saved 8 keys to disk
[dc1_node1] Client PUT: key='item:0091', value='stress_3_1114'
[dc1_node1] Preference list for 'item:0091': ['localhost:50058', 'localhost:50063', 'localhost:50056']
[dc1_node1] Coordinator NOT in preference list, forwarding only
[dc1_node1] W-quorum achieved (2 writes), returning to client
[dc1_node1] Background replication continues for remaining nodes
[dc1_node1] Successful writes: 3/3
[dc1_node1] Replicated to localhost:50069
[dc1_node1] Replicated to localhost:50062
[dc1_node1] Replicated to localhost:50058
[dc1_node1] Replicated to localhost:50056
[dc1_node1] Replicated to localhost:50063
[dc1_node1] Replicated to localhost:50058
[dc1_node1] W-quorum achieved (2 writes), returning to client
[dc1_node1] Background replication continues for remaining nodes
[dc1_node1] Successful writes: 3/3
[dc1_node1] W-quorum achieved (2 writes), returning to client
[dc1_node1] Background replication continues for remaining nodes
[dc1_node1] Successful writes: 3/3
[dc1_node1] Internal PUT (replication): key='item:0054'
[dc1_node1] CONFLICT detected for key='item:0054', siblings=20
[dc1_node1] Saved 8 keys to disk
[dc1_node1] Retrieved key='item:0063', versions=20
[dc1_node1] Client GET: key='item:0008'
[dc1_node1] Preference list for 'item:0008': ['localhost:50065', 'localhost:50060', 'localhost:50055']
[dc1_node1] Reading from first 2 nodes in preference list
[dc1_node1] CONFLICT: 40 sibling versions for 'item:0008'
[dc1_node1] Client GET: key='item:0046'
[dc1_node1] Preference list for 'item:0046': ['localhost:50057', 'localhost:50067', 'localhost:50064']
[dc1_node1] Reading from first 2 nodes in preference list
[dc1_node1] Client PUT: key='item:0077', value='stress_5_1129'
[dc1_node1] Preference list for 'item:0077': ['localhost:50066', 'localhost:50056', 'localhost:50063']
[dc1_node1] Coordinator NOT in preference list, forwarding only
[dc1_node1] Replicated to localhost:50056
[dc1_node1] Replicated to localhost:50063
[dc1_node1] CONFLICT: 40 sibling versions for 'item:0046'
[dc1_node1] Replicated to localhost:50066
[dc1_node1] Client GET: key='item:0072'
[dc1_node1] Preference list for 'item:0072': ['localhost:50067', 'localhost:50056', 'localhost:50059']
[dc1_node1] Reading from first 2 nodes in preference list
[dc1_node1] W-quorum achieved (2 writes), returning to client
[dc1_node1] Background replication continues for remaining nodes
[dc1_node1] Successful writes: 3/3
[dc1_node1] CONFLICT: 40 sibling versions for 'item:0072'
[dc1_node1] Internal PUT (replication): key='item:0063'
[dc1_node1] CONFLICT detected for key='item:0063', siblings=20
[dc1_node1] Client PUT: key='item:0053', value='stress_4_1117'
[dc1_node1] Preference list for 'item:0053': ['localhost:50056', 'localhost:50068', 'localhost:50062']
[dc1_node1] Coordinator NOT in preference list, forwarding only
[dc1_node1] Saved 8 keys to disk
[dc1_node1] Internal PUT (replication): key='item:0031'
[dc1_node1] CONFLICT detected for key='item:0031', siblings=20
[dc1_node1] Saved 8 keys to disk
[dc1_node1] Replicated to localhost:50068
[dc1_node1] Replicated to localhost:50056
[dc1_node1] Replicated to localhost:50062
[dc1_node1] W-quorum achieved (2 writes), returning to client
[dc1_node1] Background replication continues for remaining nodes
[dc1_node1] Successful writes: 3/3
[dc1_node1] Internal PUT (replication): key='item:0063'
[dc1_node1] CONFLICT detected for key='item:0063', siblings=20
[dc1_node1] Saved 8 keys to disk
[dc1_node1] Internal PUT (replication): key='item:0042'
[dc1_node1] CONFLICT detected for key='item:0042', siblings=20
[dc1_node1] Saved 8 keys to disk
[dc1_node1] Client PUT: key='item:0030', value='stress_5_1141'
[dc1_node1] Preference list for 'item:0030': ['localhost:50070', 'localhost:50056', 'localhost:50058']
[dc1_node1] Coordinator NOT in preference list, forwarding only
[dc1_node1] Replicated to localhost:50056
[dc1_node1] Replicated to localhost:50070
[dc1_node1] W-quorum achieved (2 writes), returning to client
[dc1_node1] Background replication continues for remaining nodes
[dc1_node1] Successful writes: 2/3
[dc1_node1] Replicated to localhost:50058
[dc1_node1] Client PUT: key='item:0005', value='stress_6_1137'
[dc1_node1] Preference list for 'item:0005': ['localhost:50063', 'localhost:50053', 'localhost:50064']
[dc1_node1] Coordinator NOT in preference list, forwarding only
[dc1_node1] Internal PUT (replication): key='item:0025'
[dc1_node1] CONFLICT detected for key='item:0025', siblings=20
[dc1_node1] Saved 8 keys to disk
[dc1_node1] Replicated to localhost:50064
[dc1_node1] Replicated to localhost:50053
[dc1_node1] Replicated to localhost:50063
[dc1_node1] W-quorum achieved (2 writes), returning to client
[dc1_node1] Background replication continues for remaining nodes
[dc1_node1] Successful writes: 3/3
[dc1_node1] Client PUT: key='item:0016', value='stress_3_1131'
[dc1_node1] Preference list for 'item:0016': ['localhost:50062', 'localhost:50058', 'localhost:50053']
[dc1_node1] Coordinator NOT in preference list, forwarding only
[dc1_node1] Replicated to localhost:50062
[dc1_node1] Replicated to localhost:50053
[dc1_node1] Replicated to localhost:50058
[dc1_node1] Client GET: key='item:0071'
[dc1_node1] Preference list for 'item:0071': ['localhost:50052', 'localhost:50063', 'localhost:50060']
[dc1_node1] Reading from first 2 nodes in preference list
[dc1_node1] W-quorum achieved (2 writes), returning to client
[dc1_node1] Background replication continues for remaining nodes
[dc1_node1] Successful writes: 3/3
[dc1_node1] Retrieved key='item:0079', versions=20
[dc1_node1] CONFLICT: 38 sibling versions for 'item:0071'
[dc1_node1] Internal PUT (replication): key='item:0095'
[dc1_node1] CONFLICT detected for key='item:0095', siblings=20
[dc1_node1] Saved 8 keys to disk
[dc1_node1] Client GET: key='item:0010'
[dc1_node1] Preference list for 'item:0010': ['localhost:50056', 'localhost:50067', 'localhost:50055']
[dc1_node1] Reading from first 2 nodes in preference list
[dc1_node1] Retrieved key='item:0063', versions=20
[dc1_node1] CONFLICT: 40 sibling versions for 'item:0010'
[dc1_node1] Internal PUT (replication): key='item:0079'
[dc1_node1] CONFLICT detected for key='item:0079', siblings=20
[dc1_node1] Saved 8 keys to disk
[dc1_node1] Client PUT: key='item:0036', value='stress_1_1143'
[dc1_node1] Preference list for 'item:0036': ['localhost:50058', 'localhost:50063', 'localhost:50056']
[dc1_node1] Coordinator NOT in preference list, forwarding only
[dc1_node1] Replicated to localhost:50063
[dc1_node1] Replicated to localhost:50056
[dc1_node1] W-quorum achieved (2 writes), returning to client
[dc1_node1] Background replication continues for remaining nodes
[dc1_node1] Successful writes: 2/3
[dc1_node1] Replicated to localhost:50058
[dc1_node1] Client PUT: key='item:0087', value='stress_2_1132'
[dc1_node1] Preference list for 'item:0087': ['localhost:50052', 'localhost:50061', 'localhost:50063']
[dc1_node1] Coordinator NOT in preference list, forwarding only
[dc1_node1] Replicated to localhost:50061
[dc1_node1] Internal PUT (replication): key='item:0042'
[dc1_node1] CONFLICT detected for key='item:0042', siblings=20
[dc1_node1] Replicated to localhost:50063
[dc1_node1] Saved 8 keys to disk
[dc1_node1] Replicated to localhost:50052
[dc1_node1] Internal PUT (replication): key='item:0080'
[dc1_node1] CONFLICT detected for key='item:0080', siblings=20
[dc1_node1] Saved 8 keys to disk
[dc1_node1] W-quorum achieved (2 writes), returning to client
[dc1_node1] Background replication continues for remaining nodes
[dc1_node1] Successful writes: 3/3
[dc1_node1] Client GET: key='item:0023'
[dc1_node1] Preference list for 'item:0023': ['localhost:50067', 'localhost:50058', 'localhost:50061']
[dc1_node1] Reading from first 2 nodes in preference list
[dc1_node1] Retrieved key='item:0063', versions=20
[dc1_node1] CONFLICT: 40 sibling versions for 'item:0023'
[dc1_node1] Retrieved key='item:0095', versions=20
[dc1_node1] Internal PUT (replication): key='item:0054'
[dc1_node1] CONFLICT detected for key='item:0054', siblings=20
[dc1_node1] Saved 8 keys to disk
[dc1_node1] Internal PUT (replication): key='item:0031'
[dc1_node1] CONFLICT detected for key='item:0031', siblings=20
[dc1_node1] Saved 8 keys to disk
[dc1_node1] Client GET: key='item:0041'
[dc1_node1] Preference list for 'item:0041': ['localhost:50069', 'localhost:50059', 'localhost:50064']
[dc1_node1] Reading from first 2 nodes in preference list
[dc1_node1] Client GET: key='item:0065'
[dc1_node1] Preference list for 'item:0065': ['localhost:50055', 'localhost:50066', 'localhost:50065']
[dc1_node1] Reading from first 2 nodes in preference list
[dc1_node1] Client GET: key='item:0079'
[dc1_node1] Preference list for 'item:0079': ['localhost:50051', 'localhost:50065', 'localhost:50060']
[dc1_node1] Reading from first 2 nodes in preference list
[dc1_node1] Retrieved key='item:0079', versions=20
[dc1_node1] Read locally (coordinator in preference list)
[dc1_node1] CONFLICT: 38 sibling versions for 'item:0041'
[dc1_node1] CONFLICT: 40 sibling versions for 'item:0079'
[dc1_node1] CONFLICT: 40 sibling versions for 'item:0065'
[dc1_node1] Internal PUT (replication): key='item:0079'
[dc1_node1] CONFLICT detected for key='item:0079', siblings=20
[dc1_node1] Internal PUT (replication): key='item:0054'
[dc1_node1] Saved 8 keys to disk
[dc1_node1] CONFLICT detected for key='item:0054', siblings=20
[dc1_node1] Saved 8 keys to disk
[dc1_node1] Internal PUT (replication): key='item:0025'
[dc1_node1] CONFLICT detected for key='item:0025', siblings=20
[dc1_node1] Saved 8 keys to disk
[dc1_node1] Client PUT: key='item:0098', value='stress_6_1162'
[dc1_node1] Preference list for 'item:0098': ['localhost:50055', 'localhost:50064', 'localhost:50067']
[dc1_node1] Coordinator NOT in preference list, forwarding only
[dc1_node1] Replicated to localhost:50055
[dc1_node1] Replicated to localhost:50064
[dc1_node1] Replicated to localhost:50067
[dc1_node1] W-quorum achieved (2 writes), returning to client
[dc1_node1] Background replication continues for remaining nodes
[dc1_node1] Successful writes: 3/3
[dc1_node1] Retrieved key='item:0095', versions=20
[dc1_node1] Client GET: key='item:0091'
[dc1_node1] Preference list for 'item:0091': ['localhost:50058', 'localhost:50063', 'localhost:50056']
[dc1_node1] Reading from first 2 nodes in preference list
[dc1_node1] CONFLICT: 40 sibling versions for 'item:0091'
[dc1_node1] Client PUT: key='item:0074', value='stress_7_1164'
[dc1_node1] Preference list for 'item:0074': ['localhost:50066', 'localhost:50058', 'localhost:50062']
[dc1_node1] Coordinator NOT in preference list, forwarding only
[dc1_node1] Replicated to localhost:50058
[dc1_node1] Replicated to localhost:50066
[dc1_node1] Replicated to localhost:50062
[dc1_node1] W-quorum achieved (2 writes), returning to client
[dc1_node1] Background replication continues for remaining nodes
[dc1_node1] Successful writes: 3/3
[dc1_node1] Internal PUT (replication): key='item:0063'
[dc1_node1] CONFLICT detected for key='item:0063', siblings=20
[dc1_node1] Saved 8 keys to disk
[dc1_node1] Client PUT: key='item:0077', value='stress_5_1173'
[dc1_node1] Preference list for 'item:0077': ['localhost:50066', 'localhost:50056', 'localhost:50063']
[dc1_node1] Coordinator NOT in preference list, forwarding only
[dc1_node1] Client PUT: key='item:0021', value='stress_6_1169'
[dc1_node1] Preference list for 'item:0021': ['localhost:50054', 'localhost:50068', 'localhost:50060']
[dc1_node1] Coordinator NOT in preference list, forwarding only
[dc1_node1] Replicated to localhost:50068
[dc1_node1] Replicated to localhost:50063
[dc1_node1] Replicated to localhost:50054
[dc1_node1] Replicated to localhost:50066
[dc1_node1] Replicated to localhost:50056
[dc1_node1] Replicated to localhost:50060
[dc1_node1] W-quorum achieved (2 writes), returning to client
[dc1_node1] Background replication continues for remaining nodes
[dc1_node1] Successful writes: 3/3
[dc1_node1] W-quorum achieved (2 writes), returning to client
[dc1_node1] Background replication continues for remaining nodes
[dc1_node1] Successful writes: 3/3
[dc1_node1] Client PUT: key='item:0035', value='stress_5_1174'
[dc1_node1] Preference list for 'item:0035': ['localhost:50054', 'localhost:50068', 'localhost:50060']
[dc1_node1] Coordinator NOT in preference list, forwarding only
[dc1_node1] Replicated to localhost:50068
[dc1_node1] Replicated to localhost:50054
[dc1_node1] W-quorum achieved (2 writes), returning to client
[dc1_node1] Background replication continues for remaining nodes
[dc1_node1] Successful writes: 2/3
[dc1_node1] Internal PUT (replication): key='item:0054'
[dc1_node1] CONFLICT detected for key='item:0054', siblings=20
[dc1_node1] Saved 8 keys to disk
[dc1_node1] Replicated to localhost:50060
[dc1_node1] Retrieved key='item:0063', versions=20
[dc1_node1] Internal PUT (replication): key='item:0063'
[dc1_node1] CONFLICT detected for key='item:0063', siblings=20
[dc1_node1] Saved 8 keys to disk
[dc1_node1] Retrieved key='item:0095', versions=20
[dc1_node1] Client GET: key='item:0093'
[dc1_node1] Preference list for 'item:0093': ['localhost:50052', 'localhost:50062', 'localhost:50054']
[dc1_node1] Reading from first 2 nodes in preference list
[dc1_node1] Internal PUT (replication): key='item:0079'
[dc1_node1] CONFLICT detected for key='item:0079', siblings=20
[dc1_node1] Saved 8 keys to disk
[dc1_node1] CONFLICT: 40 sibling versions for 'item:0093'
[dc1_node1] Internal PUT (replication): key='item:0031'
[dc1_node1] CONFLICT detected for key='item:0031', siblings=20
[dc1_node1] Saved 8 keys to disk
[dc1_node1] Retrieved key='item:0063', versions=20
[dc1_node1] Internal PUT (replication): key='item:0054'
[dc1_node1] CONFLICT detected for key='item:0054', siblings=20
[dc1_node1] Saved 8 keys to disk
[dc1_node1] Retrieved key='item:0079', versions=20
[dc1_node1] Client PUT: key='item:0020', value='stress_1_1175'
[dc1_node1] Preference list for 'item:0020': ['localhost:50052', 'localhost:50061', 'localhost:50065']
[dc1_node1] Coordinator NOT in preference list, forwarding only
[dc1_node1] Replicated to localhost:50061
[dc1_node1] Replicated to localhost:50052
[dc1_node1] Replicated to localhost:50065
[dc1_node1] W-quorum achieved (2 writes), returning to client
[dc1_node1] Background replication continues for remaining nodes
[dc1_node1] Successful writes: 3/3
[dc1_node1] Retrieved key='item:0079', versions=20
[dc1_node1] Client GET: key='item:0037'
[dc1_node1] Preference list for 'item:0037': ['localhost:50066', 'localhost:50052', 'localhost:50063']
[dc1_node1] Reading from first 2 nodes in preference list
[dc1_node1] CONFLICT: 40 sibling versions for 'item:0037'
[dc1_node1] Client GET: key='item:0086'
[dc1_node1] Preference list for 'item:0086': ['localhost:50056', 'localhost:50067', 'localhost:50055']
[dc1_node1] Reading from first 2 nodes in preference list
[dc1_node1] CONFLICT: 40 sibling versions for 'item:0086'
[dc1_node1] Client PUT: key='item:0071', value='stress_1_1184'
[dc1_node1] Preference list for 'item:0071': ['localhost:50052', 'localhost:50063', 'localhost:50060']
[dc1_node1] Coordinator NOT in preference list, forwarding only
[dc1_node1] Replicated to localhost:50052
[dc1_node1] Replicated to localhost:50063
[dc1_node1] Replicated to localhost:50060
[dc1_node1] W-quorum achieved (2 writes), returning to client
[dc1_node1] Background replication continues for remaining nodes
[dc1_node1] Successful writes: 3/3
[dc1_node1] Retrieved key='item:0095', versions=20
[dc1_node1] Client PUT: key='item:0087', value='stress_5_1202'
[dc1_node1] Preference list for 'item:0087': ['localhost:50052', 'localhost:50061', 'localhost:50063']
[dc1_node1] Coordinator NOT in preference list, forwarding only
[dc1_node1] Replicated to localhost:50061
[dc1_node1] Replicated to localhost:50063
[dc1_node1] Replicated to localhost:50052
[dc1_node1] Internal PUT (replication): key='item:0095'
[dc1_node1] CONFLICT detected for key='item:0095', siblings=20
[dc1_node1] W-quorum achieved (2 writes), returning to client
[dc1_node1] Background replication continues for remaining nodes
[dc1_node1] Successful writes: 3/3
[dc1_node1] Saved 8 keys to disk
[dc1_node1] Retrieved key='item:0031', versions=20
[dc1_node1] Client GET: key='item:0094'
[dc1_node1] Preference list for 'item:0094': ['localhost:50060', 'localhost:50066', 'localhost:50055']
[dc1_node1] Reading from first 2 nodes in preference list
[dc1_node1] Client PUT: key='item:0038', value='stress_0_1186'
[dc1_node1] Preference list for 'item:0038': ['localhost:50059', 'localhost:50065', 'localhost:50060']
[dc1_node1] Coordinator NOT in preference list, forwarding only
[dc1_node1] Replicated to localhost:50065
[dc1_node1] CONFLICT: 40 sibling versions for 'item:0094'
[dc1_node1] Replicated to localhost:50059
[dc1_node1] Client GET: key='item:0058'
[dc1_node1] Preference list for 'item:0058': ['localhost:50070', 'localhost:50058', 'localhost:50060']
[dc1_node1] Reading from first 2 nodes in preference list
[dc1_node1] Client GET: key='item:0053'
[dc1_node1] Preference list for 'item:0053': ['localhost:50056', 'localhost:50068', 'localhost:50062']
[dc1_node1] Reading from first 2 nodes in preference list
[dc1_node1] W-quorum achieved (2 writes), returning to client
[dc1_node1] Background replication continues for remaining nodes
[dc1_node1] Successful writes: 2/3
[dc1_node1] CONFLICT: 40 sibling versions for 'item:0058'
[dc1_node1] CONFLICT: 40 sibling versions for 'item:0053'
[dc1_node1] Replicated to localhost:50060
[dc1_node1] Client PUT: key='item:0078', value='stress_5_1208'
[dc1_node1] Preference list for 'item:0078': ['localhost:50058', 'localhost:50070', 'localhost:50057']
[dc1_node1] Coordinator NOT in preference list, forwarding only
[dc1_node1] Internal PUT (replication): key='item:0080'
[dc1_node1] CONFLICT detected for key='item:0080', siblings=20
[dc1_node1] Saved 8 keys to disk
[dc1_node1] Replicated to localhost:50070
[dc1_node1] Replicated to localhost:50058
[dc1_node1] Replicated to localhost:50057
[dc1_node1] Retrieved key='item:0095', versions=20
[dc1_node1] W-quorum achieved (2 writes), returning to client
[dc1_node1] Background replication continues for remaining nodes
[dc1_node1] Successful writes: 3/3
[dc1_node1] Retrieved key='item:0063', versions=20
[dc1_node1] Client PUT: key='item:0067', value='stress_6_1205'
[dc1_node1] Preference list for 'item:0067': ['localhost:50065', 'localhost:50060', 'localhost:50053']
[dc1_node1] Coordinator NOT in preference list, forwarding only
[dc1_node1] Replicated to localhost:50065
[dc1_node1] Replicated to localhost:50060
[dc1_node1] Replicated to localhost:50053
[dc1_node1] W-quorum achieved (2 writes), returning to client
[dc1_node1] Background replication continues for remaining nodes
[dc1_node1] Successful writes: 3/3
[dc1_node1] Client GET: key='item:0015'
[dc1_node1] Preference list for 'item:0015': ['localhost:50052', 'localhost:50065', 'localhost:50068']
[dc1_node1] Reading from first 2 nodes in preference list
[dc1_node1] Client PUT: key='item:0089', value='stress_9_1206'
[dc1_node1] Preference list for 'item:0089': ['localhost:50064', 'localhost:50058', 'localhost:50069']
[dc1_node1] Coordinator NOT in preference list, forwarding only
[dc1_node1] Client PUT: key='item:0010', value='stress_6_1209'
[dc1_node1] Preference list for 'item:0010': ['localhost:50056', 'localhost:50067', 'localhost:50055']
[dc1_node1] Coordinator NOT in preference list, forwarding only
[dc1_node1] CONFLICT: 40 sibling versions for 'item:0015'
[dc1_node1] Replicated to localhost:50064
[dc1_node1] Replicated to localhost:50069
[dc1_node1] Replicated to localhost:50055
[dc1_node1] Replicated to localhost:50058
[dc1_node1] Replicated to localhost:50067
[dc1_node1] Internal PUT (replication): key='item:0031'
[dc1_node1] CONFLICT detected for key='item:0031', siblings=20
[dc1_node1] W-quorum achieved (2 writes), returning to client
[dc1_node1] Background replication continues for remaining nodes
[dc1_node1] Successful writes: 3/3
[dc1_node1] W-quorum achieved (2 writes), returning to client
[dc1_node1] Background replication continues for remaining nodes
[dc1_node1] Successful writes: 2/3
[dc1_node1] Replicated to localhost:50056
[dc1_node1] Saved 8 keys to disk
[dc1_node1] Internal PUT (replication): key='item:0079'
[dc1_node1] CONFLICT detected for key='item:0079', siblings=20
[dc1_node1] Saved 8 keys to disk
[dc1_node1] Client GET: key='item:0038'
[dc1_node1] Preference list for 'item:0038': ['localhost:50059', 'localhost:50065', 'localhost:50060']
[dc1_node1] Reading from first 2 nodes in preference list
[dc1_node1] CONFLICT: 40 sibling versions for 'item:0038'
[dc1_node1] Retrieved key='item:0079', versions=20
[dc1_node1] Internal PUT (replication): key='item:0042'
[dc1_node1] CONFLICT detected for key='item:0042', siblings=20
[dc1_node1] Saved 8 keys to disk
[dc1_node1] Retrieved key='item:0063', versions=20
[dc1_node1] Internal PUT (replication): key='item:0042'
[dc1_node1] CONFLICT detected for key='item:0042', siblings=20
[dc1_node1] Saved 8 keys to disk
[dc1_node1] Client PUT: key='item:0026', value='stress_0_1209'
[dc1_node1] Preference list for 'item:0026': ['localhost:50059', 'localhost:50063', 'localhost:50062']
[dc1_node1] Coordinator NOT in preference list, forwarding only
[dc1_node1] Internal PUT (replication): key='item:0042'
[dc1_node1] CONFLICT detected for key='item:0042', siblings=20
[dc1_node1] Saved 8 keys to disk
[dc1_node1] Replicated to localhost:50059
[dc1_node1] Replicated to localhost:50063
[dc1_node1] Retrieved key='item:0095', versions=20
[dc1_node1] Client GET: key='item:0052'
[dc1_node1] Preference list for 'item:0052': ['localhost:50057', 'localhost:50062', 'localhost:50056']
[dc1_node1] Reading from first 2 nodes in preference list
[dc1_node1] W-quorum achieved (2 writes), returning to client
[dc1_node1] Background replication continues for remaining nodes
[dc1_node1] Successful writes: 2/3
[dc1_node1] Retrieved key='item:0095', versions=20
[dc1_node1] Client PUT: key='item:0012', value='stress_6_1224'
[dc1_node1] Preference list for 'item:0012': ['localhost:50069', 'localhost:50057', 'localhost:50065']
[dc1_node1] Coordinator NOT in preference list, forwarding only
[dc1_node1] Replicated to localhost:50062
[dc1_node1] CONFLICT: 40 sibling versions for 'item:0052'
[dc1_node1] Replicated to localhost:50057
[dc1_node1] Client PUT: key='item:0018', value='stress_5_1228'
[dc1_node1] Preference list for 'item:0018': ['localhost:50064', 'localhost:50056', 'localhost:50052']
[dc1_node1] Coordinator NOT in preference list, forwarding only
[dc1_node1] Replicated to localhost:50069
[dc1_node1] Replicated to localhost:50065
[dc1_node1] Replicated to localhost:50056
[dc1_node1] Retrieved key='item:0063', versions=20
[dc1_node1] Replicated to localhost:50052
[dc1_node1] Internal PUT (replication): key='item:0095'
[dc1_node1] CONFLICT detected for key='item:0095', siblings=20
[dc1_node1] W-quorum achieved (2 writes), returning to client
[dc1_node1] Background replication continues for remaining nodes
[dc1_node1] Successful writes: 3/3
[dc1_node1] Saved 8 keys to disk
[dc1_node1] W-quorum achieved (2 writes), returning to client
[dc1_node1] Background replication continues for remaining nodes
[dc1_node1] Successful writes: 2/3
[dc1_node1] Replicated to localhost:50064
[dc1_node1] Retrieved key='item:0095', versions=20
[dc1_node1] Client GET: key='item:0016'
[dc1_node1] Preference list for 'item:0016': ['localhost:50062', 'localhost:50058', 'localhost:50053']
[dc1_node1] Reading from first 2 nodes in preference list
[dc1_node1] Internal PUT (replication): key='item:0080'
[dc1_node1] CONFLICT detected for key='item:0080', siblings=20
[dc1_node1] Internal PUT (replication): key='item:0054'
[dc1_node1] CONFLICT: 40 sibling versions for 'item:0016'
[dc1_node1] Saved 8 keys to disk
[dc1_node1] CONFLICT detected for key='item:0054', siblings=20
[dc1_node1] Saved 8 keys to disk
[dc1_node1] Client PUT: key='item:0004', value='stress_5_1233'
[dc1_node1] Preference list for 'item:0004': ['localhost:50070', 'localhost:50060', 'localhost:50066']
[dc1_node1] Coordinator NOT in preference list, forwarding only
[dc1_node1] Replicated to localhost:50070
[dc1_node1] Replicated to localhost:50066
[dc1_node1] Replicated to localhost:50060
[dc1_node1] W-quorum achieved (2 writes), returning to client
[dc1_node1] Background replication continues for remaining nodes
[dc1_node1] Successful writes: 3/3
[dc1_node1] Retrieved key='item:0079', versions=20
[dc1_node1] Client PUT: key='item:0041', value='stress_8_1217'
[dc1_node1] Preference list for 'item:0041': ['localhost:50069', 'localhost:50059', 'localhost:50064']
[dc1_node1] Coordinator NOT in preference list, forwarding only
[dc1_node1] Replicated to localhost:50069
[dc1_node1] Replicated to localhost:50064
[dc1_node1] Replicated to localhost:50059
[dc1_node1] Internal PUT (replication): key='item:0054'
[dc1_node1] CONFLICT detected for key='item:0054', siblings=20
[dc1_node1] Saved 8 keys to disk
[dc1_node1] W-quorum achieved (2 writes), returning to client
[dc1_node1] Background replication continues for remaining nodes
[dc1_node1] Successful writes: 3/3
[dc1_node1] Internal PUT (replication): key='item:0042'
[dc1_node1] CONFLICT detected for key='item:0042', siblings=20
[dc1_node1] Saved 8 keys to disk
[dc1_node1] Retrieved key='item:0031', versions=20
[dc1_node1] Client GET: key='item:0005'
[dc1_node1] Preference list for 'item:0005': ['localhost:50063', 'localhost:50053', 'localhost:50064']
[dc1_node1] Reading from first 2 nodes in preference list
[dc1_node1] CONFLICT: 40 sibling versions for 'item:0005'
[dc1_node1] Internal PUT (replication): key='item:0031'
[dc1_node1] CONFLICT detected for key='item:0031', siblings=20
[dc1_node1] Saved 8 keys to disk
[dc1_node1] Client GET: key='item:0061'
[dc1_node1] Preference list for 'item:0061': ['localhost:50056', 'localhost:50062', 'localhost:50052']
[dc1_node1] Reading from first 2 nodes in preference list
[dc1_node1] Internal PUT (replication): key='item:0079'
[dc1_node1] CONFLICT detected for key='item:0079', siblings=20
[dc1_node1] Saved 8 keys to disk
[dc1_node1] CONFLICT: 40 sibling versions for 'item:0061'
[dc1_node1] Retrieved key='item:0031', versions=20
[dc1_node1] Retrieved key='item:0031', versions=20
[dc1_node1] Client PUT: key='item:0004', value='stress_1_1233'
[dc1_node1] Preference list for 'item:0004': ['localhost:50070', 'localhost:50060', 'localhost:50066']
[dc1_node1] Coordinator NOT in preference list, forwarding only
[dc1_node1] Replicated to localhost:50066
[dc1_node1] Replicated to localhost:50070
[dc1_node1] Replicated to localhost:50060
[dc1_node1] W-quorum achieved (2 writes), returning to client
[dc1_node1] Background replication continues for remaining nodes
[dc1_node1] Successful writes: 3/3
[dc1_node1] Internal PUT (replication): key='item:0054'
[dc1_node1] CONFLICT detected for key='item:0054', siblings=20
[dc1_node1] Saved 8 keys to disk
[dc1_node1] Internal PUT (replication): key='item:0079'
[dc1_node1] CONFLICT detected for key='item:0079', siblings=20
[dc1_node1] Saved 8 keys to disk
[dc1_node1] Internal PUT (replication): key='item:0095'
[dc1_node1] CONFLICT detected for key='item:0095', siblings=20
[dc1_node1] Saved 8 keys to disk
[dc1_node1] Retrieved key='item:0079', versions=20
[dc1_node1] Retrieved key='item:0063', versions=20
[dc1_node1] Retrieved key='item:0063', versions=20
[dc1_node1] Retrieved key='item:0079', versions=20
[dc1_node1] Client PUT: key='item:0099', value='stress_5_1246'
[dc1_node1] Preference list for 'item:0099': ['localhost:50053', 'localhost:50070', 'localhost:50054']
[dc1_node1] Coordinator NOT in preference list, forwarding only
[dc1_node1] Replicated to localhost:50070
[dc1_node1] Replicated to localhost:50053
[dc1_node1] Replicated to localhost:50054
[dc1_node1] W-quorum achieved (2 writes), returning to client
[dc1_node1] Background replication continues for remaining nodes
[dc1_node1] Successful writes: 3/3
[dc1_node1] Client PUT: key='item:0019', value='stress_9_1243'
[dc1_node1] Preference list for 'item:0019': ['localhost:50059', 'localhost:50068', 'localhost:50069']
[dc1_node1] Coordinator NOT in preference list, forwarding only
[dc1_node1] Client GET: key='item:0052'
[dc1_node1] Preference list for 'item:0052': ['localhost:50057', 'localhost:50062', 'localhost:50056']
[dc1_node1] Reading from first 2 nodes in preference list
[dc1_node1] Client GET: key='item:0073'
[dc1_node1] Preference list for 'item:0073': ['localhost:50067', 'localhost:50058', 'localhost:50061']
[dc1_node1] Reading from first 2 nodes in preference list
[dc1_node1] Replicated to localhost:50059
[dc1_node1] Replicated to localhost:50068
[dc1_node1] Replicated to localhost:50069
[dc1_node1] Retrieved key='item:0031', versions=20
[dc1_node1] CONFLICT: 40 sibling versions for 'item:0073'
[dc1_node1] CONFLICT: 40 sibling versions for 'item:0052'
[dc1_node1] W-quorum achieved (2 writes), returning to client
[dc1_node1] Background replication continues for remaining nodes
[dc1_node1] Successful writes: 3/3
[dc1_node1] Client PUT: key='item:0026', value='stress_3_1238'
[dc1_node1] Preference list for 'item:0026': ['localhost:50059', 'localhost:50063', 'localhost:50062']
[dc1_node1] Coordinator NOT in preference list, forwarding only
[dc1_node1] Replicated to localhost:50059
[dc1_node1] Replicated to localhost:50062
[dc1_node1] Replicated to localhost:50063
[dc1_node1] W-quorum achieved (2 writes), returning to client
[dc1_node1] Background replication continues for remaining nodes
[dc1_node1] Successful writes: 3/3
[dc1_node1] Client GET: key='item:0019'
[dc1_node1] Preference list for 'item:0019': ['localhost:50059', 'localhost:50068', 'localhost:50069']
[dc1_node1] Reading from first 2 nodes in preference list
[dc1_node1] Internal PUT (replication): key='item:0080'
[dc1_node1] CONFLICT detected for key='item:0080', siblings=20
[dc1_node1] Saved 8 keys to disk
[dc1_node1] Client GET: key='item:0029'
[dc1_node1] Preference list for 'item:0029': ['localhost:50062', 'localhost:50058', 'localhost:50069']
[dc1_node1] Reading from first 2 nodes in preference list
[dc1_node1] CONFLICT: 40 sibling versions for 'item:0019'
[dc1_node1] CONFLICT: 40 sibling versions for 'item:0029'
[dc1_node1] Internal PUT (replication): key='item:0080'
[dc1_node1] CONFLICT detected for key='item:0080', siblings=20
[dc1_node1] Client GET: key='item:0010'
[dc1_node1] Preference list for 'item:0010': ['localhost:50056', 'localhost:50067', 'localhost:50055']
[dc1_node1] Reading from first 2 nodes in preference list
[dc1_node1] Saved 8 keys to disk
[dc1_node1] CONFLICT: 40 sibling versions for 'item:0010'
[dc1_node1] Internal PUT (replication): key='item:0080'
[dc1_node1] CONFLICT detected for key='item:0080', siblings=20
[dc1_node1] Saved 8 keys to disk
[dc1_node1] Client GET: key='item:0028'
[dc1_node1] Preference list for 'item:0028': ['localhost:50069', 'localhost:50060', 'localhost:50057']
[dc1_node1] Reading from first 2 nodes in preference list
[dc1_node1] Client PUT: key='item:0001', value='stress_5_1255'
[dc1_node1] Preference list for 'item:0001': ['localhost:50067', 'localhost:50057', 'localhost:50060']
[dc1_node1] Coordinator NOT in preference list, forwarding only
[dc1_node1] CONFLICT: 40 sibling versions for 'item:0028'
[dc1_node1] Replicated to localhost:50067
[dc1_node1] Replicated to localhost:50057
[dc1_node1] Replicated to localhost:50060
[dc1_node1] W-quorum achieved (2 writes), returning to client
[dc1_node1] Background replication continues for remaining nodes
[dc1_node1] Successful writes: 3/3
[dc1_node1] Internal PUT (replication): key='item:0063'
[dc1_node1] CONFLICT detected for key='item:0063', siblings=20
[dc1_node1] Saved 8 keys to disk
[dc1_node1] Internal PUT (replication): key='item:0042'
[dc1_node1] CONFLICT detected for key='item:0042', siblings=20
[dc1_node1] Saved 8 keys to disk
[dc1_node1] Client PUT: key='item:0017', value='stress_7_1255'
[dc1_node1] Preference list for 'item:0017': ['localhost:50063', 'localhost:50054', 'localhost:50053']
[dc1_node1] Coordinator NOT in preference list, forwarding only
[dc1_node1] Replicated to localhost:50054
[dc1_node1] Replicated to localhost:50063
[dc1_node1] Replicated to localhost:50053
[dc1_node1] Client GET: key='item:0045'
[dc1_node1] Preference list for 'item:0045': ['localhost:50059', 'localhost:50063', 'localhost:50062']
[dc1_node1] Reading from first 2 nodes in preference list
[dc1_node1] W-quorum achieved (2 writes), returning to client
[dc1_node1] Background replication continues for remaining nodes
[dc1_node1] Successful writes: 3/3
[dc1_node1] CONFLICT: 40 sibling versions for 'item:0045'
[dc1_node1] Client PUT: key='item:0037', value='stress_0_1243'
[dc1_node1] Preference list for 'item:0037': ['localhost:50066', 'localhost:50052', 'localhost:50063']
[dc1_node1] Coordinator NOT in preference list, forwarding only
[dc1_node1] Replicated to localhost:50063
[dc1_node1] Replicated to localhost:50052
[dc1_node1] Internal PUT (replication): key='item:0063'
[dc1_node1] CONFLICT detected for key='item:0063', siblings=20
[dc1_node1] Replicated to localhost:50066
[dc1_node1] Saved 8 keys to disk
[dc1_node1] W-quorum achieved (2 writes), returning to client
[dc1_node1] Background replication continues for remaining nodes
[dc1_node1] Successful writes: 3/3
[dc1_node1] Client PUT: key='item:0091', value='stress_9_1255'
[dc1_node1] Preference list for 'item:0091': ['localhost:50058', 'localhost:50063', 'localhost:50056']
[dc1_node1] Coordinator NOT in preference list, forwarding only
[dc1_node1] Replicated to localhost:50056
[dc1_node1] Replicated to localhost:50058
[dc1_node1] Replicated to localhost:50063
[dc1_node1] W-quorum achieved (2 writes), returning to client
[dc1_node1] Background replication continues for remaining nodes
[dc1_node1] Successful writes: 3/3
[dc1_node1] Client PUT: key='item:0057', value='stress_4_1252'
[dc1_node1] Preference list for 'item:0057': ['localhost:50067', 'localhost:50059', 'localhost:50061']
[dc1_node1] Coordinator NOT in preference list, forwarding only
[dc1_node1] Retrieved key='item:0095', versions=20
[dc1_node1] Replicated to localhost:50067
[dc1_node1] Replicated to localhost:50059
[dc1_node1] Replicated to localhost:50061
[dc1_node1] W-quorum achieved (2 writes), returning to client
[dc1_node1] Background replication continues for remaining nodes
[dc1_node1] Successful writes: 3/3
[dc1_node1] Client PUT: key='item:0006', value='stress_6_1262'
[dc1_node1] Preference list for 'item:0006': ['localhost:50062', 'localhost:50053', 'localhost:50070']
[dc1_node1] Coordinator NOT in preference list, forwarding only
[dc1_node1] Internal PUT (replication): key='item:0063'
[dc1_node1] CONFLICT detected for key='item:0063', siblings=20
[dc1_node1] Saved 8 keys to disk
[dc1_node1] Replicated to localhost:50053
[dc1_node1] Replicated to localhost:50070
[dc1_node1] Replicated to localhost:50062
[dc1_node1] Client PUT: key='item:0071', value='stress_7_1264'
[dc1_node1] Preference list for 'item:0071': ['localhost:50052', 'localhost:50063', 'localhost:50060']
[dc1_node1] Coordinator NOT in preference list, forwarding only
[dc1_node1] W-quorum achieved (2 writes), returning to client
[dc1_node1] Background replication continues for remaining nodes
[dc1_node1] Successful writes: 3/3
[dc1_node1] Replicated to localhost:50052
[dc1_node1] Replicated to localhost:50063
[dc1_node1] Replicated to localhost:50060
[dc1_node1] W-quorum achieved (2 writes), returning to client
[dc1_node1] Background replication continues for remaining nodes
[dc1_node1] Successful writes: 3/3
[dc1_node1] Internal PUT (replication): key='item:0080'
[dc1_node1] CONFLICT detected for key='item:0080', siblings=20
[dc1_node1] Saved 8 keys to disk
[dc1_node1] Internal PUT (replication): key='item:0025'
[dc1_node1] CONFLICT detected for key='item:0025', siblings=20
[dc1_node1] Saved 8 keys to disk
[dc1_node1] Internal PUT (replication): key='item:0080'
[dc1_node1] CONFLICT detected for key='item:0080', siblings=20
[dc1_node1] Saved 8 keys to disk
[dc1_node1] Retrieved key='item:0063', versions=20
[dc1_node1] Client GET: key='item:0079'
[dc1_node1] Preference list for 'item:0079': ['localhost:50051', 'localhost:50065', 'localhost:50060']
[dc1_node1] Reading from first 2 nodes in preference list
[dc1_node1] Retrieved key='item:0079', versions=20
[dc1_node1] Read locally (coordinator in preference list)
[dc1_node1] CONFLICT: 40 sibling versions for 'item:0079'
[dc1_node1] Client PUT: key='item:0070', value='stress_3_1267'
[dc1_node1] Preference list for 'item:0070': ['localhost:50060', 'localhost:50068', 'localhost:50063']
[dc1_node1] Coordinator NOT in preference list, forwarding only
[dc1_node1] Replicated to localhost:50063
[dc1_node1] Client GET: key='item:0066'
[dc1_node1] Preference list for 'item:0066': ['localhost:50066', 'localhost:50052', 'localhost:50061']
[dc1_node1] Reading from first 2 nodes in preference list
[dc1_node1] Replicated to localhost:50068
[dc1_node1] CONFLICT: 40 sibling versions for 'item:0066'
[dc1_node1] W-quorum achieved (2 writes), returning to client
[dc1_node1] Background replication continues for remaining nodes
[dc1_node1] Successful writes: 2/3
[dc1_node1] Replicated to localhost:50060
[dc1_node1] Client PUT: key='item:0081', value='stress_3_1268'
[dc1_node1] Preference list for 'item:0081': ['localhost:50066', 'localhost:50060', 'localhost:50055']
[dc1_node1] Coordinator NOT in preference list, forwarding only
[dc1_node1] Internal PUT (replication): key='item:0042'
[dc1_node1] CONFLICT detected for key='item:0042', siblings=20
[dc1_node1] Replicated to localhost:50066
[dc1_node1] Saved 8 keys to disk
[dc1_node1] Replicated to localhost:50055
[dc1_node1] W-quorum achieved (2 writes), returning to client
[dc1_node1] Background replication continues for remaining nodes
[dc1_node1] Successful writes: 2/3
[dc1_node1] Replicated to localhost:50060
[dc1_node1] Client PUT: key='item:0029', value='stress_9_1281'
[dc1_node1] Preference list for 'item:0029': ['localhost:50062', 'localhost:50058', 'localhost:50069']
[dc1_node1] Coordinator NOT in preference list, forwarding only
[dc1_node1] Replicated to localhost:50069
[dc1_node1] Replicated to localhost:50062
[dc1_node1] Replicated to localhost:50058
[dc1_node1] W-quorum achieved (2 writes), returning to client
[dc1_node1] Background replication continues for remaining nodes
[dc1_node1] Successful writes: 3/3
[dc1_node1] Retrieved key='item:0095', versions=20
[dc1_node1] Internal PUT (replication): key='item:0054'
[dc1_node1] CONFLICT detected for key='item:0054', siblings=20
[dc1_node1] Saved 8 keys to disk
[dc1_node1] Internal PUT (replication): key='item:0095'
[dc1_node1] CONFLICT detected for key='item:0095', siblings=20
[dc1_node1] Saved 8 keys to disk
[dc1_node1] Internal PUT (replication): key='item:0095'
[dc1_node1] CONFLICT detected for key='item:0095', siblings=20
[dc1_node1] Saved 8 keys to disk
[dc1_node1] Client PUT: key='item:0010', value='stress_0_1271'
[dc1_node1] Preference list for 'item:0010': ['localhost:50056', 'localhost:50067', 'localhost:50055']
[dc1_node1] Coordinator NOT in preference list, forwarding only
[dc1_node1] Replicated to localhost:50055
[dc1_node1] Replicated to localhost:50056
[dc1_node1] Replicated to localhost:50067
[dc1_node1] W-quorum achieved (2 writes), returning to client
[dc1_node1] Background replication continues for remaining nodes
[dc1_node1] Successful writes: 3/3
[dc1_node1] Client GET: key='item:0023'
[dc1_node1] Preference list for 'item:0023': ['localhost:50067', 'localhost:50058', 'localhost:50061']
[dc1_node1] Reading from first 2 nodes in preference list
[dc1_node1] CONFLICT: 40 sibling versions for 'item:0023'
[dc1_node1] Client GET: key='item:0033'
[dc1_node1] Preference list for 'item:0033': ['localhost:50058', 'localhost:50063', 'localhost:50062']
[dc1_node1] Reading from first 2 nodes in preference list
[dc1_node1] CONFLICT: 40 sibling versions for 'item:0033'
[dc1_node1] Retrieved key='item:0095', versions=20
[dc1_node1] Internal PUT (replication): key='item:0042'
[dc1_node1] CONFLICT detected for key='item:0042', siblings=20
[dc1_node1] Saved 8 keys to disk
[dc1_node1] Client GET: key='item:0009'
[dc1_node1] Preference list for 'item:0009': ['localhost:50064', 'localhost:50052', 'localhost:50066']
[dc1_node1] Reading from first 2 nodes in preference list
[dc1_node1] CONFLICT: 40 sibling versions for 'item:0009'
[dc1_node1] Client GET: key='item:0059'
[dc1_node1] Preference list for 'item:0059': ['localhost:50055', 'localhost:50069', 'localhost:50060']
[dc1_node1] Reading from first 2 nodes in preference list
[dc1_node1] CONFLICT: 40 sibling versions for 'item:0059'
[dc1_node1] Internal PUT (replication): key='item:0042'
[dc1_node1] CONFLICT detected for key='item:0042', siblings=20
[dc1_node1] Internal PUT (replication): key='item:0080'
[dc1_node1] Saved 8 keys to disk
[dc1_node1] CONFLICT detected for key='item:0080', siblings=20
[dc1_node1] Saved 8 keys to disk
[dc1_node1] Internal PUT (replication): key='item:0095'
[dc1_node1] CONFLICT detected for key='item:0095', siblings=20
[dc1_node1] Saved 8 keys to disk
[dc1_node1] Client GET: key='item:0035'
[dc1_node1] Preference list for 'item:0035': ['localhost:50054', 'localhost:50068', 'localhost:50060']
[dc1_node1] Reading from first 2 nodes in preference list
[dc1_node1] CONFLICT: 40 sibling versions for 'item:0035'
[dc1_node1] Client PUT: key='item:0078', value='stress_6_1296'
[dc1_node1] Preference list for 'item:0078': ['localhost:50058', 'localhost:50070', 'localhost:50057']
[dc1_node1] Coordinator NOT in preference list, forwarding only
[dc1_node1] Replicated to localhost:50057
[dc1_node1] Replicated to localhost:50070
[dc1_node1] Client PUT: key='item:0014', value='stress_8_1281'
[dc1_node1] Preference list for 'item:0014': ['localhost:50061', 'localhost:50055', 'localhost:50069']
[dc1_node1] Coordinator NOT in preference list, forwarding only
[dc1_node1] Replicated to localhost:50058
[dc1_node1] W-quorum achieved (2 writes), returning to client
[dc1_node1] Background replication continues for remaining nodes
[dc1_node1] Successful writes: 3/3
[dc1_node1] Replicated to localhost:50061
[dc1_node1] Replicated to localhost:50055
[dc1_node1] Replicated to localhost:50069
[dc1_node1] W-quorum achieved (2 writes), returning to client
[dc1_node1] Background replication continues for remaining nodes
[dc1_node1] Successful writes: 3/3
[dc1_node1] Client GET: key='item:0025'
[dc1_node1] Preference list for 'item:0025': ['localhost:50059', 'localhost:50067', 'localhost:50051']
[dc1_node1] Reading from first 2 nodes in preference list
[dc1_node1] CONFLICT: 40 sibling versions for 'item:0025'
[dc1_node1] Retrieved key='item:0031', versions=20
[dc1_node1] Client PUT: key='item:0074', value='stress_3_1289'
[dc1_node1] Preference list for 'item:0074': ['localhost:50066', 'localhost:50058', 'localhost:50062']
[dc1_node1] Coordinator NOT in preference list, forwarding only
[dc1_node1] Client GET: key='item:0044'
[dc1_node1] Preference list for 'item:0044': ['localhost:50055', 'localhost:50068', 'localhost:50060']
[dc1_node1] Reading from first 2 nodes in preference list
[dc1_node1] Replicated to localhost:50066
[dc1_node1] Replicated to localhost:50058
[dc1_node1] CONFLICT: 40 sibling versions for 'item:0044'
[dc1_node1] Replicated to localhost:50062
[dc1_node1] Client GET: key='item:0016'
[dc1_node1] Preference list for 'item:0016': ['localhost:50062', 'localhost:50058', 'localhost:50053']
[dc1_node1] Reading from first 2 nodes in preference list
[dc1_node1] W-quorum achieved (2 writes), returning to client
[dc1_node1] Background replication continues for remaining nodes
[dc1_node1] Successful writes: 3/3
[dc1_node1] CONFLICT: 40 sibling versions for 'item:0016'
[dc1_node1] Client GET: key='item:0009'
[dc1_node1] Preference list for 'item:0009': ['localhost:50064', 'localhost:50052', 'localhost:50066']
[dc1_node1] Reading from first 2 nodes in preference list
[dc1_node1] CONFLICT: 40 sibling versions for 'item:0009'
[dc1_node1] Retrieved key='item:0031', versions=20
[dc1_node1] Retrieved key='item:0031', versions=20
[dc1_node1] Client PUT: key='item:0068', value='stress_1_1303'
[dc1_node1] Preference list for 'item:0068': ['localhost:50067', 'localhost:50052', 'localhost:50062']
[dc1_node1] Coordinator NOT in preference list, forwarding only
[dc1_node1] Replicated to localhost:50052
[dc1_node1] Internal PUT (replication): key='item:0025'
[dc1_node1] CONFLICT detected for key='item:0025', siblings=20
[dc1_node1] Replicated to localhost:50067
[dc1_node1] W-quorum achieved (2 writes), returning to client
[dc1_node1] Background replication continues for remaining nodes
[dc1_node1] Successful writes: 2/3
[dc1_node1] Saved 8 keys to disk
[dc1_node1] Replicated to localhost:50062
[dc1_node1] Internal PUT (replication): key='item:0025'
[dc1_node1] CONFLICT detected for key='item:0025', siblings=20
[dc1_node1] Saved 8 keys to disk
[dc1_node1] Client GET: key='item:0093'
[dc1_node1] Preference list for 'item:0093': ['localhost:50052', 'localhost:50062', 'localhost:50054']
[dc1_node1] Reading from first 2 nodes in preference list
[dc1_node1] Client PUT: key='item:0003', value='stress_6_1313'
[dc1_node1] Preference list for 'item:0003': ['localhost:50058', 'localhost:50069', 'localhost:50062']
[dc1_node1] Coordinator NOT in preference list, forwarding only
[dc1_node1] CONFLICT: 40 sibling versions for 'item:0093'
[dc1_node1] Replicated to localhost:50069
[dc1_node1] Client GET: key='item:0043'
[dc1_node1] Preference list for 'item:0043': ['localhost:50058', 'localhost:50070', 'localhost:50057']
[dc1_node1] Reading from first 2 nodes in preference list
[dc1_node1] Retrieved key='item:0079', versions=20
[dc1_node1] Replicated to localhost:50058
[dc1_node1] Client GET: key='item:0055'
[dc1_node1] Preference list for 'item:0055': ['localhost:50059', 'localhost:50068', 'localhost:50056']
[dc1_node1] Reading from first 2 nodes in preference list
[dc1_node1] Client PUT: key='item:0078', value='stress_8_1299'
[dc1_node1] Preference list for 'item:0078': ['localhost:50058', 'localhost:50070', 'localhost:50057']
[dc1_node1] Coordinator NOT in preference list, forwarding only
[dc1_node1] CONFLICT: 40 sibling versions for 'item:0043'
[dc1_node1] Replicated to localhost:50062
[dc1_node1] CONFLICT: 40 sibling versions for 'item:0055'
[dc1_node1] W-quorum achieved (2 writes), returning to client
[dc1_node1] Background replication continues for remaining nodes
[dc1_node1] Successful writes: 3/3
[dc1_node1] Replicated to localhost:50058
[dc1_node1] Replicated to localhost:50070
[dc1_node1] Replicated to localhost:50057
[dc1_node1] Client PUT: key='item:0002', value='stress_9_1313'
[dc1_node1] Preference list for 'item:0002': ['localhost:50066', 'localhost:50058', 'localhost:50053']
[dc1_node1] Coordinator NOT in preference list, forwarding only
[dc1_node1] W-quorum achieved (2 writes), returning to client
[dc1_node1] Background replication continues for remaining nodes
[dc1_node1] Successful writes: 3/3
[dc1_node1] Replicated to localhost:50066
[dc1_node1] Replicated to localhost:50053
[dc1_node1] Replicated to localhost:50058
[dc1_node1] Internal PUT (replication): key='item:0079'
[dc1_node1] CONFLICT detected for key='item:0079', siblings=20
[dc1_node1] W-quorum achieved (2 writes), returning to client
[dc1_node1] Background replication continues for remaining nodes
[dc1_node1] Successful writes: 3/3
[dc1_node1] Saved 8 keys to disk
[dc1_node1] Internal PUT (replication): key='item:0025'
[dc1_node1] CONFLICT detected for key='item:0025', siblings=20
[dc1_node1] Saved 8 keys to disk
[dc1_node1] Internal PUT (replication): key='item:0042'
[dc1_node1] CONFLICT detected for key='item:0042', siblings=20
[dc1_node1] Saved 8 keys to disk
[dc1_node1] Client PUT: key='item:0083', value='stress_5_1320'
[dc1_node1] Preference list for 'item:0083': ['localhost:50064', 'localhost:50057', 'localhost:50070']
[dc1_node1] Coordinator NOT in preference list, forwarding only
[dc1_node1] Replicated to localhost:50057
[dc1_node1] Replicated to localhost:50070
[dc1_node1] Replicated to localhost:50064
[dc1_node1] W-quorum achieved (2 writes), returning to client
[dc1_node1] Background replication continues for remaining nodes
[dc1_node1] Successful writes: 3/3
[dc1_node1] Internal PUT (replication): key='item:0079'
[dc1_node1] CONFLICT detected for key='item:0079', siblings=20
[dc1_node1] Internal PUT (replication): key='item:0025'
[dc1_node1] Saved 8 keys to disk
[dc1_node1] CONFLICT detected for key='item:0025', siblings=20
[dc1_node1] Saved 8 keys to disk
[dc1_node1] Client GET: key='item:0049'
[dc1_node1] Preference list for 'item:0049': ['localhost:50066', 'localhost:50060', 'localhost:50061']
[dc1_node1] Reading from first 2 nodes in preference list
[dc1_node1] CONFLICT: 40 sibling versions for 'item:0049'
[dc1_node1] Retrieved key='item:0063', versions=20
[dc1_node1] Retrieved key='item:0063', versions=20
[dc1_node1] Internal PUT (replication): key='item:0042'
[dc1_node1] CONFLICT detected for key='item:0042', siblings=20
[dc1_node1] Saved 8 keys to disk
[dc1_node1] Client PUT: key='item:0088', value='stress_2_1309'
[dc1_node1] Preference list for 'item:0088': ['localhost:50065', 'localhost:50058', 'localhost:50061']
[dc1_node1] Coordinator NOT in preference list, forwarding only
[dc1_node1] Replicated to localhost:50065
[dc1_node1] Replicated to localhost:50058
[dc1_node1] Replicated to localhost:50061
[dc1_node1] Client PUT: key='item:0086', value='stress_0_1316'
[dc1_node1] Preference list for 'item:0086': ['localhost:50056', 'localhost:50067', 'localhost:50055']
[dc1_node1] Coordinator NOT in preference list, forwarding only
[dc1_node1] W-quorum achieved (2 writes), returning to client
[dc1_node1] Background replication continues for remaining nodes
[dc1_node1] Successful writes: 3/3
[dc1_node1] Replicated to localhost:50055
[dc1_node1] Replicated to localhost:50056
[dc1_node1] W-quorum achieved (2 writes), returning to client
[dc1_node1] Background replication continues for remaining nodes
[dc1_node1] Successful writes: 2/3
[dc1_node1] Replicated to localhost:50067
[dc1_node1] Internal PUT (replication): key='item:0080'
[dc1_node1] CONFLICT detected for key='item:0080', siblings=20
[dc1_node1] Saved 8 keys to disk
[dc1_node1] Internal PUT (replication): key='item:0025'
[dc1_node1] CONFLICT detected for key='item:0025', siblings=20
[dc1_node1] Saved 8 keys to disk
[dc1_node1] Client GET: key='item:0080'
[dc1_node1] Preference list for 'item:0080': ['localhost:50056', 'localhost:50067', 'localhost:50051']
[dc1_node1] Reading from first 2 nodes in preference list
[dc1_node1] CONFLICT: 40 sibling versions for 'item:0080'
[dc1_node1] Client PUT: key='item:0003', value='stress_6_1339'
[dc1_node1] Preference list for 'item:0003': ['localhost:50058', 'localhost:50069', 'localhost:50062']
[dc1_node1] Coordinator NOT in preference list, forwarding only
[dc1_node1] Replicated to localhost:50069
[dc1_node1] Replicated to localhost:50058
[dc1_node1] Replicated to localhost:50062
[dc1_node1] Client GET: key='item:0051'
[dc1_node1] Preference list for 'item:0051': ['localhost:50059', 'localhost:50064', 'localhost:50055']
[dc1_node1] Reading from first 2 nodes in preference list
[dc1_node1] W-quorum achieved (2 writes), returning to client
[dc1_node1] Background replication continues for remaining nodes
[dc1_node1] Successful writes: 3/3
[dc1_node1] CONFLICT: 40 sibling versions for 'item:0051'
[dc1_node1] Client GET: key='item:0072'
[dc1_node1] Preference list for 'item:0072': ['localhost:50067', 'localhost:50056', 'localhost:50059']
[dc1_node1] Reading from first 2 nodes in preference list
[dc1_node1] CONFLICT: 40 sibling versions for 'item:0072'
[dc1_node1] Client GET: key='item:0054'
[dc1_node1] Preference list for 'item:0054': ['localhost:50060', 'localhost:50067', 'localhost:50051']
[dc1_node1] Reading from first 2 nodes in preference list
[dc1_node1] Client GET: key='item:0012'
[dc1_node1] Preference list for 'item:0012': ['localhost:50069', 'localhost:50057', 'localhost:50065']
[dc1_node1] Reading from first 2 nodes in preference list
[dc1_node1] Client PUT: key='item:0034', value='stress_0_1325'
[dc1_node1] Preference list for 'item:0034': ['localhost:50064', 'localhost:50055', 'localhost:50062']
[dc1_node1] Coordinator NOT in preference list, forwarding only
[dc1_node1] CONFLICT: 40 sibling versions for 'item:0012'
[dc1_node1] Retrieved key='item:0031', versions=20
[dc1_node1] Client PUT: key='item:0038', value='stress_7_1338'
[dc1_node1] Preference list for 'item:0038': ['localhost:50059', 'localhost:50065', 'localhost:50060']
[dc1_node1] Coordinator NOT in preference list, forwarding only
[dc1_node1] Replicated to localhost:50062
[dc1_node1] Replicated to localhost:50064
[dc1_node1] CONFLICT: 40 sibling versions for 'item:0054'
[dc1_node1] Replicated to localhost:50055
[dc1_node1] Replicated to localhost:50059
[dc1_node1] W-quorum achieved (2 writes), returning to client
[dc1_node1] Background replication continues for remaining nodes
[dc1_node1] Successful writes: 3/3
[dc1_node1] Replicated to localhost:50065
[dc1_node1] Replicated to localhost:50060
[dc1_node1] W-quorum achieved (2 writes), returning to client
[dc1_node1] Background replication continues for remaining nodes
[dc1_node1] Successful writes: 3/3
[dc1_node1] Internal PUT (replication): key='item:0025'
[dc1_node1] CONFLICT detected for key='item:0025', siblings=20
[dc1_node1] Saved 8 keys to disk
[dc1_node1] Client GET: key='item:0016'
[dc1_node1] Preference list for 'item:0016': ['localhost:50062', 'localhost:50058', 'localhost:50053']
[dc1_node1] Reading from first 2 nodes in preference list
[dc1_node1] CONFLICT: 40 sibling versions for 'item:0016'
[dc1_node1] Internal PUT (replication): key='item:0054'
[dc1_node1] CONFLICT detected for key='item:0054', siblings=20
[dc1_node1] Saved 8 keys to disk
[dc1_node1] Internal PUT (replication): key='item:0063'
[dc1_node1] CONFLICT detected for key='item:0063', siblings=20
[dc1_node1] Saved 8 keys to disk
[dc1_node1] Internal PUT (replication): key='item:0063'
[dc1_node1] CONFLICT detected for key='item:0063', siblings=20
[dc1_node1] Saved 8 keys to disk
[dc1_node1] Client PUT: key='item:0031', value='stress_3_1339'
[dc1_node1] Preference list for 'item:0031': ['localhost:50068', 'localhost:50051', 'localhost:50054']
[dc1_node1] CONFLICT detected for key='item:0031', siblings=20
[dc1_node1] Saved 8 keys to disk
[dc1_node1] Coordinator IS in preference list, stored locally
[dc1_node1] Replicated to localhost:50068
[dc1_node1] Replicated to localhost:50054
[dc1_node1] W-quorum achieved (2 writes), returning to client
[dc1_node1] Background replication continues for remaining nodes
[dc1_node1] Successful writes: 3/3
[dc1_node1] Client PUT: key='item:0023', value='stress_9_1353'
[dc1_node1] Preference list for 'item:0023': ['localhost:50067', 'localhost:50058', 'localhost:50061']
[dc1_node1] Coordinator NOT in preference list, forwarding only
[dc1_node1] Replicated to localhost:50061
[dc1_node1] Replicated to localhost:50058
[dc1_node1] W-quorum achieved (2 writes), returning to client
[dc1_node1] Background replication continues for remaining nodes
[dc1_node1] Successful writes: 2/3
[dc1_node1] Internal PUT (replication): key='item:0054'
[dc1_node1] CONFLICT detected for key='item:0054', siblings=20
[dc1_node1] Saved 8 keys to disk
[dc1_node1] Client GET: key='item:0018'
[dc1_node1] Preference list for 'item:0018': ['localhost:50064', 'localhost:50056', 'localhost:50052']
[dc1_node1] Reading from first 2 nodes in preference list
[dc1_node1] Replicated to localhost:50067
[dc1_node1] CONFLICT: 38 sibling versions for 'item:0018'
[dc1_node1] Client GET: key='item:0057'
[dc1_node1] Preference list for 'item:0057': ['localhost:50067', 'localhost:50059', 'localhost:50061']
[dc1_node1] Reading from first 2 nodes in preference list
[dc1_node1] CONFLICT: 40 sibling versions for 'item:0057'
[dc1_node1] Client GET: key='item:0047'
[dc1_node1] Preference list for 'item:0047': ['localhost:50070', 'localhost:50055', 'localhost:50065']
[dc1_node1] Reading from first 2 nodes in preference list
[dc1_node1] CONFLICT: 40 sibling versions for 'item:0047'
[dc1_node1] Client PUT: key='item:0097', value='stress_7_1350'
[dc1_node1] Preference list for 'item:0097': ['localhost:50060', 'localhost:50064', 'localhost:50052']
[dc1_node1] Coordinator NOT in preference list, forwarding only
[dc1_node1] Replicated to localhost:50052
[dc1_node1] Replicated to localhost:50064
[dc1_node1] W-quorum achieved (2 writes), returning to client
[dc1_node1] Background replication continues for remaining nodes
[dc1_node1] Successful writes: 2/3
[dc1_node1] Replicated to localhost:50060
[dc1_node1] Retrieved key='item:0031', versions=20
[dc1_node1] Internal PUT (replication): key='item:0025'
[dc1_node1] CONFLICT detected for key='item:0025', siblings=20
[dc1_node1] Saved 8 keys to disk
[dc1_node1] Client GET: key='item:0029'
[dc1_node1] Preference list for 'item:0029': ['localhost:50062', 'localhost:50058', 'localhost:50069']
[dc1_node1] Reading from first 2 nodes in preference list
[dc1_node1] Client PUT: key='item:0056', value='stress_5_1355'
[dc1_node1] Preference list for 'item:0056': ['localhost:50061', 'localhost:50052', 'localhost:50070']
[dc1_node1] Coordinator NOT in preference list, forwarding only
[dc1_node1] CONFLICT: 40 sibling versions for 'item:0029'
[dc1_node1] Replicated to localhost:50061
[dc1_node1] Replicated to localhost:50052
[dc1_node1] Replicated to localhost:50070
[dc1_node1] Internal PUT (replication): key='item:0063'
[dc1_node1] CONFLICT detected for key='item:0063', siblings=20
[dc1_node1] Saved 8 keys to disk
[dc1_node1] W-quorum achieved (2 writes), returning to client
[dc1_node1] Background replication continues for remaining nodes
[dc1_node1] Successful writes: 3/3
[dc1_node1] Client GET: key='item:0027'
[dc1_node1] Preference list for 'item:0027': ['localhost:50067', 'localhost:50058', 'localhost:50052']
[dc1_node1] Reading from first 2 nodes in preference list
[dc1_node1] CONFLICT: 40 sibling versions for 'item:0027'
[dc1_node1] Internal PUT (replication): key='item:0031'
[dc1_node1] CONFLICT detected for key='item:0031', siblings=20
[dc1_node1] Saved 8 keys to disk
[dc1_node1] Retrieved key='item:0079', versions=20
[dc1_node1] Client PUT: key='item:0049', value='stress_4_1348'
[dc1_node1] Preference list for 'item:0049': ['localhost:50066', 'localhost:50060', 'localhost:50061']
[dc1_node1] Coordinator NOT in preference list, forwarding only
[dc1_node1] Client GET: key='item:0025'
[dc1_node1] Preference list for 'item:0025': ['localhost:50059', 'localhost:50067', 'localhost:50051']
[dc1_node1] Reading from first 2 nodes in preference list
[dc1_node1] Replicated to localhost:50061
[dc1_node1] Replicated to localhost:50066
[dc1_node1] CONFLICT: 40 sibling versions for 'item:0025'
[dc1_node1] W-quorum achieved (2 writes), returning to client
[dc1_node1] Background replication continues for remaining nodes
[dc1_node1] Successful writes: 2/3
[dc1_node1] Replicated to localhost:50060
[dc1_node1] Internal PUT (replication): key='item:0079'
[dc1_node1] CONFLICT detected for key='item:0079', siblings=20
[dc1_node1] Saved 8 keys to disk
[dc1_node1] Client PUT: key='item:0013', value='stress_4_1352'
[dc1_node1] Preference list for 'item:0013': ['localhost:50060', 'localhost:50070', 'localhost:50057']
[dc1_node1] Coordinator NOT in preference list, forwarding only
[dc1_node1] Client PUT: key='item:0088', value='stress_9_1363'
[dc1_node1] Preference list for 'item:0088': ['localhost:50065', 'localhost:50058', 'localhost:50061']
[dc1_node1] Coordinator NOT in preference list, forwarding only
[dc1_node1] Replicated to localhost:50070
[dc1_node1] Replicated to localhost:50060
[dc1_node1] Replicated to localhost:50057
[dc1_node1] Replicated to localhost:50061
[dc1_node1] Replicated to localhost:50065
[dc1_node1] W-quorum achieved (2 writes), returning to client
[dc1_node1] Background replication continues for remaining nodes
[dc1_node1] Successful writes: 3/3
[dc1_node1] Replicated to localhost:50058
[dc1_node1] W-quorum achieved (2 writes), returning to client
[dc1_node1] Background replication continues for remaining nodes
[dc1_node1] Successful writes: 3/3
[dc1_node1] Client PUT: key='item:0027', value='stress_4_1354'
[dc1_node1] Preference list for 'item:0027': ['localhost:50067', 'localhost:50058', 'localhost:50052']
[dc1_node1] Coordinator NOT in preference list, forwarding only
[dc1_node1] Replicated to localhost:50067
[dc1_node1] Replicated to localhost:50052
[dc1_node1] Replicated to localhost:50058
[dc1_node1] Internal PUT (replication): key='item:0031'
[dc1_node1] CONFLICT detected for key='item:0031', siblings=20
[dc1_node1] W-quorum achieved (2 writes), returning to client
[dc1_node1] Background replication continues for remaining nodes
[dc1_node1] Successful writes: 3/3
[dc1_node1] Saved 8 keys to disk
[dc1_node1] Internal PUT (replication): key='item:0025'
[dc1_node1] CONFLICT detected for key='item:0025', siblings=20
[dc1_node1] Saved 8 keys to disk
[dc1_node1] Retrieved key='item:0031', versions=20
[dc1_node1] Client GET: key='item:0006'
[dc1_node1] Preference list for 'item:0006': ['localhost:50062', 'localhost:50053', 'localhost:50070']
[dc1_node1] Reading from first 2 nodes in preference list
[dc1_node1] Client GET: key='item:0062'
[dc1_node1] Preference list for 'item:0062': ['localhost:50058', 'localhost:50062', 'localhost:50053']
[dc1_node1] Reading from first 2 nodes in preference list
[dc1_node1] CONFLICT: 40 sibling versions for 'item:0006'
[dc1_node1] CONFLICT: 40 sibling versions for 'item:0062'
[dc1_node1] Retrieved key='item:0063', versions=20
[dc1_node1] Retrieved key='item:0063', versions=20
[dc1_node1] Internal PUT (replication): key='item:0095'
[dc1_node1] CONFLICT detected for key='item:0095', siblings=20
[dc1_node1] Internal PUT (replication): key='item:0095'
[dc1_node1] Saved 8 keys to disk
[dc1_node1] CONFLICT detected for key='item:0095', siblings=20
[dc1_node1] Saved 8 keys to disk
[dc1_node1] Internal PUT (replication): key='item:0054'
[dc1_node1] CONFLICT detected for key='item:0054', siblings=20
[dc1_node1] Saved 8 keys to disk
[dc1_node1] Client GET: key='item:0010'
[dc1_node1] Preference list for 'item:0010': ['localhost:50056', 'localhost:50067', 'localhost:50055']
[dc1_node1] Reading from first 2 nodes in preference list
[dc1_node1] CONFLICT: 40 sibling versions for 'item:0010'
[dc1_node1] Retrieved key='item:0079', versions=20
[dc1_node1] Internal PUT (replication): key='item:0095'
[dc1_node1] CONFLICT detected for key='item:0095', siblings=20
[dc1_node1] Saved 8 keys to disk
[dc1_node1] Client PUT: key='item:0077', value='stress_0_1359'
[dc1_node1] Preference list for 'item:0077': ['localhost:50066', 'localhost:50056', 'localhost:50063']
[dc1_node1] Coordinator NOT in preference list, forwarding only
[dc1_node1] Replicated to localhost:50063
[dc1_node1] Replicated to localhost:50066
[dc1_node1] Replicated to localhost:50056
[dc1_node1] Internal PUT (replication): key='item:0063'
[dc1_node1] CONFLICT detected for key='item:0063', siblings=20
[dc1_node1] Saved 8 keys to disk
[dc1_node1] W-quorum achieved (2 writes), returning to client
[dc1_node1] Background replication continues for remaining nodes
[dc1_node1] Successful writes: 3/3
[dc1_node1] Client GET: key='item:0066'
[dc1_node1] Preference list for 'item:0066': ['localhost:50066', 'localhost:50052', 'localhost:50061']
[dc1_node1] Reading from first 2 nodes in preference list
[dc1_node1] Internal PUT (replication): key='item:0054'
[dc1_node1] CONFLICT detected for key='item:0054', siblings=20
[dc1_node1] Saved 8 keys to disk
[dc1_node1] Client PUT: key='item:0037', value='stress_6_1380'
[dc1_node1] Preference list for 'item:0037': ['localhost:50066', 'localhost:50052', 'localhost:50063']
[dc1_node1] Coordinator NOT in preference list, forwarding only
[dc1_node1] CONFLICT: 40 sibling versions for 'item:0066'
[dc1_node1] Client GET: key='item:0004'
[dc1_node1] Preference list for 'item:0004': ['localhost:50070', 'localhost:50060', 'localhost:50066']
[dc1_node1] Reading from first 2 nodes in preference list
[dc1_node1] Replicated to localhost:50066
[dc1_node1] Client PUT: key='item:0020', value='stress_7_1374'
[dc1_node1] Preference list for 'item:0020': ['localhost:50052', 'localhost:50061', 'localhost:50065']
[dc1_node1] Coordinator NOT in preference list, forwarding only
[dc1_node1] Replicated to localhost:50063
[dc1_node1] Replicated to localhost:50052
[dc1_node1] CONFLICT: 40 sibling versions for 'item:0004'
[dc1_node1] W-quorum achieved (2 writes), returning to client
[dc1_node1] Background replication continues for remaining nodes
[dc1_node1] Successful writes: 3/3
[dc1_node1] Replicated to localhost:50052
[dc1_node1] Replicated to localhost:50061
[dc1_node1] Replicated to localhost:50065
[dc1_node1] W-quorum achieved (2 writes), returning to client
[dc1_node1] Background replication continues for remaining nodes
[dc1_node1] Successful writes: 3/3
[dc1_node1] Client GET: key='item:0020'
[dc1_node1] Preference list for 'item:0020': ['localhost:50052', 'localhost:50061', 'localhost:50065']
[dc1_node1] Reading from first 2 nodes in preference list
[dc1_node1] CONFLICT: 40 sibling versions for 'item:0020'
[dc1_node1] Internal PUT (replication): key='item:0095'
[dc1_node1] CONFLICT detected for key='item:0095', siblings=20
[dc1_node1] Saved 8 keys to disk
[dc1_node1] Client PUT: key='item:0086', value='stress_4_1370'
[dc1_node1] Preference list for 'item:0086': ['localhost:50056', 'localhost:50067', 'localhost:50055']
[dc1_node1] Coordinator NOT in preference list, forwarding only
[dc1_node1] Internal PUT (replication): key='item:0025'
[dc1_node1] CONFLICT detected for key='item:0025', siblings=20
[dc1_node1] Saved 8 keys to disk
[dc1_node1] Replicated to localhost:50055
[dc1_node1] Replicated to localhost:50056
[dc1_node1] W-quorum achieved (2 writes), returning to client
[dc1_node1] Background replication continues for remaining nodes
[dc1_node1] Successful writes: 3/3
[dc1_node1] Internal PUT (replication): key='item:0054'
[dc1_node1] CONFLICT detected for key='item:0054', siblings=20
[dc1_node1] Saved 8 keys to disk
[dc1_node1] Retrieved key='item:0079', versions=20
[dc1_node1] Client PUT: key='item:0098', value='stress_0_1369'
[dc1_node1] Preference list for 'item:0098': ['localhost:50055', 'localhost:50064', 'localhost:50067']
[dc1_node1] Coordinator NOT in preference list, forwarding only
[dc1_node1] Client GET: key='item:0028'
[dc1_node1] Preference list for 'item:0028': ['localhost:50069', 'localhost:50060', 'localhost:50057']
[dc1_node1] Reading from first 2 nodes in preference list
[dc1_node1] CONFLICT: 40 sibling versions for 'item:0028'
[dc1_node1] Replicated to localhost:50064
[dc1_node1] Replicated to localhost:50055
[dc1_node1] Replicated to localhost:50067
[dc1_node1] W-quorum achieved (2 writes), returning to client
[dc1_node1] Background replication continues for remaining nodes
[dc1_node1] Successful writes: 3/3
[dc1_node1] Retrieved key='item:0063', versions=20
[dc1_node1] Client PUT: key='item:0018', value='stress_0_1375'
[dc1_node1] Preference list for 'item:0018': ['localhost:50064', 'localhost:50056', 'localhost:50052']
[dc1_node1] Coordinator NOT in preference list, forwarding only
[dc1_node1] Internal PUT (replication): key='item:0042'
[dc1_node1] CONFLICT detected for key='item:0042', siblings=20
[dc1_node1] Saved 8 keys to disk
[dc1_node1] Replicated to localhost:50064
[dc1_node1] Replicated to localhost:50052
[dc1_node1] Replicated to localhost:50056
[dc1_node1] W-quorum achieved (2 writes), returning to client
[dc1_node1] Background replication continues for remaining nodes
[dc1_node1] Successful writes: 3/3
[dc1_node1] Internal PUT (replication): key='item:0054'
[dc1_node1] CONFLICT detected for key='item:0054', siblings=20
[dc1_node1] Internal PUT (replication): key='item:0025'
[dc1_node1] Saved 8 keys to disk
[dc1_node1] CONFLICT detected for key='item:0025', siblings=20
[dc1_node1] Saved 8 keys to disk
[dc1_node1] Internal PUT (replication): key='item:0080'
[dc1_node1] CONFLICT detected for key='item:0080', siblings=20
[dc1_node1] Saved 8 keys to disk
[dc1_node1] Internal PUT (replication): key='item:0025'
[dc1_node1] CONFLICT detected for key='item:0025', siblings=20
[dc1_node1] Saved 8 keys to disk
[dc1_node1] Internal PUT (replication): key='item:0025'
[dc1_node1] CONFLICT detected for key='item:0025', siblings=20
[dc1_node1] Saved 8 keys to disk
[dc1_node1] Retrieved key='item:0095', versions=20
[dc1_node1] Retrieved key='item:0031', versions=20
[dc1_node1] Internal PUT (replication): key='item:0079'
[dc1_node1] CONFLICT detected for key='item:0079', siblings=20
[dc1_node1] Saved 8 keys to disk
[dc1_node1] Client GET: key='item:0078'
[dc1_node1] Preference list for 'item:0078': ['localhost:50058', 'localhost:50070', 'localhost:50057']
[dc1_node1] Reading from first 2 nodes in preference list
[dc1_node1] Client PUT: key='item:0083', value='stress_2_1380'
[dc1_node1] Preference list for 'item:0083': ['localhost:50064', 'localhost:50057', 'localhost:50070']
[dc1_node1] Coordinator NOT in preference list, forwarding only
[dc1_node1] CONFLICT: 40 sibling versions for 'item:0078'
[dc1_node1] Client GET: key='item:0007'
[dc1_node1] Preference list for 'item:0007': ['localhost:50065', 'localhost:50059', 'localhost:50070']
[dc1_node1] Reading from first 2 nodes in preference list
[dc1_node1] Replicated to localhost:50057
[dc1_node1] Replicated to localhost:50070
[dc1_node1] CONFLICT: 40 sibling versions for 'item:0007'
[dc1_node1] Internal PUT (replication): key='item:0080'
[dc1_node1] CONFLICT detected for key='item:0080', siblings=20
[dc1_node1] Replicated to localhost:50064
[dc1_node1] W-quorum achieved (2 writes), returning to client
[dc1_node1] Background replication continues for remaining nodes
[dc1_node1] Successful writes: 3/3
[dc1_node1] Saved 8 keys to disk
[dc1_node1] Internal PUT (replication): key='item:0063'
[dc1_node1] CONFLICT detected for key='item:0063', siblings=20
[dc1_node1] Saved 8 keys to disk
[dc1_node1] Retrieved key='item:0031', versions=20
[dc1_node1] Client GET: key='item:0059'
[dc1_node1] Preference list for 'item:0059': ['localhost:50055', 'localhost:50069', 'localhost:50060']
[dc1_node1] Reading from first 2 nodes in preference list
[dc1_node1] CONFLICT: 40 sibling versions for 'item:0059'
[dc1_node1] Client GET: key='item:0042'
[dc1_node1] Preference list for 'item:0042': ['localhost:50053', 'localhost:50062', 'localhost:50051']
[dc1_node1] Reading from first 2 nodes in preference list
[dc1_node1] CONFLICT: 40 sibling versions for 'item:0042'
[dc1_node1] Client PUT: key='item:0023', value='stress_6_1405'
[dc1_node1] Preference list for 'item:0023': ['localhost:50067', 'localhost:50058', 'localhost:50061']
[dc1_node1] Coordinator NOT in preference list, forwarding only
[dc1_node1] Replicated to localhost:50058
[dc1_node1] Replicated to localhost:50067
[dc1_node1] Internal PUT (replication): key='item:0031'
[dc1_node1] CONFLICT detected for key='item:0031', siblings=20
[dc1_node1] Replicated to localhost:50061
[dc1_node1] W-quorum achieved (2 writes), returning to client
[dc1_node1] Background replication continues for remaining nodes
[dc1_node1] Successful writes: 3/3
[dc1_node1] Saved 8 keys to disk
[dc1_node1] Internal PUT (replication): key='item:0079'
[dc1_node1] CONFLICT detected for key='item:0079', siblings=20
[dc1_node1] Saved 8 keys to disk
[dc1_node1] Retrieved key='item:0079', versions=20
[dc1_node1] Client PUT: key='item:0059', value='stress_6_1408'
[dc1_node1] Preference list for 'item:0059': ['localhost:50055', 'localhost:50069', 'localhost:50060']
[dc1_node1] Coordinator NOT in preference list, forwarding only
[dc1_node1] Retrieved key='item:0095', versions=20
[dc1_node1] Replicated to localhost:50069
[dc1_node1] Retrieved key='item:0063', versions=20
[dc1_node1] Replicated to localhost:50055
[dc1_node1] Internal PUT (replication): key='item:0054'
[dc1_node1] CONFLICT detected for key='item:0054', siblings=20
[dc1_node1] Replicated to localhost:50060
[dc1_node1] Saved 8 keys to disk
[dc1_node1] W-quorum achieved (2 writes), returning to client
[dc1_node1] Background replication continues for remaining nodes
[dc1_node1] Successful writes: 3/3
[dc1_node1] Internal PUT (replication): key='item:0031'
[dc1_node1] CONFLICT detected for key='item:0031', siblings=20
[dc1_node1] Saved 8 keys to disk
[dc1_node1] Internal PUT (replication): key='item:0079'
[dc1_node1] CONFLICT detected for key='item:0079', siblings=20
[dc1_node1] Saved 8 keys to disk
[dc1_node1] Client GET: key='item:0075'
[dc1_node1] Preference list for 'item:0075': ['localhost:50059', 'localhost:50065', 'localhost:50060']
[dc1_node1] Reading from first 2 nodes in preference list
[dc1_node1] CONFLICT: 40 sibling versions for 'item:0075'
[dc1_node1] Internal PUT (replication): key='item:0095'
[dc1_node1] CONFLICT detected for key='item:0095', siblings=20
[dc1_node1] Internal PUT (replication): key='item:0095'
[dc1_node1] Saved 8 keys to disk
[dc1_node1] CONFLICT detected for key='item:0095', siblings=20
[dc1_node1] Saved 8 keys to disk
[dc1_node1] Client PUT: key='item:0035', value='stress_2_1390'
[dc1_node1] Preference list for 'item:0035': ['localhost:50054', 'localhost:50068', 'localhost:50060']
[dc1_node1] Coordinator NOT in preference list, forwarding only
[dc1_node1] Retrieved key='item:0079', versions=20
[dc1_node1] Replicated to localhost:50054
[dc1_node1] Replicated to localhost:50068
[dc1_node1] Replicated to localhost:50060
[dc1_node1] Client PUT: key='item:0025', value='stress_1_1407'
[dc1_node1] Preference list for 'item:0025': ['localhost:50059', 'localhost:50067', 'localhost:50051']
[dc1_node1] CONFLICT detected for key='item:0025', siblings=20
[dc1_node1] W-quorum achieved (2 writes), returning to client
[dc1_node1] Background replication continues for remaining nodes
                                          [dc1_node1] Successful writes: 3/3
[dc1_node1] Saved 8 keys to disk
[dc1_node1] Coordinator IS in preference list, stored locally
[dc1_node1] Replicated to localhost:50059
[dc1_node1] W-quorum achieved (2 writes), returning to client
[dc1_node1] Background replication continues for remaining nodes
[dc1_node1] Successful writes: 2/3
[dc1_node1] Replicated to localhost:50067
[dc1_node1] Retrieved key='item:0063', versions=20
[dc1_node1] Internal PUT (replication): key='item:0042'
[dc1_node1] CONFLICT detected for key='item:0042', siblings=20
[dc1_node1] Saved 8 keys to disk
[dc1_node1] Internal PUT (replication): key='item:0031'
[dc1_node1] CONFLICT detected for key='item:0031', siblings=20
[dc1_node1] Saved 8 keys to disk
[dc1_node1] Internal PUT (replication): key='item:0031'
[dc1_node1] CONFLICT detected for key='item:0031', siblings=20
[dc1_node1] Saved 8 keys to disk
[dc1_node1] Client GET: key='item:0036'
[dc1_node1] Preference list for 'item:0036': ['localhost:50058', 'localhost:50063', 'localhost:50056']
[dc1_node1] Reading from first 2 nodes in preference list
[dc1_node1] CONFLICT: 40 sibling versions for 'item:0036'
[dc1_node1] Retrieved key='item:0031', versions=20
[dc1_node1] Internal PUT (replication): key='item:0042'
[dc1_node1] CONFLICT detected for key='item:0042', siblings=20
[dc1_node1] Saved 8 keys to disk
[dc1_node1] Internal PUT (replication): key='item:0063'
[dc1_node1] CONFLICT detected for key='item:0063', siblings=20
[dc1_node1] Saved 8 keys to disk
[dc1_node1] Client PUT: key='item:0069', value='stress_0_1407'
[dc1_node1] Preference list for 'item:0069': ['localhost:50062', 'localhost:50056', 'localhost:50053']
[dc1_node1] Coordinator NOT in preference list, forwarding only
[dc1_node1] Client GET: key='item:0028'
[dc1_node1] Preference list for 'item:0028': ['localhost:50069', 'localhost:50060', 'localhost:50057']
[dc1_node1] Reading from first 2 nodes in preference list
[dc1_node1] Client GET: key='item:0050'
[dc1_node1] Preference list for 'item:0050': ['localhost:50053', 'localhost:50061', 'localhost:50052']
[dc1_node1] Reading from first 2 nodes in preference list
[dc1_node1] Replicated to localhost:50056
[dc1_node1] Replicated to localhost:50062
[dc1_node1] Internal PUT (replication): key='item:0054'
[dc1_node1] CONFLICT detected for key='item:0054', siblings=20
[dc1_node1] Replicated to localhost:50053
[dc1_node1] CONFLICT: 40 sibling versions for 'item:0050'
[dc1_node1] Saved 8 keys to disk
[dc1_node1] CONFLICT: 40 sibling versions for 'item:0028'
[dc1_node1] W-quorum achieved (2 writes), returning to client
[dc1_node1] Background replication continues for remaining nodes
[dc1_node1] Successful writes: 3/3
[dc1_node1] Client PUT: key='item:0031', value='stress_4_1408'
[dc1_node1] Preference list for 'item:0031': ['localhost:50068', 'localhost:50051', 'localhost:50054']
[dc1_node1] CONFLICT detected for key='item:0031', siblings=20
[dc1_node1] Saved 8 keys to disk
[dc1_node1] Coordinator IS in preference list, stored locally
[dc1_node1] Replicated to localhost:50054
[dc1_node1] Replicated to localhost:50068
[dc1_node1] W-quorum achieved (2 writes), returning to client
[dc1_node1] Background replication continues for remaining nodes
[dc1_node1] Successful writes: 3/3
[dc1_node1] Internal PUT (replication): key='item:0080'
[dc1_node1] CONFLICT detected for key='item:0080', siblings=20
[dc1_node1] Saved 8 keys to disk
[dc1_node1] Retrieved key='item:0079', versions=20
[dc1_node1] Internal PUT (replication): key='item:0080'
[dc1_node1] CONFLICT detected for key='item:0080', siblings=20
[dc1_node1] Saved 8 keys to disk
[dc1_node1] Internal PUT (replication): key='item:0031'
[dc1_node1] CONFLICT detected for key='item:0031', siblings=20
[dc1_node1] Saved 8 keys to disk
[dc1_node1] Internal PUT (replication): key='item:0079'
[dc1_node1] CONFLICT detected for key='item:0079', siblings=20
[dc1_node1] Saved 8 keys to disk
[dc1_node1] Internal PUT (replication): key='item:0042'
[dc1_node1] CONFLICT detected for key='item:0042', siblings=20
[dc1_node1] Saved 8 keys to disk
[dc1_node1] Internal PUT (replication): key='item:0031'
[dc1_node1] CONFLICT detected for key='item:0031', siblings=20
[dc1_node1] Saved 8 keys to disk
[dc1_node1] Internal PUT (replication): key='item:0042'
[dc1_node1] CONFLICT detected for key='item:0042', siblings=20
[dc1_node1] Saved 8 keys to disk
[dc1_node1] Client GET: key='item:0051'
[dc1_node1] Preference list for 'item:0051': ['localhost:50059', 'localhost:50064', 'localhost:50055']
[dc1_node1] Reading from first 2 nodes in preference list
[dc1_node1] Internal PUT (replication): key='item:0095'
[dc1_node1] CONFLICT detected for key='item:0095', siblings=20
[dc1_node1] CONFLICT: 40 sibling versions for 'item:0051'
[dc1_node1] Saved 8 keys to disk
[dc1_node1] Retrieved key='item:0079', versions=20
[dc1_node1] Internal PUT (replication): key='item:0025'
[dc1_node1] CONFLICT detected for key='item:0025', siblings=20
[dc1_node1] Saved 8 keys to disk
[dc1_node1] Internal PUT (replication): key='item:0095'
[dc1_node1] CONFLICT detected for key='item:0095', siblings=20
[dc1_node1] Saved 8 keys to disk
[dc1_node1] Internal PUT (replication): key='item:0063'
[dc1_node1] CONFLICT detected for key='item:0063', siblings=20
[dc1_node1] Saved 8 keys to disk
[dc1_node1] Internal PUT (replication): key='item:0042'
[dc1_node1] CONFLICT detected for key='item:0042', siblings=20
[dc1_node1] Saved 8 keys to disk
[dc1_node1] Internal PUT (replication): key='item:0079'
[dc1_node1] CONFLICT detected for key='item:0079', siblings=20
[dc1_node1] Internal PUT (replication): key='item:0042'
[dc1_node1] Saved 8 keys to disk
[dc1_node1] CONFLICT detected for key='item:0042', siblings=20
[dc1_node1] Saved 8 keys to disk
[dc1_node1] Client GET: key='item:0047'
[dc1_node1] Preference list for 'item:0047': ['localhost:50070', 'localhost:50055', 'localhost:50065']
[dc1_node1] Reading from first 2 nodes in preference list
[dc1_node1] Internal PUT (replication): key='item:0095'
[dc1_node1] CONFLICT detected for key='item:0095', siblings=20
[dc1_node1] Saved 8 keys to disk
[dc1_node1] CONFLICT: 40 sibling versions for 'item:0047'
[dc1_node1] Client GET: key='item:0068'
[dc1_node1] Preference list for 'item:0068': ['localhost:50067', 'localhost:50052', 'localhost:50062']
[dc1_node1] Reading from first 2 nodes in preference list
[dc1_node1] Client GET: key='item:0081'
[dc1_node1] Preference list for 'item:0081': ['localhost:50066', 'localhost:50060', 'localhost:50055']
[dc1_node1] Reading from first 2 nodes in preference list
[dc1_node1] Client PUT: key='item:0017', value='stress_2_1421'
[dc1_node1] Preference list for 'item:0017': ['localhost:50063', 'localhost:50054', 'localhost:50053']
[dc1_node1] Coordinator NOT in preference list, forwarding only
[dc1_node1] CONFLICT: 40 sibling versions for 'item:0068'
[dc1_node1] CONFLICT: 40 sibling versions for 'item:0081'
[dc1_node1] Replicated to localhost:50063
[dc1_node1] Replicated to localhost:50054
[dc1_node1] Replicated to localhost:50053
[dc1_node1] W-quorum achieved (2 writes), returning to client
[dc1_node1] Background replication continues for remaining nodes
[dc1_node1] Successful writes: 3/3
[dc1_node1] Client PUT: key='item:0032', value='stress_0_1431'
[dc1_node1] Preference list for 'item:0032': ['localhost:50063', 'localhost:50055', 'localhost:50064']
[dc1_node1] Coordinator NOT in preference list, forwarding only
[dc1_node1] Replicated to localhost:50055
[dc1_node1] Internal PUT (replication): key='item:0025'
[dc1_node1] CONFLICT detected for key='item:0025', siblings=20
[dc1_node1] Saved 8 keys to disk
[dc1_node1] Replicated to localhost:50063
[dc1_node1] Replicated to localhost:50064
[dc1_node1] W-quorum achieved (2 writes), returning to client
[dc1_node1] Background replication continues for remaining nodes
[dc1_node1] Successful writes: 3/3
[dc1_node1] Client GET: key='item:0027'
[dc1_node1] Preference list for 'item:0027': ['localhost:50067', 'localhost:50058', 'localhost:50052']
[dc1_node1] Reading from first 2 nodes in preference list
[dc1_node1] Retrieved key='item:0095', versions=20
[dc1_node1] CONFLICT: 40 sibling versions for 'item:0027'
[dc1_node1] Internal PUT (replication): key='item:0031'
[dc1_node1] CONFLICT detected for key='item:0031', siblings=20
[dc1_node1] Saved 8 keys to disk
[dc1_node1] Retrieved key='item:0095', versions=20
[dc1_node1] Retrieved key='item:0095', versions=20
[dc1_node1] Internal PUT (replication): key='item:0054'
[dc1_node1] CONFLICT detected for key='item:0054', siblings=20
[dc1_node1] Saved 8 keys to disk
[dc1_node1] Client GET: key='item:0028'
[dc1_node1] Preference list for 'item:0028': ['localhost:50069', 'localhost:50060', 'localhost:50057']
[dc1_node1] Reading from first 2 nodes in preference list
[dc1_node1] CONFLICT: 40 sibling versions for 'item:0028'
[dc1_node1] Internal PUT (replication): key='item:0079'
[dc1_node1] CONFLICT detected for key='item:0079', siblings=20
[dc1_node1] Saved 8 keys to disk
[dc1_node1] Client GET: key='item:0054'
[dc1_node1] Preference list for 'item:0054': ['localhost:50060', 'localhost:50067', 'localhost:50051']
[dc1_node1] Reading from first 2 nodes in preference list
[dc1_node1] Retrieved key='item:0031', versions=20
[dc1_node1] CONFLICT: 40 sibling versions for 'item:0054'
[dc1_node1] Internal PUT (replication): key='item:0054'
[dc1_node1] CONFLICT detected for key='item:0054', siblings=20
[dc1_node1] Saved 8 keys to disk
[dc1_node1] Client PUT: key='item:0054', value='stress_5_1448'
[dc1_node1] Preference list for 'item:0054': ['localhost:50060', 'localhost:50067', 'localhost:50051']
[dc1_node1] CONFLICT detected for key='item:0054', siblings=20
[dc1_node1] Saved 8 keys to disk
[dc1_node1] Coordinator IS in preference list, stored locally
[dc1_node1] Internal PUT (replication): key='item:0080'
[dc1_node1] CONFLICT detected for key='item:0080', siblings=20
[dc1_node1] Saved 8 keys to disk
[dc1_node1] Retrieved key='item:0095', versions=20
[dc1_node1] Replicated to localhost:50067
[dc1_node1] W-quorum achieved (2 writes), returning to client
[dc1_node1] Background replication continues for remaining nodes
[dc1_node1] Successful writes: 2/3
[dc1_node1] Replicated to localhost:50060
[dc1_node1] Client PUT: key='item:0006', value='stress_4_1440'
[dc1_node1] Preference list for 'item:0006': ['localhost:50062', 'localhost:50053', 'localhost:50070']
[dc1_node1] Coordinator NOT in preference list, forwarding only
[dc1_node1] Replicated to localhost:50070
[dc1_node1] Client PUT: key='item:0006', value='stress_5_1451'
[dc1_node1] Preference list for 'item:0006': ['localhost:50062', 'localhost:50053', 'localhost:50070']
[dc1_node1] Coordinator NOT in preference list, forwarding only
[dc1_node1] Replicated to localhost:50062
[dc1_node1] Replicated to localhost:50053
[dc1_node1] W-quorum achieved (2 writes), returning to client
[dc1_node1] Background replication continues for remaining nodes
[dc1_node1] Successful writes: 3/3
[dc1_node1] Replicated to localhost:50070
[dc1_node1] Replicated to localhost:50062
[dc1_node1] Replicated to localhost:50053
[dc1_node1] W-quorum achieved (2 writes), returning to client
[dc1_node1] Background replication continues for remaining nodes
[dc1_node1] Successful writes: 3/3
[dc1_node1] Client PUT: key='item:0044', value='stress_0_1442'
[dc1_node1] Preference list for 'item:0044': ['localhost:50055', 'localhost:50068', 'localhost:50060']
[dc1_node1] Coordinator NOT in preference list, forwarding only
[dc1_node1] Replicated to localhost:50068
[dc1_node1] Replicated to localhost:50060
[dc1_node1] W-quorum achieved (2 writes), returning to client
[dc1_node1] Background replication continues for remaining nodes
[dc1_node1] Successful writes: 2/3
[dc1_node1] Replicated to localhost:50055
[dc1_node1] Internal PUT (replication): key='item:0079'
[dc1_node1] CONFLICT detected for key='item:0079', siblings=20
[dc1_node1] Saved 8 keys to disk
[dc1_node1] Internal PUT (replication): key='item:0054'
[dc1_node1] CONFLICT detected for key='item:0054', siblings=20
[dc1_node1] Saved 8 keys to disk
[dc1_node1] Client PUT: key='item:0028', value='stress_0_1447'
[dc1_node1] Preference list for 'item:0028': ['localhost:50069', 'localhost:50060', 'localhost:50057']
[dc1_node1] Coordinator NOT in preference list, forwarding only
[dc1_node1] Replicated to localhost:50069
[dc1_node1] Replicated to localhost:50057
[dc1_node1] Internal PUT (replication): key='item:0095'
[dc1_node1] CONFLICT detected for key='item:0095', siblings=20
[dc1_node1] W-quorum achieved (2 writes), returning to client
[dc1_node1] Background replication continues for remaining nodes
[dc1_node1] Successful writes: 2/3
[dc1_node1] Saved 8 keys to disk
[dc1_node1] Replicated to localhost:50060
[dc1_node1] Internal PUT (replication): key='item:0095'
[dc1_node1] CONFLICT detected for key='item:0095', siblings=20
[dc1_node1] Saved 8 keys to disk
[dc1_node1] Internal PUT (replication): key='item:0042'
[dc1_node1] CONFLICT detected for key='item:0042', siblings=20
[dc1_node1] Saved 8 keys to disk
[dc1_node1] Client GET: key='item:0067'
[dc1_node1] Preference list for 'item:0067': ['localhost:50065', 'localhost:50060', 'localhost:50053']
[dc1_node1] Reading from first 2 nodes in preference list
[dc1_node1] CONFLICT: 40 sibling versions for 'item:0067'
[dc1_node1] Internal PUT (replication): key='item:0079'
[dc1_node1] CONFLICT detected for key='item:0079', siblings=20
[dc1_node1] Saved 8 keys to disk
[dc1_node1] Client PUT: key='item:0071', value='stress_9_1457'
[dc1_node1] Preference list for 'item:0071': ['localhost:50052', 'localhost:50063', 'localhost:50060']
[dc1_node1] Coordinator NOT in preference list, forwarding only
[dc1_node1] Replicated to localhost:50063
[dc1_node1] Internal PUT (replication): key='item:0042'
[dc1_node1] CONFLICT detected for key='item:0042', siblings=20
[dc1_node1] Replicated to localhost:50060
[dc1_node1] Replicated to localhost:50052
[dc1_node1] Saved 8 keys to disk
[dc1_node1] W-quorum achieved (2 writes), returning to client
[dc1_node1] Background replication continues for remaining nodes
[dc1_node1] Successful writes: 3/3
[dc1_node1] Client PUT: key='item:0043', value='stress_7_1459'
[dc1_node1] Preference list for 'item:0043': ['localhost:50058', 'localhost:50070', 'localhost:50057']
[dc1_node1] Coordinator NOT in preference list, forwarding only
[dc1_node1] Client GET: key='item:0055'
[dc1_node1] Preference list for 'item:0055': ['localhost:50059', 'localhost:50068', 'localhost:50056']
[dc1_node1] Reading from first 2 nodes in preference list
[dc1_node1] CONFLICT: 40 sibling versions for 'item:0055'
[dc1_node1] Replicated to localhost:50057
[dc1_node1] Replicated to localhost:50058
[dc1_node1] Replicated to localhost:50070
[dc1_node1] Client PUT: key='item:0056', value='stress_4_1450'
[dc1_node1] Preference list for 'item:0056': ['localhost:50061', 'localhost:50052', 'localhost:50070']
[dc1_node1] Coordinator NOT in preference list, forwarding only
[dc1_node1] Replicated to localhost:50061
[dc1_node1] W-quorum achieved (2 writes), returning to client
[dc1_node1] Background replication continues for remaining nodes
[dc1_node1] Successful writes: 3/3
[dc1_node1] Replicated to localhost:50052
[dc1_node1] Replicated to localhost:50070
[dc1_node1] W-quorum achieved (2 writes), returning to client
[dc1_node1] Background replication continues for remaining nodes
[dc1_node1] Successful writes: 3/3
[dc1_node1] Client GET: key='item:0091'
[dc1_node1] Preference list for 'item:0091': ['localhost:50058', 'localhost:50063', 'localhost:50056']
[dc1_node1] Reading from first 2 nodes in preference list
[dc1_node1] Client PUT: key='item:0050', value='stress_6_1470'
[dc1_node1] Preference list for 'item:0050': ['localhost:50053', 'localhost:50061', 'localhost:50052']
[dc1_node1] Coordinator NOT in preference list, forwarding only
[dc1_node1] Replicated to localhost:50053
[dc1_node1] Replicated to localhost:50061
[dc1_node1] Replicated to localhost:50052
[dc1_node1] CONFLICT: 40 sibling versions for 'item:0091'
[dc1_node1] W-quorum achieved (2 writes), returning to client
[dc1_node1] Background replication continues for remaining nodes
[dc1_node1] Successful writes: 3/3
[dc1_node1] Internal PUT (replication): key='item:0042'
[dc1_node1] CONFLICT detected for key='item:0042', siblings=20
[dc1_node1] Saved 8 keys to disk
[dc1_node1] Internal PUT (replication): key='item:0042'
[dc1_node1] CONFLICT detected for key='item:0042', siblings=20
[dc1_node1] Saved 8 keys to disk
[dc1_node1] Internal PUT (replication): key='item:0079'
[dc1_node1] CONFLICT detected for key='item:0079', siblings=20
[dc1_node1] Saved 8 keys to disk
[dc1_node1] Internal PUT (replication): key='item:0042'
[dc1_node1] CONFLICT detected for key='item:0042', siblings=20
[dc1_node1] Client GET: key='item:0051'
[dc1_node1] Preference list for 'item:0051': ['localhost:50059', 'localhost:50064', 'localhost:50055']
[dc1_node1] Reading from first 2 nodes in preference list
[dc1_node1] Saved 8 keys to disk
[dc1_node1] Retrieved key='item:0063', versions=20
[dc1_node1] Client PUT: key='item:0014', value='stress_2_1457'
[dc1_node1] Preference list for 'item:0014': ['localhost:50061', 'localhost:50055', 'localhost:50069']
[dc1_node1] Coordinator NOT in preference list, forwarding only
[dc1_node1] CONFLICT: 40 sibling versions for 'item:0051'
[dc1_node1] Replicated to localhost:50055
[dc1_node1] Replicated to localhost:50061
[dc1_node1] Internal PUT (replication): key='item:0054'
[dc1_node1] CONFLICT detected for key='item:0054', siblings=20
[dc1_node1] Replicated to localhost:50069
[dc1_node1] Saved 8 keys to disk
[dc1_node1] W-quorum achieved (2 writes), returning to client
[dc1_node1] Background replication continues for remaining nodes
[dc1_node1] Successful writes: 3/3
[dc1_node1] Retrieved key='item:0079', versions=20
[dc1_node1] Client PUT: key='item:0076', value='stress_4_1467'
[dc1_node1] Preference list for 'item:0076': ['localhost:50067', 'localhost:50052', 'localhost:50064']
[dc1_node1] Coordinator NOT in preference list, forwarding only
[dc1_node1] Replicated to localhost:50052
[dc1_node1] Replicated to localhost:50064
[dc1_node1] Replicated to localhost:50067
[dc1_node1] W-quorum achieved (2 writes), returning to client
[dc1_node1] Background replication continues for remaining nodes
[dc1_node1] Successful writes: 3/3
[dc1_node1] Client GET: key='item:0044'
[dc1_node1] Preference list for 'item:0044': ['localhost:50055', 'localhost:50068', 'localhost:50060']
[dc1_node1] Reading from first 2 nodes in preference list
[dc1_node1] CONFLICT: 40 sibling versions for 'item:0044'
[dc1_node1] Internal PUT (replication): key='item:0031'
[dc1_node1] CONFLICT detected for key='item:0031', siblings=20
[dc1_node1] Saved 8 keys to disk
[dc1_node1] Internal PUT (replication): key='item:0063'
[dc1_node1] CONFLICT detected for key='item:0063', siblings=20
[dc1_node1] Saved 8 keys to disk
[dc1_node1] Retrieved key='item:0031', versions=20
[dc1_node1] Internal PUT (replication): key='item:0079'
[dc1_node1] CONFLICT detected for key='item:0079', siblings=20
[dc1_node1] Saved 8 keys to disk
[dc1_node1] Retrieved key='item:0031', versions=20
[dc1_node1] Internal PUT (replication): key='item:0031'
[dc1_node1] CONFLICT detected for key='item:0031', siblings=20
[dc1_node1] Saved 8 keys to disk
[dc1_node1] Retrieved key='item:0079', versions=20
[dc1_node1] Internal PUT (replication): key='item:0095'
[dc1_node1] CONFLICT detected for key='item:0095', siblings=20
[dc1_node1] Saved 8 keys to disk
[dc1_node1] Internal PUT (replication): key='item:0025'
[dc1_node1] CONFLICT detected for key='item:0025', siblings=20
[dc1_node1] Saved 8 keys to disk
[dc1_node1] Client GET: key='item:0035'
[dc1_node1] Preference list for 'item:0035': ['localhost:50054', 'localhost:50068', 'localhost:50060']
[dc1_node1] Reading from first 2 nodes in preference list
[dc1_node1] CONFLICT: 40 sibling versions for 'item:0035'
[dc1_node1] Retrieved key='item:0063', versions=20
[dc1_node1] Client GET: key='item:0010'
[dc1_node1] Preference list for 'item:0010': ['localhost:50056', 'localhost:50067', 'localhost:50055']
[dc1_node1] Reading from first 2 nodes in preference list
[dc1_node1] CONFLICT: 40 sibling versions for 'item:0010'
[dc1_node1] Client PUT: key='item:0080', value='stress_9_1493'
[dc1_node1] Preference list for 'item:0080': ['localhost:50056', 'localhost:50067', 'localhost:50051']
[dc1_node1] CONFLICT detected for key='item:0080', siblings=20
[dc1_node1] Saved 8 keys to disk
[dc1_node1] Coordinator IS in preference list, stored locally
[dc1_node1] Client PUT: key='item:0078', value='stress_7_1491'
[dc1_node1] Preference list for 'item:0078': ['localhost:50058', 'localhost:50070', 'localhost:50057']
[dc1_node1] Coordinator NOT in preference list, forwarding only
[dc1_node1] Replicated to localhost:50056
[dc1_node1] Replicated to localhost:50067
[dc1_node1] Replicated to localhost:50058
[dc1_node1] Replicated to localhost:50070
[dc1_node1] W-quorum achieved (2 writes), returning to client
[dc1_node1] Background replication continues for remaining nodes
[dc1_node1] Successful writes: 3/3
[dc1_node1] Replicated to localhost:50057
[dc1_node1] Client GET: key='item:0013'
[dc1_node1] Preference list for 'item:0013': ['localhost:50060', 'localhost:50070', 'localhost:50057']
[dc1_node1] Reading from first 2 nodes in preference list
[dc1_node1] W-quorum achieved (2 writes), returning to client
[dc1_node1] Background replication continues for remaining nodes
[dc1_node1] Successful writes: 3/3
[dc1_node1] Retrieved key='item:0095', versions=20
[dc1_node1] CONFLICT: 40 sibling versions for 'item:0013'
[dc1_node1] Retrieved key='item:0031', versions=20
[dc1_node1] Retrieved key='item:0031', versions=20
[dc1_node1] Client GET: key='item:0095'
[dc1_node1] Preference list for 'item:0095': ['localhost:50069', 'localhost:50051', 'localhost:50067']
[dc1_node1] Reading from first 2 nodes in preference list
[dc1_node1] Retrieved key='item:0095', versions=20
[dc1_node1] Read locally (coordinator in preference list)
[dc1_node1] CONFLICT: 40 sibling versions for 'item:0095'
[dc1_node1] Client GET: key='item:0009'
[dc1_node1] Preference list for 'item:0009': ['localhost:50064', 'localhost:50052', 'localhost:50066']
[dc1_node1] Reading from first 2 nodes in preference list
[dc1_node1] Internal PUT (replication): key='item:0079'
[dc1_node1] CONFLICT detected for key='item:0079', siblings=20
[dc1_node1] Saved 8 keys to disk
[dc1_node1] CONFLICT: 40 sibling versions for 'item:0009'
[dc1_node1] Internal PUT (replication): key='item:0054'
[dc1_node1] CONFLICT detected for key='item:0054', siblings=20
[dc1_node1] Client GET: key='item:0077'
[dc1_node1] Preference list for 'item:0077': ['localhost:50066', 'localhost:50056', 'localhost:50063']
[dc1_node1] Reading from first 2 nodes in preference list
[dc1_node1] Saved 8 keys to disk
[dc1_node1] Internal PUT (replication): key='item:0042'
[dc1_node1] CONFLICT detected for key='item:0042', siblings=20
[dc1_node1] CONFLICT: 40 sibling versions for 'item:0077'
[dc1_node1] Internal PUT (replication): key='item:0025'
[dc1_node1] Saved 8 keys to disk
[dc1_node1] CONFLICT detected for key='item:0025', siblings=20
[dc1_node1] Saved 8 keys to disk
[dc1_node1] Client PUT: key='item:0022', value='stress_8_1496'
[dc1_node1] Preference list for 'item:0022': ['localhost:50066', 'localhost:50057', 'localhost:50059']
[dc1_node1] Coordinator NOT in preference list, forwarding only
[dc1_node1] Replicated to localhost:50057
[dc1_node1] Replicated to localhost:50059
[dc1_node1] Replicated to localhost:50066
[dc1_node1] W-quorum achieved (2 writes), returning to client
[dc1_node1] Background replication continues for remaining nodes
[dc1_node1] Successful writes: 3/3
[dc1_node1] Client GET: key='item:0083'
[dc1_node1] Preference list for 'item:0083': ['localhost:50064', 'localhost:50057', 'localhost:50070']
[dc1_node1] Reading from first 2 nodes in preference list
[dc1_node1] CONFLICT: 40 sibling versions for 'item:0083'
[dc1_node1] Internal PUT (replication): key='item:0042'
[dc1_node1] CONFLICT detected for key='item:0042', siblings=20
[dc1_node1] Saved 8 keys to disk
[dc1_node1] Client PUT: key='item:0037', value='stress_1_1510'
[dc1_node1] Preference list for 'item:0037': ['localhost:50066', 'localhost:50052', 'localhost:50063']
[dc1_node1] Coordinator NOT in preference list, forwarding only
[dc1_node1] Replicated to localhost:50066
[dc1_node1] Replicated to localhost:50052
[dc1_node1] W-quorum achieved (2 writes), returning to client
[dc1_node1] Background replication continues for remaining nodes
[dc1_node1] Successful writes: 2/3
[dc1_node1] Replicated to localhost:50063
[dc1_node1] Retrieved key='item:0031', versions=20
[dc1_node1] Internal PUT (replication): key='item:0079'
[dc1_node1] CONFLICT detected for key='item:0079', siblings=20
[dc1_node1] Saved 8 keys to disk
[dc1_node1] Internal PUT (replication): key='item:0080'
[dc1_node1] CONFLICT detected for key='item:0080', siblings=20
[dc1_node1] Internal PUT (replication): key='item:0042'
[dc1_node1] Saved 8 keys to disk
[dc1_node1] CONFLICT detected for key='item:0042', siblings=20
[dc1_node1] Saved 8 keys to disk
[dc1_node1] Internal PUT (replication): key='item:0080'
[dc1_node1] CONFLICT detected for key='item:0080', siblings=20
[dc1_node1] Saved 8 keys to disk
[dc1_node1] Internal PUT (replication): key='item:0095'
[dc1_node1] CONFLICT detected for key='item:0095', siblings=20
[dc1_node1] Saved 8 keys to disk
[dc1_node1] Retrieved key='item:0031', versions=20
[dc1_node1] Client PUT: key='item:0091', value='stress_1_1517'
[dc1_node1] Preference list for 'item:0091': ['localhost:50058', 'localhost:50063', 'localhost:50056']
[dc1_node1] Coordinator NOT in preference list, forwarding only
[dc1_node1] Replicated to localhost:50056
[dc1_node1] Replicated to localhost:50058
[dc1_node1] Replicated to localhost:50063
[dc1_node1] W-quorum achieved (2 writes), returning to client
[dc1_node1] Background replication continues for remaining nodes
[dc1_node1] Successful writes: 3/3
[dc1_node1] Client GET: key='item:0097'
[dc1_node1] Preference list for 'item:0097': ['localhost:50060', 'localhost:50064', 'localhost:50052']
[dc1_node1] Reading from first 2 nodes in preference list
[dc1_node1] Internal PUT (replication): key='item:0079'
[dc1_node1] CONFLICT detected for key='item:0079', siblings=20
[dc1_node1] Client GET: key='item:0086'
[dc1_node1] Preference list for 'item:0086': ['localhost:50056', 'localhost:50067', 'localhost:50055']
[dc1_node1] Reading from first 2 nodes in preference list
[dc1_node1] Saved 8 keys to disk
[dc1_node1] CONFLICT: 40 sibling versions for 'item:0086'
[dc1_node1] Retrieved key='item:0063', versions=20
[dc1_node1] CONFLICT: 40 sibling versions for 'item:0097'
[dc1_node1] Client PUT: key='item:0027', value='stress_7_1522'
[dc1_node1] Preference list for 'item:0027': ['localhost:50067', 'localhost:50058', 'localhost:50052']
[dc1_node1] Coordinator NOT in preference list, forwarding only
[dc1_node1] Replicated to localhost:50067
[dc1_node1] Replicated to localhost:50052
[dc1_node1] Internal PUT (replication): key='item:0042'
[dc1_node1] CONFLICT detected for key='item:0042', siblings=20
[dc1_node1] Saved 8 keys to disk
[dc1_node1] Retrieved key='item:0063', versions=20
[dc1_node1] Replicated to localhost:50058
[dc1_node1] W-quorum achieved (2 writes), returning to client
[dc1_node1] Background replication continues for remaining nodes
[dc1_node1] Successful writes: 3/3
[dc1_node1] Internal PUT (replication): key='item:0054'
[dc1_node1] CONFLICT detected for key='item:0054', siblings=20
[dc1_node1] Saved 8 keys to disk
[dc1_node1] Client GET: key='item:0073'
[dc1_node1] Preference list for 'item:0073': ['localhost:50067', 'localhost:50058', 'localhost:50061']
[dc1_node1] Reading from first 2 nodes in preference list
[dc1_node1] CONFLICT: 40 sibling versions for 'item:0073'
[dc1_node1] Client PUT: key='item:0022', value='stress_9_1527'
[dc1_node1] Preference list for 'item:0022': ['localhost:50066', 'localhost:50057', 'localhost:50059']
[dc1_node1] Coordinator NOT in preference list, forwarding only
[dc1_node1] Retrieved key='item:0095', versions=20
[dc1_node1] Replicated to localhost:50057
[dc1_node1] Replicated to localhost:50066
[dc1_node1] Internal PUT (replication): key='item:0054'
[dc1_node1] CONFLICT detected for key='item:0054', siblings=20
[dc1_node1] Replicated to localhost:50059
[dc1_node1] Saved 8 keys to disk
[dc1_node1] W-quorum achieved (2 writes), returning to client
[dc1_node1] Background replication continues for remaining nodes
[dc1_node1] Successful writes: 3/3
[dc1_node1] Internal PUT (replication): key='item:0079'
[dc1_node1] CONFLICT detected for key='item:0079', siblings=20
[dc1_node1] Saved 8 keys to disk
[dc1_node1] Client GET: key='item:0055'
[dc1_node1] Preference list for 'item:0055': ['localhost:50059', 'localhost:50068', 'localhost:50056']
[dc1_node1] Reading from first 2 nodes in preference list
[dc1_node1] Retrieved key='item:0095', versions=20
[dc1_node1] CONFLICT: 40 sibling versions for 'item:0055'
[dc1_node1] Client GET: key='item:0034'
[dc1_node1] Preference list for 'item:0034': ['localhost:50064', 'localhost:50055', 'localhost:50062']
[dc1_node1] Reading from first 2 nodes in preference list
[dc1_node1] Client GET: key='item:0044'
[dc1_node1] Preference list for 'item:0044': ['localhost:50055', 'localhost:50068', 'localhost:50060']
[dc1_node1] Reading from first 2 nodes in preference list
[dc1_node1] Internal PUT (replication): key='item:0025'
[dc1_node1] CONFLICT detected for key='item:0025', siblings=20
[dc1_node1] CONFLICT: 40 sibling versions for 'item:0034'
[dc1_node1] CONFLICT: 40 sibling versions for 'item:0044'
[dc1_node1] Saved 8 keys to disk
[dc1_node1] Retrieved key='item:0063', versions=20
[dc1_node1] Client PUT: key='item:0010', value='stress_8_1523'
[dc1_node1] Preference list for 'item:0010': ['localhost:50056', 'localhost:50067', 'localhost:50055']
[dc1_node1] Coordinator NOT in preference list, forwarding only
[dc1_node1] Replicated to localhost:50056
[dc1_node1] Replicated to localhost:50055
[dc1_node1] Replicated to localhost:50067
[dc1_node1] W-quorum achieved (2 writes), returning to client
[dc1_node1] Background replication continues for remaining nodes
[dc1_node1] Successful writes: 3/3
[dc1_node1] Internal PUT (replication): key='item:0095'
[dc1_node1] CONFLICT detected for key='item:0095', siblings=20
[dc1_node1] Saved 8 keys to disk
[dc1_node1] Client PUT: key='item:0079', value='stress_5_1536'
[dc1_node1] Preference list for 'item:0079': ['localhost:50051', 'localhost:50065', 'localhost:50060']
[dc1_node1] CONFLICT detected for key='item:0079', siblings=20
[dc1_node1] Saved 8 keys to disk
[dc1_node1] Coordinator IS in preference list, stored locally
[dc1_node1] Replicated to localhost:50065
[dc1_node1] Retrieved key='item:0079', versions=20
[dc1_node1] W-quorum achieved (2 writes), returning to client
[dc1_node1] Background replication continues for remaining nodes
[dc1_node1] Successful writes: 2/3
[dc1_node1] Replicated to localhost:50060
[dc1_node1] Internal PUT (replication): key='item:0031'
[dc1_node1] CONFLICT detected for key='item:0031', siblings=20
[dc1_node1] Saved 8 keys to disk
[dc1_node1] Internal PUT (replication): key='item:0031'
[dc1_node1] CONFLICT detected for key='item:0031', siblings=20
[dc1_node1] Saved 8 keys to disk
[dc1_node1] Client GET: key='item:0011'
[dc1_node1] Preference list for 'item:0011': ['localhost:50054', 'localhost:50066', 'localhost:50053']
[dc1_node1] Reading from first 2 nodes in preference list
[dc1_node1] Client PUT: key='item:0082', value='stress_5_1539'
[dc1_node1] Preference list for 'item:0082': ['localhost:50064', 'localhost:50054', 'localhost:50067']
[dc1_node1] Coordinator NOT in preference list, forwarding only
[dc1_node1] CONFLICT: 40 sibling versions for 'item:0011'
[dc1_node1] Replicated to localhost:50064
[dc1_node1] Client GET: key='item:0061'
[dc1_node1] Preference list for 'item:0061': ['localhost:50056', 'localhost:50062', 'localhost:50052']
[dc1_node1] Reading from first 2 nodes in preference list
[dc1_node1] Replicated to localhost:50054
[dc1_node1] Replicated to localhost:50067
[dc1_node1] W-quorum achieved (2 writes), returning to client
[dc1_node1] Background replication continues for remaining nodes
[dc1_node1] Successful writes: 3/3
[dc1_node1] CONFLICT: 40 sibling versions for 'item:0061'
[dc1_node1] Client GET: key='item:0071'
[dc1_node1] Preference list for 'item:0071': ['localhost:50052', 'localhost:50063', 'localhost:50060']
[dc1_node1] Reading from first 2 nodes in preference list
[dc1_node1] Internal PUT (replication): key='item:0080'
[dc1_node1] CONFLICT detected for key='item:0080', siblings=20
[dc1_node1] Client GET: key='item:0042'
[dc1_node1] Preference list for 'item:0042': ['localhost:50053', 'localhost:50062', 'localhost:50051']
[dc1_node1] Reading from first 2 nodes in preference list
[dc1_node1] Saved 8 keys to disk
[dc1_node1] CONFLICT: 38 sibling versions for 'item:0071'
[dc1_node1] Client GET: key='item:0065'
[dc1_node1] Preference list for 'item:0065': ['localhost:50055', 'localhost:50066', 'localhost:50065']
[dc1_node1] Reading from first 2 nodes in preference list
[dc1_node1] CONFLICT: 40 sibling versions for 'item:0042'
[dc1_node1] CONFLICT: 40 sibling versions for 'item:0065'
[dc1_node1] Internal PUT (replication): key='item:0025'
[dc1_node1] CONFLICT detected for key='item:0025', siblings=20
[dc1_node1] Saved 8 keys to disk
[dc1_node1] Internal PUT (replication): key='item:0042'
[dc1_node1] CONFLICT detected for key='item:0042', siblings=20
[dc1_node1] Saved 8 keys to disk
[dc1_node1] Client GET: key='item:0089'
[dc1_node1] Preference list for 'item:0089': ['localhost:50064', 'localhost:50058', 'localhost:50069']
[dc1_node1] Reading from first 2 nodes in preference list
[dc1_node1] CONFLICT: 40 sibling versions for 'item:0089'
[dc1_node1] Client PUT: key='item:0073', value='stress_1_1553'
[dc1_node1] Preference list for 'item:0073': ['localhost:50067', 'localhost:50058', 'localhost:50061']
[dc1_node1] Coordinator NOT in preference list, forwarding only
[dc1_node1] Client PUT: key='item:0022', value='stress_9_1550'
[dc1_node1] Preference list for 'item:0022': ['localhost:50066', 'localhost:50057', 'localhost:50059']
[dc1_node1] Coordinator NOT in preference list, forwarding only
[dc1_node1] Client PUT: key='item:0076', value='stress_8_1543'
[dc1_node1] Preference list for 'item:0076': ['localhost:50067', 'localhost:50052', 'localhost:50064']
[dc1_node1] Coordinator NOT in preference list, forwarding only
[dc1_node1] Replicated to localhost:50061
[dc1_node1] Replicated to localhost:50067
[dc1_node1] Replicated to localhost:50058
[dc1_node1] Client GET: key='item:0017'
[dc1_node1] Preference list for 'item:0017': ['localhost:50063', 'localhost:50054', 'localhost:50053']
[dc1_node1] Reading from first 2 nodes in preference list
[dc1_node1] Replicated to localhost:50066
[dc1_node1] Replicated to localhost:50057
[dc1_node1] Replicated to localhost:50059
[dc1_node1] Replicated to localhost:50052
[dc1_node1] Replicated to localhost:50064
[dc1_node1] W-quorum achieved (2 writes), returning to client
[dc1_node1] Background replication continues for remaining nodes
[dc1_node1] Successful writes: 3/3
[dc1_node1] CONFLICT: 40 sibling versions for 'item:0017'
[dc1_node1] Replicated to localhost:50067
[dc1_node1] W-quorum achieved (2 writes), returning to client
[dc1_node1] Background replication continues for remaining nodes
[dc1_node1] Successful writes: 3/3
[dc1_node1] W-quorum achieved (2 writes), returning to client
[dc1_node1] Background replication continues for remaining nodes
[dc1_node1] Successful writes: 3/3
[dc1_node1] Internal PUT (replication): key='item:0025'
[dc1_node1] CONFLICT detected for key='item:0025', siblings=20
[dc1_node1] Saved 8 keys to disk
[dc1_node1] Client GET: key='item:0084'
[dc1_node1] Preference list for 'item:0084': ['localhost:50065', 'localhost:50058', 'localhost:50061']
[dc1_node1] Reading from first 2 nodes in preference list
[dc1_node1] CONFLICT: 40 sibling versions for 'item:0084'
[dc1_node1] Client PUT: key='item:0019', value='stress_2_1533'
[dc1_node1] Preference list for 'item:0019': ['localhost:50059', 'localhost:50068', 'localhost:50069']
[dc1_node1] Coordinator NOT in preference list, forwarding only
[dc1_node1] Replicated to localhost:50068
[dc1_node1] Replicated to localhost:50069
[dc1_node1] Replicated to localhost:50059
[dc1_node1] W-quorum achieved (2 writes), returning to client
[dc1_node1] Background replication continues for remaining nodes
[dc1_node1] Successful writes: 3/3
[dc1_node1] Internal PUT (replication): key='item:0054'
[dc1_node1] CONFLICT detected for key='item:0054', siblings=20
[dc1_node1] Saved 8 keys to disk
[dc1_node1] Internal PUT (replication): key='item:0063'
[dc1_node1] CONFLICT detected for key='item:0063', siblings=20
[dc1_node1] Saved 8 keys to disk
[dc1_node1] Internal PUT (replication): key='item:0063'
[dc1_node1] CONFLICT detected for key='item:0063', siblings=20
[dc1_node1] Saved 8 keys to disk
[dc1_node1] Client GET: key='item:0051'
[dc1_node1] Preference list for 'item:0051': ['localhost:50059', 'localhost:50064', 'localhost:50055']
[dc1_node1] Reading from first 2 nodes in preference list
[dc1_node1] CONFLICT: 40 sibling versions for 'item:0051'
[dc1_node1] Retrieved key='item:0079', versions=20
[dc1_node1] Retrieved key='item:0063', versions=20
[dc1_node1] Internal PUT (replication): key='item:0025'
[dc1_node1] CONFLICT detected for key='item:0025', siblings=20
[dc1_node1] Client PUT: key='item:0075', value='stress_7_1559'
[dc1_node1] Preference list for 'item:0075': ['localhost:50059', 'localhost:50065', 'localhost:50060']
[dc1_node1] Coordinator NOT in preference list, forwarding only
[dc1_node1] Saved 8 keys to disk
[dc1_node1] Replicated to localhost:50065
[dc1_node1] Replicated to localhost:50059
[dc1_node1] W-quorum achieved (2 writes), returning to client
[dc1_node1] Background replication continues for remaining nodes
[dc1_node1] Successful writes: 2/3
[dc1_node1] Client GET: key='item:0032'
[dc1_node1] Preference list for 'item:0032': ['localhost:50063', 'localhost:50055', 'localhost:50064']
[dc1_node1] Reading from first 2 nodes in preference list
[dc1_node1] CONFLICT: 40 sibling versions for 'item:0032'
[dc1_node1] Replicated to localhost:50060
[dc1_node1] Client GET: key='item:0066'
[dc1_node1] Preference list for 'item:0066': ['localhost:50066', 'localhost:50052', 'localhost:50061']
[dc1_node1] Reading from first 2 nodes in preference list
[dc1_node1] Client GET: key='item:0007'
[dc1_node1] Preference list for 'item:0007': ['localhost:50065', 'localhost:50059', 'localhost:50070']
[dc1_node1] Reading from first 2 nodes in preference list
[dc1_node1] CONFLICT: 40 sibling versions for 'item:0066'
[dc1_node1] CONFLICT: 40 sibling versions for 'item:0007'
[dc1_node1] Internal PUT (replication): key='item:0042'
[dc1_node1] CONFLICT detected for key='item:0042', siblings=20
[dc1_node1] Client PUT: key='item:0022', value='stress_6_1576'
[dc1_node1] Preference list for 'item:0022': ['localhost:50066', 'localhost:50057', 'localhost:50059']
[dc1_node1] Coordinator NOT in preference list, forwarding only
[dc1_node1] Saved 8 keys to disk
[dc1_node1] Replicated to localhost:50057
[dc1_node1] Replicated to localhost:50059
[dc1_node1] Replicated to localhost:50066
[dc1_node1] Client GET: key='item:0049'
[dc1_node1] Preference list for 'item:0049': ['localhost:50066', 'localhost:50060', 'localhost:50061']
[dc1_node1] Reading from first 2 nodes in preference list
[dc1_node1] W-quorum achieved (2 writes), returning to client
[dc1_node1] Background replication continues for remaining nodes
[dc1_node1] Successful writes: 3/3
[dc1_node1] CONFLICT: 40 sibling versions for 'item:0049'
[dc1_node1] Client GET: key='item:0003'
[dc1_node1] Preference list for 'item:0003': ['localhost:50058', 'localhost:50069', 'localhost:50062']
[dc1_node1] Reading from first 2 nodes in preference list
[dc1_node1] CONFLICT: 40 sibling versions for 'item:0003'
[dc1_node1] Retrieved key='item:0095', versions=20
[dc1_node1] Client GET: key='item:0009'
[dc1_node1] Preference list for 'item:0009': ['localhost:50064', 'localhost:50052', 'localhost:50066']
[dc1_node1] Reading from first 2 nodes in preference list
[dc1_node1] Internal PUT (replication): key='item:0079'
[dc1_node1] CONFLICT detected for key='item:0079', siblings=20
[dc1_node1] CONFLICT: 40 sibling versions for 'item:0009'
[dc1_node1] Saved 8 keys to disk
[dc1_node1] Client PUT: key='item:0024', value='stress_5_1569'
[dc1_node1] Preference list for 'item:0024': ['localhost:50061', 'localhost:50053', 'localhost:50062']
[dc1_node1] Coordinator NOT in preference list, forwarding only
[dc1_node1] Replicated to localhost:50053
[dc1_node1] Replicated to localhost:50061
[dc1_node1] Client PUT: key='item:0011', value='stress_3_1564'
[dc1_node1] Preference list for 'item:0011': ['localhost:50054', 'localhost:50066', 'localhost:50053']
[dc1_node1] Coordinator NOT in preference list, forwarding only
[dc1_node1] Replicated to localhost:50062
[dc1_node1] Client PUT: key='item:0048', value='stress_9_1568'
[dc1_node1] Preference list for 'item:0048': ['localhost:50070', 'localhost:50054', 'localhost:50064']
[dc1_node1] Coordinator NOT in preference list, forwarding only
[dc1_node1] Replicated to localhost:50054
[dc1_node1] W-quorum achieved (2 writes), returning to client
[dc1_node1] Background replication continues for remaining nodes
[dc1_node1] Successful writes: 3/3
[dc1_node1] Replicated to localhost:50053
[dc1_node1] Internal PUT (replication): key='item:0054'
[dc1_node1] CONFLICT detected for key='item:0054', siblings=20
[dc1_node1] Replicated to localhost:50054
[dc1_node1] Saved 8 keys to disk
[dc1_node1] Replicated to localhost:50064
[dc1_node1] Replicated to localhost:50066
[dc1_node1] Replicated to localhost:50070
[dc1_node1] Internal PUT (replication): key='item:0079'
[dc1_node1] CONFLICT detected for key='item:0079', siblings=20
[dc1_node1] W-quorum achieved (2 writes), returning to client
[dc1_node1] Background replication continues for remaining nodes
[dc1_node1] Successful writes: 3/3
[dc1_node1] Saved 8 keys to disk
[dc1_node1] Retrieved key='item:0031', versions=20
[dc1_node1] W-quorum achieved (2 writes), returning to client
[dc1_node1] Background replication continues for remaining nodes
[dc1_node1] Successful writes: 3/3
[dc1_node1] Internal PUT (replication): key='item:0095'
[dc1_node1] CONFLICT detected for key='item:0095', siblings=20
[dc1_node1] Saved 8 keys to disk
[dc1_node1] Retrieved key='item:0063', versions=20
[dc1_node1] Retrieved key='item:0031', versions=20
[dc1_node1] Internal PUT (replication): key='item:0025'
[dc1_node1] CONFLICT detected for key='item:0025', siblings=20
[dc1_node1] Saved 8 keys to disk
[dc1_node1] Internal PUT (replication): key='item:0031'
[dc1_node1] CONFLICT detected for key='item:0031', siblings=20
[dc1_node1] Saved 8 keys to disk
[dc1_node1] Internal PUT (replication): key='item:0031'
[dc1_node1] CONFLICT detected for key='item:0031', siblings=20
[dc1_node1] Saved 8 keys to disk
[dc1_node1] Retrieved key='item:0079', versions=20
[dc1_node1] Client PUT: key='item:0030', value='stress_0_1565'
[dc1_node1] Preference list for 'item:0030': ['localhost:50070', 'localhost:50056', 'localhost:50058']
[dc1_node1] Coordinator NOT in preference list, forwarding only
[dc1_node1] Replicated to localhost:50070
[dc1_node1] Replicated to localhost:50056
[dc1_node1] Replicated to localhost:50058
[dc1_node1] W-quorum achieved (2 writes), returning to client
[dc1_node1] Background replication continues for remaining nodes
[dc1_node1] Successful writes: 3/3
[dc1_node1] Client PUT: key='item:0044', value='stress_5_1577'
[dc1_node1] Preference list for 'item:0044': ['localhost:50055', 'localhost:50068', 'localhost:50060']
[dc1_node1] Coordinator NOT in preference list, forwarding only
[dc1_node1] Client GET: key='item:0094'
[dc1_node1] Preference list for 'item:0094': ['localhost:50060', 'localhost:50066', 'localhost:50055']
[dc1_node1] Reading from first 2 nodes in preference list
[dc1_node1] Replicated to localhost:50068
[dc1_node1] Replicated to localhost:50055
[dc1_node1] Client GET: key='item:0097'
[dc1_node1] Preference list for 'item:0097': ['localhost:50060', 'localhost:50064', 'localhost:50052']
[dc1_node1] Reading from first 2 nodes in preference list
[dc1_node1] Replicated to localhost:50060
[dc1_node1] Internal PUT (replication): key='item:0079'
[dc1_node1] CONFLICT detected for key='item:0079', siblings=20
[dc1_node1] W-quorum achieved (2 writes), returning to client
[dc1_node1] Background replication continues for remaining nodes
[dc1_node1] Successful writes: 3/3
[dc1_node1] Saved 8 keys to disk
[dc1_node1] CONFLICT: 40 sibling versions for 'item:0097'
[dc1_node1] CONFLICT: 40 sibling versions for 'item:0094'
[dc1_node1] Retrieved key='item:0095', versions=20
[dc1_node1] Client GET: key='item:0025'
[dc1_node1] Preference list for 'item:0025': ['localhost:50059', 'localhost:50067', 'localhost:50051']
[dc1_node1] Reading from first 2 nodes in preference list
[dc1_node1] CONFLICT: 40 sibling versions for 'item:0025'
[dc1_node1] Retrieved key='item:0079', versions=20
[dc1_node1] Client GET: key='item:0033'
[dc1_node1] Preference list for 'item:0033': ['localhost:50058', 'localhost:50063', 'localhost:50062']
[dc1_node1] Reading from first 2 nodes in preference list
[dc1_node1] Client PUT: key='item:0097', value='stress_7_1584'
[dc1_node1] Preference list for 'item:0097': ['localhost:50060', 'localhost:50064', 'localhost:50052']
[dc1_node1] Coordinator NOT in preference list, forwarding only
[dc1_node1] CONFLICT: 40 sibling versions for 'item:0033'
[dc1_node1] Replicated to localhost:50064
[dc1_node1] Replicated to localhost:50060
[dc1_node1] Replicated to localhost:50052
[dc1_node1] W-quorum achieved (2 writes), returning to client
[dc1_node1] Background replication continues for remaining nodes
[dc1_node1] Successful writes: 3/3
[dc1_node1] Retrieved key='item:0095', versions=20
[dc1_node1] Internal PUT (replication): key='item:0079'
[dc1_node1] CONFLICT detected for key='item:0079', siblings=20
[dc1_node1] Client GET: key='item:0072'
[dc1_node1] Preference list for 'item:0072': ['localhost:50067', 'localhost:50056', 'localhost:50059']
[dc1_node1] Reading from first 2 nodes in preference list
[dc1_node1] Saved 8 keys to disk
[dc1_node1] CONFLICT: 40 sibling versions for 'item:0072'
[dc1_node1] Internal PUT (replication): key='item:0042'
[dc1_node1] CONFLICT detected for key='item:0042', siblings=20
[dc1_node1] Saved 8 keys to disk
[dc1_node1] Internal PUT (replication): key='item:0080'
[dc1_node1] CONFLICT detected for key='item:0080', siblings=20
[dc1_node1] Saved 8 keys to disk
[dc1_node1] Internal PUT (replication): key='item:0079'
[dc1_node1] CONFLICT detected for key='item:0079', siblings=20
[dc1_node1] Saved 8 keys to disk
[dc1_node1] Internal PUT (replication): key='item:0042'
[dc1_node1] CONFLICT detected for key='item:0042', siblings=20
[dc1_node1] Saved 8 keys to disk
[dc1_node1] Client GET: key='item:0068'
[dc1_node1] Preference list for 'item:0068': ['localhost:50067', 'localhost:50052', 'localhost:50062']
[dc1_node1] Reading from first 2 nodes in preference list
[dc1_node1] CONFLICT: 40 sibling versions for 'item:0068'
[dc1_node1] Internal PUT (replication): key='item:0054'
[dc1_node1] CONFLICT detected for key='item:0054', siblings=20
[dc1_node1] Saved 8 keys to disk
[dc1_node1] Internal PUT (replication): key='item:0025'
[dc1_node1] CONFLICT detected for key='item:0025', siblings=20
[dc1_node1] Saved 8 keys to disk
[dc1_node1] Client PUT: key='item:0022', value='stress_4_1585'
[dc1_node1] Preference list for 'item:0022': ['localhost:50066', 'localhost:50057', 'localhost:50059']
[dc1_node1] Coordinator NOT in preference list, forwarding only
[dc1_node1] Replicated to localhost:50057
[dc1_node1] Replicated to localhost:50059
[dc1_node1] Replicated to localhost:50066
[dc1_node1] W-quorum achieved (2 writes), returning to client
[dc1_node1] Background replication continues for remaining nodes
[dc1_node1] Successful writes: 3/3
[dc1_node1] Retrieved key='item:0095', versions=20
[dc1_node1] Retrieved key='item:0063', versions=20
[dc1_node1] Retrieved key='item:0063', versions=20
[dc1_node1] Client GET: key='item:0058'
[dc1_node1] Preference list for 'item:0058': ['localhost:50070', 'localhost:50058', 'localhost:50060']
[dc1_node1] Reading from first 2 nodes in preference list
[dc1_node1] Internal PUT (replication): key='item:0095'
[dc1_node1] CONFLICT detected for key='item:0095', siblings=20
[dc1_node1] Saved 8 keys to disk
[dc1_node1] Client PUT: key='item:0077', value='stress_5_1596'
[dc1_node1] Preference list for 'item:0077': ['localhost:50066', 'localhost:50056', 'localhost:50063']
[dc1_node1] Coordinator NOT in preference list, forwarding only
[dc1_node1] CONFLICT: 40 sibling versions for 'item:0058'
[dc1_node1] Retrieved key='item:0063', versions=20
[dc1_node1] Replicated to localhost:50063
[dc1_node1] Replicated to localhost:50056
[dc1_node1] W-quorum achieved (2 writes), returning to client
[dc1_node1] Background replication continues for remaining nodes
[dc1_node1] Successful writes: 2/3
[dc1_node1] Replicated to localhost:50066
[dc1_node1] Client PUT: key='item:0080', value='stress_3_1595'
[dc1_node1] Preference list for 'item:0080': ['localhost:50056', 'localhost:50067', 'localhost:50051']
[dc1_node1] CONFLICT detected for key='item:0080', siblings=20
[dc1_node1] Saved 8 keys to disk
[dc1_node1] Coordinator IS in preference list, stored locally
[dc1_node1] Replicated to localhost:50056
[dc1_node1] Replicated to localhost:50067
[dc1_node1] Retrieved key='item:0079', versions=20
[dc1_node1] W-quorum achieved (2 writes), returning to client
[dc1_node1] Background replication continues for remaining nodes
[dc1_node1] Successful writes: 3/3
[dc1_node1] Client GET: key='item:0007'
[dc1_node1] Preference list for 'item:0007': ['localhost:50065', 'localhost:50059', 'localhost:50070']
[dc1_node1] Reading from first 2 nodes in preference list
[dc1_node1] Internal PUT (replication): key='item:0042'
[dc1_node1] CONFLICT detected for key='item:0042', siblings=20
[dc1_node1] CONFLICT: 40 sibling versions for 'item:0007'
[dc1_node1] Saved 8 keys to disk
[dc1_node1] Retrieved key='item:0095', versions=20
[dc1_node1] Internal PUT (replication): key='item:0063'
[dc1_node1] CONFLICT detected for key='item:0063', siblings=20
[dc1_node1] Saved 8 keys to disk
[dc1_node1] Internal PUT (replication): key='item:0095'
[dc1_node1] CONFLICT detected for key='item:0095', siblings=20
[dc1_node1] Saved 8 keys to disk
[dc1_node1] Client GET: key='item:0049'
[dc1_node1] Preference list for 'item:0049': ['localhost:50066', 'localhost:50060', 'localhost:50061']
[dc1_node1] Reading from first 2 nodes in preference list
[dc1_node1] CONFLICT: 40 sibling versions for 'item:0049'
[dc1_node1] Client PUT: key='item:0063', value='stress_8_1593'
[dc1_node1] Preference list for 'item:0063': ['localhost:50069', 'localhost:50051', 'localhost:50065']
[dc1_node1] CONFLICT detected for key='item:0063', siblings=20
[dc1_node1] Saved 8 keys to disk
[dc1_node1] Coordinator IS in preference list, stored locally
[dc1_node1] Replicated to localhost:50069
[dc1_node1] Replicated to localhost:50065
[dc1_node1] W-quorum achieved (2 writes), returning to client
[dc1_node1] Background replication continues for remaining nodes
[dc1_node1] Successful writes: 3/3
[dc1_node1] Client GET: key='item:0044'
[dc1_node1] Preference list for 'item:0044': ['localhost:50055', 'localhost:50068', 'localhost:50060']
[dc1_node1] Reading from first 2 nodes in preference list
[dc1_node1] Client PUT: key='item:0064', value='stress_3_1600'
[dc1_node1] Preference list for 'item:0064': ['localhost:50058', 'localhost:50062', 'localhost:50059']
[dc1_node1] Coordinator NOT in preference list, forwarding only
[dc1_node1] CONFLICT: 40 sibling versions for 'item:0044'
[dc1_node1] Internal PUT (replication): key='item:0054'
[dc1_node1] CONFLICT detected for key='item:0054', siblings=20
[dc1_node1] Client PUT: key='item:0024', value='stress_7_1608'
[dc1_node1] Preference list for 'item:0024': ['localhost:50061', 'localhost:50053', 'localhost:50062']
[dc1_node1] Coordinator NOT in preference list, forwarding only
[dc1_node1] Replicated to localhost:50058
[dc1_node1] Replicated to localhost:50062
[dc1_node1] Saved 8 keys to disk
[dc1_node1] Replicated to localhost:50059
[dc1_node1] W-quorum achieved (2 writes), returning to client
[dc1_node1] Background replication continues for remaining nodes
[dc1_node1] Successful writes: 3/3
[dc1_node1] Replicated to localhost:50053
[dc1_node1] Replicated to localhost:50061
[dc1_node1] Replicated to localhost:50062
[dc1_node1] W-quorum achieved (2 writes), returning to client
[dc1_node1] Background replication continues for remaining nodes
[dc1_node1] Successful writes: 3/3
[dc1_node1] Client GET: key='item:0080'
[dc1_node1] Preference list for 'item:0080': ['localhost:50056', 'localhost:50067', 'localhost:50051']
[dc1_node1] Reading from first 2 nodes in preference list
[dc1_node1] CONFLICT: 40 sibling versions for 'item:0080'
[dc1_node1] Client GET: key='item:0024'
[dc1_node1] Preference list for 'item:0024': ['localhost:50061', 'localhost:50053', 'localhost:50062']
[dc1_node1] Reading from first 2 nodes in preference list
[dc1_node1] CONFLICT: 40 sibling versions for 'item:0024'
[dc1_node1] Internal PUT (replication): key='item:0025'
[dc1_node1] CONFLICT detected for key='item:0025', siblings=20
[dc1_node1] Saved 8 keys to disk
[dc1_node1] Internal PUT (replication): key='item:0025'
[dc1_node1] CONFLICT detected for key='item:0025', siblings=20
[dc1_node1] Client GET: key='item:0085'
[dc1_node1] Preference list for 'item:0085': ['localhost:50060', 'localhost:50061', 'localhost:50053']
[dc1_node1] Reading from first 2 nodes in preference list
[dc1_node1] Saved 8 keys to disk
[dc1_node1] CONFLICT: 40 sibling versions for 'item:0085'
[dc1_node1] Client GET: key='item:0016'
[dc1_node1] Preference list for 'item:0016': ['localhost:50062', 'localhost:50058', 'localhost:50053']
[dc1_node1] Reading from first 2 nodes in preference list
[dc1_node1] Internal PUT (replication): key='item:0079'
[dc1_node1] CONFLICT detected for key='item:0079', siblings=20
[dc1_node1] Client GET: key='item:0094'
[dc1_node1] Preference list for 'item:0094': ['localhost:50060', 'localhost:50066', 'localhost:50055']
[dc1_node1] Reading from first 2 nodes in preference list
[dc1_node1] CONFLICT: 40 sibling versions for 'item:0016'
[dc1_node1] Saved 8 keys to disk
[dc1_node1] CONFLICT: 40 sibling versions for 'item:0094'
[dc1_node1] Retrieved key='item:0063', versions=20
[dc1_node1] Client PUT: key='item:0059', value='stress_5_1609'
[dc1_node1] Preference list for 'item:0059': ['localhost:50055', 'localhost:50069', 'localhost:50060']
[dc1_node1] Coordinator NOT in preference list, forwarding only
[dc1_node1] Replicated to localhost:50055
[dc1_node1] Replicated to localhost:50069
[dc1_node1] Replicated to localhost:50060
[dc1_node1] W-quorum achieved (2 writes), returning to client
[dc1_node1] Background replication continues for remaining nodes
[dc1_node1] Successful writes: 3/3
[dc1_node1] Retrieved key='item:0079', versions=20
[dc1_node1] Client GET: key='item:0087'
[dc1_node1] Preference list for 'item:0087': ['localhost:50052', 'localhost:50061', 'localhost:50063']
[dc1_node1] Reading from first 2 nodes in preference list
[dc1_node1] Client PUT: key='item:0001', value='stress_8_1609'
[dc1_node1] Preference list for 'item:0001': ['localhost:50067', 'localhost:50057', 'localhost:50060']
[dc1_node1] Coordinator NOT in preference list, forwarding only
[dc1_node1] CONFLICT: 40 sibling versions for 'item:0087'
[dc1_node1] Replicated to localhost:50057
[dc1_node1] Replicated to localhost:50067
[dc1_node1] Client GET: key='item:0088'
[dc1_node1] Preference list for 'item:0088': ['localhost:50065', 'localhost:50058', 'localhost:50061']
[dc1_node1] Reading from first 2 nodes in preference list
[dc1_node1] W-quorum achieved (2 writes), returning to client
[dc1_node1] Background replication continues for remaining nodes
[dc1_node1] Successful writes: 2/3
[dc1_node1] Replicated to localhost:50060
[dc1_node1] Internal PUT (replication): key='item:0031'
[dc1_node1] CONFLICT detected for key='item:0031', siblings=20
[dc1_node1] CONFLICT: 40 sibling versions for 'item:0088'
[dc1_node1] Saved 8 keys to disk
[dc1_node1] Client GET: key='item:0083'
[dc1_node1] Preference list for 'item:0083': ['localhost:50064', 'localhost:50057', 'localhost:50070']
[dc1_node1] Reading from first 2 nodes in preference list
[dc1_node1] CONFLICT: 40 sibling versions for 'item:0083'
[dc1_node1] Client GET: key='item:0072'
[dc1_node1] Preference list for 'item:0072': ['localhost:50067', 'localhost:50056', 'localhost:50059']
[dc1_node1] Reading from first 2 nodes in preference list
[dc1_node1] CONFLICT: 40 sibling versions for 'item:0072'
[dc1_node1] Internal PUT (replication): key='item:0079'
[dc1_node1] CONFLICT detected for key='item:0079', siblings=20
[dc1_node1] Saved 8 keys to disk
[dc1_node1] Client PUT: key='item:0051', value='stress_7_1630'
[dc1_node1] Preference list for 'item:0051': ['localhost:50059', 'localhost:50064', 'localhost:50055']
[dc1_node1] Coordinator NOT in preference list, forwarding only
[dc1_node1] Internal PUT (replication): key='item:0054'
[dc1_node1] CONFLICT detected for key='item:0054', siblings=20
[dc1_node1] Saved 8 keys to disk
[dc1_node1] Replicated to localhost:50059
[dc1_node1] Retrieved key='item:0095', versions=20
[dc1_node1] Replicated to localhost:50055
[dc1_node1] Replicated to localhost:50064
[dc1_node1] Client PUT: key='item:0020', value='stress_0_1614'
[dc1_node1] Preference list for 'item:0020': ['localhost:50052', 'localhost:50061', 'localhost:50065']
[dc1_node1] Coordinator NOT in preference list, forwarding only
[dc1_node1] W-quorum achieved (2 writes), returning to client
[dc1_node1] Background replication continues for remaining nodes
[dc1_node1] Successful writes: 3/3
[dc1_node1] Replicated to localhost:50065
[dc1_node1] Replicated to localhost:50061
[dc1_node1] Replicated to localhost:50052
[dc1_node1] W-quorum achieved (2 writes), returning to client
[dc1_node1] Background replication continues for remaining nodes
[dc1_node1] Successful writes: 3/3
[dc1_node1] Internal PUT (replication): key='item:0080'
[dc1_node1] CONFLICT detected for key='item:0080', siblings=20
[dc1_node1] Saved 8 keys to disk
[dc1_node1] Retrieved key='item:0079', versions=20
[dc1_node1] Client PUT: key='item:0077', value='stress_2_1617'
[dc1_node1] Preference list for 'item:0077': ['localhost:50066', 'localhost:50056', 'localhost:50063']
[dc1_node1] Coordinator NOT in preference list, forwarding only
[dc1_node1] Replicated to localhost:50056
[dc1_node1] Replicated to localhost:50063
[dc1_node1] Replicated to localhost:50066
[dc1_node1] W-quorum achieved (2 writes), returning to client
[dc1_node1] Background replication continues for remaining nodes
[dc1_node1] Successful writes: 3/3
[dc1_node1] Internal PUT (replication): key='item:0080'
[dc1_node1] CONFLICT detected for key='item:0080', siblings=20
[dc1_node1] Saved 8 keys to disk
[dc1_node1] Internal PUT (replication): key='item:0042'
[dc1_node1] CONFLICT detected for key='item:0042', siblings=20
[dc1_node1] Saved 8 keys to disk
[dc1_node1] Client GET: key='item:0018'
[dc1_node1] Preference list for 'item:0018': ['localhost:50064', 'localhost:50056', 'localhost:50052']
[dc1_node1] Reading from first 2 nodes in preference list
[dc1_node1] CONFLICT: 40 sibling versions for 'item:0018'
[dc1_node1] Internal PUT (replication): key='item:0063'
[dc1_node1] CONFLICT detected for key='item:0063', siblings=20
[dc1_node1] Saved 8 keys to disk
[dc1_node1] Internal PUT (replication): key='item:0080'
[dc1_node1] CONFLICT detected for key='item:0080', siblings=20
[dc1_node1] Saved 8 keys to disk
[dc1_node1] Internal PUT (replication): key='item:0095'
[dc1_node1] CONFLICT detected for key='item:0095', siblings=20
[dc1_node1] Saved 8 keys to disk
[dc1_node1] Client PUT: key='item:0095', value='stress_0_1628'
[dc1_node1] Preference list for 'item:0095': ['localhost:50069', 'localhost:50051', 'localhost:50067']
[dc1_node1] CONFLICT detected for key='item:0095', siblings=20
[dc1_node1] Saved 8 keys to disk
[dc1_node1] Coordinator IS in preference list, stored locally
[dc1_node1] Replicated to localhost:50069
[dc1_node1] W-quorum achieved (2 writes), returning to client
[dc1_node1] Background replication continues for remaining nodes
[dc1_node1] Successful writes: 2/3
[dc1_node1] Replicated to localhost:50067
[dc1_node1] Client PUT: key='item:0080', value='stress_3_1635'
[dc1_node1] Preference list for 'item:0080': ['localhost:50056', 'localhost:50067', 'localhost:50051']
[dc1_node1] CONFLICT detected for key='item:0080', siblings=20
[dc1_node1] Saved 8 keys to disk
[dc1_node1] Coordinator IS in preference list, stored locally
[dc1_node1] Retrieved key='item:0079', versions=20
[dc1_node1] Replicated to localhost:50056
[dc1_node1] Replicated to localhost:50067
[dc1_node1] W-quorum achieved (2 writes), returning to client
[dc1_node1] Background replication continues for remaining nodes
[dc1_node1] Successful writes: 3/3
[dc1_node1] Internal PUT (replication): key='item:0079'
[dc1_node1] CONFLICT detected for key='item:0079', siblings=20
[dc1_node1] Saved 8 keys to disk
[dc1_node1] Client GET: key='item:0042'
[dc1_node1] Preference list for 'item:0042': ['localhost:50053', 'localhost:50062', 'localhost:50051']
[dc1_node1] Reading from first 2 nodes in preference list
[dc1_node1] Client GET: key='item:0044'
[dc1_node1] Preference list for 'item:0044': ['localhost:50055', 'localhost:50068', 'localhost:50060']
[dc1_node1] Reading from first 2 nodes in preference list
[dc1_node1] CONFLICT: 40 sibling versions for 'item:0044'
[dc1_node1] CONFLICT: 40 sibling versions for 'item:0042'
[dc1_node1] Client GET: key='item:0007'
[dc1_node1] Preference list for 'item:0007': ['localhost:50065', 'localhost:50059', 'localhost:50070']
[dc1_node1] Reading from first 2 nodes in preference list
[dc1_node1] CONFLICT: 40 sibling versions for 'item:0007'
[dc1_node1] Internal PUT (replication): key='item:0095'
[dc1_node1] CONFLICT detected for key='item:0095', siblings=20
[dc1_node1] Saved 8 keys to disk
[dc1_node1] Retrieved key='item:0079', versions=20
[dc1_node1] Internal PUT (replication): key='item:0054'
[dc1_node1] CONFLICT detected for key='item:0054', siblings=20
[dc1_node1] Saved 8 keys to disk
[dc1_node1] Client PUT: key='item:0084', value='stress_7_1655'
[dc1_node1] Preference list for 'item:0084': ['localhost:50065', 'localhost:50058', 'localhost:50061']
[dc1_node1] Coordinator NOT in preference list, forwarding only
[dc1_node1] Replicated to localhost:50065
[dc1_node1] Replicated to localhost:50061
[dc1_node1] Client GET: key='item:0086'
[dc1_node1] Preference list for 'item:0086': ['localhost:50056', 'localhost:50067', 'localhost:50055']
[dc1_node1] Reading from first 2 nodes in preference list
[dc1_node1] Replicated to localhost:50058
[dc1_node1] CONFLICT: 40 sibling versions for 'item:0086'
[dc1_node1] W-quorum achieved (2 writes), returning to client
[dc1_node1] Background replication continues for remaining nodes
[dc1_node1] Successful writes: 3/3
[dc1_node1] Client GET: key='item:0078'
[dc1_node1] Preference list for 'item:0078': ['localhost:50058', 'localhost:50070', 'localhost:50057']
[dc1_node1] Reading from first 2 nodes in preference list
[dc1_node1] CONFLICT: 40 sibling versions for 'item:0078'
[dc1_node1] Internal PUT (replication): key='item:0031'
[dc1_node1] CONFLICT detected for key='item:0031', siblings=20
[dc1_node1] Saved 8 keys to disk
[dc1_node1] Client PUT: key='item:0027', value='stress_2_1640'
[dc1_node1] Preference list for 'item:0027': ['localhost:50067', 'localhost:50058', 'localhost:50052']
[dc1_node1] Coordinator NOT in preference list, forwarding only
[dc1_node1] Client PUT: key='item:0004', value='stress_4_1640'
[dc1_node1] Preference list for 'item:0004': ['localhost:50070', 'localhost:50060', 'localhost:50066']
[dc1_node1] Coordinator NOT in preference list, forwarding only
[dc1_node1] Replicated to localhost:50067
[dc1_node1] Replicated to localhost:50052
[dc1_node1] Replicated to localhost:50058
[dc1_node1] Replicated to localhost:50070
[dc1_node1] Replicated to localhost:50066
[dc1_node1] W-quorum achieved (2 writes), returning to client
[dc1_node1] Background replication continues for remaining nodes
[dc1_node1] Successful writes: 3/3
[dc1_node1] Client GET: key='item:0049'
[dc1_node1] Preference list for 'item:0049': ['localhost:50066', 'localhost:50060', 'localhost:50061']
[dc1_node1] Reading from first 2 nodes in preference list
[dc1_node1] W-quorum achieved (2 writes), returning to client
[dc1_node1] Background replication continues for remaining nodes
[dc1_node1] Successful writes: 2/3
[dc1_node1] Retrieved key='item:0079', versions=20
[dc1_node1] Replicated to localhost:50060
[dc1_node1] CONFLICT: 40 sibling versions for 'item:0049'
[dc1_node1] Client PUT: key='item:0096', value='stress_7_1663'
[dc1_node1] Preference list for 'item:0096': ['localhost:50070', 'localhost:50058', 'localhost:50060']
[dc1_node1] Coordinator NOT in preference list, forwarding only
[dc1_node1] Replicated to localhost:50070
[dc1_node1] Replicated to localhost:50058
[dc1_node1] W-quorum achieved (2 writes), returning to client
[dc1_node1] Background replication continues for remaining nodes
[dc1_node1] Successful writes: 2/3
[dc1_node1] Replicated to localhost:50060
[dc1_node1] Retrieved key='item:0079', versions=20
[dc1_node1] Client PUT: key='item:0019', value='stress_9_1659'
[dc1_node1] Preference list for 'item:0019': ['localhost:50059', 'localhost:50068', 'localhost:50069']
[dc1_node1] Coordinator NOT in preference list, forwarding only
[dc1_node1] Replicated to localhost:50059
[dc1_node1] Replicated to localhost:50069
[dc1_node1] Replicated to localhost:50068
[dc1_node1] W-quorum achieved (2 writes), returning to client
[dc1_node1] Background replication continues for remaining nodes
[dc1_node1] Successful writes: 3/3
[dc1_node1] Retrieved key='item:0031', versions=20
[dc1_node1] Client PUT: key='item:0079', value='stress_2_1655'
[dc1_node1] Preference list for 'item:0079': ['localhost:50051', 'localhost:50065', 'localhost:50060']
[dc1_node1] CONFLICT detected for key='item:0079', siblings=20
[dc1_node1] Saved 8 keys to disk
[dc1_node1] Coordinator IS in preference list, stored locally
[dc1_node1] Replicated to localhost:50065
[dc1_node1] Replicated to localhost:50060
[dc1_node1] W-quorum achieved (2 writes), returning to client
[dc1_node1] Background replication continues for remaining nodes
[dc1_node1] Successful writes: 3/3
[dc1_node1] Client PUT: key='item:0022', value='stress_7_1674'
[dc1_node1] Preference list for 'item:0022': ['localhost:50066', 'localhost:50057', 'localhost:50059']
[dc1_node1] Coordinator NOT in preference list, forwarding only
[dc1_node1] Replicated to localhost:50057
[dc1_node1] Replicated to localhost:50059
[dc1_node1] Replicated to localhost:50066
[dc1_node1] W-quorum achieved (2 writes), returning to client
[dc1_node1] Background replication continues for remaining nodes
[dc1_node1] Successful writes: 3/3
[dc1_node1] Client PUT: key='item:0033', value='stress_5_1671'
[dc1_node1] Preference list for 'item:0033': ['localhost:50058', 'localhost:50063', 'localhost:50062']
[dc1_node1] Coordinator NOT in preference list, forwarding only
[dc1_node1] Replicated to localhost:50063
[dc1_node1] Replicated to localhost:50058
[dc1_node1] Replicated to localhost:50062
[dc1_node1] W-quorum achieved (2 writes), returning to client
[dc1_node1] Background replication continues for remaining nodes
[dc1_node1] Successful writes: 3/3
[dc1_node1] Internal PUT (replication): key='item:0095'
[dc1_node1] CONFLICT detected for key='item:0095', siblings=20
[dc1_node1] Internal PUT (replication): key='item:0025'
[dc1_node1] Saved 8 keys to disk
[dc1_node1] CONFLICT detected for key='item:0025', siblings=20
[dc1_node1] Saved 8 keys to disk
[dc1_node1] Client GET: key='item:0071'
[dc1_node1] Preference list for 'item:0071': ['localhost:50052', 'localhost:50063', 'localhost:50060']
[dc1_node1] Reading from first 2 nodes in preference list
[dc1_node1] Retrieved key='item:0063', versions=20
[dc1_node1] CONFLICT: 38 sibling versions for 'item:0071'
[dc1_node1] Internal PUT (replication): key='item:0025'
[dc1_node1] CONFLICT detected for key='item:0025', siblings=20
[dc1_node1] Saved 8 keys to disk
[dc1_node1] Client PUT: key='item:0007', value='stress_2_1664'
[dc1_node1] Preference list for 'item:0007': ['localhost:50065', 'localhost:50059', 'localhost:50070']
[dc1_node1] Coordinator NOT in preference list, forwarding only
[dc1_node1] Internal PUT (replication): key='item:0095'
[dc1_node1] CONFLICT detected for key='item:0095', siblings=20
[dc1_node1] Saved 8 keys to disk
[dc1_node1] Replicated to localhost:50065
[dc1_node1] Replicated to localhost:50070
[dc1_node1] Replicated to localhost:50059
[dc1_node1] W-quorum achieved (2 writes), returning to client
[dc1_node1] Background replication continues for remaining nodes
[dc1_node1] Successful writes: 3/3
[dc1_node1] Retrieved key='item:0095', versions=20
[dc1_node1] Client PUT: key='item:0011', value='stress_1_1680'
[dc1_node1] Preference list for 'item:0011': ['localhost:50054', 'localhost:50066', 'localhost:50053']
[dc1_node1] Coordinator NOT in preference list, forwarding only
[dc1_node1] Replicated to localhost:50054
[dc1_node1] Replicated to localhost:50053
[dc1_node1] Replicated to localhost:50066
[dc1_node1] W-quorum achieved (2 writes), returning to client
[dc1_node1] Background replication continues for remaining nodes
[dc1_node1] Successful writes: 3/3
[dc1_node1] Internal PUT (replication): key='item:0031'
[dc1_node1] CONFLICT detected for key='item:0031', siblings=20
[dc1_node1] Saved 8 keys to disk
[dc1_node1] Retrieved key='item:0095', versions=20
[dc1_node1] Client PUT: key='item:0028', value='stress_3_1683'
[dc1_node1] Preference list for 'item:0028': ['localhost:50069', 'localhost:50060', 'localhost:50057']
[dc1_node1] Coordinator NOT in preference list, forwarding only
[dc1_node1] Replicated to localhost:50057
[dc1_node1] Replicated to localhost:50069
[dc1_node1] Client PUT: key='item:0018', value='stress_2_1675'
[dc1_node1] Preference list for 'item:0018': ['localhost:50064', 'localhost:50056', 'localhost:50052']
[dc1_node1] Coordinator NOT in preference list, forwarding only
[dc1_node1] Replicated to localhost:50060
[dc1_node1] Client GET: key='item:0098'
[dc1_node1] Preference list for 'item:0098': ['localhost:50055', 'localhost:50064', 'localhost:50067']
[dc1_node1] Reading from first 2 nodes in preference list
[dc1_node1] W-quorum achieved (2 writes), returning to client
[dc1_node1] Background replication continues for remaining nodes
[dc1_node1] Successful writes: 3/3
[dc1_node1] Replicated to localhost:50056
[dc1_node1] Replicated to localhost:50064
[dc1_node1] CONFLICT: 40 sibling versions for 'item:0098'
[dc1_node1] Replicated to localhost:50052
[dc1_node1] Client GET: key='item:0059'
[dc1_node1] Preference list for 'item:0059': ['localhost:50055', 'localhost:50069', 'localhost:50060']
[dc1_node1] Reading from first 2 nodes in preference list
[dc1_node1] Client GET: key='item:0046'
[dc1_node1] Preference list for 'item:0046': ['localhost:50057', 'localhost:50067', 'localhost:50064']
[dc1_node1] Reading from first 2 nodes in preference list
[dc1_node1] CONFLICT: 40 sibling versions for 'item:0059'
[dc1_node1] W-quorum achieved (2 writes), returning to client
[dc1_node1] Background replication continues for remaining nodes
[dc1_node1] Successful writes: 3/3
[dc1_node1] CONFLICT: 40 sibling versions for 'item:0046'
[dc1_node1] Client PUT: key='item:0061', value='stress_0_1677'
[dc1_node1] Preference list for 'item:0061': ['localhost:50056', 'localhost:50062', 'localhost:50052']
[dc1_node1] Coordinator NOT in preference list, forwarding only
[dc1_node1] Replicated to localhost:50056
[dc1_node1] Replicated to localhost:50062
[dc1_node1] Replicated to localhost:50052
[dc1_node1] Client GET: key='item:0039'
[dc1_node1] Preference list for 'item:0039': ['localhost:50070', 'localhost:50054', 'localhost:50068']
[dc1_node1] Reading from first 2 nodes in preference list
[dc1_node1] W-quorum achieved (2 writes), returning to client
[dc1_node1] Background replication continues for remaining nodes
[dc1_node1] Successful writes: 3/3
[dc1_node1] Retrieved key='item:0063', versions=20
[dc1_node1] CONFLICT: 38 sibling versions for 'item:0039'
[dc1_node1] Retrieved key='item:0031', versions=20
[dc1_node1] Client GET: key='item:0092'
[dc1_node1] Preference list for 'item:0092': ['localhost:50055', 'localhost:50069', 'localhost:50056']
[dc1_node1] Reading from first 2 nodes in preference list
[dc1_node1] CONFLICT: 40 sibling versions for 'item:0092'
[dc1_node1] Retrieved key='item:0063', versions=20
[dc1_node1] Internal PUT (replication): key='item:0025'
[dc1_node1] CONFLICT detected for key='item:0025', siblings=20
[dc1_node1] Saved 8 keys to disk
[dc1_node1] Internal PUT (replication): key='item:0063'
[dc1_node1] CONFLICT detected for key='item:0063', siblings=20
[dc1_node1] Saved 8 keys to disk
[dc1_node1] Retrieved key='item:0079', versions=20
[dc1_node1] Client PUT: key='item:0045', value='stress_1_1695'
[dc1_node1] Preference list for 'item:0045': ['localhost:50059', 'localhost:50063', 'localhost:50062']
[dc1_node1] Coordinator NOT in preference list, forwarding only
[dc1_node1] Replicated to localhost:50063
[dc1_node1] Replicated to localhost:50062
[dc1_node1] Replicated to localhost:50059
[dc1_node1] W-quorum achieved (2 writes), returning to client
[dc1_node1] Background replication continues for remaining nodes
[dc1_node1] Successful writes: 3/3
[dc1_node1] Retrieved key='item:0063', versions=20
[dc1_node1] Internal PUT (replication): key='item:0031'
[dc1_node1] CONFLICT detected for key='item:0031', siblings=20
[dc1_node1] Saved 8 keys to disk
[dc1_node1] Internal PUT (replication): key='item:0063'
[dc1_node1] CONFLICT detected for key='item:0063', siblings=20
[dc1_node1] Saved 8 keys to disk
[dc1_node1] Internal PUT (replication): key='item:0025'
[dc1_node1] CONFLICT detected for key='item:0025', siblings=20
[dc1_node1] Saved 8 keys to disk
[dc1_node1] Internal PUT (replication): key='item:0054'
[dc1_node1] CONFLICT detected for key='item:0054', siblings=20
[dc1_node1] Saved 8 keys to disk
[dc1_node1] Internal PUT (replication): key='item:0080'
[dc1_node1] CONFLICT detected for key='item:0080', siblings=20
[dc1_node1] Saved 8 keys to disk
[dc1_node1] Internal PUT (replication): key='item:0042'
[dc1_node1] CONFLICT detected for key='item:0042', siblings=20
[dc1_node1] Saved 8 keys to disk
[dc1_node1] Internal PUT (replication): key='item:0031'
[dc1_node1] CONFLICT detected for key='item:0031', siblings=20
[dc1_node1] Saved 8 keys to disk
[dc1_node1] Internal PUT (replication): key='item:0054'
[dc1_node1] CONFLICT detected for key='item:0054', siblings=20
[dc1_node1] Saved 8 keys to disk
[dc1_node1] Client PUT: key='item:0083', value='stress_4_1697'
[dc1_node1] Preference list for 'item:0083': ['localhost:50064', 'localhost:50057', 'localhost:50070']
[dc1_node1] Coordinator NOT in preference list, forwarding only
[dc1_node1] Replicated to localhost:50070
[dc1_node1] Replicated to localhost:50064
[dc1_node1] Replicated to localhost:50057
[dc1_node1] W-quorum achieved (2 writes), returning to client
[dc1_node1] Background replication continues for remaining nodes
[dc1_node1] Successful writes: 3/3
[dc1_node1] Client GET: key='item:0063'
[dc1_node1] Preference list for 'item:0063': ['localhost:50069', 'localhost:50051', 'localhost:50065']
[dc1_node1] Reading from first 2 nodes in preference list
[dc1_node1] Retrieved key='item:0063', versions=20
[dc1_node1] Read locally (coordinator in preference list)
[dc1_node1] CONFLICT: 40 sibling versions for 'item:0063'
[dc1_node1] Internal PUT (replication): key='item:0080'
[dc1_node1] CONFLICT detected for key='item:0080', siblings=20
[dc1_node1] Saved 8 keys to disk
[dc1_node1] Retrieved key='item:0095', versions=20
[dc1_node1] Internal PUT (replication): key='item:0095'
[dc1_node1] CONFLICT detected for key='item:0095', siblings=20
[dc1_node1] Client GET: key='item:0099'
[dc1_node1] Preference list for 'item:0099': ['localhost:50053', 'localhost:50070', 'localhost:50054']
[dc1_node1] Reading from first 2 nodes in preference list
[dc1_node1] Client PUT: key='item:0096', value='stress_8_1703'
[dc1_node1] Preference list for 'item:0096': ['localhost:50070', 'localhost:50058', 'localhost:50060']
[dc1_node1] Coordinator NOT in preference list, forwarding only
[dc1_node1] Saved 8 keys to disk
[dc1_node1] CONFLICT: 40 sibling versions for 'item:0099'
[dc1_node1] Internal PUT (replication): key='item:0042'
[dc1_node1] CONFLICT detected for key='item:0042', siblings=20
[dc1_node1] Replicated to localhost:50070
[dc1_node1] Replicated to localhost:50058
[dc1_node1] Saved 8 keys to disk
[dc1_node1] Retrieved key='item:0095', versions=20
[dc1_node1] Replicated to localhost:50060
[dc1_node1] Client GET: key='item:0088'
[dc1_node1] Preference list for 'item:0088': ['localhost:50065', 'localhost:50058', 'localhost:50061']
[dc1_node1] Reading from first 2 nodes in preference list
[dc1_node1] W-quorum achieved (2 writes), returning to client
[dc1_node1] Background replication continues for remaining nodes
[dc1_node1] Successful writes: 3/3
[dc1_node1] Retrieved key='item:0095', versions=20
[dc1_node1] CONFLICT: 40 sibling versions for 'item:0088'
[dc1_node1] Internal PUT (replication): key='item:0080'
[dc1_node1] CONFLICT detected for key='item:0080', siblings=20
[dc1_node1] Saved 8 keys to disk
[dc1_node1] Internal PUT (replication): key='item:0054'
[dc1_node1] CONFLICT detected for key='item:0054', siblings=20
[dc1_node1] Saved 8 keys to disk
[dc1_node1] Internal PUT (replication): key='item:0025'
[dc1_node1] CONFLICT detected for key='item:0025', siblings=20
[dc1_node1] Internal PUT (replication): key='item:0054'
[dc1_node1] Saved 8 keys to disk
[dc1_node1] CONFLICT detected for key='item:0054', siblings=20
[dc1_node1] Saved 8 keys to disk
[dc1_node1] Retrieved key='item:0079', versions=20
[dc1_node1] Internal PUT (replication): key='item:0080'
[dc1_node1] CONFLICT detected for key='item:0080', siblings=20
[dc1_node1] Saved 8 keys to disk
[dc1_node1] Internal PUT (replication): key='item:0095'
[dc1_node1] CONFLICT detected for key='item:0095', siblings=20
[dc1_node1] Saved 8 keys to disk
[dc1_node1] Client PUT: key='item:0059', value='stress_5_1723'
[dc1_node1] Preference list for 'item:0059': ['localhost:50055', 'localhost:50069', 'localhost:50060']
[dc1_node1] Coordinator NOT in preference list, forwarding only
[dc1_node1] Replicated to localhost:50055
[dc1_node1] Replicated to localhost:50060
[dc1_node1] Replicated to localhost:50069
[dc1_node1] W-quorum achieved (2 writes), returning to client
[dc1_node1] Background replication continues for remaining nodes
[dc1_node1] Successful writes: 3/3
[dc1_node1] Retrieved key='item:0079', versions=20
[dc1_node1] Client PUT: key='item:0058', value='stress_9_1726'
[dc1_node1] Preference list for 'item:0058': ['localhost:50070', 'localhost:50058', 'localhost:50060']
[dc1_node1] Coordinator NOT in preference list, forwarding only
[dc1_node1] Replicated to localhost:50060
[dc1_node1] Replicated to localhost:50058
[dc1_node1] Client GET: key='item:0051'
[dc1_node1] Preference list for 'item:0051': ['localhost:50059', 'localhost:50064', 'localhost:50055']
[dc1_node1] Reading from first 2 nodes in preference list
[dc1_node1] Replicated to localhost:50070
[dc1_node1] W-quorum achieved (2 writes), returning to client
[dc1_node1] Background replication continues for remaining nodes
[dc1_node1] Successful writes: 3/3
[dc1_node1] CONFLICT: 40 sibling versions for 'item:0051'
[dc1_node1] Client PUT: key='item:0011', value='stress_1_1735'
[dc1_node1] Preference list for 'item:0011': ['localhost:50054', 'localhost:50066', 'localhost:50053']
[dc1_node1] Coordinator NOT in preference list, forwarding only
[dc1_node1] Replicated to localhost:50066
[dc1_node1] Retrieved key='item:0031', versions=20
[dc1_node1] Replicated to localhost:50053
[dc1_node1] Replicated to localhost:50054
[dc1_node1] W-quorum achieved (2 writes), returning to client
[dc1_node1] Background replication continues for remaining nodes
[dc1_node1] Successful writes: 3/3
[dc1_node1] Internal PUT (replication): key='item:0031'
[dc1_node1] CONFLICT detected for key='item:0031', siblings=20
[dc1_node1] Client GET: key='item:0048'
[dc1_node1] Preference list for 'item:0048': ['localhost:50070', 'localhost:50054', 'localhost:50064']
[dc1_node1] Reading from first 2 nodes in preference list
[dc1_node1] Saved 8 keys to disk
[dc1_node1] CONFLICT: 40 sibling versions for 'item:0048'
[dc1_node1] Retrieved key='item:0063', versions=20
[dc1_node1] Client PUT: key='item:0059', value='stress_9_1731'
[dc1_node1] Preference list for 'item:0059': ['localhost:50055', 'localhost:50069', 'localhost:50060']
[dc1_node1] Coordinator NOT in preference list, forwarding only
[dc1_node1] Replicated to localhost:50069
[dc1_node1] Replicated to localhost:50060
[dc1_node1] Retrieved key='item:0079', versions=20
[dc1_node1] W-quorum achieved (2 writes), returning to client
[dc1_node1] Background replication continues for remaining nodes
[dc1_node1] Successful writes: 2/3
[dc1_node1] Replicated to localhost:50055
[dc1_node1] Internal PUT (replication): key='item:0031'
[dc1_node1] CONFLICT detected for key='item:0031', siblings=20
[dc1_node1] Saved 8 keys to disk
[dc1_node1] Client PUT: key='item:0081', value='stress_4_1725'
[dc1_node1] Preference list for 'item:0081': ['localhost:50066', 'localhost:50060', 'localhost:50055']
[dc1_node1] Coordinator NOT in preference list, forwarding only
[dc1_node1] Client PUT: key='item:0028', value='stress_6_1761'
[dc1_node1] Preference list for 'item:0028': ['localhost:50069', 'localhost:50060', 'localhost:50057']
[dc1_node1] Coordinator NOT in preference list, forwarding only
[dc1_node1] Replicated to localhost:50066
[dc1_node1] Replicated to localhost:50069
[dc1_node1] Replicated to localhost:50057
[dc1_node1] Replicated to localhost:50055
[dc1_node1] Replicated to localhost:50060
[dc1_node1] Replicated to localhost:50060
[dc1_node1] W-quorum achieved (2 writes), returning to client
[dc1_node1] Background replication continues for remaining nodes
[dc1_node1] Successful writes: 3/3
[dc1_node1] W-quorum achieved (2 writes), returning to client
[dc1_node1] Background replication continues for remaining nodes
[dc1_node1] Successful writes: 3/3
[dc1_node1] Internal PUT (replication): key='item:0042'
[dc1_node1] CONFLICT detected for key='item:0042', siblings=20
[dc1_node1] Saved 8 keys to disk
[dc1_node1] Client GET: key='item:0009'
[dc1_node1] Preference list for 'item:0009': ['localhost:50064', 'localhost:50052', 'localhost:50066']
[dc1_node1] Reading from first 2 nodes in preference list
[dc1_node1] Retrieved key='item:0063', versions=20
[dc1_node1] CONFLICT: 40 sibling versions for 'item:0009'
[dc1_node1] Client GET: key='item:0085'
[dc1_node1] Preference list for 'item:0085': ['localhost:50060', 'localhost:50061', 'localhost:50053']
[dc1_node1] Reading from first 2 nodes in preference list
[dc1_node1] CONFLICT: 40 sibling versions for 'item:0085'
[dc1_node1] Retrieved key='item:0031', versions=20
[dc1_node1] Internal PUT (replication): key='item:0080'
[dc1_node1] CONFLICT detected for key='item:0080', siblings=20
[dc1_node1] Saved 8 keys to disk
[dc1_node1] Client PUT: key='item:0025', value='stress_0_1732'
[dc1_node1] Preference list for 'item:0025': ['localhost:50059', 'localhost:50067', 'localhost:50051']
[dc1_node1] CONFLICT detected for key='item:0025', siblings=20
[dc1_node1] Saved 8 keys to disk
[dc1_node1] Coordinator IS in preference list, stored locally
[dc1_node1] Internal PUT (replication): key='item:0054'
[dc1_node1] CONFLICT detected for key='item:0054', siblings=20
[dc1_node1] Saved 8 keys to disk
[dc1_node1] Replicated to localhost:50059
[dc1_node1] Client PUT: key='item:0066', value='stress_1_1752'
[dc1_node1] Preference list for 'item:0066': ['localhost:50066', 'localhost:50052', 'localhost:50061']
[dc1_node1] Coordinator NOT in preference list, forwarding only
[dc1_node1] W-quorum achieved (2 writes), returning to client
[dc1_node1] Background replication continues for remaining nodes
[dc1_node1] Successful writes: 2/3
[dc1_node1] Replicated to localhost:50052
[dc1_node1] Replicated to localhost:50061
[dc1_node1] Replicated to localhost:50067
[dc1_node1] Replicated to localhost:50066
[dc1_node1] W-quorum achieved (2 writes), returning to client
[dc1_node1] Background replication continues for remaining nodes
[dc1_node1] Successful writes: 3/3
[dc1_node1] Client PUT: key='item:0046', value='stress_1_1753'
[dc1_node1] Preference list for 'item:0046': ['localhost:50057', 'localhost:50067', 'localhost:50064']
[dc1_node1] Coordinator NOT in preference list, forwarding only
[dc1_node1] Internal PUT (replication): key='item:0025'
[dc1_node1] CONFLICT detected for key='item:0025', siblings=20
[dc1_node1] Saved 8 keys to disk
[dc1_node1] Replicated to localhost:50057
[dc1_node1] Client PUT: key='item:0089', value='stress_6_1772'
[dc1_node1] Preference list for 'item:0089': ['localhost:50064', 'localhost:50058', 'localhost:50069']
[dc1_node1] Coordinator NOT in preference list, forwarding only
[dc1_node1] Replicated to localhost:50064
[dc1_node1] Replicated to localhost:50069
[dc1_node1] Replicated to localhost:50067
[dc1_node1] Replicated to localhost:50064
[dc1_node1] W-quorum achieved (2 writes), returning to client
[dc1_node1] Background replication continues for remaining nodes
[dc1_node1] Successful writes: 3/3
[dc1_node1] Replicated to localhost:50058
[dc1_node1] W-quorum achieved (2 writes), returning to client
[dc1_node1] Background replication continues for remaining nodes
[dc1_node1] Successful writes: 3/3
[dc1_node1] Client PUT: key='item:0096', value='stress_2_1735'
[dc1_node1] Preference list for 'item:0096': ['localhost:50070', 'localhost:50058', 'localhost:50060']
[dc1_node1] Coordinator NOT in preference list, forwarding only
[dc1_node1] Replicated to localhost:50070
[dc1_node1] Replicated to localhost:50058
[dc1_node1] Replicated to localhost:50060
[dc1_node1] Internal PUT (replication): key='item:0080'
[dc1_node1] CONFLICT detected for key='item:0080', siblings=20
[dc1_node1] Saved 8 keys to disk
[dc1_node1] W-quorum achieved (2 writes), returning to client
[dc1_node1] Background replication continues for remaining nodes
[dc1_node1] Successful writes: 3/3
[dc1_node1] Client PUT: key='item:0043', value='stress_2_1736'
[dc1_node1] Preference list for 'item:0043': ['localhost:50058', 'localhost:50070', 'localhost:50057']
[dc1_node1] Coordinator NOT in preference list, forwarding only
[dc1_node1] Replicated to localhost:50057
[dc1_node1] Internal PUT (replication): key='item:0079'
[dc1_node1] CONFLICT detected for key='item:0079', siblings=20
[dc1_node1] Replicated to localhost:50070
[dc1_node1] Replicated to localhost:50058
[dc1_node1] Saved 8 keys to disk
[dc1_node1] W-quorum achieved (2 writes), returning to client
[dc1_node1] Background replication continues for remaining nodes
[dc1_node1] Successful writes: 3/3
[dc1_node1] Client GET: key='item:0040'
[dc1_node1] Preference list for 'item:0040': ['localhost:50070', 'localhost:50055', 'localhost:50065']
[dc1_node1] Reading from first 2 nodes in preference list
[dc1_node1] CONFLICT: 40 sibling versions for 'item:0040'
[dc1_node1] Internal PUT (replication): key='item:0095'
[dc1_node1] CONFLICT detected for key='item:0095', siblings=20
[dc1_node1] Saved 8 keys to disk
[dc1_node1] Client GET: key='item:0008'
[dc1_node1] Preference list for 'item:0008': ['localhost:50065', 'localhost:50060', 'localhost:50055']
[dc1_node1] Reading from first 2 nodes in preference list
[dc1_node1] CONFLICT: 40 sibling versions for 'item:0008'
[dc1_node1] Retrieved key='item:0079', versions=20
[dc1_node1] Internal PUT (replication): key='item:0025'
[dc1_node1] CONFLICT detected for key='item:0025', siblings=20
[dc1_node1] Saved 8 keys to disk
[dc1_node1] Retrieved key='item:0063', versions=20
[dc1_node1] Client PUT: key='item:0032', value='stress_9_1754'
[dc1_node1] Preference list for 'item:0032': ['localhost:50063', 'localhost:50055', 'localhost:50064']
[dc1_node1] Coordinator NOT in preference list, forwarding only
[dc1_node1] Replicated to localhost:50063
[dc1_node1] Replicated to localhost:50064
[dc1_node1] Replicated to localhost:50055
[dc1_node1] Client PUT: key='item:0006', value='stress_6_1784'
[dc1_node1] Preference list for 'item:0006': ['localhost:50062', 'localhost:50053', 'localhost:50070']
[dc1_node1] Coordinator NOT in preference list, forwarding only
[dc1_node1] Client PUT: key='item:0028', value='stress_8_1750'
[dc1_node1] Preference list for 'item:0028': ['localhost:50069', 'localhost:50060', 'localhost:50057']
[dc1_node1] Coordinator NOT in preference list, forwarding only
[dc1_node1] W-quorum achieved (2 writes), returning to client
[dc1_node1] Background replication continues for remaining nodes
[dc1_node1] Successful writes: 3/3
[dc1_node1] Client PUT: key='item:0071', value='stress_0_1746'
[dc1_node1] Preference list for 'item:0071': ['localhost:50052', 'localhost:50063', 'localhost:50060']
[dc1_node1] Coordinator NOT in preference list, forwarding only
[dc1_node1] Replicated to localhost:50062
[dc1_node1] Replicated to localhost:50053
[dc1_node1] Replicated to localhost:50069
[dc1_node1] Replicated to localhost:50070
[dc1_node1] Replicated to localhost:50052
[dc1_node1] Replicated to localhost:50060
[dc1_node1] Replicated to localhost:50063
[dc1_node1] Replicated to localhost:50057
[dc1_node1] W-quorum achieved (2 writes), returning to client
[dc1_node1] Background replication continues for remaining nodes
[dc1_node1] Successful writes: 3/3
[dc1_node1] Replicated to localhost:50060
[dc1_node1] W-quorum achieved (2 writes), returning to client
[dc1_node1] Background replication continues for remaining nodes
[dc1_node1] Successful writes: 3/3
[dc1_node1] W-quorum achieved (2 writes), returning to client
[dc1_node1] Background replication continues for remaining nodes
[dc1_node1] Successful writes: 3/3
[dc1_node1] Internal PUT (replication): key='item:0095'
[dc1_node1] CONFLICT detected for key='item:0095', siblings=20
[dc1_node1] Saved 8 keys to disk
[dc1_node1] Client GET: key='item:0078'
[dc1_node1] Preference list for 'item:0078': ['localhost:50058', 'localhost:50070', 'localhost:50057']
[dc1_node1] Reading from first 2 nodes in preference list
[dc1_node1] Retrieved key='item:0095', versions=20
[dc1_node1] CONFLICT: 40 sibling versions for 'item:0078'
[dc1_node1] Retrieved key='item:0063', versions=20
[dc1_node1] Client GET: key='item:0043'
[dc1_node1] Preference list for 'item:0043': ['localhost:50058', 'localhost:50070', 'localhost:50057']
[dc1_node1] Reading from first 2 nodes in preference list
[dc1_node1] Internal PUT (replication): key='item:0054'
[dc1_node1] CONFLICT detected for key='item:0054', siblings=20
[dc1_node1] Saved 8 keys to disk
[dc1_node1] CONFLICT: 40 sibling versions for 'item:0043'
[dc1_node1] Retrieved key='item:0079', versions=20
[dc1_node1] Internal PUT (replication): key='item:0054'
[dc1_node1] CONFLICT detected for key='item:0054', siblings=20
[dc1_node1] Saved 8 keys to disk
[dc1_node1] Client GET: key='item:0024'
[dc1_node1] Preference list for 'item:0024': ['localhost:50061', 'localhost:50053', 'localhost:50062']
[dc1_node1] Reading from first 2 nodes in preference list
[dc1_node1] Client PUT: key='item:0034', value='stress_3_1763'
[dc1_node1] Preference list for 'item:0034': ['localhost:50064', 'localhost:50055', 'localhost:50062']
[dc1_node1] Coordinator NOT in preference list, forwarding only
[dc1_node1] Client GET: key='item:0031'
[dc1_node1] Preference list for 'item:0031': ['localhost:50068', 'localhost:50051', 'localhost:50054']
[dc1_node1] Reading from first 2 nodes in preference list
[dc1_node1] Retrieved key='item:0031', versions=20
[dc1_node1] Read locally (coordinator in preference list)
[dc1_node1] CONFLICT: 40 sibling versions for 'item:0031'
[dc1_node1] CONFLICT: 40 sibling versions for 'item:0024'
[dc1_node1] Replicated to localhost:50064
[dc1_node1] Replicated to localhost:50055
[dc1_node1] Replicated to localhost:50062
[dc1_node1] W-quorum achieved (2 writes), returning to client
[dc1_node1] Background replication continues for remaining nodes
[dc1_node1] Successful writes: 3/3
[dc1_node1] Retrieved key='item:0095', versions=20
[dc1_node1] Internal PUT (replication): key='item:0054'
[dc1_node1] CONFLICT detected for key='item:0054', siblings=20
[dc1_node1] Saved 8 keys to disk
[dc1_node1] Internal PUT (replication): key='item:0063'
[dc1_node1] CONFLICT detected for key='item:0063', siblings=20
[dc1_node1] Saved 8 keys to disk
[dc1_node1] Client GET: key='item:0067'
[dc1_node1] Preference list for 'item:0067': ['localhost:50065', 'localhost:50060', 'localhost:50053']
[dc1_node1] Reading from first 2 nodes in preference list
[dc1_node1] CONFLICT: 40 sibling versions for 'item:0067'
[dc1_node1] Internal PUT (replication): key='item:0095'
[dc1_node1] CONFLICT detected for key='item:0095', siblings=20
[dc1_node1] Saved 8 keys to disk
[dc1_node1] Internal PUT (replication): key='item:0079'
[dc1_node1] CONFLICT detected for key='item:0079', siblings=20
[dc1_node1] Saved 8 keys to disk
[dc1_node1] Client PUT: key='item:0002', value='stress_0_1760'
[dc1_node1] Preference list for 'item:0002': ['localhost:50066', 'localhost:50058', 'localhost:50053']
[dc1_node1] Coordinator NOT in preference list, forwarding only
[dc1_node1] Replicated to localhost:50066
[dc1_node1] Replicated to localhost:50058
[dc1_node1] Replicated to localhost:50053
[dc1_node1] Internal PUT (replication): key='item:0025'
[dc1_node1] CONFLICT detected for key='item:0025', siblings=20
[dc1_node1] Saved 8 keys to disk
[dc1_node1] W-quorum achieved (2 writes), returning to client
[dc1_node1] Background replication continues for remaining nodes
[dc1_node1] Successful writes: 3/3
[dc1_node1] Retrieved key='item:0095', versions=20
[dc1_node1] Retrieved key='item:0063', versions=20
[dc1_node1] Retrieved key='item:0079', versions=20
[dc1_node1] Client PUT: key='item:0046', value='stress_4_1768'
[dc1_node1] Preference list for 'item:0046': ['localhost:50057', 'localhost:50067', 'localhost:50064']
[dc1_node1] Coordinator NOT in preference list, forwarding only
[dc1_node1] Replicated to localhost:50057
[dc1_node1] Replicated to localhost:50067
[dc1_node1] Replicated to localhost:50064
[dc1_node1] W-quorum achieved (2 writes), returning to client
[dc1_node1] Background replication continues for remaining nodes
[dc1_node1] Successful writes: 3/3
[dc1_node1] Internal PUT (replication): key='item:0025'
[dc1_node1] CONFLICT detected for key='item:0025', siblings=20
[dc1_node1] Saved 8 keys to disk
[dc1_node1] Internal PUT (replication): key='item:0042'
[dc1_node1] CONFLICT detected for key='item:0042', siblings=20
[dc1_node1] Saved 8 keys to disk
[dc1_node1] Client PUT: key='item:0064', value='stress_0_1772'
[dc1_node1] Preference list for 'item:0064': ['localhost:50058', 'localhost:50062', 'localhost:50059']
[dc1_node1] Coordinator NOT in preference list, forwarding only
[dc1_node1] Replicated to localhost:50062
[dc1_node1] Replicated to localhost:50058
[dc1_node1] Replicated to localhost:50059
[dc1_node1] Client PUT: key='item:0028', value='stress_2_1772'
[dc1_node1] Preference list for 'item:0028': ['localhost:50069', 'localhost:50060', 'localhost:50057']
[dc1_node1] Coordinator NOT in preference list, forwarding only
[dc1_node1] W-quorum achieved (2 writes), returning to client
[dc1_node1] Background replication continues for remaining nodes
[dc1_node1] Successful writes: 3/3
[dc1_node1] Client PUT: key='item:0094', value='stress_8_1775'
[dc1_node1] Preference list for 'item:0094': ['localhost:50060', 'localhost:50066', 'localhost:50055']
[dc1_node1] Coordinator NOT in preference list, forwarding only
[dc1_node1] Replicated to localhost:50069
[dc1_node1] Replicated to localhost:50057
[dc1_node1] Replicated to localhost:50060
[dc1_node1] Replicated to localhost:50066
[dc1_node1] Replicated to localhost:50055
[dc1_node1] Replicated to localhost:50060
[dc1_node1] W-quorum achieved (2 writes), returning to client
[dc1_node1] Background replication continues for remaining nodes
[dc1_node1] Successful writes: 3/3
[dc1_node1] W-quorum achieved (2 writes), returning to client
[dc1_node1] Background replication continues for remaining nodes
[dc1_node1] Successful writes: 3/3
[dc1_node1] Client PUT: key='item:0095', value='stress_0_1775'
[dc1_node1] Preference list for 'item:0095': ['localhost:50069', 'localhost:50051', 'localhost:50067']
[dc1_node1] CONFLICT detected for key='item:0095', siblings=20
[dc1_node1] Saved 8 keys to disk
[dc1_node1] Coordinator IS in preference list, stored locally
[dc1_node1] Internal PUT (replication): key='item:0063'
[dc1_node1] CONFLICT detected for key='item:0063', siblings=20
[dc1_node1] Saved 8 keys to disk
[dc1_node1] Client GET: key='item:0010'
[dc1_node1] Preference list for 'item:0010': ['localhost:50056', 'localhost:50067', 'localhost:50055']
[dc1_node1] Reading from first 2 nodes in preference list
[dc1_node1] Replicated to localhost:50067
[dc1_node1] Replicated to localhost:50069
[dc1_node1] CONFLICT: 40 sibling versions for 'item:0010'
[dc1_node1] W-quorum achieved (2 writes), returning to client
[dc1_node1] Background replication continues for remaining nodes
[dc1_node1] Successful writes: 3/3
[dc1_node1] Client GET: key='item:0015'
[dc1_node1] Preference list for 'item:0015': ['localhost:50052', 'localhost:50065', 'localhost:50068']
[dc1_node1] Reading from first 2 nodes in preference list
[dc1_node1] Internal PUT (replication): key='item:0042'
[dc1_node1] CONFLICT detected for key='item:0042', siblings=20
[dc1_node1] Internal PUT (replication): key='item:0031'
[dc1_node1] Saved 8 keys to disk
[dc1_node1] CONFLICT detected for key='item:0031', siblings=20
[dc1_node1] Saved 8 keys to disk
[dc1_node1] CONFLICT: 40 sibling versions for 'item:0015'
[dc1_node1] Internal PUT (replication): key='item:0025'
[dc1_node1] CONFLICT detected for key='item:0025', siblings=20
[dc1_node1] Saved 8 keys to disk
[dc1_node1] Internal PUT (replication): key='item:0031'
[dc1_node1] CONFLICT detected for key='item:0031', siblings=20
[dc1_node1] Saved 8 keys to disk
[dc1_node1] Internal PUT (replication): key='item:0063'
[dc1_node1] CONFLICT detected for key='item:0063', siblings=20
[dc1_node1] Saved 8 keys to disk
[dc1_node1] Retrieved key='item:0095', versions=20
[dc1_node1] Client GET: key='item:0057'
[dc1_node1] Preference list for 'item:0057': ['localhost:50067', 'localhost:50059', 'localhost:50061']
[dc1_node1] Reading from first 2 nodes in preference list
[dc1_node1] CONFLICT: 40 sibling versions for 'item:0057'
[dc1_node1] Client GET: key='item:0095'
[dc1_node1] Preference list for 'item:0095': ['localhost:50069', 'localhost:50051', 'localhost:50067']
[dc1_node1] Reading from first 2 nodes in preference list
[dc1_node1] Retrieved key='item:0095', versions=20
[dc1_node1] Read locally (coordinator in preference list)
[dc1_node1] CONFLICT: 40 sibling versions for 'item:0095'
[dc1_node1] Internal PUT (replication): key='item:0063'
[dc1_node1] CONFLICT detected for key='item:0063', siblings=20
[dc1_node1] Saved 8 keys to disk
[dc1_node1] Client PUT: key='item:0000', value='stress_1_1805'
[dc1_node1] Preference list for 'item:0000': ['localhost:50066', 'localhost:50057', 'localhost:50053']
[dc1_node1] Coordinator NOT in preference list, forwarding only
[dc1_node1] Replicated to localhost:50066
[dc1_node1] Replicated to localhost:50057
[dc1_node1] Replicated to localhost:50053
[dc1_node1] W-quorum achieved (2 writes), returning to client
[dc1_node1] Background replication continues for remaining nodes
[dc1_node1] Successful writes: 3/3
[dc1_node1] Client GET: key='item:0070'
[dc1_node1] Preference list for 'item:0070': ['localhost:50060', 'localhost:50068', 'localhost:50063']
[dc1_node1] Reading from first 2 nodes in preference list
[dc1_node1] CONFLICT: 40 sibling versions for 'item:0070'
[dc1_node1] Client PUT: key='item:0092', value='stress_8_1788'
[dc1_node1] Preference list for 'item:0092': ['localhost:50055', 'localhost:50069', 'localhost:50056']
[dc1_node1] Coordinator NOT in preference list, forwarding only
[dc1_node1] Replicated to localhost:50069
[dc1_node1] Replicated to localhost:50056
[dc1_node1] Replicated to localhost:50055
[dc1_node1] W-quorum achieved (2 writes), returning to client
[dc1_node1] Background replication continues for remaining nodes
[dc1_node1] Successful writes: 3/3
[dc1_node1] Client GET: key='item:0028'
[dc1_node1] Preference list for 'item:0028': ['localhost:50069', 'localhost:50060', 'localhost:50057']
[dc1_node1] Reading from first 2 nodes in preference list
[dc1_node1] CONFLICT: 40 sibling versions for 'item:0028'
[dc1_node1] Client PUT: key='item:0024', value='stress_3_1794'
[dc1_node1] Preference list for 'item:0024': ['localhost:50061', 'localhost:50053', 'localhost:50062']
[dc1_node1] Coordinator NOT in preference list, forwarding only
[dc1_node1] Replicated to localhost:50061
[dc1_node1] Replicated to localhost:50053
[dc1_node1] Replicated to localhost:50062
[dc1_node1] Internal PUT (replication): key='item:0031'
[dc1_node1] CONFLICT detected for key='item:0031', siblings=20
[dc1_node1] W-quorum achieved (2 writes), returning to client
[dc1_node1] Background replication continues for remaining nodes
[dc1_node1] Successful writes: 3/3
[dc1_node1] Saved 8 keys to disk
[dc1_node1] Internal PUT (replication): key='item:0095'
[dc1_node1] CONFLICT detected for key='item:0095', siblings=20
[dc1_node1] Saved 8 keys to disk
[dc1_node1] Internal PUT (replication): key='item:0063'
[dc1_node1] CONFLICT detected for key='item:0063', siblings=20
[dc1_node1] Saved 8 keys to disk
[dc1_node1] Internal PUT (replication): key='item:0063'
[dc1_node1] CONFLICT detected for key='item:0063', siblings=20
[dc1_node1] Saved 8 keys to disk
[dc1_node1] Internal PUT (replication): key='item:0025'
[dc1_node1] CONFLICT detected for key='item:0025', siblings=20
[dc1_node1] Saved 8 keys to disk
[dc1_node1] Internal PUT (replication): key='item:0080'
[dc1_node1] CONFLICT detected for key='item:0080', siblings=20
[dc1_node1] Saved 8 keys to disk
[dc1_node1] Retrieved key='item:0079', versions=20
[dc1_node1] Client PUT: key='item:0025', value='stress_4_1795'
[dc1_node1] Preference list for 'item:0025': ['localhost:50059', 'localhost:50067', 'localhost:50051']
[dc1_node1] CONFLICT detected for key='item:0025', siblings=20
[dc1_node1] Saved 8 keys to disk
[dc1_node1] Coordinator IS in preference list, stored locally
[dc1_node1] Replicated to localhost:50059
[dc1_node1] Replicated to localhost:50067
[dc1_node1] Client PUT: key='item:0057', value='stress_6_1836'
[dc1_node1] Preference list for 'item:0057': ['localhost:50067', 'localhost:50059', 'localhost:50061']
[dc1_node1] Coordinator NOT in preference list, forwarding only
[dc1_node1] W-quorum achieved (2 writes), returning to client
[dc1_node1] Background replication continues for remaining nodes
[dc1_node1] Successful writes: 3/3
[dc1_node1] Replicated to localhost:50059
[dc1_node1] Replicated to localhost:50061
[dc1_node1] Replicated to localhost:50067
[dc1_node1] W-quorum achieved (2 writes), returning to client
[dc1_node1] Background replication continues for remaining nodes
[dc1_node1] Successful writes: 3/3
[dc1_node1] Client GET: key='item:0066'
[dc1_node1] Preference list for 'item:0066': ['localhost:50066', 'localhost:50052', 'localhost:50061']
[dc1_node1] Reading from first 2 nodes in preference list
[dc1_node1] CONFLICT: 40 sibling versions for 'item:0066'
[dc1_node1] Client PUT: key='item:0045', value='stress_4_1798'
[dc1_node1] Preference list for 'item:0045': ['localhost:50059', 'localhost:50063', 'localhost:50062']
[dc1_node1] Coordinator NOT in preference list, forwarding only
[dc1_node1] Retrieved key='item:0079', versions=20
[dc1_node1] Replicated to localhost:50059
[dc1_node1] Replicated to localhost:50062
[dc1_node1] Replicated to localhost:50063
[dc1_node1] W-quorum achieved (2 writes), returning to client
[dc1_node1] Background replication continues for remaining nodes
[dc1_node1] Successful writes: 3/3
[dc1_node1] Internal PUT (replication): key='item:0063'
[dc1_node1] CONFLICT detected for key='item:0063', siblings=20
[dc1_node1] Saved 8 keys to disk
[dc1_node1] Internal PUT (replication): key='item:0025'
[dc1_node1] CONFLICT detected for key='item:0025', siblings=20
[dc1_node1] Saved 8 keys to disk
[dc1_node1] Client GET: key='item:0048'
[dc1_node1] Preference list for 'item:0048': ['localhost:50070', 'localhost:50054', 'localhost:50064']
[dc1_node1] Reading from first 2 nodes in preference list
[dc1_node1] CONFLICT: 40 sibling versions for 'item:0048'
[dc1_node1] Internal PUT (replication): key='item:0079'
[dc1_node1] CONFLICT detected for key='item:0079', siblings=20
[dc1_node1] Saved 8 keys to disk
[dc1_node1] Internal PUT (replication): key='item:0031'
[dc1_node1] CONFLICT detected for key='item:0031', siblings=20
[dc1_node1] Saved 8 keys to disk
[dc1_node1] Internal PUT (replication): key='item:0063'
[dc1_node1] CONFLICT detected for key='item:0063', siblings=20
[dc1_node1] Saved 8 keys to disk
[dc1_node1] Client GET: key='item:0084'
[dc1_node1] Preference list for 'item:0084': ['localhost:50065', 'localhost:50058', 'localhost:50061']
[dc1_node1] Reading from first 2 nodes in preference list
[dc1_node1] CONFLICT: 40 sibling versions for 'item:0084'
[dc1_node1] Client PUT: key='item:0088', value='stress_9_1812'
[dc1_node1] Preference list for 'item:0088': ['localhost:50065', 'localhost:50058', 'localhost:50061']
[dc1_node1] Coordinator NOT in preference list, forwarding only
[dc1_node1] Replicated to localhost:50061
[dc1_node1] Replicated to localhost:50065
[dc1_node1] Replicated to localhost:50058
[dc1_node1] W-quorum achieved (2 writes), returning to client
[dc1_node1] Background replication continues for remaining nodes
[dc1_node1] Successful writes: 3/3
[dc1_node1] Retrieved key='item:0079', versions=20
[dc1_node1] Internal PUT (replication): key='item:0031'
[dc1_node1] CONFLICT detected for key='item:0031', siblings=20
[dc1_node1] Saved 8 keys to disk
[dc1_node1] Retrieved key='item:0079', versions=20
[dc1_node1] Retrieved key='item:0095', versions=20
[dc1_node1] Client GET: key='item:0051'
[dc1_node1] Preference list for 'item:0051': ['localhost:50059', 'localhost:50064', 'localhost:50055']
[dc1_node1] Reading from first 2 nodes in preference list
[dc1_node1] CONFLICT: 40 sibling versions for 'item:0051'
[dc1_node1] Retrieved key='item:0031', versions=20
[dc1_node1] Internal PUT (replication): key='item:0025'
[dc1_node1] CONFLICT detected for key='item:0025', siblings=20
[dc1_node1] Saved 8 keys to disk
[dc1_node1] Client PUT: key='item:0074', value='stress_9_1819'
[dc1_node1] Preference list for 'item:0074': ['localhost:50066', 'localhost:50058', 'localhost:50062']
[dc1_node1] Coordinator NOT in preference list, forwarding only
[dc1_node1] Replicated to localhost:50066
[dc1_node1] Replicated to localhost:50058
[dc1_node1] Replicated to localhost:50062
[dc1_node1] W-quorum achieved (2 writes), returning to client
[dc1_node1] Background replication continues for remaining nodes
[dc1_node1] Successful writes: 3/3
[dc1_node1] Internal PUT (replication): key='item:0079'
[dc1_node1] CONFLICT detected for key='item:0079', siblings=20
[dc1_node1] Saved 8 keys to disk
[dc1_node1] Client GET: key='item:0095'
[dc1_node1] Preference list for 'item:0095': ['localhost:50069', 'localhost:50051', 'localhost:50067']
[dc1_node1] Reading from first 2 nodes in preference list
[dc1_node1] Retrieved key='item:0095', versions=20
[dc1_node1] Read locally (coordinator in preference list)
[dc1_node1] CONFLICT: 40 sibling versions for 'item:0095'
[dc1_node1] Client GET: key='item:0087'
[dc1_node1] Preference list for 'item:0087': ['localhost:50052', 'localhost:50061', 'localhost:50063']
[dc1_node1] Reading from first 2 nodes in preference list
[dc1_node1] CONFLICT: 40 sibling versions for 'item:0087'
[dc1_node1] Retrieved key='item:0079', versions=20
[dc1_node1] Client GET: key='item:0097'
[dc1_node1] Preference list for 'item:0097': ['localhost:50060', 'localhost:50064', 'localhost:50052']
[dc1_node1] Reading from first 2 nodes in preference list
[dc1_node1] CONFLICT: 40 sibling versions for 'item:0097'
[dc1_node1] Retrieved key='item:0079', versions=20
[dc1_node1] Client PUT: key='item:0005', value='stress_8_1824'
[dc1_node1] Preference list for 'item:0005': ['localhost:50063', 'localhost:50053', 'localhost:50064']
[dc1_node1] Coordinator NOT in preference list, forwarding only
[dc1_node1] Retrieved key='item:0079', versions=20
[dc1_node1] Replicated to localhost:50063
[dc1_node1] Replicated to localhost:50064
[dc1_node1] Replicated to localhost:50053
[dc1_node1] Retrieved key='item:0079', versions=20
[dc1_node1] W-quorum achieved (2 writes), returning to client
[dc1_node1] Background replication continues for remaining nodes
[dc1_node1] Successful writes: 3/3
[dc1_node1] Client GET: key='item:0002'
[dc1_node1] Preference list for 'item:0002': ['localhost:50066', 'localhost:50058', 'localhost:50053']
[dc1_node1] Reading from first 2 nodes in preference list
[dc1_node1] Internal PUT (replication): key='item:0095'
[dc1_node1] CONFLICT detected for key='item:0095', siblings=20
[dc1_node1] Saved 8 keys to disk
[dc1_node1] CONFLICT: 40 sibling versions for 'item:0002'
[dc1_node1] Client PUT: key='item:0065', value='stress_7_1839'
[dc1_node1] Preference list for 'item:0065': ['localhost:50055', 'localhost:50066', 'localhost:50065']
[dc1_node1] Coordinator NOT in preference list, forwarding only
[dc1_node1] Internal PUT (replication): key='item:0095'
[dc1_node1] CONFLICT detected for key='item:0095', siblings=20
[dc1_node1] Replicated to localhost:50055
[dc1_node1] Saved 8 keys to disk
[dc1_node1] Replicated to localhost:50066
[dc1_node1] Replicated to localhost:50065
[dc1_node1] W-quorum achieved (2 writes), returning to client
[dc1_node1] Background replication continues for remaining nodes
[dc1_node1] Successful writes: 3/3
[dc1_node1] Retrieved key='item:0063', versions=20
[dc1_node1] Client GET: key='item:0035'
[dc1_node1] Preference list for 'item:0035': ['localhost:50054', 'localhost:50068', 'localhost:50060']
[dc1_node1] Reading from first 2 nodes in preference list
[dc1_node1] CONFLICT: 40 sibling versions for 'item:0035'
[dc1_node1] Client GET: key='item:0082'
[dc1_node1] Preference list for 'item:0082': ['localhost:50064', 'localhost:50054', 'localhost:50067']
[dc1_node1] Reading from first 2 nodes in preference list
[dc1_node1] CONFLICT: 40 sibling versions for 'item:0082'
[dc1_node1] Retrieved key='item:0063', versions=20
[dc1_node1] Internal PUT (replication): key='item:0042'
[dc1_node1] CONFLICT detected for key='item:0042', siblings=20
[dc1_node1] Saved 8 keys to disk
[dc1_node1] Client GET: key='item:0037'
[dc1_node1] Preference list for 'item:0037': ['localhost:50066', 'localhost:50052', 'localhost:50063']
[dc1_node1] Reading from first 2 nodes in preference list
[dc1_node1] CONFLICT: 40 sibling versions for 'item:0037'
[dc1_node1] Internal PUT (replication): key='item:0063'
[dc1_node1] CONFLICT detected for key='item:0063', siblings=20
[dc1_node1] Saved 8 keys to disk
[dc1_node1] Internal PUT (replication): key='item:0079'
[dc1_node1] CONFLICT detected for key='item:0079', siblings=20
[dc1_node1] Saved 8 keys to disk
[dc1_node1] Internal PUT (replication): key='item:0054'
[dc1_node1] CONFLICT detected for key='item:0054', siblings=20
[dc1_node1] Saved 8 keys to disk
[dc1_node1] Internal PUT (replication): key='item:0025'
[dc1_node1] CONFLICT detected for key='item:0025', siblings=20
[dc1_node1] Client GET: key='item:0031'
[dc1_node1] Preference list for 'item:0031': ['localhost:50068', 'localhost:50051', 'localhost:50054']
[dc1_node1] Reading from first 2 nodes in preference list
[dc1_node1] Saved 8 keys to disk
[dc1_node1] Retrieved key='item:0031', versions=20
[dc1_node1] Read locally (coordinator in preference list)
[dc1_node1] CONFLICT: 40 sibling versions for 'item:0031'
[dc1_node1] Client PUT: key='item:0074', value='stress_5_1849'
[dc1_node1] Preference list for 'item:0074': ['localhost:50066', 'localhost:50058', 'localhost:50062']
[dc1_node1] Coordinator NOT in preference list, forwarding only
[dc1_node1] Client PUT: key='item:0020', value='stress_6_1877'
[dc1_node1] Preference list for 'item:0020': ['localhost:50052', 'localhost:50061', 'localhost:50065']
[dc1_node1] Coordinator NOT in preference list, forwarding only
[dc1_node1] Replicated to localhost:50066
[dc1_node1] Replicated to localhost:50062
[dc1_node1] Internal PUT (replication): key='item:0063'
[dc1_node1] CONFLICT detected for key='item:0063', siblings=20
[dc1_node1] Saved 8 keys to disk
[dc1_node1] Replicated to localhost:50061
[dc1_node1] W-quorum achieved (2 writes), returning to client
[dc1_node1] Background replication continues for remaining nodes
[dc1_node1] Successful writes: 2/3
[dc1_node1] Replicated to localhost:50065
[dc1_node1] W-quorum achieved (2 writes), returning to client
[dc1_node1] Background replication continues for remaining nodes
[dc1_node1] Successful writes: 2/3
[dc1_node1] Client PUT: key='item:0002', value='stress_3_1843'
[dc1_node1] Preference list for 'item:0002': ['localhost:50066', 'localhost:50058', 'localhost:50053']
[dc1_node1] Coordinator NOT in preference list, forwarding only
[dc1_node1] Replicated to localhost:50058
[dc1_node1] Replicated to localhost:50052
[dc1_node1] Client PUT: key='item:0094', value='stress_9_1844'
[dc1_node1] Preference list for 'item:0094': ['localhost:50060', 'localhost:50066', 'localhost:50055']
[dc1_node1] Coordinator NOT in preference list, forwarding only
[dc1_node1] Retrieved key='item:0095', versions=20
[dc1_node1] Replicated to localhost:50066
[dc1_node1] Replicated to localhost:50053
[dc1_node1] Replicated to localhost:50060
[dc1_node1] Replicated to localhost:50066
[dc1_node1] Retrieved key='item:0079', versions=20
[dc1_node1] W-quorum achieved (2 writes), returning to client
[dc1_node1] Background replication continues for remaining nodes
[dc1_node1] Successful writes: 2/3
[dc1_node1] Replicated to localhost:50058
[dc1_node1] W-quorum achieved (2 writes), returning to client
[dc1_node1] Background replication continues for remaining nodes
[dc1_node1] Successful writes: 2/3
[dc1_node1] Replicated to localhost:50055
[dc1_node1] Client GET: key='item:0056'
[dc1_node1] Preference list for 'item:0056': ['localhost:50061', 'localhost:50052', 'localhost:50070']
[dc1_node1] Reading from first 2 nodes in preference list
[dc1_node1] CONFLICT: 40 sibling versions for 'item:0056'
[dc1_node1] Client PUT: key='item:0035', value='stress_0_1841'
[dc1_node1] Preference list for 'item:0035': ['localhost:50054', 'localhost:50068', 'localhost:50060']
[dc1_node1] Coordinator NOT in preference list, forwarding only
[dc1_node1] Replicated to localhost:50068
[dc1_node1] Replicated to localhost:50054
[dc1_node1] W-quorum achieved (2 writes), returning to client
[dc1_node1] Background replication continues for remaining nodes
[dc1_node1] Successful writes: 2/3
[dc1_node1] Client PUT: key='item:0080', value='stress_4_1837'
[dc1_node1] Preference list for 'item:0080': ['localhost:50056', 'localhost:50067', 'localhost:50051']
[dc1_node1] CONFLICT detected for key='item:0080', siblings=20
[dc1_node1] Replicated to localhost:50060
[dc1_node1] Saved 8 keys to disk
[dc1_node1] Coordinator IS in preference list, stored locally
[dc1_node1] Replicated to localhost:50056
[dc1_node1] Replicated to localhost:50067
[dc1_node1] W-quorum achieved (2 writes), returning to client
[dc1_node1] Background replication continues for remaining nodes
[dc1_node1] Successful writes: 3/3
[dc1_node1] Retrieved key='item:0079', versions=20
[dc1_node1] Client PUT: key='item:0015', value='stress_8_1850'
[dc1_node1] Preference list for 'item:0015': ['localhost:50052', 'localhost:50065', 'localhost:50068']
[dc1_node1] Coordinator NOT in preference list, forwarding only
[dc1_node1] Client GET: key='item:0032'
[dc1_node1] Preference list for 'item:0032': ['localhost:50063', 'localhost:50055', 'localhost:50064']
[dc1_node1] Reading from first 2 nodes in preference list
[dc1_node1] Replicated to localhost:50068
[dc1_node1] Replicated to localhost:50052
[dc1_node1] Replicated to localhost:50065
[dc1_node1] CONFLICT: 40 sibling versions for 'item:0032'
[dc1_node1] W-quorum achieved (2 writes), returning to client
[dc1_node1] Background replication continues for remaining nodes
[dc1_node1] Successful writes: 3/3
[dc1_node1] Client PUT: key='item:0000', value='stress_9_1853'
[dc1_node1] Preference list for 'item:0000': ['localhost:50066', 'localhost:50057', 'localhost:50053']
[dc1_node1] Coordinator NOT in preference list, forwarding only
[dc1_node1] Internal PUT (replication): key='item:0079'
[dc1_node1] CONFLICT detected for key='item:0079', siblings=20
[dc1_node1] Saved 8 keys to disk
[dc1_node1] Replicated to localhost:50057
[dc1_node1] Replicated to localhost:50066
[dc1_node1] Replicated to localhost:50053
[dc1_node1] W-quorum achieved (2 writes), returning to client
[dc1_node1] Background replication continues for remaining nodes
[dc1_node1] Successful writes: 3/3
[dc1_node1] Client GET: key='item:0053'
[dc1_node1] Preference list for 'item:0053': ['localhost:50056', 'localhost:50068', 'localhost:50062']
[dc1_node1] Reading from first 2 nodes in preference list
[dc1_node1] Retrieved key='item:0079', versions=20
[dc1_node1] CONFLICT: 40 sibling versions for 'item:0053'
[dc1_node1] Internal PUT (replication): key='item:0025'
[dc1_node1] CONFLICT detected for key='item:0025', siblings=20
[dc1_node1] Saved 8 keys to disk
[dc1_node1] Client PUT: key='item:0034', value='stress_0_1852'
[dc1_node1] Preference list for 'item:0034': ['localhost:50064', 'localhost:50055', 'localhost:50062']
[dc1_node1] Coordinator NOT in preference list, forwarding only
[dc1_node1] Client GET: key='item:0020'
[dc1_node1] Preference list for 'item:0020': ['localhost:50052', 'localhost:50061', 'localhost:50065']
[dc1_node1] Reading from first 2 nodes in preference list
[dc1_node1] Replicated to localhost:50064
[dc1_node1] Replicated to localhost:50062
[dc1_node1] CONFLICT: 40 sibling versions for 'item:0020'
[dc1_node1] W-quorum achieved (2 writes), returning to client
[dc1_node1] Background replication continues for remaining nodes
[dc1_node1] Successful writes: 2/3
[dc1_node1] Replicated to localhost:50055
[dc1_node1] Internal PUT (replication): key='item:0042'
[dc1_node1] CONFLICT detected for key='item:0042', siblings=20
[dc1_node1] Saved 8 keys to disk
[dc1_node1] Internal PUT (replication): key='item:0080'
[dc1_node1] CONFLICT detected for key='item:0080', siblings=20
[dc1_node1] Saved 8 keys to disk
[dc1_node1] Client GET: key='item:0095'
[dc1_node1] Preference list for 'item:0095': ['localhost:50069', 'localhost:50051', 'localhost:50067']
[dc1_node1] Reading from first 2 nodes in preference list
[dc1_node1] Retrieved key='item:0095', versions=20
[dc1_node1] Read locally (coordinator in preference list)
[dc1_node1] CONFLICT: 40 sibling versions for 'item:0095'
[dc1_node1] Retrieved key='item:0095', versions=20
[dc1_node1] Client PUT: key='item:0069', value='stress_3_1862'
[dc1_node1] Preference list for 'item:0069': ['localhost:50062', 'localhost:50056', 'localhost:50053']
[dc1_node1] Coordinator NOT in preference list, forwarding only
[dc1_node1] Replicated to localhost:50062
[dc1_node1] Replicated to localhost:50053
[dc1_node1] Replicated to localhost:50056
[dc1_node1] Internal PUT (replication): key='item:0031'
[dc1_node1] CONFLICT detected for key='item:0031', siblings=20
[dc1_node1] Saved 8 keys to disk
[dc1_node1] W-quorum achieved (2 writes), returning to client
[dc1_node1] Background replication continues for remaining nodes
[dc1_node1] Successful writes: 3/3
[dc1_node1] Internal PUT (replication): key='item:0095'
[dc1_node1] CONFLICT detected for key='item:0095', siblings=20
[dc1_node1] Saved 8 keys to disk
[dc1_node1] Internal PUT (replication): key='item:0025'
[dc1_node1] CONFLICT detected for key='item:0025', siblings=20
[dc1_node1] Saved 8 keys to disk
[dc1_node1] Retrieved key='item:0079', versions=20
[dc1_node1] Client GET: key='item:0001'
[dc1_node1] Preference list for 'item:0001': ['localhost:50067', 'localhost:50057', 'localhost:50060']
[dc1_node1] Reading from first 2 nodes in preference list
[dc1_node1] Client PUT: key='item:0086', value='stress_3_1865'
[dc1_node1] Preference list for 'item:0086': ['localhost:50056', 'localhost:50067', 'localhost:50055']
[dc1_node1] Coordinator NOT in preference list, forwarding only
[dc1_node1] Replicated to localhost:50067
[dc1_node1] Replicated to localhost:50055
[dc1_node1] Replicated to localhost:50056
[dc1_node1] CONFLICT: 40 sibling versions for 'item:0001'
[dc1_node1] W-quorum achieved (2 writes), returning to client
[dc1_node1] Background replication continues for remaining nodes
[dc1_node1] Successful writes: 3/3
[dc1_node1] Internal PUT (replication): key='item:0054'
[dc1_node1] CONFLICT detected for key='item:0054', siblings=20
[dc1_node1] Saved 8 keys to disk
[dc1_node1] Internal PUT (replication): key='item:0054'
[dc1_node1] CONFLICT detected for key='item:0054', siblings=20
[dc1_node1] Saved 8 keys to disk
[dc1_node1] Client PUT: key='item:0012', value='stress_8_1866'
[dc1_node1] Preference list for 'item:0012': ['localhost:50069', 'localhost:50057', 'localhost:50065']
[dc1_node1] Coordinator NOT in preference list, forwarding only
[dc1_node1] Client PUT: key='item:0096', value='stress_3_1868'
[dc1_node1] Preference list for 'item:0096': ['localhost:50070', 'localhost:50058', 'localhost:50060']
[dc1_node1] Coordinator NOT in preference list, forwarding only
[dc1_node1] Replicated to localhost:50069
[dc1_node1] Replicated to localhost:50057
[dc1_node1] Replicated to localhost:50070
[dc1_node1] Replicated to localhost:50058
[dc1_node1] Replicated to localhost:50065
[dc1_node1] W-quorum achieved (2 writes), returning to client
[dc1_node1] Background replication continues for remaining nodes
[dc1_node1] Successful writes: 3/3
[dc1_node1] W-quorum achieved (2 writes), returning to client
[dc1_node1] Background replication continues for remaining nodes
[dc1_node1] Successful writes: 2/3
[dc1_node1] Client GET: key='item:0040'
[dc1_node1] Preference list for 'item:0040': ['localhost:50070', 'localhost:50055', 'localhost:50065']
[dc1_node1] Reading from first 2 nodes in preference list
[dc1_node1] Client PUT: key='item:0017', value='stress_1_1888'
[dc1_node1] Preference list for 'item:0017': ['localhost:50063', 'localhost:50054', 'localhost:50053']
[dc1_node1] Coordinator NOT in preference list, forwarding only
[dc1_node1] Replicated to localhost:50060
[dc1_node1] Client GET: key='item:0011'
[dc1_node1] Preference list for 'item:0011': ['localhost:50054', 'localhost:50066', 'localhost:50053']
[dc1_node1] Reading from first 2 nodes in preference list
[dc1_node1] CONFLICT: 40 sibling versions for 'item:0040'
[dc1_node1] Replicated to localhost:50063
[dc1_node1] Replicated to localhost:50054
[dc1_node1] CONFLICT: 40 sibling versions for 'item:0011'
[dc1_node1] Replicated to localhost:50053
[dc1_node1] W-quorum achieved (2 writes), returning to client
[dc1_node1] Background replication continues for remaining nodes
[dc1_node1] Successful writes: 3/3
[dc1_node1] Retrieved key='item:0063', versions=20
[dc1_node1] Retrieved key='item:0095', versions=20
[dc1_node1] Internal PUT (replication): key='item:0031'
[dc1_node1] CONFLICT detected for key='item:0031', siblings=20
[dc1_node1] Saved 8 keys to disk
[dc1_node1] Client PUT: key='item:0073', value='stress_6_1913'
[dc1_node1] Preference list for 'item:0073': ['localhost:50067', 'localhost:50058', 'localhost:50061']
[dc1_node1] Coordinator NOT in preference list, forwarding only
[dc1_node1] Internal PUT (replication): key='item:0063'
[dc1_node1] CONFLICT detected for key='item:0063', siblings=20
[dc1_node1] Saved 8 keys to disk
[dc1_node1] Replicated to localhost:50067
[dc1_node1] Replicated to localhost:50061
[dc1_node1] W-quorum achieved (2 writes), returning to client
[dc1_node1] Background replication continues for remaining nodes
[dc1_node1] Successful writes: 2/3
[dc1_node1] Replicated to localhost:50058
[dc1_node1] Client PUT: key='item:0041', value='stress_1_1897'
[dc1_node1] Preference list for 'item:0041': ['localhost:50069', 'localhost:50059', 'localhost:50064']
[dc1_node1] Coordinator NOT in preference list, forwarding only
[dc1_node1] Client GET: key='item:0031'
[dc1_node1] Preference list for 'item:0031': ['localhost:50068', 'localhost:50051', 'localhost:50054']
[dc1_node1] Reading from first 2 nodes in preference list
[dc1_node1] Retrieved key='item:0031', versions=20
[dc1_node1] Read locally (coordinator in preference list)
[dc1_node1] Client GET: key='item:0002'
[dc1_node1] Preference list for 'item:0002': ['localhost:50066', 'localhost:50058', 'localhost:50053']
[dc1_node1] Reading from first 2 nodes in preference list
[dc1_node1] CONFLICT: 40 sibling versions for 'item:0031'
[dc1_node1] Replicated to localhost:50069
[dc1_node1] Replicated to localhost:50059
[dc1_node1] CONFLICT: 40 sibling versions for 'item:0002'
[dc1_node1] Replicated to localhost:50064
[dc1_node1] W-quorum achieved (2 writes), returning to client
[dc1_node1] Background replication continues for remaining nodes
[dc1_node1] Successful writes: 3/3
[dc1_node1] Internal PUT (replication): key='item:0042'
[dc1_node1] CONFLICT detected for key='item:0042', siblings=20
[dc1_node1] Saved 8 keys to disk
[dc1_node1] Internal PUT (replication): key='item:0031'
[dc1_node1] CONFLICT detected for key='item:0031', siblings=20
[dc1_node1] Saved 8 keys to disk
[dc1_node1] Client PUT: key='item:0057', value='stress_2_1875'
[dc1_node1] Preference list for 'item:0057': ['localhost:50067', 'localhost:50059', 'localhost:50061']
[dc1_node1] Coordinator NOT in preference list, forwarding only
[dc1_node1] Replicated to localhost:50059
[dc1_node1] Replicated to localhost:50061
[dc1_node1] Replicated to localhost:50067
[dc1_node1] W-quorum achieved (2 writes), returning to client
[dc1_node1] Background replication continues for remaining nodes
[dc1_node1] Successful writes: 3/3
[dc1_node1] Retrieved key='item:0031', versions=20
[dc1_node1] Client PUT: key='item:0029', value='stress_5_1890'
[dc1_node1] Preference list for 'item:0029': ['localhost:50062', 'localhost:50058', 'localhost:50069']
[dc1_node1] Coordinator NOT in preference list, forwarding only
[dc1_node1] Replicated to localhost:50069
[dc1_node1] Replicated to localhost:50062
[dc1_node1] Replicated to localhost:50058
[dc1_node1] W-quorum achieved (2 writes), returning to client
[dc1_node1] Background replication continues for remaining nodes
[dc1_node1] Successful writes: 3/3
[dc1_node1] Client PUT: key='item:0075', value='stress_8_1883'
[dc1_node1] Preference list for 'item:0075': ['localhost:50059', 'localhost:50065', 'localhost:50060']
[dc1_node1] Coordinator NOT in preference list, forwarding only
[dc1_node1] Replicated to localhost:50065
[dc1_node1] Replicated to localhost:50059
[dc1_node1] Replicated to localhost:50060
[dc1_node1] Client GET: key='item:0071'
[dc1_node1] Preference list for 'item:0071': ['localhost:50052', 'localhost:50063', 'localhost:50060']
[dc1_node1] Reading from first 2 nodes in preference list
[dc1_node1] W-quorum achieved (2 writes), returning to client
[dc1_node1] Background replication continues for remaining nodes
[dc1_node1] Successful writes: 3/3
[dc1_node1] CONFLICT: 38 sibling versions for 'item:0071'
[dc1_node1] Internal PUT (replication): key='item:0054'
[dc1_node1] CONFLICT detected for key='item:0054', siblings=20
[dc1_node1] Saved 8 keys to disk
[dc1_node1] Internal PUT (replication): key='item:0079'
[dc1_node1] CONFLICT detected for key='item:0079', siblings=20
[dc1_node1] Saved 8 keys to disk
[dc1_node1] Client GET: key='item:0022'
[dc1_node1] Preference list for 'item:0022': ['localhost:50066', 'localhost:50057', 'localhost:50059']
[dc1_node1] Reading from first 2 nodes in preference list
[dc1_node1] Client PUT: key='item:0097', value='stress_6_1927'
[dc1_node1] Preference list for 'item:0097': ['localhost:50060', 'localhost:50064', 'localhost:50052']
[dc1_node1] Coordinator NOT in preference list, forwarding only
[dc1_node1] Replicated to localhost:50064
[dc1_node1] CONFLICT: 40 sibling versions for 'item:0022'
[dc1_node1] Internal PUT (replication): key='item:0025'
[dc1_node1] CONFLICT detected for key='item:0025', siblings=20
[dc1_node1] Replicated to localhost:50052
[dc1_node1] Replicated to localhost:50060
[dc1_node1] Saved 8 keys to disk
[dc1_node1] Internal PUT (replication): key='item:0080'
[dc1_node1] CONFLICT detected for key='item:0080', siblings=20
[dc1_node1] Saved 8 keys to disk
[dc1_node1] W-quorum achieved (2 writes), returning to client
[dc1_node1] Background replication continues for remaining nodes
[dc1_node1] Successful writes: 3/3
[dc1_node1] Internal PUT (replication): key='item:0031'
[dc1_node1] CONFLICT detected for key='item:0031', siblings=20
[dc1_node1] Saved 8 keys to disk
[dc1_node1] Client GET: key='item:0074'
[dc1_node1] Preference list for 'item:0074': ['localhost:50066', 'localhost:50058', 'localhost:50062']
[dc1_node1] Reading from first 2 nodes in preference list
[dc1_node1] CONFLICT: 40 sibling versions for 'item:0074'
[dc1_node1] Client GET: key='item:0097'
[dc1_node1] Preference list for 'item:0097': ['localhost:50060', 'localhost:50064', 'localhost:50052']
[dc1_node1] Reading from first 2 nodes in preference list
[dc1_node1] Client GET: key='item:0061'
[dc1_node1] Preference list for 'item:0061': ['localhost:50056', 'localhost:50062', 'localhost:50052']
[dc1_node1] Reading from first 2 nodes in preference list
[dc1_node1] Client GET: key='item:0041'
[dc1_node1] Preference list for 'item:0041': ['localhost:50069', 'localhost:50059', 'localhost:50064']
[dc1_node1] Reading from first 2 nodes in preference list
[dc1_node1] CONFLICT: 40 sibling versions for 'item:0097'
[dc1_node1] CONFLICT: 40 sibling versions for 'item:0061'
[dc1_node1] CONFLICT: 40 sibling versions for 'item:0041'
[dc1_node1] Internal PUT (replication): key='item:0079'
[dc1_node1] CONFLICT detected for key='item:0079', siblings=20
[dc1_node1] Internal PUT (replication): key='item:0063'
[dc1_node1] Saved 8 keys to disk
[dc1_node1] CONFLICT detected for key='item:0063', siblings=20
[dc1_node1] Saved 8 keys to disk
[dc1_node1] Retrieved key='item:0063', versions=20
[dc1_node1] Internal PUT (replication): key='item:0031'
[dc1_node1] CONFLICT detected for key='item:0031', siblings=20
[dc1_node1] Saved 8 keys to disk
[dc1_node1] Internal PUT (replication): key='item:0054'
[dc1_node1] CONFLICT detected for key='item:0054', siblings=20
[dc1_node1] Saved 8 keys to disk
[dc1_node1] Internal PUT (replication): key='item:0080'
[dc1_node1] CONFLICT detected for key='item:0080', siblings=20
[dc1_node1] Saved 8 keys to disk
[dc1_node1] Retrieved key='item:0095', versions=20
[dc1_node1] Client GET: key='item:0082'
[dc1_node1] Preference list for 'item:0082': ['localhost:50064', 'localhost:50054', 'localhost:50067']
[dc1_node1] Reading from first 2 nodes in preference list
[dc1_node1] CONFLICT: 40 sibling versions for 'item:0082'
[dc1_node1] Client PUT: key='item:0025', value='stress_2_1896'
[dc1_node1] Preference list for 'item:0025': ['localhost:50059', 'localhost:50067', 'localhost:50051']
[dc1_node1] CONFLICT detected for key='item:0025', siblings=20
[dc1_node1] Saved 8 keys to disk
[dc1_node1] Coordinator IS in preference list, stored locally
[dc1_node1] Internal PUT (replication): key='item:0095'
[dc1_node1] CONFLICT detected for key='item:0095', siblings=20
[dc1_node1] Replicated to localhost:50059
[dc1_node1] Saved 8 keys to disk
[dc1_node1] Replicated to localhost:50067
[dc1_node1] W-quorum achieved (2 writes), returning to client
[dc1_node1] Background replication continues for remaining nodes
[dc1_node1] Successful writes: 3/3
[dc1_node1] Client PUT: key='item:0048', value='stress_9_1908'
[dc1_node1] Preference list for 'item:0048': ['localhost:50070', 'localhost:50054', 'localhost:50064']
[dc1_node1] Coordinator NOT in preference list, forwarding only
[dc1_node1] Internal PUT (replication): key='item:0042'
[dc1_node1] CONFLICT detected for key='item:0042', siblings=20
[dc1_node1] Saved 8 keys to disk
[dc1_node1] Replicated to localhost:50064
[dc1_node1] Replicated to localhost:50054
[dc1_node1] Replicated to localhost:50070
[dc1_node1] W-quorum achieved (2 writes), returning to client
[dc1_node1] Background replication continues for remaining nodes
[dc1_node1] Successful writes: 3/3
[dc1_node1] Client PUT: key='item:0021', value='stress_3_1903'
[dc1_node1] Preference list for 'item:0021': ['localhost:50054', 'localhost:50068', 'localhost:50060']
[dc1_node1] Coordinator NOT in preference list, forwarding only
[dc1_node1] Replicated to localhost:50068
[dc1_node1] Replicated to localhost:50054
[dc1_node1] Replicated to localhost:50060
[dc1_node1] Retrieved key='item:0031', versions=20
[dc1_node1] W-quorum achieved (2 writes), returning to client
[dc1_node1] Background replication continues for remaining nodes
[dc1_node1] Successful writes: 3/3
[dc1_node1] Internal PUT (replication): key='item:0079'
[dc1_node1] CONFLICT detected for key='item:0079', siblings=20
[dc1_node1] Saved 8 keys to disk
[dc1_node1] Internal PUT (replication): key='item:0063'
[dc1_node1] CONFLICT detected for key='item:0063', siblings=20
[dc1_node1] Saved 8 keys to disk
[dc1_node1] Client PUT: key='item:0059', value='stress_3_1907'
[dc1_node1] Preference list for 'item:0059': ['localhost:50055', 'localhost:50069', 'localhost:50060']
[dc1_node1] Coordinator NOT in preference list, forwarding only
[dc1_node1] Replicated to localhost:50069
[dc1_node1] Replicated to localhost:50055
[dc1_node1] Client GET: key='item:0083'
[dc1_node1] Preference list for 'item:0083': ['localhost:50064', 'localhost:50057', 'localhost:50070']
[dc1_node1] Reading from first 2 nodes in preference list
[dc1_node1] W-quorum achieved (2 writes), returning to client
[dc1_node1] Background replication continues for remaining nodes
[dc1_node1] Successful writes: 2/3
[dc1_node1] CONFLICT: 40 sibling versions for 'item:0083'
[dc1_node1] Replicated to localhost:50060
[dc1_node1] Internal PUT (replication): key='item:0079'
[dc1_node1] CONFLICT detected for key='item:0079', siblings=20
[dc1_node1] Saved 8 keys to disk
[dc1_node1] Client GET: key='item:0018'
[dc1_node1] Preference list for 'item:0018': ['localhost:50064', 'localhost:50056', 'localhost:50052']
[dc1_node1] Reading from first 2 nodes in preference list
[dc1_node1] Client PUT: key='item:0041', value='stress_8_1912'
[dc1_node1] Preference list for 'item:0041': ['localhost:50069', 'localhost:50059', 'localhost:50064']
[dc1_node1] Coordinator NOT in preference list, forwarding only
[dc1_node1] CONFLICT: 40 sibling versions for 'item:0018'
[dc1_node1] Client GET: key='item:0059'
[dc1_node1] Preference list for 'item:0059': ['localhost:50055', 'localhost:50069', 'localhost:50060']
[dc1_node1] Reading from first 2 nodes in preference list
[dc1_node1] Replicated to localhost:50069
[dc1_node1] Replicated to localhost:50059
[dc1_node1] Replicated to localhost:50064
[dc1_node1] Client GET: key='item:0031'
[dc1_node1] Preference list for 'item:0031': ['localhost:50068', 'localhost:50051', 'localhost:50054']
[dc1_node1] Reading from first 2 nodes in preference list
[dc1_node1] Retrieved key='item:0031', versions=20
[dc1_node1] Read locally (coordinator in preference list)
[dc1_node1] Internal PUT (replication): key='item:0063'
[dc1_node1] CONFLICT detected for key='item:0063', siblings=20
[dc1_node1] CONFLICT: 40 sibling versions for 'item:0031'
[dc1_node1] CONFLICT: 40 sibling versions for 'item:0059'
[dc1_node1] W-quorum achieved (2 writes), returning to client
[dc1_node1] Background replication continues for remaining nodes
[dc1_node1] Successful writes: 3/3
[dc1_node1] Saved 8 keys to disk
[dc1_node1] Internal PUT (replication): key='item:0025'
[dc1_node1] CONFLICT detected for key='item:0025', siblings=20
[dc1_node1] Saved 8 keys to disk
[dc1_node1] Client GET: key='item:0066'
[dc1_node1] Preference list for 'item:0066': ['localhost:50066', 'localhost:50052', 'localhost:50061']
[dc1_node1] Reading from first 2 nodes in preference list
[dc1_node1] Internal PUT (replication): key='item:0054'
[dc1_node1] CONFLICT detected for key='item:0054', siblings=20
[dc1_node1] Saved 8 keys to disk
[dc1_node1] Client GET: key='item:0079'
[dc1_node1] Preference list for 'item:0079': ['localhost:50051', 'localhost:50065', 'localhost:50060']
[dc1_node1] Reading from first 2 nodes in preference list
[dc1_node1] Retrieved key='item:0079', versions=20
[dc1_node1] Read locally (coordinator in preference list)
[dc1_node1] CONFLICT: 40 sibling versions for 'item:0066'
[dc1_node1] CONFLICT: 40 sibling versions for 'item:0079'
[dc1_node1] Internal PUT (replication): key='item:0025'
[dc1_node1] CONFLICT detected for key='item:0025', siblings=20
[dc1_node1] Saved 8 keys to disk
[dc1_node1] Client PUT: key='item:0073', value='stress_7_1928'
[dc1_node1] Preference list for 'item:0073': ['localhost:50067', 'localhost:50058', 'localhost:50061']
[dc1_node1] Coordinator NOT in preference list, forwarding only
[dc1_node1] Internal PUT (replication): key='item:0025'
[dc1_node1] CONFLICT detected for key='item:0025', siblings=20
[dc1_node1] Replicated to localhost:50061
[dc1_node1] Saved 8 keys to disk
[dc1_node1] Client PUT: key='item:0082', value='stress_8_1918'
[dc1_node1] Preference list for 'item:0082': ['localhost:50064', 'localhost:50054', 'localhost:50067']
[dc1_node1] Coordinator NOT in preference list, forwarding only
[dc1_node1] Replicated to localhost:50067
[dc1_node1] Replicated to localhost:50058
[dc1_node1] W-quorum achieved (2 writes), returning to client
[dc1_node1] Background replication continues for remaining nodes
[dc1_node1] Successful writes: 3/3
[dc1_node1] Replicated to localhost:50054
[dc1_node1] Replicated to localhost:50064
[dc1_node1] Replicated to localhost:50067
[dc1_node1] Client PUT: key='item:0034', value='stress_9_1923'
[dc1_node1] Preference list for 'item:0034': ['localhost:50064', 'localhost:50055', 'localhost:50062']
[dc1_node1] Coordinator NOT in preference list, forwarding only
[dc1_node1] W-quorum achieved (2 writes), returning to client
[dc1_node1] Background replication continues for remaining nodes
[dc1_node1] Successful writes: 3/3
[dc1_node1] Retrieved key='item:0095', versions=20
[dc1_node1] Internal PUT (replication): key='item:0042'
[dc1_node1] CONFLICT detected for key='item:0042', siblings=20
[dc1_node1] Replicated to localhost:50055
[dc1_node1] Replicated to localhost:50062
[dc1_node1] Saved 8 keys to disk
[dc1_node1] Replicated to localhost:50064
[dc1_node1] W-quorum achieved (2 writes), returning to client
[dc1_node1] Background replication continues for remaining nodes
[dc1_node1] Successful writes: 3/3
[dc1_node1] Internal PUT (replication): key='item:0095'
[dc1_node1] CONFLICT detected for key='item:0095', siblings=20
[dc1_node1] Saved 8 keys to disk
[dc1_node1] Internal PUT (replication): key='item:0095'
[dc1_node1] CONFLICT detected for key='item:0095', siblings=20
[dc1_node1] Saved 8 keys to disk
[dc1_node1] Retrieved key='item:0079', versions=20
[dc1_node1] Internal PUT (replication): key='item:0025'
[dc1_node1] CONFLICT detected for key='item:0025', siblings=20
[dc1_node1] Saved 8 keys to disk
[dc1_node1] Internal PUT (replication): key='item:0042'
[dc1_node1] CONFLICT detected for key='item:0042', siblings=20
[dc1_node1] Saved 8 keys to disk
[dc1_node1] Client PUT: key='item:0085', value='stress_5_1936'
[dc1_node1] Preference list for 'item:0085': ['localhost:50060', 'localhost:50061', 'localhost:50053']
[dc1_node1] Coordinator NOT in preference list, forwarding only
[dc1_node1] Replicated to localhost:50053
[dc1_node1] Replicated to localhost:50060
[dc1_node1] Client GET: key='item:0013'
[dc1_node1] Preference list for 'item:0013': ['localhost:50060', 'localhost:50070', 'localhost:50057']
[dc1_node1] Reading from first 2 nodes in preference list
[dc1_node1] Replicated to localhost:50061
[dc1_node1] Client PUT: key='item:0034', value='stress_0_1930'
[dc1_node1] Preference list for 'item:0034': ['localhost:50064', 'localhost:50055', 'localhost:50062']
[dc1_node1] Coordinator NOT in preference list, forwarding only
[dc1_node1] W-quorum achieved (2 writes), returning to client
[dc1_node1] Background replication continues for remaining nodes
[dc1_node1] Successful writes: 3/3
[dc1_node1] Replicated to localhost:50064
[dc1_node1] Replicated to localhost:50055
[dc1_node1] CONFLICT: 40 sibling versions for 'item:0013'
[dc1_node1] Replicated to localhost:50062
[dc1_node1] W-quorum achieved (2 writes), returning to client
[dc1_node1] Background replication continues for remaining nodes
[dc1_node1] Successful writes: 3/3
[dc1_node1] Client PUT: key='item:0050', value='stress_9_1933'
[dc1_node1] Preference list for 'item:0050': ['localhost:50053', 'localhost:50061', 'localhost:50052']
[dc1_node1] Coordinator NOT in preference list, forwarding only
[dc1_node1] Retrieved key='item:0095', versions=20
[dc1_node1] Replicated to localhost:50053
[dc1_node1] Replicated to localhost:50061
[dc1_node1] Replicated to localhost:50052
[dc1_node1] W-quorum achieved (2 writes), returning to client
[dc1_node1] Background replication continues for remaining nodes
[dc1_node1] Successful writes: 3/3
[dc1_node1] Internal PUT (replication): key='item:0095'
[dc1_node1] CONFLICT detected for key='item:0095', siblings=20
[dc1_node1] Saved 8 keys to disk
[dc1_node1] Internal PUT (replication): key='item:0079'
[dc1_node1] CONFLICT detected for key='item:0079', siblings=20
[dc1_node1] Saved 8 keys to disk
[dc1_node1] Retrieved key='item:0063', versions=20
[dc1_node1] Client PUT: key='item:0092', value='stress_0_1935'
[dc1_node1] Preference list for 'item:0092': ['localhost:50055', 'localhost:50069', 'localhost:50056']
[dc1_node1] Coordinator NOT in preference list, forwarding only
[dc1_node1] Internal PUT (replication): key='item:0042'
[dc1_node1] CONFLICT detected for key='item:0042', siblings=20
[dc1_node1] Saved 8 keys to disk
[dc1_node1] Replicated to localhost:50069
[dc1_node1] Replicated to localhost:50055
[dc1_node1] W-quorum achieved (2 writes), returning to client
[dc1_node1] Background replication continues for remaining nodes
[dc1_node1] Successful writes: 2/3
[dc1_node1] Replicated to localhost:50056
[dc1_node1] Internal PUT (replication): key='item:0054'
[dc1_node1] CONFLICT detected for key='item:0054', siblings=20
[dc1_node1] Saved 8 keys to disk
[dc1_node1] Retrieved key='item:0095', versions=20
[dc1_node1] Client GET: key='item:0035'
[dc1_node1] Preference list for 'item:0035': ['localhost:50054', 'localhost:50068', 'localhost:50060']
[dc1_node1] Reading from first 2 nodes in preference list
[dc1_node1] CONFLICT: 40 sibling versions for 'item:0035'
[dc1_node1] Client GET: key='item:0004'
[dc1_node1] Preference list for 'item:0004': ['localhost:50070', 'localhost:50060', 'localhost:50066']
[dc1_node1] Reading from first 2 nodes in preference list
[dc1_node1] CONFLICT: 40 sibling versions for 'item:0004'
[dc1_node1] Internal PUT (replication): key='item:0025'
[dc1_node1] CONFLICT detected for key='item:0025', siblings=20
[dc1_node1] Saved 8 keys to disk
[dc1_node1] Internal PUT (replication): key='item:0054'
[dc1_node1] CONFLICT detected for key='item:0054', siblings=20
[dc1_node1] Saved 8 keys to disk
[dc1_node1] Client GET: key='item:0033'
[dc1_node1] Preference list for 'item:0033': ['localhost:50058', 'localhost:50063', 'localhost:50062']
[dc1_node1] Reading from first 2 nodes in preference list
[dc1_node1] CONFLICT: 40 sibling versions for 'item:0033'
[dc1_node1] Client GET: key='item:0003'
[dc1_node1] Preference list for 'item:0003': ['localhost:50058', 'localhost:50069', 'localhost:50062']
[dc1_node1] Reading from first 2 nodes in preference list
[dc1_node1] CONFLICT: 40 sibling versions for 'item:0003'
[dc1_node1] Retrieved key='item:0079', versions=20
[dc1_node1] Internal PUT (replication): key='item:0031'
[dc1_node1] CONFLICT detected for key='item:0031', siblings=20
[dc1_node1] Saved 8 keys to disk
[dc1_node1] Internal PUT (replication): key='item:0079'
[dc1_node1] CONFLICT detected for key='item:0079', siblings=20
[dc1_node1] Saved 8 keys to disk
[dc1_node1] Client GET: key='item:0012'
[dc1_node1] Preference list for 'item:0012': ['localhost:50069', 'localhost:50057', 'localhost:50065']
[dc1_node1] Reading from first 2 nodes in preference list
[dc1_node1] CONFLICT: 40 sibling versions for 'item:0012'
[dc1_node1] Internal PUT (replication): key='item:0031'
[dc1_node1] CONFLICT detected for key='item:0031', siblings=20
[dc1_node1] Saved 8 keys to disk
[dc1_node1] Internal PUT (replication): key='item:0042'
[dc1_node1] CONFLICT detected for key='item:0042', siblings=20
[dc1_node1] Saved 8 keys to disk
[dc1_node1] Internal PUT (replication): key='item:0042'
[dc1_node1] CONFLICT detected for key='item:0042', siblings=20
[dc1_node1] Saved 8 keys to disk
[dc1_node1] Retrieved key='item:0031', versions=20
[dc1_node1] Internal PUT (replication): key='item:0054'
[dc1_node1] CONFLICT detected for key='item:0054', siblings=20
[dc1_node1] Saved 8 keys to disk
[dc1_node1] Client PUT: key='item:0055', value='stress_9_1962'
[dc1_node1] Preference list for 'item:0055': ['localhost:50059', 'localhost:50068', 'localhost:50056']
[dc1_node1] Coordinator NOT in preference list, forwarding only
[dc1_node1] Replicated to localhost:50068
[dc1_node1] Replicated to localhost:50056
[dc1_node1] Replicated to localhost:50059
[dc1_node1] Internal PUT (replication): key='item:0063'
[dc1_node1] CONFLICT detected for key='item:0063', siblings=20
[dc1_node1] W-quorum achieved (2 writes), returning to client
[dc1_node1] Background replication continues for remaining nodes
[dc1_node1] Successful writes: 3/3
[dc1_node1] Saved 8 keys to disk
[dc1_node1] Retrieved key='item:0095', versions=20
[dc1_node1] Internal PUT (replication): key='item:0079'
[dc1_node1] CONFLICT detected for key='item:0079', siblings=20
[dc1_node1] Saved 8 keys to disk
[dc1_node1] Retrieved key='item:0095', versions=20
[dc1_node1] Client GET: key='item:0073'
[dc1_node1] Preference list for 'item:0073': ['localhost:50067', 'localhost:50058', 'localhost:50061']
[dc1_node1] Reading from first 2 nodes in preference list
[dc1_node1] Client GET: key='item:0003'
[dc1_node1] Preference list for 'item:0003': ['localhost:50058', 'localhost:50069', 'localhost:50062']
[dc1_node1] Reading from first 2 nodes in preference list
[dc1_node1] Client GET: key='item:0059'
[dc1_node1] Preference list for 'item:0059': ['localhost:50055', 'localhost:50069', 'localhost:50060']
[dc1_node1] Reading from first 2 nodes in preference list
[dc1_node1] CONFLICT: 40 sibling versions for 'item:0073'
[dc1_node1] CONFLICT: 40 sibling versions for 'item:0059'
[dc1_node1] CONFLICT: 40 sibling versions for 'item:0003'
[dc1_node1] Internal PUT (replication): key='item:0054'
[dc1_node1] CONFLICT detected for key='item:0054', siblings=20
[dc1_node1] Saved 8 keys to disk
[dc1_node1] Internal PUT (replication): key='item:0079'
[dc1_node1] CONFLICT detected for key='item:0079', siblings=20
[dc1_node1] Saved 8 keys to disk
[dc1_node1] Retrieved key='item:0031', versions=20
[dc1_node1] Retrieved key='item:0079', versions=20
[dc1_node1] Client PUT: key='item:0037', value='stress_4_1959'
[dc1_node1] Preference list for 'item:0037': ['localhost:50066', 'localhost:50052', 'localhost:50063']
[dc1_node1] Coordinator NOT in preference list, forwarding only
[dc1_node1] Replicated to localhost:50066
[dc1_node1] Replicated to localhost:50052
[dc1_node1] Replicated to localhost:50063
[dc1_node1] W-quorum achieved (2 writes), returning to client
[dc1_node1] Background replication continues for remaining nodes
[dc1_node1] Successful writes: 3/3
[dc1_node1] Retrieved key='item:0095', versions=20
[dc1_node1] Internal PUT (replication): key='item:0063'
[dc1_node1] CONFLICT detected for key='item:0063', siblings=20
[dc1_node1] Saved 8 keys to disk
[dc1_node1] Client PUT: key='item:0036', value='stress_7_1984'
[dc1_node1] Preference list for 'item:0036': ['localhost:50058', 'localhost:50063', 'localhost:50056']
[dc1_node1] Coordinator NOT in preference list, forwarding only
[dc1_node1] Client PUT: key='item:0035', value='stress_3_1971'
[dc1_node1] Preference list for 'item:0035': ['localhost:50054', 'localhost:50068', 'localhost:50060']
[dc1_node1] Coordinator NOT in preference list, forwarding only
[dc1_node1] Retrieved key='item:0031', versions=20
[dc1_node1] Replicated to localhost:50063
[dc1_node1] Replicated to localhost:50056
[dc1_node1] Replicated to localhost:50068
[dc1_node1] Replicated to localhost:50058
[dc1_node1] Replicated to localhost:50054
[dc1_node1] Replicated to localhost:50060
[dc1_node1] W-quorum achieved (2 writes), returning to client
[dc1_node1] Background replication continues for remaining nodes
[dc1_node1] Successful writes: 3/3
[dc1_node1] W-quorum achieved (2 writes), returning to client
[dc1_node1] Background replication continues for remaining nodes
[dc1_node1] Successful writes: 3/3
[dc1_node1] Internal PUT (replication): key='item:0063'
[dc1_node1] CONFLICT detected for key='item:0063', siblings=20
[dc1_node1] Saved 8 keys to disk
[dc1_node1] Internal PUT (replication): key='item:0025'
[dc1_node1] CONFLICT detected for key='item:0025', siblings=20
[dc1_node1] Saved 8 keys to disk
[dc1_node1] Retrieved key='item:0095', versions=20
[dc1_node1] Retrieved key='item:0063', versions=20
[dc1_node1] Client PUT: key='item:0039', value='stress_2_1976'
[dc1_node1] Preference list for 'item:0039': ['localhost:50070', 'localhost:50054', 'localhost:50068']
[dc1_node1] Coordinator NOT in preference list, forwarding only
[dc1_node1] Replicated to localhost:50054
[dc1_node1] Replicated to localhost:50068
[dc1_node1] Replicated to localhost:50070
[dc1_node1] W-quorum achieved (2 writes), returning to client
[dc1_node1] Background replication continues for remaining nodes
[dc1_node1] Successful writes: 3/3
[dc1_node1] Client GET: key='item:0042'
[dc1_node1] Preference list for 'item:0042': ['localhost:50053', 'localhost:50062', 'localhost:50051']
[dc1_node1] Reading from first 2 nodes in preference list
[dc1_node1] CONFLICT: 40 sibling versions for 'item:0042'
[dc1_node1] Internal PUT (replication): key='item:0063'
[dc1_node1] CONFLICT detected for key='item:0063', siblings=20
[dc1_node1] Saved 8 keys to disk
[dc1_node1] Client GET: key='item:0036'
[dc1_node1] Preference list for 'item:0036': ['localhost:50058', 'localhost:50063', 'localhost:50056']
[dc1_node1] Reading from first 2 nodes in preference list
[dc1_node1] Internal PUT (replication): key='item:0079'
[dc1_node1] CONFLICT detected for key='item:0079', siblings=20
[dc1_node1] Saved 8 keys to disk
[dc1_node1] Client GET: key='item:0094'
[dc1_node1] Preference list for 'item:0094': ['localhost:50060', 'localhost:50066', 'localhost:50055']
[dc1_node1] Reading from first 2 nodes in preference list
[dc1_node1] CONFLICT: 40 sibling versions for 'item:0036'
[dc1_node1] CONFLICT: 40 sibling versions for 'item:0094'
[dc1_node1] Internal PUT (replication): key='item:0025'
[dc1_node1] CONFLICT detected for key='item:0025', siblings=20
[dc1_node1] Saved 8 keys to disk
[dc1_node1] Retrieved key='item:0031', versions=20
[dc1_node1] Client PUT: key='item:0019', value='stress_5_1994'
[dc1_node1] Preference list for 'item:0019': ['localhost:50059', 'localhost:50068', 'localhost:50069']
[dc1_node1] Coordinator NOT in preference list, forwarding only
[dc1_node1] Internal PUT (replication): key='item:0080'
[dc1_node1] CONFLICT detected for key='item:0080', siblings=20
[dc1_node1] Replicated to localhost:50068
[dc1_node1] Replicated to localhost:50059
[dc1_node1] Saved 8 keys to disk
[dc1_node1] Replicated to localhost:50069
[dc1_node1] W-quorum achieved (2 writes), returning to client
[dc1_node1] Background replication continues for remaining nodes
[dc1_node1] Successful writes: 3/3
[dc1_node1] Client PUT: key='item:0043', value='stress_5_1998'
[dc1_node1] Preference list for 'item:0043': ['localhost:50058', 'localhost:50070', 'localhost:50057']
[dc1_node1] Coordinator NOT in preference list, forwarding only
[dc1_node1] Client PUT: key='item:0008', value='stress_1_2018'
[dc1_node1] Preference list for 'item:0008': ['localhost:50065', 'localhost:50060', 'localhost:50055']
[dc1_node1] Coordinator NOT in preference list, forwarding only
[dc1_node1] Replicated to localhost:50057
[dc1_node1] Replicated to localhost:50058
[dc1_node1] Retrieved key='item:0031', versions=20
[dc1_node1] Replicated to localhost:50065
[dc1_node1] Replicated to localhost:50055
[dc1_node1] Replicated to localhost:50070
[dc1_node1] W-quorum achieved (2 writes), returning to client
[dc1_node1] Background replication continues for remaining nodes
[dc1_node1] Successful writes: 3/3
[dc1_node1] Replicated to localhost:50060
[dc1_node1] W-quorum achieved (2 writes), returning to client
[dc1_node1] Background replication continues for remaining nodes
[dc1_node1] Successful writes: 3/3
[dc1_node1] Internal PUT (replication): key='item:0025'
[dc1_node1] CONFLICT detected for key='item:0025', siblings=20
[dc1_node1] Saved 8 keys to disk
[dc1_node1] Client PUT: key='item:0059', value='stress_9_1999'
[dc1_node1] Preference list for 'item:0059': ['localhost:50055', 'localhost:50069', 'localhost:50060']
[dc1_node1] Coordinator NOT in preference list, forwarding only
[dc1_node1] Internal PUT (replication): key='item:0042'
[dc1_node1] CONFLICT detected for key='item:0042', siblings=20
[dc1_node1] Saved 8 keys to disk
[dc1_node1] Replicated to localhost:50069
[dc1_node1] Replicated to localhost:50055
[dc1_node1] Replicated to localhost:50060
[dc1_node1] W-quorum achieved (2 writes), returning to client
[dc1_node1] Background replication continues for remaining nodes
[dc1_node1] Successful writes: 3/3
[dc1_node1] Client GET: key='item:0020'
[dc1_node1] Preference list for 'item:0020': ['localhost:50052', 'localhost:50061', 'localhost:50065']
[dc1_node1] Reading from first 2 nodes in preference list
[dc1_node1] CONFLICT: 40 sibling versions for 'item:0020'
[dc1_node1] Client PUT: key='item:0034', value='stress_7_2006'
[dc1_node1] Preference list for 'item:0034': ['localhost:50064', 'localhost:50055', 'localhost:50062']
[dc1_node1] Coordinator NOT in preference list, forwarding only
[dc1_node1] Replicated to localhost:50064
[dc1_node1] Replicated to localhost:50055
[dc1_node1] Replicated to localhost:50062
[dc1_node1] W-quorum achieved (2 writes), returning to client
[dc1_node1] Background replication continues for remaining nodes
[dc1_node1] Successful writes: 3/3
[dc1_node1] Retrieved key='item:0031', versions=20
[dc1_node1] Client PUT: key='item:0040', value='stress_5_2006'
[dc1_node1] Preference list for 'item:0040': ['localhost:50070', 'localhost:50055', 'localhost:50065']
[dc1_node1] Coordinator NOT in preference list, forwarding only
[dc1_node1] Replicated to localhost:50065
[dc1_node1] Replicated to localhost:50055
[dc1_node1] Replicated to localhost:50070
[dc1_node1] Retrieved key='item:0063', versions=20
[dc1_node1] W-quorum achieved (2 writes), returning to client
[dc1_node1] Background replication continues for remaining nodes
[dc1_node1] Successful writes: 3/3
[dc1_node1] Client GET: key='item:0022'
[dc1_node1] Preference list for 'item:0022': ['localhost:50066', 'localhost:50057', 'localhost:50059']
[dc1_node1] Reading from first 2 nodes in preference list
[dc1_node1] CONFLICT: 40 sibling versions for 'item:0022'
[dc1_node1] Client GET: key='item:0025'
[dc1_node1] Preference list for 'item:0025': ['localhost:50059', 'localhost:50067', 'localhost:50051']
[dc1_node1] Reading from first 2 nodes in preference list
[dc1_node1] CONFLICT: 40 sibling versions for 'item:0025'
[dc1_node1] Retrieved key='item:0079', versions=20
[dc1_node1] Retrieved key='item:0031', versions=20
[dc1_node1] Client GET: key='item:0053'
[dc1_node1] Preference list for 'item:0053': ['localhost:50056', 'localhost:50068', 'localhost:50062']
[dc1_node1] Reading from first 2 nodes in preference list
[dc1_node1] CONFLICT: 40 sibling versions for 'item:0053'
[dc1_node1] Internal PUT (replication): key='item:0042'
[dc1_node1] CONFLICT detected for key='item:0042', siblings=20
[dc1_node1] Client GET: key='item:0016'
[dc1_node1] Preference list for 'item:0016': ['localhost:50062', 'localhost:50058', 'localhost:50053']
[dc1_node1] Reading from first 2 nodes in preference list
[dc1_node1] Saved 8 keys to disk
[dc1_node1] CONFLICT: 40 sibling versions for 'item:0016'
[dc1_node1] Client GET: key='item:0044'
[dc1_node1] Preference list for 'item:0044': ['localhost:50055', 'localhost:50068', 'localhost:50060']
[dc1_node1] Reading from first 2 nodes in preference list
[dc1_node1] CONFLICT: 40 sibling versions for 'item:0044'
[dc1_node1] Internal PUT (replication): key='item:0025'
[dc1_node1] CONFLICT detected for key='item:0025', siblings=20
[dc1_node1] Saved 8 keys to disk
[dc1_node1] Internal PUT (replication): key='item:0025'
[dc1_node1] CONFLICT detected for key='item:0025', siblings=20
[dc1_node1] Internal PUT (replication): key='item:0095'
[dc1_node1] Saved 8 keys to disk
[dc1_node1] CONFLICT detected for key='item:0095', siblings=20
[dc1_node1] Saved 8 keys to disk
[dc1_node1] Client PUT: key='item:0064', value='stress_3_2007'
[dc1_node1] Preference list for 'item:0064': ['localhost:50058', 'localhost:50062', 'localhost:50059']
[dc1_node1] Coordinator NOT in preference list, forwarding only
[dc1_node1] Replicated to localhost:50059
[dc1_node1] Replicated to localhost:50062
[dc1_node1] Replicated to localhost:50058
[dc1_node1] W-quorum achieved (2 writes), returning to client
[dc1_node1] Background replication continues for remaining nodes
[dc1_node1] Successful writes: 3/3
[dc1_node1] Internal PUT (replication): key='item:0080'
[dc1_node1] CONFLICT detected for key='item:0080', siblings=20
[dc1_node1] Saved 8 keys to disk
[dc1_node1] Internal PUT (replication): key='item:0095'
[dc1_node1] CONFLICT detected for key='item:0095', siblings=20
[dc1_node1] Saved 8 keys to disk
[dc1_node1] Client PUT: key='item:0014', value='stress_7_2022'
[dc1_node1] Preference list for 'item:0014': ['localhost:50061', 'localhost:50055', 'localhost:50069']
[dc1_node1] Coordinator NOT in preference list, forwarding only
[dc1_node1] Retrieved key='item:0031', versions=20
[dc1_node1] Replicated to localhost:50061
[dc1_node1] Replicated to localhost:50069
[dc1_node1] Replicated to localhost:50055
[dc1_node1] W-quorum achieved (2 writes), returning to client
[dc1_node1] Background replication continues for remaining nodes
[dc1_node1] Successful writes: 3/3
[dc1_node1] Client PUT: key='item:0032', value='stress_6_2052'
[dc1_node1] Preference list for 'item:0032': ['localhost:50063', 'localhost:50055', 'localhost:50064']
[dc1_node1] Coordinator NOT in preference list, forwarding only
[dc1_node1] Retrieved key='item:0079', versions=20
[dc1_node1] Retrieved key='item:0095', versions=20
[dc1_node1] Client GET: key='item:0029'
[dc1_node1] Preference list for 'item:0029': ['localhost:50062', 'localhost:50058', 'localhost:50069']
[dc1_node1] Reading from first 2 nodes in preference list
[dc1_node1] Replicated to localhost:50055
[dc1_node1] Replicated to localhost:50063
[dc1_node1] Replicated to localhost:50064
[dc1_node1] CONFLICT: 40 sibling versions for 'item:0029'
[dc1_node1] W-quorum achieved (2 writes), returning to client
[dc1_node1] Background replication continues for remaining nodes
[dc1_node1] Successful writes: 3/3
[dc1_node1] Internal PUT (replication): key='item:0063'
[dc1_node1] CONFLICT detected for key='item:0063', siblings=20
[dc1_node1] Saved 8 keys to disk
[dc1_node1] Client GET: key='item:0020'
[dc1_node1] Preference list for 'item:0020': ['localhost:50052', 'localhost:50061', 'localhost:50065']
[dc1_node1] Reading from first 2 nodes in preference list
[dc1_node1] Internal PUT (replication): key='item:0095'
[dc1_node1] CONFLICT detected for key='item:0095', siblings=20
[dc1_node1] Saved 8 keys to disk
[dc1_node1] Retrieved key='item:0031', versions=20
[dc1_node1] Retrieved key='item:0063', versions=20
[dc1_node1] CONFLICT: 40 sibling versions for 'item:0020'
[dc1_node1] Client PUT: key='item:0045', value='stress_1_2048'
[dc1_node1] Preference list for 'item:0045': ['localhost:50059', 'localhost:50063', 'localhost:50062']
[dc1_node1] Coordinator NOT in preference list, forwarding only
[dc1_node1] Replicated to localhost:50059
[dc1_node1] Retrieved key='item:0079', versions=20
[dc1_node1] Replicated to localhost:50063
[dc1_node1] Replicated to localhost:50062
[dc1_node1] W-quorum achieved (2 writes), returning to client
[dc1_node1] Background replication continues for remaining nodes
[dc1_node1] Successful writes: 3/3
[dc1_node1] Client PUT: key='item:0093', value='stress_3_2020'
[dc1_node1] Preference list for 'item:0093': ['localhost:50052', 'localhost:50062', 'localhost:50054']
[dc1_node1] Coordinator NOT in preference list, forwarding only
[dc1_node1] Replicated to localhost:50054
[dc1_node1] Replicated to localhost:50052
[dc1_node1] Internal PUT (replication): key='item:0031'
[dc1_node1] CONFLICT detected for key='item:0031', siblings=20
[dc1_node1] W-quorum achieved (2 writes), returning to client
[dc1_node1] Background replication continues for remaining nodes
[dc1_node1] Successful writes: 2/3
[dc1_node1] Replicated to localhost:50062
[dc1_node1] Client GET: key='item:0045'
[dc1_node1] Preference list for 'item:0045': ['localhost:50059', 'localhost:50063', 'localhost:50062']
[dc1_node1] Reading from first 2 nodes in preference list
[dc1_node1] Saved 8 keys to disk
[dc1_node1] Internal PUT (replication): key='item:0031'
[dc1_node1] CONFLICT detected for key='item:0031', siblings=20
[dc1_node1] CONFLICT: 40 sibling versions for 'item:0045'
[dc1_node1] Saved 8 keys to disk
[dc1_node1] Retrieved key='item:0095', versions=20
[dc1_node1] Retrieved key='item:0031', versions=20
[dc1_node1] Client GET: key='item:0019'
[dc1_node1] Preference list for 'item:0019': ['localhost:50059', 'localhost:50068', 'localhost:50069']
[dc1_node1] Reading from first 2 nodes in preference list
[dc1_node1] CONFLICT: 40 sibling versions for 'item:0019'
[dc1_node1] Internal PUT (replication): key='item:0080'
[dc1_node1] CONFLICT detected for key='item:0080', siblings=20
[dc1_node1] Saved 8 keys to disk
[dc1_node1] Internal PUT (replication): key='item:0031'
[dc1_node1] CONFLICT detected for key='item:0031', siblings=20
[dc1_node1] Internal PUT (replication): key='item:0042'
[dc1_node1] Saved 8 keys to disk
[dc1_node1] CONFLICT detected for key='item:0042', siblings=20
[dc1_node1] Saved 8 keys to disk
[dc1_node1] Internal PUT (replication): key='item:0063'
[dc1_node1] CONFLICT detected for key='item:0063', siblings=20
[dc1_node1] Client PUT: key='item:0068', value='stress_1_2065'
[dc1_node1] Preference list for 'item:0068': ['localhost:50067', 'localhost:50052', 'localhost:50062']
[dc1_node1] Coordinator NOT in preference list, forwarding only
[dc1_node1] Saved 8 keys to disk
[dc1_node1] Replicated to localhost:50067
[dc1_node1] Replicated to localhost:50062
[dc1_node1] Replicated to localhost:50052
[dc1_node1] Client PUT: key='item:0066', value='stress_7_2047'
[dc1_node1] Preference list for 'item:0066': ['localhost:50066', 'localhost:50052', 'localhost:50061']
[dc1_node1] Coordinator NOT in preference list, forwarding only
[dc1_node1] W-quorum achieved (2 writes), returning to client
[dc1_node1] Background replication continues for remaining nodes
[dc1_node1] Successful writes: 3/3
[dc1_node1] Replicated to localhost:50066
[dc1_node1] Internal PUT (replication): key='item:0042'
[dc1_node1] CONFLICT detected for key='item:0042', siblings=20
[dc1_node1] Replicated to localhost:50052
[dc1_node1] Saved 8 keys to disk
[dc1_node1] Replicated to localhost:50061
[dc1_node1] W-quorum achieved (2 writes), returning to client
[dc1_node1] Background replication continues for remaining nodes
[dc1_node1] Successful writes: 3/3
[dc1_node1] Internal PUT (replication): key='item:0095'
[dc1_node1] CONFLICT detected for key='item:0095', siblings=20
[dc1_node1] Saved 8 keys to disk
[dc1_node1] Client GET: key='item:0012'
[dc1_node1] Preference list for 'item:0012': ['localhost:50069', 'localhost:50057', 'localhost:50065']
[dc1_node1] Reading from first 2 nodes in preference list
[dc1_node1] CONFLICT: 40 sibling versions for 'item:0012'
[dc1_node1] Internal PUT (replication): key='item:0063'
[dc1_node1] CONFLICT detected for key='item:0063', siblings=20
[dc1_node1] Saved 8 keys to disk
[dc1_node1] Client GET: key='item:0069'
[dc1_node1] Preference list for 'item:0069': ['localhost:50062', 'localhost:50056', 'localhost:50053']
[dc1_node1] Reading from first 2 nodes in preference list
[dc1_node1] CONFLICT: 40 sibling versions for 'item:0069'
[dc1_node1] Client GET: key='item:0013'
[dc1_node1] Preference list for 'item:0013': ['localhost:50060', 'localhost:50070', 'localhost:50057']
[dc1_node1] Reading from first 2 nodes in preference list
[dc1_node1] Client GET: key='item:0031'
[dc1_node1] Preference list for 'item:0031': ['localhost:50068', 'localhost:50051', 'localhost:50054']
[dc1_node1] Reading from first 2 nodes in preference list
[dc1_node1] Retrieved key='item:0031', versions=20
[dc1_node1] Read locally (coordinator in preference list)
[dc1_node1] CONFLICT: 40 sibling versions for 'item:0031'
[dc1_node1] Client GET: key='item:0085'
[dc1_node1] Preference list for 'item:0085': ['localhost:50060', 'localhost:50061', 'localhost:50053']
[dc1_node1] Reading from first 2 nodes in preference list
[dc1_node1] CONFLICT: 40 sibling versions for 'item:0013'
[dc1_node1] CONFLICT: 40 sibling versions for 'item:0085'
[dc1_node1] Client PUT: key='item:0090', value='stress_0_2055'
[dc1_node1] Preference list for 'item:0090': ['localhost:50067', 'localhost:50052', 'localhost:50053']
[dc1_node1] Coordinator NOT in preference list, forwarding only
[dc1_node1] Internal PUT (replication): key='item:0031'
[dc1_node1] CONFLICT detected for key='item:0031', siblings=20
[dc1_node1] Saved 8 keys to disk
[dc1_node1] Replicated to localhost:50052
[dc1_node1] Replicated to localhost:50067
[dc1_node1] Replicated to localhost:50053
[dc1_node1] W-quorum achieved (2 writes), returning to client
[dc1_node1] Background replication continues for remaining nodes
[dc1_node1] Successful writes: 3/3
[dc1_node1] Client GET: key='item:0060'
[dc1_node1] Preference list for 'item:0060': ['localhost:50054', 'localhost:50061', 'localhost:50064']
[dc1_node1] Reading from first 2 nodes in preference list
[dc1_node1] CONFLICT: 40 sibling versions for 'item:0060'
[dc1_node1] Internal PUT (replication): key='item:0079'
[dc1_node1] CONFLICT detected for key='item:0079', siblings=20
[dc1_node1] Saved 8 keys to disk
[dc1_node1] Internal PUT (replication): key='item:0031'
[dc1_node1] CONFLICT detected for key='item:0031', siblings=20
[dc1_node1] Saved 8 keys to disk
[dc1_node1] Client PUT: key='item:0004', value='stress_4_2039'
[dc1_node1] Preference list for 'item:0004': ['localhost:50070', 'localhost:50060', 'localhost:50066']
[dc1_node1] Coordinator NOT in preference list, forwarding only
[dc1_node1] Replicated to localhost:50066
[dc1_node1] Replicated to localhost:50070
[dc1_node1] W-quorum achieved (2 writes), returning to client
[dc1_node1] Background replication continues for remaining nodes
[dc1_node1] Successful writes: 2/3
[dc1_node1] Replicated to localhost:50060
[dc1_node1] Client PUT: key='item:0054', value='stress_1_2079'
[dc1_node1] Preference list for 'item:0054': ['localhost:50060', 'localhost:50067', 'localhost:50051']
[dc1_node1] CONFLICT detected for key='item:0054', siblings=20
[dc1_node1] Saved 8 keys to disk
[dc1_node1] Coordinator IS in preference list, stored locally
[dc1_node1] Replicated to localhost:50060
[dc1_node1] Replicated to localhost:50067
[dc1_node1] W-quorum achieved (2 writes), returning to client
[dc1_node1] Background replication continues for remaining nodes
[dc1_node1] Successful writes: 3/3
[dc1_node1] Internal PUT (replication): key='item:0080'
[dc1_node1] CONFLICT detected for key='item:0080', siblings=20
[dc1_node1] Saved 8 keys to disk
[dc1_node1] Client GET: key='item:0069'
[dc1_node1] Preference list for 'item:0069': ['localhost:50062', 'localhost:50056', 'localhost:50053']
[dc1_node1] Reading from first 2 nodes in preference list
[dc1_node1] CONFLICT: 40 sibling versions for 'item:0069'
[dc1_node1] Client GET: key='item:0074'
[dc1_node1] Preference list for 'item:0074': ['localhost:50066', 'localhost:50058', 'localhost:50062']
[dc1_node1] Reading from first 2 nodes in preference list
[dc1_node1] Retrieved key='item:0063', versions=20
[dc1_node1] CONFLICT: 40 sibling versions for 'item:0074'
[dc1_node1] Internal PUT (replication): key='item:0025'
[dc1_node1] CONFLICT detected for key='item:0025', siblings=20
[dc1_node1] Saved 8 keys to disk
[dc1_node1] Client PUT: key='item:0045', value='stress_1_2090'
[dc1_node1] Preference list for 'item:0045': ['localhost:50059', 'localhost:50063', 'localhost:50062']
[dc1_node1] Coordinator NOT in preference list, forwarding only
[dc1_node1] Replicated to localhost:50063
[dc1_node1] Replicated to localhost:50059
[dc1_node1] Replicated to localhost:50062
[dc1_node1] Internal PUT (replication): key='item:0080'
[dc1_node1] CONFLICT detected for key='item:0080', siblings=20
[dc1_node1] Saved 8 keys to disk
[dc1_node1] W-quorum achieved (2 writes), returning to client
[dc1_node1] Background replication continues for remaining nodes
[dc1_node1] Successful writes: 3/3
[dc1_node1] Internal PUT (replication): key='item:0095'
[dc1_node1] CONFLICT detected for key='item:0095', siblings=20
[dc1_node1] Saved 8 keys to disk
[dc1_node1] Client GET: key='item:0087'
[dc1_node1] Preference list for 'item:0087': ['localhost:50052', 'localhost:50061', 'localhost:50063']
[dc1_node1] Reading from first 2 nodes in preference list
[dc1_node1] CONFLICT: 40 sibling versions for 'item:0087'
[dc1_node1] Client GET: key='item:0056'
[dc1_node1] Preference list for 'item:0056': ['localhost:50061', 'localhost:50052', 'localhost:50070']
[dc1_node1] Reading from first 2 nodes in preference list
[dc1_node1] Internal PUT (replication): key='item:0095'
[dc1_node1] CONFLICT detected for key='item:0095', siblings=20
[dc1_node1] CONFLICT: 40 sibling versions for 'item:0056'
[dc1_node1] Internal PUT (replication): key='item:0031'
[dc1_node1] Saved 8 keys to disk
[dc1_node1] CONFLICT detected for key='item:0031', siblings=20
[dc1_node1] Saved 8 keys to disk
[dc1_node1] Internal PUT (replication): key='item:0031'
[dc1_node1] CONFLICT detected for key='item:0031', siblings=20
[dc1_node1] Saved 8 keys to disk
[dc1_node1] Client GET: key='item:0099'
[dc1_node1] Preference list for 'item:0099': ['localhost:50053', 'localhost:50070', 'localhost:50054']
[dc1_node1] Reading from first 2 nodes in preference list
[dc1_node1] Internal PUT (replication): key='item:0063'
[dc1_node1] CONFLICT detected for key='item:0063', siblings=20
[dc1_node1] Saved 8 keys to disk
[dc1_node1] CONFLICT: 40 sibling versions for 'item:0099'
[dc1_node1] Client GET: key='item:0083'
[dc1_node1] Preference list for 'item:0083': ['localhost:50064', 'localhost:50057', 'localhost:50070']
[dc1_node1] Reading from first 2 nodes in preference list
[dc1_node1] Retrieved key='item:0031', versions=20
[dc1_node1] Internal PUT (replication): key='item:0025'
[dc1_node1] CONFLICT detected for key='item:0025', siblings=20
[dc1_node1] CONFLICT: 40 sibling versions for 'item:0083'
[dc1_node1] Saved 8 keys to disk
[dc1_node1] Retrieved key='item:0063', versions=20
[dc1_node1] Client PUT: key='item:0084', value='stress_9_2078'
[dc1_node1] Preference list for 'item:0084': ['localhost:50065', 'localhost:50058', 'localhost:50061']
[dc1_node1] Coordinator NOT in preference list, forwarding only
[dc1_node1] Client GET: key='item:0092'
[dc1_node1] Preference list for 'item:0092': ['localhost:50055', 'localhost:50069', 'localhost:50056']
[dc1_node1] Reading from first 2 nodes in preference list
[dc1_node1] Replicated to localhost:50065
[dc1_node1] CONFLICT: 40 sibling versions for 'item:0092'
[dc1_node1] Replicated to localhost:50058
[dc1_node1] W-quorum achieved (2 writes), returning to client
[dc1_node1] Background replication continues for remaining nodes
[dc1_node1] Successful writes: 2/3
[dc1_node1] Replicated to localhost:50061
[dc1_node1] Client GET: key='item:0048'
[dc1_node1] Preference list for 'item:0048': ['localhost:50070', 'localhost:50054', 'localhost:50064']
[dc1_node1] Reading from first 2 nodes in preference list
[dc1_node1] CONFLICT: 40 sibling versions for 'item:0048'
[dc1_node1] Retrieved key='item:0063', versions=20
[dc1_node1] Client GET: key='item:0044'
[dc1_node1] Preference list for 'item:0044': ['localhost:50055', 'localhost:50068', 'localhost:50060']
[dc1_node1] Reading from first 2 nodes in preference list
[dc1_node1] CONFLICT: 40 sibling versions for 'item:0044'
[dc1_node1] Client PUT: key='item:0001', value='stress_1_2104'
[dc1_node1] Preference list for 'item:0001': ['localhost:50067', 'localhost:50057', 'localhost:50060']
[dc1_node1] Coordinator NOT in preference list, forwarding only
[dc1_node1] Replicated to localhost:50057
[dc1_node1] Replicated to localhost:50060
[dc1_node1] Internal PUT (replication): key='item:0025'
[dc1_node1] CONFLICT detected for key='item:0025', siblings=20
[dc1_node1] Saved 8 keys to disk
[dc1_node1] Replicated to localhost:50067
[dc1_node1] W-quorum achieved (2 writes), returning to client
[dc1_node1] Background replication continues for remaining nodes
[dc1_node1] Successful writes: 3/3
[dc1_node1] Retrieved key='item:0095', versions=20
[dc1_node1] Client GET: key='item:0042'
[dc1_node1] Preference list for 'item:0042': ['localhost:50053', 'localhost:50062', 'localhost:50051']
[dc1_node1] Reading from first 2 nodes in preference list
[dc1_node1] CONFLICT: 40 sibling versions for 'item:0042'
[dc1_node1] Internal PUT (replication): key='item:0042'
[dc1_node1] CONFLICT detected for key='item:0042', siblings=20
[dc1_node1] Saved 8 keys to disk
[dc1_node1] Internal PUT (replication): key='item:0095'
[dc1_node1] CONFLICT detected for key='item:0095', siblings=20
[dc1_node1] Saved 8 keys to disk
[dc1_node1] Client PUT: key='item:0019', value='stress_6_2121'
[dc1_node1] Preference list for 'item:0019': ['localhost:50059', 'localhost:50068', 'localhost:50069']
[dc1_node1] Coordinator NOT in preference list, forwarding only
[dc1_node1] Client GET: key='item:0030'
[dc1_node1] Preference list for 'item:0030': ['localhost:50070', 'localhost:50056', 'localhost:50058']
[dc1_node1] Reading from first 2 nodes in preference list
[dc1_node1] Replicated to localhost:50068
[dc1_node1] Replicated to localhost:50059
[dc1_node1] Replicated to localhost:50069
[dc1_node1] CONFLICT: 40 sibling versions for 'item:0030'
[dc1_node1] W-quorum achieved (2 writes), returning to client
[dc1_node1] Background replication continues for remaining nodes
[dc1_node1] Successful writes: 3/3
[dc1_node1] Internal PUT (replication): key='item:0080'
[dc1_node1] CONFLICT detected for key='item:0080', siblings=20
[dc1_node1] Saved 8 keys to disk
[dc1_node1] Internal PUT (replication): key='item:0054'
[dc1_node1] CONFLICT detected for key='item:0054', siblings=20
[dc1_node1] Saved 8 keys to disk
[dc1_node1] Client GET: key='item:0097'
[dc1_node1] Preference list for 'item:0097': ['localhost:50060', 'localhost:50064', 'localhost:50052']
[dc1_node1] Reading from first 2 nodes in preference list
[dc1_node1] Internal PUT (replication): key='item:0063'
[dc1_node1] CONFLICT detected for key='item:0063', siblings=20
[dc1_node1] Saved 8 keys to disk
[dc1_node1] Client PUT: key='item:0062', value='stress_6_2125'
[dc1_node1] Preference list for 'item:0062': ['localhost:50058', 'localhost:50062', 'localhost:50053']
[dc1_node1] Coordinator NOT in preference list, forwarding only
[dc1_node1] Replicated to localhost:50058
[dc1_node1] Replicated to localhost:50053
[dc1_node1] Replicated to localhost:50062
[dc1_node1] W-quorum achieved (2 writes), returning to client
[dc1_node1] Background replication continues for remaining nodes
[dc1_node1] Successful writes: 3/3
[dc1_node1] Internal PUT (replication): key='item:0025'
[dc1_node1] CONFLICT detected for key='item:0025', siblings=20
[dc1_node1] Saved 8 keys to disk
[dc1_node1] CONFLICT: 40 sibling versions for 'item:0097'
[dc1_node1] Internal PUT (replication): key='item:0063'
[dc1_node1] CONFLICT detected for key='item:0063', siblings=20
[dc1_node1] Saved 8 keys to disk
[dc1_node1] Client PUT: key='item:0002', value='stress_8_2089'
[dc1_node1] Preference list for 'item:0002': ['localhost:50066', 'localhost:50058', 'localhost:50053']
[dc1_node1] Coordinator NOT in preference list, forwarding only
[dc1_node1] Client PUT: key='item:0092', value='stress_9_2101'
[dc1_node1] Preference list for 'item:0092': ['localhost:50055', 'localhost:50069', 'localhost:50056']
[dc1_node1] Coordinator NOT in preference list, forwarding only
[dc1_node1] Internal PUT (replication): key='item:0080'
[dc1_node1] CONFLICT detected for key='item:0080', siblings=20
[dc1_node1] Replicated to localhost:50053
[dc1_node1] Replicated to localhost:50066
[dc1_node1] Saved 8 keys to disk
[dc1_node1] Replicated to localhost:50055
[dc1_node1] Replicated to localhost:50069
[dc1_node1] Replicated to localhost:50056
[dc1_node1] W-quorum achieved (2 writes), returning to client
[dc1_node1] Background replication continues for remaining nodes
[dc1_node1] Successful writes: 2/3
[dc1_node1] Client PUT: key='item:0096', value='stress_1_2122'
[dc1_node1] Preference list for 'item:0096': ['localhost:50070', 'localhost:50058', 'localhost:50060']
[dc1_node1] Coordinator NOT in preference list, forwarding only
[dc1_node1] W-quorum achieved (2 writes), returning to client
[dc1_node1] Background replication continues for remaining nodes
[dc1_node1] Successful writes: 3/3
[dc1_node1] Replicated to localhost:50058
[dc1_node1] Replicated to localhost:50060
[dc1_node1] Replicated to localhost:50058
[dc1_node1] Replicated to localhost:50070
[dc1_node1] W-quorum achieved (2 writes), returning to client
[dc1_node1] Background replication continues for remaining nodes
[dc1_node1] Successful writes: 3/3
[dc1_node1] Retrieved key='item:0079', versions=20
[dc1_node1] Retrieved key='item:0079', versions=20
[dc1_node1] Client GET: key='item:0008'
[dc1_node1] Preference list for 'item:0008': ['localhost:50065', 'localhost:50060', 'localhost:50055']
[dc1_node1] Reading from first 2 nodes in preference list
[dc1_node1] CONFLICT: 40 sibling versions for 'item:0008'
[dc1_node1] Internal PUT (replication): key='item:0025'
[dc1_node1] CONFLICT detected for key='item:0025', siblings=20
[dc1_node1] Saved 8 keys to disk
[dc1_node1] Client GET: key='item:0024'
[dc1_node1] Preference list for 'item:0024': ['localhost:50061', 'localhost:50053', 'localhost:50062']
[dc1_node1] Reading from first 2 nodes in preference list
[dc1_node1] CONFLICT: 40 sibling versions for 'item:0024'
[dc1_node1] Internal PUT (replication): key='item:0079'
[dc1_node1] CONFLICT detected for key='item:0079', siblings=20
[dc1_node1] Saved 8 keys to disk
[dc1_node1] Client GET: key='item:0013'
[dc1_node1] Preference list for 'item:0013': ['localhost:50060', 'localhost:50070', 'localhost:50057']
[dc1_node1] Reading from first 2 nodes in preference list
[dc1_node1] Client GET: key='item:0097'
[dc1_node1] Preference list for 'item:0097': ['localhost:50060', 'localhost:50064', 'localhost:50052']
[dc1_node1] Reading from first 2 nodes in preference list
[dc1_node1] CONFLICT: 40 sibling versions for 'item:0013'
[dc1_node1] Client PUT: key='item:0021', value='stress_3_2101'
[dc1_node1] Preference list for 'item:0021': ['localhost:50054', 'localhost:50068', 'localhost:50060']
[dc1_node1] Coordinator NOT in preference list, forwarding only
[dc1_node1] CONFLICT: 40 sibling versions for 'item:0097'
[dc1_node1] Replicated to localhost:50054
[dc1_node1] Client GET: key='item:0065'
[dc1_node1] Preference list for 'item:0065': ['localhost:50055', 'localhost:50066', 'localhost:50065']
[dc1_node1] Reading from first 2 nodes in preference list
[dc1_node1] Replicated to localhost:50068
[dc1_node1] Retrieved key='item:0031', versions=20
[dc1_node1] W-quorum achieved (2 writes), returning to client
[dc1_node1] Background replication continues for remaining nodes
[dc1_node1] Successful writes: 2/3
[dc1_node1] CONFLICT: 40 sibling versions for 'item:0065'
[dc1_node1] Replicated to localhost:50060
[dc1_node1] Internal PUT (replication): key='item:0063'
[dc1_node1] CONFLICT detected for key='item:0063', siblings=20
[dc1_node1] Saved 8 keys to disk
[dc1_node1] Internal PUT (replication): key='item:0042'
[dc1_node1] CONFLICT detected for key='item:0042', siblings=20
[dc1_node1] Saved 8 keys to disk
[dc1_node1] Internal PUT (replication): key='item:0079'
[dc1_node1] CONFLICT detected for key='item:0079', siblings=20
[dc1_node1] Saved 8 keys to disk
[dc1_node1] Retrieved key='item:0095', versions=20
[dc1_node1] Client PUT: key='item:0066', value='stress_0_2121'
[dc1_node1] Preference list for 'item:0066': ['localhost:50066', 'localhost:50052', 'localhost:50061']
[dc1_node1] Coordinator NOT in preference list, forwarding only
[dc1_node1] Replicated to localhost:50066
[dc1_node1] Replicated to localhost:50052
[dc1_node1] Replicated to localhost:50061
[dc1_node1] W-quorum achieved (2 writes), returning to client
[dc1_node1] Background replication continues for remaining nodes
[dc1_node1] Successful writes: 3/3
[dc1_node1] Internal PUT (replication): key='item:0031'
[dc1_node1] CONFLICT detected for key='item:0031', siblings=20
[dc1_node1] Saved 8 keys to disk
[dc1_node1] Retrieved key='item:0063', versions=20
[dc1_node1] Client GET: key='item:0035'
[dc1_node1] Preference list for 'item:0035': ['localhost:50054', 'localhost:50068', 'localhost:50060']
[dc1_node1] Reading from first 2 nodes in preference list
[dc1_node1] Internal PUT (replication): key='item:0042'
[dc1_node1] CONFLICT detected for key='item:0042', siblings=20
[dc1_node1] Saved 8 keys to disk
[dc1_node1] CONFLICT: 40 sibling versions for 'item:0035'
[dc1_node1] Retrieved key='item:0063', versions=20
[dc1_node1] Internal PUT (replication): key='item:0095'
[dc1_node1] CONFLICT detected for key='item:0095', siblings=20
[dc1_node1] Saved 8 keys to disk
[dc1_node1] Internal PUT (replication): key='item:0079'
[dc1_node1] CONFLICT detected for key='item:0079', siblings=20
[dc1_node1] Saved 8 keys to disk
[dc1_node1] Internal PUT (replication): key='item:0031'
[dc1_node1] CONFLICT detected for key='item:0031', siblings=20
[dc1_node1] Saved 8 keys to disk
[dc1_node1] Client PUT: key='item:0060', value='stress_1_2145'
[dc1_node1] Preference list for 'item:0060': ['localhost:50054', 'localhost:50061', 'localhost:50064']
[dc1_node1] Coordinator NOT in preference list, forwarding only
[dc1_node1] Internal PUT (replication): key='item:0042'
[dc1_node1] CONFLICT detected for key='item:0042', siblings=20
[dc1_node1] Replicated to localhost:50054
[dc1_node1] Saved 8 keys to disk
[dc1_node1] Client PUT: key='item:0092', value='stress_0_2127'
[dc1_node1] Preference list for 'item:0092': ['localhost:50055', 'localhost:50069', 'localhost:50056']
[dc1_node1] Coordinator NOT in preference list, forwarding only
[dc1_node1] Replicated to localhost:50064
[dc1_node1] Replicated to localhost:50061
[dc1_node1] Replicated to localhost:50056
[dc1_node1] W-quorum achieved (2 writes), returning to client
[dc1_node1] Background replication continues for remaining nodes
[dc1_node1] Successful writes: 3/3
[dc1_node1] Replicated to localhost:50069
[dc1_node1] Replicated to localhost:50055
[dc1_node1] W-quorum achieved (2 writes), returning to client
[dc1_node1] Background replication continues for remaining nodes
[dc1_node1] Successful writes: 3/3
[dc1_node1] Internal PUT (replication): key='item:0031'
[dc1_node1] CONFLICT detected for key='item:0031', siblings=20
[dc1_node1] Internal PUT (replication): key='item:0095'
[dc1_node1] Saved 8 keys to disk
[dc1_node1] CONFLICT detected for key='item:0095', siblings=20
[dc1_node1] Saved 8 keys to disk
[dc1_node1] Client PUT: key='item:0097', value='stress_3_2119'
[dc1_node1] Preference list for 'item:0097': ['localhost:50060', 'localhost:50064', 'localhost:50052']
[dc1_node1] Coordinator NOT in preference list, forwarding only
[dc1_node1] Client PUT: key='item:0050', value='stress_6_2160'
[dc1_node1] Preference list for 'item:0050': ['localhost:50053', 'localhost:50061', 'localhost:50052']
[dc1_node1] Coordinator NOT in preference list, forwarding only
[dc1_node1] Replicated to localhost:50052
[dc1_node1] Replicated to localhost:50053
[dc1_node1] Internal PUT (replication): key='item:0054'
[dc1_node1] CONFLICT detected for key='item:0054', siblings=20
[dc1_node1] Replicated to localhost:50061
[dc1_node1] Replicated to localhost:50064
[dc1_node1] Replicated to localhost:50052
[dc1_node1] Saved 8 keys to disk
[dc1_node1] Client PUT: key='item:0008', value='stress_1_2149'
[dc1_node1] Preference list for 'item:0008': ['localhost:50065', 'localhost:50060', 'localhost:50055']
[dc1_node1] Coordinator NOT in preference list, forwarding only
[dc1_node1] W-quorum achieved (2 writes), returning to client
[dc1_node1] Background replication continues for remaining nodes
[dc1_node1] Successful writes: 3/3
[dc1_node1] W-quorum achieved (2 writes), returning to client
[dc1_node1] Background replication continues for remaining nodes
[dc1_node1] Successful writes: 2/3
[dc1_node1] Replicated to localhost:50060
[dc1_node1] Replicated to localhost:50055
[dc1_node1] Replicated to localhost:50065
[dc1_node1] Retrieved key='item:0031', versions=20
[dc1_node1] W-quorum achieved (2 writes), returning to client
[dc1_node1] Background replication continues for remaining nodes
[dc1_node1] Successful writes: 2/3
[dc1_node1] Replicated to localhost:50060
[dc1_node1] Internal PUT (replication): key='item:0063'
[dc1_node1] CONFLICT detected for key='item:0063', siblings=20
[dc1_node1] Saved 8 keys to disk
[dc1_node1] Retrieved key='item:0079', versions=20
[dc1_node1] Retrieved key='item:0079', versions=20
[dc1_node1] Internal PUT (replication): key='item:0079'
[dc1_node1] CONFLICT detected for key='item:0079', siblings=20
[dc1_node1] Saved 8 keys to disk
[dc1_node1] Internal PUT (replication): key='item:0063'
[dc1_node1] CONFLICT detected for key='item:0063', siblings=20
[dc1_node1] Saved 8 keys to disk
[dc1_node1] Retrieved key='item:0079', versions=20
[dc1_node1] Retrieved key='item:0095', versions=20
[dc1_node1] Client PUT: key='item:0059', value='stress_6_2167'
[dc1_node1] Preference list for 'item:0059': ['localhost:50055', 'localhost:50069', 'localhost:50060']
[dc1_node1] Coordinator NOT in preference list, forwarding only
[dc1_node1] Internal PUT (replication): key='item:0080'
[dc1_node1] CONFLICT detected for key='item:0080', siblings=20
[dc1_node1] Replicated to localhost:50055
[dc1_node1] Replicated to localhost:50060
[dc1_node1] Saved 8 keys to disk
[dc1_node1] Replicated to localhost:50069
[dc1_node1] W-quorum achieved (2 writes), returning to client
[dc1_node1] Background replication continues for remaining nodes
[dc1_node1] Successful writes: 3/3
[dc1_node1] Internal PUT (replication): key='item:0063'
[dc1_node1] CONFLICT detected for key='item:0063', siblings=20
[dc1_node1] Saved 8 keys to disk
[dc1_node1] Internal PUT (replication): key='item:0079'
[dc1_node1] CONFLICT detected for key='item:0079', siblings=20
[dc1_node1] Saved 8 keys to disk
[dc1_node1] Client GET: key='item:0023'
[dc1_node1] Preference list for 'item:0023': ['localhost:50067', 'localhost:50058', 'localhost:50061']
[dc1_node1] Reading from first 2 nodes in preference list
[dc1_node1] CONFLICT: 40 sibling versions for 'item:0023'
[dc1_node1] Internal PUT (replication): key='item:0080'
[dc1_node1] CONFLICT detected for key='item:0080', siblings=20
[dc1_node1] Saved 8 keys to disk
[dc1_node1] Client PUT: key='item:0099', value='stress_8_2131'
[dc1_node1] Preference list for 'item:0099': ['localhost:50053', 'localhost:50070', 'localhost:50054']
[dc1_node1] Coordinator NOT in preference list, forwarding only
[dc1_node1] Replicated to localhost:50054
[dc1_node1] Replicated to localhost:50070
[dc1_node1] Retrieved key='item:0031', versions=20
[dc1_node1] Replicated to localhost:50053
[dc1_node1] W-quorum achieved (2 writes), returning to client
[dc1_node1] Background replication continues for remaining nodes
[dc1_node1] Successful writes: 3/3
[dc1_node1] Client GET: key='item:0065'
[dc1_node1] Preference list for 'item:0065': ['localhost:50055', 'localhost:50066', 'localhost:50065']
[dc1_node1] Reading from first 2 nodes in preference list
[dc1_node1] Client PUT: key='item:0087', value='stress_3_2136'
[dc1_node1] Preference list for 'item:0087': ['localhost:50052', 'localhost:50061', 'localhost:50063']
[dc1_node1] Coordinator NOT in preference list, forwarding only
[dc1_node1] Client GET: key='item:0050'
[dc1_node1] Preference list for 'item:0050': ['localhost:50053', 'localhost:50061', 'localhost:50052']
[dc1_node1] Reading from first 2 nodes in preference list
[dc1_node1] CONFLICT: 40 sibling versions for 'item:0065'
[dc1_node1] Replicated to localhost:50061
[dc1_node1] Internal PUT (replication): key='item:0025'
[dc1_node1] CONFLICT detected for key='item:0025', siblings=20
[dc1_node1] Replicated to localhost:50052
[dc1_node1] CONFLICT: 40 sibling versions for 'item:0050'
[dc1_node1] Replicated to localhost:50063
[dc1_node1] Saved 8 keys to disk
[dc1_node1] Internal PUT (replication): key='item:0095'
[dc1_node1] CONFLICT detected for key='item:0095', siblings=20
[dc1_node1] W-quorum achieved (2 writes), returning to client
[dc1_node1] Background replication continues for remaining nodes
[dc1_node1] Successful writes: 3/3
[dc1_node1] Saved 8 keys to disk
[dc1_node1] Internal PUT (replication): key='item:0063'
[dc1_node1] CONFLICT detected for key='item:0063', siblings=20
[dc1_node1] Saved 8 keys to disk
[dc1_node1] Client PUT: key='item:0043', value='stress_8_2136'
[dc1_node1] Preference list for 'item:0043': ['localhost:50058', 'localhost:50070', 'localhost:50057']
[dc1_node1] Coordinator NOT in preference list, forwarding only
[dc1_node1] Replicated to localhost:50070
[dc1_node1] Replicated to localhost:50057
[dc1_node1] Replicated to localhost:50058
[dc1_node1] W-quorum achieved (2 writes), returning to client
[dc1_node1] Background replication continues for remaining nodes
[dc1_node1] Successful writes: 3/3
[dc1_node1] Internal PUT (replication): key='item:0063'
[dc1_node1] CONFLICT detected for key='item:0063', siblings=20
[dc1_node1] Saved 8 keys to disk
[dc1_node1] Internal PUT (replication): key='item:0095'
[dc1_node1] CONFLICT detected for key='item:0095', siblings=20
[dc1_node1] Saved 8 keys to disk
[dc1_node1] Client PUT: key='item:0099', value='stress_3_2143'
[dc1_node1] Preference list for 'item:0099': ['localhost:50053', 'localhost:50070', 'localhost:50054']
[dc1_node1] Coordinator NOT in preference list, forwarding only
[dc1_node1] Replicated to localhost:50054
[dc1_node1] Client GET: key='item:0097'
[dc1_node1] Preference list for 'item:0097': ['localhost:50060', 'localhost:50064', 'localhost:50052']
[dc1_node1] Reading from first 2 nodes in preference list
[dc1_node1] Replicated to localhost:50053
[dc1_node1] Replicated to localhost:50070
[dc1_node1] W-quorum achieved (2 writes), returning to client
[dc1_node1] Background replication continues for remaining nodes
[dc1_node1] Successful writes: 3/3
[dc1_node1] CONFLICT: 40 sibling versions for 'item:0097'
[dc1_node1] Internal PUT (replication): key='item:0080'
[dc1_node1] CONFLICT detected for key='item:0080', siblings=20
[dc1_node1] Internal PUT (replication): key='item:0079'
[dc1_node1] Saved 8 keys to disk
[dc1_node1] CONFLICT detected for key='item:0079', siblings=20
[dc1_node1] Saved 8 keys to disk
[dc1_node1] Internal PUT (replication): key='item:0063'
[dc1_node1] CONFLICT detected for key='item:0063', siblings=20
[dc1_node1] Saved 8 keys to disk
[dc1_node1] Client PUT: key='item:0053', value='stress_9_2157'
[dc1_node1] Preference list for 'item:0053': ['localhost:50056', 'localhost:50068', 'localhost:50062']
[dc1_node1] Coordinator NOT in preference list, forwarding only
[dc1_node1] Client GET: key='item:0007'
[dc1_node1] Preference list for 'item:0007': ['localhost:50065', 'localhost:50059', 'localhost:50070']
[dc1_node1] Reading from first 2 nodes in preference list
[dc1_node1] Replicated to localhost:50068
[dc1_node1] Replicated to localhost:50056
[dc1_node1] CONFLICT: 40 sibling versions for 'item:0007'
[dc1_node1] Client GET: key='item:0098'
[dc1_node1] Preference list for 'item:0098': ['localhost:50055', 'localhost:50064', 'localhost:50067']
[dc1_node1] Reading from first 2 nodes in preference list
[dc1_node1] Replicated to localhost:50062
[dc1_node1] W-quorum achieved (2 writes), returning to client
[dc1_node1] Background replication continues for remaining nodes
[dc1_node1] Successful writes: 3/3
[dc1_node1] CONFLICT: 40 sibling versions for 'item:0098'
[dc1_node1] Client GET: key='item:0035'
[dc1_node1] Preference list for 'item:0035': ['localhost:50054', 'localhost:50068', 'localhost:50060']
[dc1_node1] Reading from first 2 nodes in preference list
[dc1_node1] CONFLICT: 40 sibling versions for 'item:0035'
[dc1_node1] Internal PUT (replication): key='item:0025'
[dc1_node1] CONFLICT detected for key='item:0025', siblings=20
[dc1_node1] Saved 8 keys to disk
[dc1_node1] Client PUT: key='item:0010', value='stress_7_2172'
[dc1_node1] Preference list for 'item:0010': ['localhost:50056', 'localhost:50067', 'localhost:50055']
[dc1_node1] Coordinator NOT in preference list, forwarding only
[dc1_node1] Replicated to localhost:50055
[dc1_node1] Replicated to localhost:50056
[dc1_node1] Internal PUT (replication): key='item:0054'
[dc1_node1] CONFLICT detected for key='item:0054', siblings=20
[dc1_node1] Replicated to localhost:50067
[dc1_node1] Saved 8 keys to disk
[dc1_node1] W-quorum achieved (2 writes), returning to client
[dc1_node1] Background replication continues for remaining nodes
[dc1_node1] Successful writes: 3/3
[dc1_node1] Internal PUT (replication): key='item:0042'
[dc1_node1] CONFLICT detected for key='item:0042', siblings=20
[dc1_node1] Saved 8 keys to disk
[dc1_node1] Client GET: key='item:0025'
[dc1_node1] Preference list for 'item:0025': ['localhost:50059', 'localhost:50067', 'localhost:50051']
[dc1_node1] Reading from first 2 nodes in preference list
[dc1_node1] CONFLICT: 40 sibling versions for 'item:0025'
[dc1_node1] Internal PUT (replication): key='item:0079'
[dc1_node1] CONFLICT detected for key='item:0079', siblings=20
[dc1_node1] Client PUT: key='item:0053', value='stress_2_2153'
[dc1_node1] Preference list for 'item:0053': ['localhost:50056', 'localhost:50068', 'localhost:50062']
[dc1_node1] Coordinator NOT in preference list, forwarding only
[dc1_node1] Replicated to localhost:50056
[dc1_node1] Replicated to localhost:50062
[dc1_node1] Replicated to localhost:50068
[dc1_node1] W-quorum achieved (2 writes), returning to client
[dc1_node1] Background replication continues for remaining nodes
[dc1_node1] Successful writes: 3/3
[dc1_node1] Client GET: key='item:0032'
[dc1_node1] Preference list for 'item:0032': ['localhost:50063', 'localhost:50055', 'localhost:50064']
[dc1_node1] Reading from first 2 nodes in preference list
[dc1_node1] CONFLICT: 40 sibling versions for 'item:0032'
[dc1_node1] Client PUT: key='item:0048', value='stress_8_2156'
[dc1_node1] Preference list for 'item:0048': ['localhost:50070', 'localhost:50054', 'localhost:50064']
[dc1_node1] Coordinator NOT in preference list, forwarding only
[dc1_node1] Replicated to localhost:50054
[dc1_node1] Replicated to localhost:50070
[dc1_node1] Retrieved key='item:0031', versions=20
[dc1_node1] Client GET: key='item:0050'
[dc1_node1] Preference list for 'item:0050': ['localhost:50053', 'localhost:50061', 'localhost:50052']
[dc1_node1] Reading from first 2 nodes in preference list
[dc1_node1] CONFLICT: 40 sibling versions for 'item:0050'
[dc1_node1] W-quorum achieved (2 writes), returning to client
[dc1_node1] Background replication continues for remaining nodes
[dc1_node1] Successful writes: 2/3
[dc1_node1] Replicated to localhost:50064
[dc1_node1] Client GET: key='item:0009'
[dc1_node1] Preference list for 'item:0009': ['localhost:50064', 'localhost:50052', 'localhost:50066']
[dc1_node1] Reading from first 2 nodes in preference list
[dc1_node1] Client PUT: key='item:0099', value='stress_3_2162'
[dc1_node1] Preference list for 'item:0099': ['localhost:50053', 'localhost:50070', 'localhost:50054']
[dc1_node1] Coordinator NOT in preference list, forwarding only
[dc1_node1] Internal PUT (replication): key='item:0031'
[dc1_node1] CONFLICT detected for key='item:0031', siblings=20
[dc1_node1] CONFLICT: 40 sibling versions for 'item:0009'
[dc1_node1] Replicated to localhost:50053
[dc1_node1] Saved 8 keys to disk
[dc1_node1] Replicated to localhost:50070
[dc1_node1] Replicated to localhost:50054
[dc1_node1] Retrieved key='item:0095', versions=20
[dc1_node1] W-quorum achieved (2 writes), returning to client
[dc1_node1] Background replication continues for remaining nodes
[dc1_node1] Successful writes: 3/3
[dc1_node1] Internal PUT (replication): key='item:0079'
[dc1_node1] CONFLICT detected for key='item:0079', siblings=20
[dc1_node1] Saved 8 keys to disk
[dc1_node1] Client PUT: key='item:0029', value='stress_6_2209'
[dc1_node1] Preference list for 'item:0029': ['localhost:50062', 'localhost:50058', 'localhost:50069']
[dc1_node1] Coordinator NOT in preference list, forwarding only
[dc1_node1] Replicated to localhost:50069
[dc1_node1] Replicated to localhost:50062
[dc1_node1] W-quorum achieved (2 writes), returning to client
[dc1_node1] Background replication continues for remaining nodes
[dc1_node1] Successful writes: 2/3
[dc1_node1] Replicated to localhost:50058
[dc1_node1] Internal PUT (replication): key='item:0025'
[dc1_node1] CONFLICT detected for key='item:0025', siblings=20
[dc1_node1] Saved 8 keys to disk
[dc1_node1] Client PUT: key='item:0079', value='stress_3_2167'
[dc1_node1] Preference list for 'item:0079': ['localhost:50051', 'localhost:50065', 'localhost:50060']
[dc1_node1] CONFLICT detected for key='item:0079', siblings=20
[dc1_node1] Saved 8 keys to disk
[dc1_node1] Coordinator IS in preference list, stored locally
[dc1_node1] Replicated to localhost:50065
[dc1_node1] Replicated to localhost:50060
[dc1_node1] Client GET: key='item:0048'
[dc1_node1] Preference list for 'item:0048': ['localhost:50070', 'localhost:50054', 'localhost:50064']
[dc1_node1] Reading from first 2 nodes in preference list
[dc1_node1] W-quorum achieved (2 writes), returning to client
[dc1_node1] Background replication continues for remaining nodes
[dc1_node1] Successful writes: 3/3
[dc1_node1] Internal PUT (replication): key='item:0025'
[dc1_node1] CONFLICT detected for key='item:0025', siblings=20
[dc1_node1] CONFLICT: 40 sibling versions for 'item:0048'
[dc1_node1] Saved 8 keys to disk
[dc1_node1] Client GET: key='item:0039'
[dc1_node1] Preference list for 'item:0039': ['localhost:50070', 'localhost:50054', 'localhost:50068']
[dc1_node1] Reading from first 2 nodes in preference list
[dc1_node1] CONFLICT: 40 sibling versions for 'item:0039'
[dc1_node1] Internal PUT (replication): key='item:0025'
[dc1_node1] CONFLICT detected for key='item:0025', siblings=20
[dc1_node1] Saved 8 keys to disk
[dc1_node1] Client PUT: key='item:0063', value='stress_2_2166'
[dc1_node1] Preference list for 'item:0063': ['localhost:50069', 'localhost:50051', 'localhost:50065']
[dc1_node1] CONFLICT detected for key='item:0063', siblings=20
[dc1_node1] Saved 8 keys to disk
[dc1_node1] Coordinator IS in preference list, stored locally
[dc1_node1] Replicated to localhost:50069
[dc1_node1] Replicated to localhost:50065
[dc1_node1] Retrieved key='item:0031', versions=20
[dc1_node1] W-quorum achieved (2 writes), returning to client
[dc1_node1] Background replication continues for remaining nodes
[dc1_node1] Successful writes: 3/3
[dc1_node1] Internal PUT (replication): key='item:0042'
[dc1_node1] CONFLICT detected for key='item:0042', siblings=20
[dc1_node1] Saved 8 keys to disk
[dc1_node1] Internal PUT (replication): key='item:0054'
[dc1_node1] CONFLICT detected for key='item:0054', siblings=20
[dc1_node1] Saved 8 keys to disk
[dc1_node1] Retrieved key='item:0095', versions=20
[dc1_node1] Internal PUT (replication): key='item:0079'
[dc1_node1] CONFLICT detected for key='item:0079', siblings=20
[dc1_node1] Saved 8 keys to disk
[dc1_node1] Client PUT: key='item:0020', value='stress_5_2182'
[dc1_node1] Preference list for 'item:0020': ['localhost:50052', 'localhost:50061', 'localhost:50065']
[dc1_node1] Coordinator NOT in preference list, forwarding only
[dc1_node1] Replicated to localhost:50061
[dc1_node1] Replicated to localhost:50065
[dc1_node1] Replicated to localhost:50052
[dc1_node1] W-quorum achieved (2 writes), returning to client
[dc1_node1] Background replication continues for remaining nodes
[dc1_node1] Successful writes: 3/3
[dc1_node1] Retrieved key='item:0095', versions=20
[dc1_node1] Client PUT: key='item:0034', value='stress_5_2185'
[dc1_node1] Preference list for 'item:0034': ['localhost:50064', 'localhost:50055', 'localhost:50062']
[dc1_node1] Coordinator NOT in preference list, forwarding only
[dc1_node1] Client PUT: key='item:0066', value='stress_2_2177'
[dc1_node1] Preference list for 'item:0066': ['localhost:50066', 'localhost:50052', 'localhost:50061']
[dc1_node1] Coordinator NOT in preference list, forwarding only
[dc1_node1] Replicated to localhost:50064
[dc1_node1] Replicated to localhost:50055
[dc1_node1] Replicated to localhost:50062
[dc1_node1] Replicated to localhost:50052
[dc1_node1] Replicated to localhost:50066
[dc1_node1] W-quorum achieved (2 writes), returning to client
[dc1_node1] Background replication continues for remaining nodes
[dc1_node1] Successful writes: 3/3
[dc1_node1] Replicated to localhost:50061
[dc1_node1] W-quorum achieved (2 writes), returning to client
[dc1_node1] Background replication continues for remaining nodes
[dc1_node1] Successful writes: 3/3
[dc1_node1] Retrieved key='item:0079', versions=20
[dc1_node1] Internal PUT (replication): key='item:0080'
[dc1_node1] CONFLICT detected for key='item:0080', siblings=20
[dc1_node1] Saved 8 keys to disk
[dc1_node1] Client PUT: key='item:0003', value='stress_0_2200'
[dc1_node1] Preference list for 'item:0003': ['localhost:50058', 'localhost:50069', 'localhost:50062']
[dc1_node1] Coordinator NOT in preference list, forwarding only
[dc1_node1] Client GET: key='item:0033'
[dc1_node1] Preference list for 'item:0033': ['localhost:50058', 'localhost:50063', 'localhost:50062']
[dc1_node1] Reading from first 2 nodes in preference list
[dc1_node1] Replicated to localhost:50069
[dc1_node1] Replicated to localhost:50058
[dc1_node1] Replicated to localhost:50062
  0“ZUu  pÔdUu  ð.Wu  ðˆZUu [dc1_node1] CONFLICT: 40 sibling versions for 'item:0033'
[dc1_node1] Client GET: key='item:0058'
[dc1_node1] Preference list for 'item:0058': ['localhost:50070', 'localhost:50058', 'localhost:50060']
[dc1_node1] Reading from first 2 nodes in preference list
[dc1_node1] W-quorum achieved (2 writes), returning to client
[dc1_node1] Background replication continues for remaining nodes
[dc1_node1] Successful writes: 3/3
[dc1_node1] Client PUT: key='item:0096', value='stress_4_2179'
[dc1_node1] Preference list for 'item:0096': ['localhost:50070', 'localhost:50058', 'localhost:50060']
[dc1_node1] Coordinator NOT in preference list, forwarding only
[dc1_node1] Internal PUT (replication): key='item:0079'
[dc1_node1] CONFLICT detected for key='item:0079', siblings=20
[dc1_node1] Saved 8 keys to disk
[dc1_node1] Replicated to localhost:50070
[dc1_node1] Client GET: key='item:0057'
[dc1_node1] Preference list for 'item:0057': ['localhost:50067', 'localhost:50059', 'localhost:50061']
[dc1_node1] Reading from first 2 nodes in preference list
[dc1_node1] Replicated to localhost:50058
[dc1_node1] CONFLICT: 40 sibling versions for 'item:0058'
[dc1_node1] Retrieved key='item:0095', versions=20
[dc1_node1] Replicated to localhost:50060
[dc1_node1] W-quorum achieved (2 writes), returning to client
[dc1_node1] Background replication continues for remaining nodes
[dc1_node1] Successful writes: 3/3
[dc1_node1] CONFLICT: 40 sibling versions for 'item:0057'
[dc1_node1] Internal PUT (replication): key='item:0063'
[dc1_node1] CONFLICT detected for key='item:0063', siblings=20
[dc1_node1] Saved 8 keys to disk
[dc1_node1] Client GET: key='item:0070'
[dc1_node1] Preference list for 'item:0070': ['localhost:50060', 'localhost:50068', 'localhost:50063']
[dc1_node1] Reading from first 2 nodes in preference list
[dc1_node1] CONFLICT: 40 sibling versions for 'item:0070'
[dc1_node1] Internal PUT (replication): key='item:0042'
[dc1_node1] CONFLICT detected for key='item:0042', siblings=20
[dc1_node1] Saved 8 keys to disk
[dc1_node1] Client PUT: key='dc_test_DC1:0', value='value_from_DC1'
[dc1_node1] Preference list for 'dc_test_DC1:0': ['localhost:50052', 'localhost:50067', 'localhost:50057']
[dc1_node1] Coordinator NOT in preference list, forwarding only
[dc1_node1] Replicated to localhost:50052
[dc1_node1] Replicated to localhost:50057
[dc1_node1] Replicated to localhost:50067
[dc1_node1] W-quorum achieved (2 writes), returning to client
[dc1_node1] Background replication continues for remaining nodes
[dc1_node1] Successful writes: 3/3
[dc1_node1] Client PUT: key='dc_test_DC1:1', value='value_from_DC1'
[dc1_node1] Preference list for 'dc_test_DC1:1': ['localhost:50055', 'localhost:50062', 'localhost:50057']
[dc1_node1] Coordinator NOT in preference list, forwarding only
[dc1_node1] Replicated to localhost:50057
[dc1_node1] Replicated to localhost:50055
[dc1_node1] Replicated to localhost:50062
[dc1_node1] W-quorum achieved (2 writes), returning to client
[dc1_node1] Background replication continues for remaining nodes
[dc1_node1] Successful writes: 3/3
[dc1_node1] Client PUT: key='dc_test_DC1:2', value='value_from_DC1'
[dc1_node1] Preference list for 'dc_test_DC1:2': ['localhost:50054', 'localhost:50069', 'localhost:50066']
[dc1_node1] Coordinator NOT in preference list, forwarding only
[dc1_node1] Replicated to localhost:50054
[dc1_node1] Replicated to localhost:50069
[dc1_node1] Replicated to localhost:50066
[dc1_node1] W-quorum achieved (2 writes), returning to client
[dc1_node1] Background replication continues for remaining nodes
[dc1_node1] Successful writes: 3/3
[dc1_node1] Client PUT: key='dc_test_DC1:3', value='value_from_DC1'
[dc1_node1] Preference list for 'dc_test_DC1:3': ['localhost:50060', 'localhost:50062', 'localhost:50053']
[dc1_node1] Coordinator NOT in preference list, forwarding only
[dc1_node1] Replicated to localhost:50053
[dc1_node1] Replicated to localhost:50060
[dc1_node1] Replicated to localhost:50062
[dc1_node1] W-quorum achieved (2 writes), returning to client
[dc1_node1] Background replication continues for remaining nodes
[dc1_node1] Successful writes: 3/3
[dc1_node1] Client PUT: key='dc_test_DC1:4', value='value_from_DC1'
[dc1_node1] Preference list for 'dc_test_DC1:4': ['localhost:50068', 'localhost:50059', 'localhost:50064']
[dc1_node1] Coordinator NOT in preference list, forwarding only
[dc1_node1] Replicated to localhost:50068
[dc1_node1] Replicated to localhost:50059
[dc1_node1] Replicated to localhost:50064
[dc1_node1] W-quorum achieved (2 writes), returning to client
[dc1_node1] Background replication continues for remaining nodes
[dc1_node1] Successful writes: 3/3
[dc1_node1] Client PUT: key='dc_test_DC1:5', value='value_from_DC1'
[dc1_node1] Preference list for 'dc_test_DC1:5': ['localhost:50057', 'localhost:50062', 'localhost:50054']
[dc1_node1] Coordinator NOT in preference list, forwarding only
[dc1_node1] Replicated to localhost:50057
[dc1_node1] Replicated to localhost:50054
[dc1_node1] Replicated to localhost:50062
[dc1_node1] W-quorum achieved (2 writes), returning to client
[dc1_node1] Background replication continues for remaining nodes
[dc1_node1] Successful writes: 3/3
[dc1_node1] Client PUT: key='dc_test_DC1:6', value='value_from_DC1'
[dc1_node1] Preference list for 'dc_test_DC1:6': ['localhost:50062', 'localhost:50055', 'localhost:50059']
[dc1_node1] Coordinator NOT in preference list, forwarding only
[dc1_node1] Replicated to localhost:50059
[dc1_node1] Replicated to localhost:50062
[dc1_node1] Replicated to localhost:50055
[dc1_node1] W-quorum achieved (2 writes), returning to client
[dc1_node1] Background replication continues for remaining nodes
[dc1_node1] Successful writes: 3/3
[dc1_node1] Client PUT: key='dc_test_DC1:7', value='value_from_DC1'
[dc1_node1] Preference list for 'dc_test_DC1:7': ['localhost:50062', 'localhost:50058', 'localhost:50069']
[dc1_node1] Coordinator NOT in preference list, forwarding only
[dc1_node1] Replicated to localhost:50069
[dc1_node1] Replicated to localhost:50058
[dc1_node1] Replicated to localhost:50062
[dc1_node1] W-quorum achieved (2 writes), returning to client
[dc1_node1] Background replication continues for remaining nodes
[dc1_node1] Successful writes: 3/3
[dc1_node1] Client PUT: key='dc_test_DC1:8', value='value_from_DC1'
[dc1_node1] Preference list for 'dc_test_DC1:8': ['localhost:50058', 'localhost:50070', 'localhost:50068']
[dc1_node1] Coordinator NOT in preference list, forwarding only
[dc1_node1] Replicated to localhost:50070
[dc1_node1] Replicated to localhost:50068
[dc1_node1] Replicated to localhost:50058
[dc1_node1] W-quorum achieved (2 writes), returning to client
[dc1_node1] Background replication continues for remaining nodes
[dc1_node1] Successful writes: 3/3
[dc1_node1] Client PUT: key='dc_test_DC1:9', value='value_from_DC1'
[dc1_node1] Preference list for 'dc_test_DC1:9': ['localhost:50063', 'localhost:50052', 'localhost:50062']
[dc1_node1] Coordinator NOT in preference list, forwarding only
[dc1_node1] Replicated to localhost:50052
[dc1_node1] Replicated to localhost:50063
[dc1_node1] Replicated to localhost:50062
[dc1_node1] W-quorum achieved (2 writes), returning to client
[dc1_node1] Background replication continues for remaining nodes
[dc1_node1] Successful writes: 3/3
[dc1_node1] Client PUT: key='dc_test_DC1:10', value='value_from_DC1'
[dc1_node1] Preference list for 'dc_test_DC1:10': ['localhost:50054', 'localhost:50065', 'localhost:50053']
[dc1_node1] Coordinator NOT in preference list, forwarding only
[dc1_node1] Replicated to localhost:50054
[dc1_node1] Replicated to localhost:50065
[dc1_node1] Replicated to localhost:50053
[dc1_node1] W-quorum achieved (2 writes), returning to client
[dc1_node1] Background replication continues for remaining nodes
[dc1_node1] Successful writes: 3/3
[dc1_node1] Client PUT: key='dc_test_DC1:11', value='value_from_DC1'
[dc1_node1] Preference list for 'dc_test_DC1:11': ['localhost:50058', 'localhost:50062', 'localhost:50055']
[dc1_node1] Coordinator NOT in preference list, forwarding only
[dc1_node1] Replicated to localhost:50055
[dc1_node1] Replicated to localhost:50062
[dc1_node1] Replicated to localhost:50058
