[dc2_node2] No existing data file found, starting fresh
[dc2_node2] No existing hints file found, starting fresh
[ConsistentHash] No ring state file found for dc2_node2
Added node localhost:50072 with 150 virtual nodes
[Config] Added localhost:50072 to DC2
Added node localhost:50051 with 150 virtual nodes
[ConsistentHash] Saved ring state for dc2_node2
[dc2_node2] Hint delivery loop started
[dc2_node2] Started hint delivery thread
[dc2_node2] Initialized at localhost:50072 (DC: DC2)
[dc2_node2] Known nodes: ['localhost:50051', 'localhost:50072']
[dc2_node2] Replication: N=3, R=2, W=2
[dc2_node2] Datacenter-aware: True
[dc2_node2] Hinted handoff: True

======================================================================
DHT Node 'dc2_node2' started (Phase 2+3 Features)
Address: localhost:50072
Datacenter: DC2
Replication: N=3, R=2, W=2
======================================================================

[Config] Strong consistency: R + W > N ✓
[dc2_node2] Announcing presence to cluster...
[dc2_node2] Successfully announced to localhost:50051: Successfully joined cluster. Ring has 22 nodes
[dc2_node2] Discovering nodes from known nodes...
Added node localhost:50052 with 150 virtual nodes
[Config] Added localhost:50052 to DC1
Added node localhost:50053 with 150 virtual nodes
[Config] Added localhost:50053 to DC1
Added node localhost:50064 with 150 virtual nodes
[Config] Added localhost:50064 to DC1
Added node localhost:50068 with 150 virtual nodes
[Config] Added localhost:50068 to DC1
Added node localhost:50067 with 150 virtual nodes
[Config] Added localhost:50067 to DC1
Added node localhost:50054 with 150 virtual nodes
[Config] Added localhost:50054 to DC1
Added node localhost:50058 with 150 virtual nodes
[Config] Added localhost:50058 to DC1
Added node localhost:50055 with 150 virtual nodes
[Config] Added localhost:50055 to DC1
Added node localhost:50061 with 150 virtual nodes
[Config] Added localhost:50061 to DC1
Added node localhost:50069 with 150 virtual nodes
[Config] Added localhost:50069 to DC1
Added node localhost:50071 with 150 virtual nodes
[Config] Added localhost:50071 to DC2
Added node localhost:50060 with 150 virtual nodes
[Config] Added localhost:50060 to DC1
Added node localhost:50066 with 150 virtual nodes
[Config] Added localhost:50066 to DC1
Added node localhost:50070 with 150 virtual nodes
[Config] Added localhost:50070 to DC1
[Config] Added localhost:50051 to DC1
Added node localhost:50056 with 150 virtual nodes
[Config] Added localhost:50056 to DC1
Added node localhost:50063 with 150 virtual nodes
[Config] Added localhost:50063 to DC1
Added node localhost:50062 with 150 virtual nodes
[Config] Added localhost:50062 to DC1
Added node localhost:50065 with 150 virtual nodes
[Config] Added localhost:50065 to DC1
Added node localhost:50059 with 150 virtual nodes
[Config] Added localhost:50059 to DC1
Added node localhost:50057 with 150 virtual nodes
[Config] Added localhost:50057 to DC1
[dc2_node2] Round 1: discovered 21 new nodes, ring now has 22 nodes
[dc2_node2] Join request from localhost:50073 (DC: DC2)
Added node localhost:50073 with 150 virtual nodes
[Config] Added localhost:50073 to DC2
[ConsistentHash] Saved ring state for dc2_node2
[dc2_node2] Added localhost:50073 to ring. Ring now has 23 nodes
[dc2_node2] Join request from localhost:50073 (DC: DC2)
[dc2_node2] Join request from localhost:50073 (DC: DC2)
[dc2_node2] Join request from localhost:50074 (DC: DC2)
Added node localhost:50074 with 150 virtual nodes
[Config] Added localhost:50074 to DC2
[ConsistentHash] Saved ring state for dc2_node2
[dc2_node2] Added localhost:50074 to ring. Ring now has 24 nodes
[dc2_node2] Join request from localhost:50074 (DC: DC2)
[dc2_node2] Join request from localhost:50075 (DC: DC2)
Added node localhost:50075 with 150 virtual nodes
[Config] Added localhost:50075 to DC2
[ConsistentHash] Saved ring state for dc2_node2
[dc2_node2] Added localhost:50075 to ring. Ring now has 25 nodes
[dc2_node2] Join request from localhost:50075 (DC: DC2)
[dc2_node2] Join request from localhost:50075 (DC: DC2)
[dc2_node2] Join request from localhost:50076 (DC: DC2)
Added node localhost:50076 with 150 virtual nodes
[Config] Added localhost:50076 to DC2
[ConsistentHash] Saved ring state for dc2_node2
[dc2_node2] Added localhost:50076 to ring. Ring now has 26 nodes
[dc2_node2] Join request from localhost:50077 (DC: DC2)
Added node localhost:50077 with 150 virtual nodes
[Config] Added localhost:50077 to DC2
[ConsistentHash] Saved ring state for dc2_node2
[dc2_node2] Added localhost:50077 to ring. Ring now has 27 nodes
[dc2_node2] Join request from localhost:50078 (DC: DC2)
Added node localhost:50078 with 150 virtual nodes
[Config] Added localhost:50078 to DC2
[ConsistentHash] Saved ring state for dc2_node2
[dc2_node2] Added localhost:50078 to ring. Ring now has 28 nodes
[dc2_node2] Join request from localhost:50078 (DC: DC2)
[dc2_node2] Join request from localhost:50079 (DC: DC2)
Added node localhost:50079 with 150 virtual nodes
[Config] Added localhost:50079 to DC2
[ConsistentHash] Saved ring state for dc2_node2
[dc2_node2] Added localhost:50079 to ring. Ring now has 29 nodes
[dc2_node2] Join request from localhost:50079 (DC: DC2)
[dc2_node2] Join request from localhost:50080 (DC: DC2)
Added node localhost:50080 with 150 virtual nodes
[Config] Added localhost:50080 to DC2
[ConsistentHash] Saved ring state for dc2_node2
[dc2_node2] Added localhost:50080 to ring. Ring now has 30 nodes
[dc2_node2] Join request from localhost:50080 (DC: DC2)
[dc2_node2] Join request from localhost:50081 (DC: DC2)
Added node localhost:50081 with 150 virtual nodes
[Config] Added localhost:50081 to DC2
[ConsistentHash] Saved ring state for dc2_node2
[dc2_node2] Added localhost:50081 to ring. Ring now has 31 nodes
[dc2_node2] Join request from localhost:50082 (DC: DC2)
Added node localhost:50082 with 150 virtual nodes
[Config] Added localhost:50082 to DC2
[ConsistentHash] Saved ring state for dc2_node2
[dc2_node2] Added localhost:50082 to ring. Ring now has 32 nodes
[dc2_node2] Join request from localhost:50082 (DC: DC2)
[dc2_node2] Join request from localhost:50082 (DC: DC2)
[dc2_node2] Join request from localhost:50083 (DC: DC2)
Added node localhost:50083 with 150 virtual nodes
[Config] Added localhost:50083 to DC2
[dc2_node2] Join request from localhost:50083 (DC: DC2)
[ConsistentHash] Saved ring state for dc2_node2
[dc2_node2] Added localhost:50083 to ring. Ring now has 33 nodes
[dc2_node2] Join request from localhost:50084 (DC: DC2)
Added node localhost:50084 with 150 virtual nodes
[Config] Added localhost:50084 to DC2
[ConsistentHash] Saved ring state for dc2_node2
[dc2_node2] Added localhost:50084 to ring. Ring now has 34 nodes
[dc2_node2] Join request from localhost:50085 (DC: DC2)
Added node localhost:50085 with 150 virtual nodes
[Config] Added localhost:50085 to DC2
[ConsistentHash] Saved ring state for dc2_node2
[dc2_node2] Added localhost:50085 to ring. Ring now has 35 nodes
[dc2_node2] Join request from localhost:50085 (DC: DC2)
[dc2_node2] Join request from localhost:50085 (DC: DC2)
[dc2_node2] Join request from localhost:50086 (DC: DC2)
Added node localhost:50086 with 150 virtual nodes
[Config] Added localhost:50086 to DC2
[dc2_node2] Join request from localhost:50086 (DC: DC2)
[dc2_node2] Join request from localhost:50086 (DC: DC2)
[ConsistentHash] Saved ring state for dc2_node2
[dc2_node2] Added localhost:50086 to ring. Ring now has 36 nodes
[dc2_node2] Join request from localhost:50086 (DC: DC2)
[Config] Added localhost:50081 to DC2
[Config] Added localhost:50086 to DC2
[Config] Added localhost:50082 to DC2
[Config] Added localhost:50080 to DC2
[Config] Added localhost:50073 to DC2
[Config] Added localhost:50076 to DC2
[Config] Added localhost:50074 to DC2
[Config] Added localhost:50085 to DC2
[Config] Added localhost:50075 to DC2
[Config] Added localhost:50084 to DC2
[Config] Added localhost:50079 to DC2
[Config] Added localhost:50078 to DC2
[Config] Added localhost:50083 to DC2
[Config] Added localhost:50077 to DC2
[dc2_node2] Round 2: discovered 14 new nodes, ring now has 36 nodes
[dc2_node2] Join request from localhost:50087 (DC: DC2)
Added node localhost:50087 with 150 virtual nodes
[Config] Added localhost:50087 to DC2
[ConsistentHash] Saved ring state for dc2_node2
[dc2_node2] Added localhost:50087 to ring. Ring now has 37 nodes
[dc2_node2] Join request from localhost:50087 (DC: DC2)
[dc2_node2] Join request from localhost:50088 (DC: DC2)
Added node localhost:50088 with 150 virtual nodes
[Config] Added localhost:50088 to DC2
[ConsistentHash] Saved ring state for dc2_node2
[dc2_node2] Added localhost:50088 to ring. Ring now has 38 nodes
[dc2_node2] Join request from localhost:50088 (DC: DC2)
[dc2_node2] Join request from localhost:50088 (DC: DC2)
[dc2_node2] Join request from localhost:50088 (DC: DC2)
[dc2_node2] Join request from localhost:50088 (DC: DC2)
[dc2_node2] Join request from localhost:50089 (DC: DC2)
Added node localhost:50089 with 150 virtual nodes
[Config] Added localhost:50089 to DC2
[ConsistentHash] Saved ring state for dc2_node2
[dc2_node2] Added localhost:50089 to ring. Ring now has 39 nodes
[dc2_node2] Join request from localhost:50089 (DC: DC2)
[dc2_node2] Join request from localhost:50089 (DC: DC2)
[dc2_node2] Join request from localhost:50089 (DC: DC2)
[dc2_node2] GetRing request from dc1_node10
[dc2_node2] Join request from localhost:50090 (DC: DC2)
Added node localhost:50090 with 150 virtual nodes
[Config] Added localhost:50090 to DC2
[ConsistentHash] Saved ring state for dc2_node2
[dc2_node2] Added localhost:50090 to ring. Ring now has 40 nodes
[dc2_node2] Join request from localhost:50090 (DC: DC2)
[dc2_node2] Join request from localhost:50091 (DC: DC3)
Added node localhost:50091 with 150 virtual nodes
[Config] Added localhost:50091 to DC3
[ConsistentHash] Saved ring state for dc2_node2
[dc2_node2] Added localhost:50091 to ring. Ring now has 41 nodes
[dc2_node2] Join request from localhost:50091 (DC: DC3)
[dc2_node2] Join request from localhost:50091 (DC: DC3)
[dc2_node2] Join request from localhost:50092 (DC: DC3)
Added node localhost:50092 with 150 virtual nodes
[Config] Added localhost:50092 to DC3
[ConsistentHash] Saved ring state for dc2_node2
[dc2_node2] Added localhost:50092 to ring. Ring now has 42 nodes
[dc2_node2] Join request from localhost:50092 (DC: DC3)
[dc2_node2] Join request from localhost:50092 (DC: DC3)
[dc2_node2] Join request from localhost:50092 (DC: DC3)
[dc2_node2] GetRing request from dc1_node13
[dc2_node2] Join request from localhost:50094 (DC: DC3)
Added node localhost:50094 with 150 virtual nodes
[Config] Added localhost:50094 to DC3
[ConsistentHash] Saved ring state for dc2_node2
[dc2_node2] Added localhost:50094 to ring. Ring now has 43 nodes
[dc2_node2] Join request from localhost:50095 (DC: DC3)
Added node localhost:50095 with 150 virtual nodes
[Config] Added localhost:50095 to DC3
[ConsistentHash] Saved ring state for dc2_node2
[dc2_node2] Added localhost:50095 to ring. Ring now has 44 nodes
[dc2_node2] Join request from localhost:50096 (DC: DC3)
Added node localhost:50096 with 150 virtual nodes
[Config] Added localhost:50096 to DC3
[ConsistentHash] Saved ring state for dc2_node2
[dc2_node2] Added localhost:50096 to ring. Ring now has 45 nodes
[dc2_node2] Join request from localhost:50097 (DC: DC3)
Added node localhost:50097 with 150 virtual nodes
[Config] Added localhost:50097 to DC3
[dc2_node2] Join request from localhost:50097 (DC: DC3)
[ConsistentHash] Saved ring state for dc2_node2
[dc2_node2] Added localhost:50097 to ring. Ring now has 46 nodes
[dc2_node2] Join request from localhost:50097 (DC: DC3)
[dc2_node2] Join request from localhost:50098 (DC: DC3)
Added node localhost:50098 with 150 virtual nodes
[Config] Added localhost:50098 to DC3
[ConsistentHash] Saved ring state for dc2_node2
[dc2_node2] Added localhost:50098 to ring. Ring now has 47 nodes
[dc2_node2] Join request from localhost:50098 (DC: DC3)
[dc2_node2] Join request from localhost:50098 (DC: DC3)
[dc2_node2] Join request from localhost:50099 (DC: DC3)
Added node localhost:50099 with 150 virtual nodes
[Config] Added localhost:50099 to DC3
[dc2_node2] Join request from localhost:50099 (DC: DC3)
[ConsistentHash] Saved ring state for dc2_node2
[dc2_node2] Added localhost:50099 to ring. Ring now has 48 nodes
[dc2_node2] Join request from localhost:50099 (DC: DC3)
[dc2_node2] Join request from localhost:50099 (DC: DC3)
[dc2_node2] Join request from localhost:50099 (DC: DC3)
[dc2_node2] GetRing request from dc1_node20
[dc2_node2] Join request from localhost:50100 (DC: DC3)
Added node localhost:50100 with 150 virtual nodes
[Config] Added localhost:50100 to DC3
[ConsistentHash] Saved ring state for dc2_node2
[dc2_node2] Added localhost:50100 to ring. Ring now has 49 nodes
[dc2_node2] Join request from localhost:50100 (DC: DC3)
[dc2_node2] Join request from localhost:50100 (DC: DC3)
[dc2_node2] Join request from localhost:50100 (DC: DC3)
[dc2_node2] Join request from localhost:50101 (DC: DC3)
Added node localhost:50101 with 150 virtual nodes
[Config] Added localhost:50101 to DC3
[ConsistentHash] Saved ring state for dc2_node2
[dc2_node2] Added localhost:50101 to ring. Ring now has 50 nodes
[Config] Added localhost:50092 to DC3
[Config] Added localhost:50090 to DC2
Added node localhost:50093 with 150 virtual nodes
[Config] Added localhost:50093 to DC3
[Config] Added localhost:50095 to DC3
[Config] Added localhost:50088 to DC2
[Config] Added localhost:50101 to DC3
[Config] Added localhost:50097 to DC3
[Config] Added localhost:50091 to DC3
[Config] Added localhost:50096 to DC3
[Config] Added localhost:50099 to DC3
[Config] Added localhost:50089 to DC2
[Config] Added localhost:50098 to DC3
[Config] Added localhost:50094 to DC3
[Config] Added localhost:50087 to DC2
[Config] Added localhost:50100 to DC3
[dc2_node2] Round 3: discovered 15 new nodes, ring now has 51 nodes
[dc2_node2] Join request from localhost:50102 (DC: DC3)
Added node localhost:50102 with 150 virtual nodes
[Config] Added localhost:50102 to DC3
[ConsistentHash] Saved ring state for dc2_node2
[dc2_node2] Added localhost:50102 to ring. Ring now has 52 nodes
[dc2_node2] Join request from localhost:50102 (DC: DC3)
[dc2_node2] Join request from localhost:50103 (DC: DC3)
Added node localhost:50103 with 150 virtual nodes
[Config] Added localhost:50103 to DC3
[ConsistentHash] Saved ring state for dc2_node2
[dc2_node2] Added localhost:50103 to ring. Ring now has 53 nodes
[dc2_node2] Join request from localhost:50103 (DC: DC3)
[dc2_node2] Join request from localhost:50103 (DC: DC3)
[dc2_node2] Join request from localhost:50104 (DC: DC3)
Added node localhost:50104 with 150 virtual nodes
[Config] Added localhost:50104 to DC3
[ConsistentHash] Saved ring state for dc2_node2
[dc2_node2] Added localhost:50104 to ring. Ring now has 54 nodes
[dc2_node2] GetRing request from dc2_node5
[dc2_node2] Join request from localhost:50105 (DC: DC3)
Added node localhost:50105 with 150 virtual nodes
[Config] Added localhost:50105 to DC3
[ConsistentHash] Saved ring state for dc2_node2
[dc2_node2] Added localhost:50105 to ring. Ring now has 55 nodes
[dc2_node2] Join request from localhost:50105 (DC: DC3)
[dc2_node2] Join request from localhost:50105 (DC: DC3)
[dc2_node2] Join request from localhost:50106 (DC: DC3)
Added node localhost:50106 with 150 virtual nodes
[Config] Added localhost:50106 to DC3
[dc2_node2] Join request from localhost:50106 (DC: DC3)
[ConsistentHash] Saved ring state for dc2_node2
[dc2_node2] Added localhost:50106 to ring. Ring now has 56 nodes
[dc2_node2] Join request from localhost:50107 (DC: DC3)
Added node localhost:50107 with 150 virtual nodes
[Config] Added localhost:50107 to DC3
[ConsistentHash] Saved ring state for dc2_node2
[dc2_node2] Added localhost:50107 to ring. Ring now has 57 nodes
[dc2_node2] Join request from localhost:50107 (DC: DC3)
[dc2_node2] Join request from localhost:50107 (DC: DC3)
[dc2_node2] Join request from localhost:50107 (DC: DC3)
[dc2_node2] Join request from localhost:50107 (DC: DC3)
[dc2_node2] Join request from localhost:50107 (DC: DC3)
[dc2_node2] Join request from localhost:50109 (DC: DC3)
Added node localhost:50109 with 150 virtual nodes
[Config] Added localhost:50109 to DC3
[ConsistentHash] Saved ring state for dc2_node2
[dc2_node2] Added localhost:50109 to ring. Ring now has 58 nodes
[dc2_node2] Join request from localhost:50110 (DC: DC3)
Added node localhost:50110 with 150 virtual nodes
[Config] Added localhost:50110 to DC3
[ConsistentHash] Saved ring state for dc2_node2
[dc2_node2] Added localhost:50110 to ring. Ring now has 59 nodes
[dc2_node2] Join request from localhost:50110 (DC: DC3)
[dc2_node2] Join request from localhost:50110 (DC: DC3)
[dc2_node2] Join request from localhost:50110 (DC: DC3)
[dc2_node2] Join request from localhost:50111 (DC: DC4)
Added node localhost:50111 with 150 virtual nodes
[Config] Added localhost:50111 to DC4
[ConsistentHash] Saved ring state for dc2_node2
[dc2_node2] Added localhost:50111 to ring. Ring now has 60 nodes
[dc2_node2] Join request from localhost:50111 (DC: DC4)
[dc2_node2] Join request from localhost:50111 (DC: DC4)
[dc2_node2] GetRing request from dc1_node17
[dc2_node2] Join request from localhost:50112 (DC: DC4)
Added node localhost:50112 with 150 virtual nodes
[Config] Added localhost:50112 to DC4
[ConsistentHash] Saved ring state for dc2_node2
[dc2_node2] Added localhost:50112 to ring. Ring now has 61 nodes
[dc2_node2] GetRing request from dc1_node3
[dc2_node2] Join request from localhost:50113 (DC: DC4)
Added node localhost:50113 with 150 virtual nodes
[Config] Added localhost:50113 to DC4
[ConsistentHash] Saved ring state for dc2_node2
[dc2_node2] Added localhost:50113 to ring. Ring now has 62 nodes
[dc2_node2] Join request from localhost:50113 (DC: DC4)
[dc2_node2] Join request from localhost:50113 (DC: DC4)
[dc2_node2] Join request from localhost:50114 (DC: DC4)
Added node localhost:50114 with 150 virtual nodes
[Config] Added localhost:50114 to DC4
[ConsistentHash] Saved ring state for dc2_node2
[dc2_node2] Added localhost:50114 to ring. Ring now has 63 nodes
[dc2_node2] Join request from localhost:50115 (DC: DC4)
Added node localhost:50115 with 150 virtual nodes
[Config] Added localhost:50115 to DC4
[ConsistentHash] Saved ring state for dc2_node2
[dc2_node2] Added localhost:50115 to ring. Ring now has 64 nodes
[dc2_node2] Join request from localhost:50115 (DC: DC4)
[dc2_node2] Join request from localhost:50115 (DC: DC4)
[dc2_node2] Join request from localhost:50116 (DC: DC4)
Added node localhost:50116 with 150 virtual nodes
[Config] Added localhost:50116 to DC4
[ConsistentHash] Saved ring state for dc2_node2
[dc2_node2] Added localhost:50116 to ring. Ring now has 65 nodes
[dc2_node2] Join request from localhost:50116 (DC: DC4)
[Config] Added localhost:50104 to DC3
[Config] Added localhost:50107 to DC3
Added node localhost:50108 with 150 virtual nodes
[Config] Added localhost:50108 to DC3
[Config] Added localhost:50105 to DC3
[Config] Added localhost:50103 to DC3
[Config] Added localhost:50109 to DC3
[Config] Added localhost:50110 to DC3
[Config] Added localhost:50111 to DC4
[Config] Added localhost:50106 to DC3
[Config] Added localhost:50102 to DC3
[Config] Added localhost:50115 to DC4
[Config] Added localhost:50114 to DC4
[Config] Added localhost:50116 to DC4
[Config] Added localhost:50112 to DC4
[Config] Added localhost:50113 to DC4
[dc2_node2] Round 4: discovered 15 new nodes, ring now has 66 nodes
[dc2_node2] GetRing request from dc2_node17
[dc2_node2] Join request from localhost:50118 (DC: DC4)
Added node localhost:50118 with 150 virtual nodes
[Config] Added localhost:50118 to DC4
[ConsistentHash] Saved ring state for dc2_node2
[dc2_node2] Added localhost:50118 to ring. Ring now has 67 nodes
[dc2_node2] Join request from localhost:50118 (DC: DC4)
[dc2_node2] Join request from localhost:50118 (DC: DC4)
[dc2_node2] Join request from localhost:50119 (DC: DC4)
Added node localhost:50119 with 150 virtual nodes
[Config] Added localhost:50119 to DC4
[ConsistentHash] Saved ring state for dc2_node2
[dc2_node2] Added localhost:50119 to ring. Ring now has 68 nodes
[dc2_node2] Join request from localhost:50120 (DC: DC4)
Added node localhost:50120 with 150 virtual nodes
[Config] Added localhost:50120 to DC4
[ConsistentHash] Saved ring state for dc2_node2
[dc2_node2] Added localhost:50120 to ring. Ring now has 69 nodes
[dc2_node2] Join request from localhost:50120 (DC: DC4)
[dc2_node2] Join request from localhost:50120 (DC: DC4)
[dc2_node2] Join request from localhost:50120 (DC: DC4)
[dc2_node2] Join request from localhost:50120 (DC: DC4)
[dc2_node2] Join request from localhost:50122 (DC: DC4)
Added node localhost:50122 with 150 virtual nodes
[Config] Added localhost:50122 to DC4
[ConsistentHash] Saved ring state for dc2_node2
[dc2_node2] Added localhost:50122 to ring. Ring now has 70 nodes
[dc2_node2] Join request from localhost:50122 (DC: DC4)
[dc2_node2] Join request from localhost:50122 (DC: DC4)
[dc2_node2] Join request from localhost:50123 (DC: DC4)
Added node localhost:50123 with 150 virtual nodes
[Config] Added localhost:50123 to DC4
[dc2_node2] Join request from localhost:50123 (DC: DC4)
[ConsistentHash] Saved ring state for dc2_node2
[dc2_node2] Added localhost:50123 to ring. Ring now has 71 nodes
[dc2_node2] Join request from localhost:50123 (DC: DC4)
[dc2_node2] Join request from localhost:50123 (DC: DC4)
[dc2_node2] Join request from localhost:50123 (DC: DC4)
[dc2_node2] GetRing request from dc1_node15
[dc2_node2] Join request from localhost:50125 (DC: DC4)
Added node localhost:50125 with 150 virtual nodes
[Config] Added localhost:50125 to DC4
[dc2_node2] Join request from localhost:50125 (DC: DC4)
[ConsistentHash] Saved ring state for dc2_node2
[dc2_node2] Added localhost:50125 to ring. Ring now has 72 nodes
[dc2_node2] Join request from localhost:50125 (DC: DC4)
[dc2_node2] Join request from localhost:50125 (DC: DC4)
[dc2_node2] Join request from localhost:50126 (DC: DC4)
Added node localhost:50126 with 150 virtual nodes
[Config] Added localhost:50126 to DC4
[ConsistentHash] Saved ring state for dc2_node2
[dc2_node2] Added localhost:50126 to ring. Ring now has 73 nodes
[dc2_node2] Join request from localhost:50126 (DC: DC4)
[dc2_node2] Join request from localhost:50126 (DC: DC4)
[dc2_node2] Join request from localhost:50126 (DC: DC4)
[dc2_node2] Join request from localhost:50127 (DC: DC4)
Added node localhost:50127 with 150 virtual nodes
[Config] Added localhost:50127 to DC4
[dc2_node2] Join request from localhost:50127 (DC: DC4)
[ConsistentHash] Saved ring state for dc2_node2
[dc2_node2] Added localhost:50127 to ring. Ring now has 74 nodes
[dc2_node2] GetRing request from dc1_node3
[dc2_node2] Join request from localhost:50128 (DC: DC4)
Added node localhost:50128 with 150 virtual nodes
[Config] Added localhost:50128 to DC4
[dc2_node2] Join request from localhost:50128 (DC: DC4)
[ConsistentHash] Saved ring state for dc2_node2
[dc2_node2] Added localhost:50128 to ring. Ring now has 75 nodes
[dc2_node2] Join request from localhost:50129 (DC: DC4)
Added node localhost:50129 with 150 virtual nodes
[Config] Added localhost:50129 to DC4
[ConsistentHash] Saved ring state for dc2_node2
[dc2_node2] Added localhost:50129 to ring. Ring now has 76 nodes
[dc2_node2] Join request from localhost:50129 (DC: DC4)
[dc2_node2] Join request from localhost:50129 (DC: DC4)
[dc2_node2] Join request from localhost:50129 (DC: DC4)
[dc2_node2] GetRing request from dc3_node10
[dc2_node2] Join request from localhost:50130 (DC: DC4)
Added node localhost:50130 with 150 virtual nodes
[Config] Added localhost:50130 to DC4
[ConsistentHash] Saved ring state for dc2_node2
[dc2_node2] Added localhost:50130 to ring. Ring now has 77 nodes
[dc2_node2] Join request from localhost:50130 (DC: DC4)
[dc2_node2] Join request from localhost:50130 (DC: DC4)
[dc2_node2] Join request from localhost:50130 (DC: DC4)
[dc2_node2] Join request from localhost:50131 (DC: DC5)
Added node localhost:50131 with 150 virtual nodes
[Config] Added localhost:50131 to DC5
[dc2_node2] Join request from localhost:50131 (DC: DC5)
[ConsistentHash] Saved ring state for dc2_node2
[dc2_node2] Added localhost:50131 to ring. Ring now has 78 nodes
[Config] Added localhost:50128 to DC4
[Config] Added localhost:50119 to DC4
[Config] Added localhost:50123 to DC4
[Config] Added localhost:50120 to DC4
[Config] Added localhost:50118 to DC4
[Config] Added localhost:50130 to DC4
Added node localhost:50117 with 150 virtual nodes
[Config] Added localhost:50117 to DC4
[Config] Added localhost:50129 to DC4
[Config] Added localhost:50125 to DC4
[Config] Added localhost:50122 to DC4
Added node localhost:50121 with 150 virtual nodes
[Config] Added localhost:50121 to DC4
Added node localhost:50124 with 150 virtual nodes
[Config] Added localhost:50124 to DC4
[Config] Added localhost:50127 to DC4
[Config] Added localhost:50126 to DC4
[Config] Added localhost:50131 to DC5
[dc2_node2] Join request from localhost:50131 (DC: DC5)
[dc2_node2] Round 5: discovered 15 new nodes, ring now has 81 nodes
[dc2_node2] Join request from localhost:50131 (DC: DC5)
[dc2_node2] Join request from localhost:50132 (DC: DC5)
Added node localhost:50132 with 150 virtual nodes
[Config] Added localhost:50132 to DC5
[dc2_node2] Join request from localhost:50132 (DC: DC5)
[dc2_node2] Join request from localhost:50132 (DC: DC5)
[ConsistentHash] Saved ring state for dc2_node2
[dc2_node2] Added localhost:50132 to ring. Ring now has 82 nodes
[dc2_node2] Join request from localhost:50133 (DC: DC5)
Added node localhost:50133 with 150 virtual nodes
[Config] Added localhost:50133 to DC5
[ConsistentHash] Saved ring state for dc2_node2
[dc2_node2] Added localhost:50133 to ring. Ring now has 83 nodes
[dc2_node2] Join request from localhost:50133 (DC: DC5)
[dc2_node2] Join request from localhost:50134 (DC: DC5)
Added node localhost:50134 with 150 virtual nodes
[Config] Added localhost:50134 to DC5
[dc2_node2] Join request from localhost:50134 (DC: DC5)
[dc2_node2] GetRing request from dc3_node15
[ConsistentHash] Saved ring state for dc2_node2
[dc2_node2] Added localhost:50134 to ring. Ring now has 84 nodes
[dc2_node2] Join request from localhost:50134 (DC: DC5)
[dc2_node2] Join request from localhost:50135 (DC: DC5)
Added node localhost:50135 with 150 virtual nodes
[Config] Added localhost:50135 to DC5
[ConsistentHash] Saved ring state for dc2_node2
[dc2_node2] Added localhost:50135 to ring. Ring now has 85 nodes
[dc2_node2] Join request from localhost:50135 (DC: DC5)
[dc2_node2] Join request from localhost:50135 (DC: DC5)
[dc2_node2] Join request from localhost:50135 (DC: DC5)
[dc2_node2] Join request from localhost:50135 (DC: DC5)
[dc2_node2] Join request from localhost:50135 (DC: DC5)
[dc2_node2] GetRing request from dc1_node12
[dc2_node2] Join request from localhost:50136 (DC: DC5)
Added node localhost:50136 with 150 virtual nodes
[Config] Added localhost:50136 to DC5
[ConsistentHash] Saved ring state for dc2_node2
[dc2_node2] Added localhost:50136 to ring. Ring now has 86 nodes
[dc2_node2] Join request from localhost:50137 (DC: DC5)
Added node localhost:50137 with 150 virtual nodes
[Config] Added localhost:50137 to DC5
[dc2_node2] Join request from localhost:50137 (DC: DC5)
[ConsistentHash] Saved ring state for dc2_node2
[dc2_node2] Added localhost:50137 to ring. Ring now has 87 nodes
[dc2_node2] Join request from localhost:50137 (DC: DC5)
[dc2_node2] Join request from localhost:50138 (DC: DC5)
Added node localhost:50138 with 150 virtual nodes
[Config] Added localhost:50138 to DC5
[ConsistentHash] Saved ring state for dc2_node2
[dc2_node2] Added localhost:50138 to ring. Ring now has 88 nodes
[dc2_node2] Join request from localhost:50139 (DC: DC5)
Added node localhost:50139 with 150 virtual nodes
[Config] Added localhost:50139 to DC5
[dc2_node2] Join request from localhost:50139 (DC: DC5)
[dc2_node2] Join request from localhost:50139 (DC: DC5)
[ConsistentHash] Saved ring state for dc2_node2
[dc2_node2] Added localhost:50139 to ring. Ring now has 89 nodes
[dc2_node2] Join request from localhost:50140 (DC: DC5)
Added node localhost:50140 with 150 virtual nodes
[Config] Added localhost:50140 to DC5
[ConsistentHash] Saved ring state for dc2_node2
[dc2_node2] Added localhost:50140 to ring. Ring now has 90 nodes
[dc2_node2] Join request from localhost:50140 (DC: DC5)
[dc2_node2] Join request from localhost:50141 (DC: DC5)
Added node localhost:50141 with 150 virtual nodes
[Config] Added localhost:50141 to DC5
[ConsistentHash] Saved ring state for dc2_node2
[dc2_node2] Added localhost:50141 to ring. Ring now has 91 nodes
[dc2_node2] Join request from localhost:50141 (DC: DC5)
[dc2_node2] Join request from localhost:50142 (DC: DC5)
Added node localhost:50142 with 150 virtual nodes
[Config] Added localhost:50142 to DC5
[ConsistentHash] Saved ring state for dc2_node2
[dc2_node2] Added localhost:50142 to ring. Ring now has 92 nodes
[dc2_node2] Join request from localhost:50142 (DC: DC5)
[dc2_node2] Join request from localhost:50142 (DC: DC5)
[dc2_node2] Join request from localhost:50142 (DC: DC5)
[dc2_node2] Join request from localhost:50143 (DC: DC5)
Added node localhost:50143 with 150 virtual nodes
[Config] Added localhost:50143 to DC5
[ConsistentHash] Saved ring state for dc2_node2
[dc2_node2] Added localhost:50143 to ring. Ring now has 93 nodes
[dc2_node2] Join request from localhost:50143 (DC: DC5)
[dc2_node2] Join request from localhost:50144 (DC: DC5)
Added node localhost:50144 with 150 virtual nodes
[Config] Added localhost:50144 to DC5
[ConsistentHash] Saved ring state for dc2_node2
[dc2_node2] Added localhost:50144 to ring. Ring now has 94 nodes
[dc2_node2] Join request from localhost:50144 (DC: DC5)
[dc2_node2] Join request from localhost:50145 (DC: DC5)
Added node localhost:50145 with 150 virtual nodes
[Config] Added localhost:50145 to DC5
[ConsistentHash] Saved ring state for dc2_node2
[dc2_node2] Added localhost:50145 to ring. Ring now has 95 nodes
[Config] Added localhost:50144 to DC5
[Config] Added localhost:50140 to DC5
[Config] Added localhost:50145 to DC5
[Config] Added localhost:50137 to DC5
[Config] Added localhost:50134 to DC5
[Config] Added localhost:50132 to DC5
[Config] Added localhost:50143 to DC5
[Config] Added localhost:50133 to DC5
[Config] Added localhost:50138 to DC5
[Config] Added localhost:50142 to DC5
[Config] Added localhost:50135 to DC5
[Config] Added localhost:50141 to DC5
[Config] Added localhost:50139 to DC5
[Config] Added localhost:50136 to DC5
[dc2_node2] Round 6: discovered 14 new nodes, ring now has 95 nodes
[dc2_node2] Join request from localhost:50145 (DC: DC5)
[dc2_node2] Join request from localhost:50146 (DC: DC5)
Added node localhost:50146 with 150 virtual nodes
[Config] Added localhost:50146 to DC5
[ConsistentHash] Saved ring state for dc2_node2
[dc2_node2] Added localhost:50146 to ring. Ring now has 96 nodes
[dc2_node2] Join request from localhost:50147 (DC: DC5)
Added node localhost:50147 with 150 virtual nodes
[Config] Added localhost:50147 to DC5
[dc2_node2] Join request from localhost:50147 (DC: DC5)
[ConsistentHash] Saved ring state for dc2_node2
[dc2_node2] Added localhost:50147 to ring. Ring now has 97 nodes
[dc2_node2] Join request from localhost:50147 (DC: DC5)
[dc2_node2] Join request from localhost:50148 (DC: DC5)
Added node localhost:50148 with 150 virtual nodes
[Config] Added localhost:50148 to DC5
[ConsistentHash] Saved ring state for dc2_node2
[dc2_node2] Added localhost:50148 to ring. Ring now has 98 nodes
[dc2_node2] Join request from localhost:50148 (DC: DC5)
[dc2_node2] Join request from localhost:50148 (DC: DC5)
[dc2_node2] Join request from localhost:50148 (DC: DC5)
[dc2_node2] Join request from localhost:50148 (DC: DC5)
[dc2_node2] Join request from localhost:50149 (DC: DC5)
Added node localhost:50149 with 150 virtual nodes
[Config] Added localhost:50149 to DC5
[ConsistentHash] Saved ring state for dc2_node2
[dc2_node2] Added localhost:50149 to ring. Ring now has 99 nodes
[dc2_node2] Join request from localhost:50150 (DC: DC5)
Added node localhost:50150 with 150 virtual nodes
[Config] Added localhost:50150 to DC5
[dc2_node2] Join request from localhost:50149 (DC: DC5)
[ConsistentHash] Saved ring state for dc2_node2
[dc2_node2] Added localhost:50150 to ring. Ring now has 100 nodes
[dc2_node2] Join request from localhost:50150 (DC: DC5)
[dc2_node2] Join request from localhost:50151 (DC: DC6)
Added node localhost:50151 with 150 virtual nodes
[Config] Added localhost:50151 to DC6
[ConsistentHash] Saved ring state for dc2_node2
[dc2_node2] Added localhost:50151 to ring. Ring now has 101 nodes
[dc2_node2] Join request from localhost:50152 (DC: DC6)
Added node localhost:50152 with 150 virtual nodes
[Config] Added localhost:50152 to DC6
[dc2_node2] Join request from localhost:50152 (DC: DC6)
[dc2_node2] Join request from localhost:50152 (DC: DC6)
[ConsistentHash] Saved ring state for dc2_node2
[dc2_node2] Added localhost:50152 to ring. Ring now has 102 nodes
[dc2_node2] Join request from localhost:50153 (DC: DC6)
Added node localhost:50153 with 150 virtual nodes
[Config] Added localhost:50153 to DC6
[ConsistentHash] Saved ring state for dc2_node2
[dc2_node2] Added localhost:50153 to ring. Ring now has 103 nodes
[dc2_node2] GetRing request from dc1_node16
[dc2_node2] Join request from localhost:50155 (DC: DC6)
Added node localhost:50155 with 150 virtual nodes
[Config] Added localhost:50155 to DC6
[ConsistentHash] Saved ring state for dc2_node2
[dc2_node2] Added localhost:50155 to ring. Ring now has 104 nodes
[dc2_node2] Join request from localhost:50155 (DC: DC6)
[dc2_node2] Join request from localhost:50155 (DC: DC6)
[dc2_node2] Join request from localhost:50156 (DC: DC6)
Added node localhost:50156 with 150 virtual nodes
[Config] Added localhost:50156 to DC6
[dc2_node2] Join request from localhost:50156 (DC: DC6)
[ConsistentHash] Saved ring state for dc2_node2
[dc2_node2] Added localhost:50156 to ring. Ring now has 105 nodes
[dc2_node2] GetRing request from dc2_node15
[dc2_node2] Join request from localhost:50157 (DC: DC6)
Added node localhost:50157 with 150 virtual nodes
[Config] Added localhost:50157 to DC6
[dc2_node2] Join request from localhost:50159 (DC: DC6)
Added node localhost:50159 with 150 virtual nodes
[Config] Added localhost:50159 to DC6
[ConsistentHash] Error saving ring state: dictionary changed size during iteration
[dc2_node2] Added localhost:50157 to ring. Ring now has 107 nodes
[dc2_node2] Join request from localhost:50158 (DC: DC6)
Added node localhost:50158 with 150 virtual nodes
[Config] Added localhost:50158 to DC6
[dc2_node2] GetRing request from dc2_node16
[ConsistentHash] Saved ring state for dc2_node2
[dc2_node2] Added localhost:50159 to ring. Ring now has 108 nodes
[ConsistentHash] Error saving ring state: [Errno 2] No such file or directory: 'data/dc2_node2_ring.json.tmp' -> 'data/dc2_node2_ring.json'
[dc2_node2] Added localhost:50158 to ring. Ring now has 108 nodes
[dc2_node2] Join request from localhost:50158 (DC: DC6)
[Config] Added localhost:50147 to DC5
[Config] Added localhost:50151 to DC6
[Config] Added localhost:50148 to DC5
[Config] Added localhost:50152 to DC6
[Config] Added localhost:50156 to DC6
[Config] Added localhost:50153 to DC6
[Config] Added localhost:50149 to DC5
[Config] Added localhost:50157 to DC6
[Config] Added localhost:50158 to DC6
[Config] Added localhost:50150 to DC5
Added node localhost:50154 with 150 virtual nodes
[Config] Added localhost:50154 to DC6
[Config] Added localhost:50146 to DC5
[Config] Added localhost:50155 to DC6
[Config] Added localhost:50159 to DC6
Added node localhost:50160 with 150 virtual nodes
[Config] Added localhost:50160 to DC6
[dc2_node2] Round 7: discovered 15 new nodes, ring now has 110 nodes
[dc2_node2] GetRing request from dc4_node7
[dc2_node2] GetRing request from dc2_node17
[dc2_node2] Join request from localhost:50159 (DC: DC6)
[dc2_node2] GetRing request from dc3_node13
[dc2_node2] Join request from localhost:50160 (DC: DC6)
[dc2_node2] Join request from localhost:50161 (DC: DC6)
Added node localhost:50161 with 150 virtual nodes
[Config] Added localhost:50161 to DC6
[ConsistentHash] Saved ring state for dc2_node2
[dc2_node2] Added localhost:50161 to ring. Ring now has 111 nodes
[dc2_node2] Join request from localhost:50162 (DC: DC6)
Added node localhost:50162 with 150 virtual nodes
[Config] Added localhost:50162 to DC6
[dc2_node2] Join request from localhost:50161 (DC: DC6)
[dc2_node2] Join request from localhost:50161 (DC: DC6)
[ConsistentHash] Saved ring state for dc2_node2
[dc2_node2] Added localhost:50162 to ring. Ring now has 112 nodes
[dc2_node2] Join request from localhost:50163 (DC: DC6)
Added node localhost:50163 with 150 virtual nodes
[Config] Added localhost:50163 to DC6
[ConsistentHash] Saved ring state for dc2_node2
[dc2_node2] Added localhost:50163 to ring. Ring now has 113 nodes
[dc2_node2] Join request from localhost:50164 (DC: DC6)
Added node localhost:50164 with 150 virtual nodes
[Config] Added localhost:50164 to DC6
[dc2_node2] Join request from localhost:50164 (DC: DC6)
[dc2_node2] Join request from localhost:50164 (DC: DC6)
[ConsistentHash] Saved ring state for dc2_node2
[dc2_node2] Added localhost:50164 to ring. Ring now has 114 nodes
[dc2_node2] Join request from localhost:50164 (DC: DC6)
[dc2_node2] Join request from localhost:50165 (DC: DC6)
Added node localhost:50165 with 150 virtual nodes
[Config] Added localhost:50165 to DC6
[ConsistentHash] Saved ring state for dc2_node2
[dc2_node2] Added localhost:50165 to ring. Ring now has 115 nodes
[dc2_node2] Join request from localhost:50165 (DC: DC6)
[dc2_node2] Join request from localhost:50167 (DC: DC6)
Added node localhost:50167 with 150 virtual nodes
[Config] Added localhost:50167 to DC6
[ConsistentHash] Saved ring state for dc2_node2
[dc2_node2] Added localhost:50167 to ring. Ring now has 116 nodes
[dc2_node2] Join request from localhost:50164 (DC: DC6)
[dc2_node2] Join request from localhost:50166 (DC: DC6)
Added node localhost:50166 with 150 virtual nodes
[Config] Added localhost:50166 to DC6
[dc2_node2] Join request from localhost:50166 (DC: DC6)
[dc2_node2] GetRing request from dc3_node7
[dc2_node2] Join request from localhost:50167 (DC: DC6)
[dc2_node2] Join request from localhost:50166 (DC: DC6)
[ConsistentHash] Saved ring state for dc2_node2
[dc2_node2] Added localhost:50166 to ring. Ring now has 117 nodes
[dc2_node2] Join request from localhost:50169 (DC: DC6)
Added node localhost:50169 with 150 virtual nodes
[Config] Added localhost:50169 to DC6
[ConsistentHash] Saved ring state for dc2_node2
[dc2_node2] Added localhost:50169 to ring. Ring now has 118 nodes
[dc2_node2] Join request from localhost:50168 (DC: DC6)
Added node localhost:50168 with 150 virtual nodes
[Config] Added localhost:50168 to DC6
[dc2_node2] GetRing request from dc1_node20
[dc2_node2] GetRing request from dc3_node10
[dc2_node2] GetRing request from dc2_node1
[ConsistentHash] Saved ring state for dc2_node2
[dc2_node2] Added localhost:50168 to ring. Ring now has 119 nodes
[dc2_node2] GetRing request from dc3_node11
[dc2_node2] Join request from localhost:50170 (DC: DC6)
Added node localhost:50170 with 150 virtual nodes
[Config] Added localhost:50170 to DC6
[dc2_node2] Join request from localhost:50169 (DC: DC6)
[Config] Added localhost:50165 to DC6
[Config] Added localhost:50164 to DC6
[Config] Added localhost:50166 to DC6
[Config] Added localhost:50167 to DC6
[Config] Added localhost:50168 to DC6
[Config] Added localhost:50162 to DC6
[Config] Added localhost:50169 to DC6
[Config] Added localhost:50163 to DC6
Added node localhost:50171 with 150 virtual nodes
[Config] Added localhost:50171 to DC7
[Config] Added localhost:50161 to DC6
[Config] Added localhost:50170 to DC6
[dc2_node2] Round 8: discovered 11 new nodes, ring now has 121 nodes
[ConsistentHash] Saved ring state for dc2_node2
[dc2_node2] Added localhost:50170 to ring. Ring now has 121 nodes
[dc2_node2] Join request from localhost:50172 (DC: DC7)
Added node localhost:50172 with 150 virtual nodes
[Config] Added localhost:50172 to DC7
[dc2_node2] GetRing request from dc5_node3
[ConsistentHash] Saved ring state for dc2_node2
[dc2_node2] Discovery complete: ring contains 122 nodes
[ConsistentHash] Error saving ring state: [Errno 2] No such file or directory: 'data/dc2_node2_ring.json.tmp' -> 'data/dc2_node2_ring.json'
[dc2_node2] Added localhost:50172 to ring. Ring now has 122 nodes
[dc2_node2] GetRing request from dc3_node14
[dc2_node2] Join request from localhost:50171 (DC: DC7)
[dc2_node2] Join request from localhost:50171 (DC: DC7)
[dc2_node2] Join request from localhost:50174 (DC: DC7)
Added node localhost:50174 with 150 virtual nodes
[Config] Added localhost:50174 to DC7
[dc2_node2] Join request from localhost:50173 (DC: DC7)
Added node localhost:50173 with 150 virtual nodes
[Config] Added localhost:50173 to DC7
[dc2_node2] Join request from localhost:50177 (DC: DC7)
Added node localhost:50177 with 150 virtual nodes
[Config] Added localhost:50177 to DC7
[dc2_node2] Join request from localhost:50173 (DC: DC7)
[dc2_node2] Join request from localhost:50173 (DC: DC7)
[dc2_node2] GetRing request from dc3_node17
[dc2_node2] Join request from localhost:50172 (DC: DC7)
[dc2_node2] GetRing request from dc3_node18
[dc2_node2] GetRing request from dc4_node13
[dc2_node2] Join request from localhost:50177 (DC: DC7)
[ConsistentHash] Saved ring state for dc2_node2
[dc2_node2] Added localhost:50177 to ring. Ring now has 125 nodes
[dc2_node2] Join request from localhost:50175 (DC: DC7)
Added node localhost:50175 with 150 virtual nodes
[Config] Added localhost:50175 to DC7
[ConsistentHash] Error saving ring state: [Errno 2] No such file or directory: 'data/dc2_node2_ring.json.tmp' -> 'data/dc2_node2_ring.json'
[dc2_node2] Added localhost:50173 to ring. Ring now has 126 nodes
[ConsistentHash] Error saving ring state: [Errno 2] No such file or directory: 'data/dc2_node2_ring.json.tmp' -> 'data/dc2_node2_ring.json'
[dc2_node2] Added localhost:50174 to ring. Ring now has 126 nodes
[dc2_node2] Join request from localhost:50178 (DC: DC7)
Added node localhost:50178 with 150 virtual nodes
[Config] Added localhost:50178 to DC7
[dc2_node2] Join request from localhost:50177 (DC: DC7)
[dc2_node2] Join request from localhost:50177 (DC: DC7)
[ConsistentHash] Saved ring state for dc2_node2
[dc2_node2] Added localhost:50175 to ring. Ring now has 127 nodes
[ConsistentHash] Error saving ring state: [Errno 2] No such file or directory: 'data/dc2_node2_ring.json.tmp' -> 'data/dc2_node2_ring.json'
[dc2_node2] Added localhost:50178 to ring. Ring now has 127 nodes
[dc2_node2] Join request from localhost:50177 (DC: DC7)
[dc2_node2] Join request from localhost:50174 (DC: DC7)
[dc2_node2] Join request from localhost:50178 (DC: DC7)
[dc2_node2] GetRing request from dc2_node12
[dc2_node2] Join request from localhost:50179 (DC: DC7)
Added node localhost:50179 with 150 virtual nodes
[Config] Added localhost:50179 to DC7
[ConsistentHash] Saved ring state for dc2_node2
[dc2_node2] Added localhost:50179 to ring. Ring now has 128 nodes
[dc2_node2] Join request from localhost:50176 (DC: DC7)
Added node localhost:50176 with 150 virtual nodes
[Config] Added localhost:50176 to DC7
[dc2_node2] Join request from localhost:50181 (DC: DC7)
Added node localhost:50181 with 150 virtual nodes
[Config] Added localhost:50181 to DC7
[ConsistentHash] Saved ring state for dc2_node2
[dc2_node2] Added localhost:50176 to ring. Ring now has 130 nodes
[dc2_node2] Join request from localhost:50182 (DC: DC7)
Added node localhost:50182 with 150 virtual nodes
[Config] Added localhost:50182 to DC7
[ConsistentHash] Error saving ring state: [Errno 2] No such file or directory: 'data/dc2_node2_ring.json.tmp' -> 'data/dc2_node2_ring.json'
[dc2_node2] Added localhost:50181 to ring. Ring now has 131 nodes
[dc2_node2] Join request from localhost:50184 (DC: DC7)
Added node localhost:50184 with 150 virtual nodes
[Config] Added localhost:50184 to DC7
[ConsistentHash] Saved ring state for dc2_node2
[dc2_node2] Added localhost:50182 to ring. Ring now has 132 nodes
[dc2_node2] Join request from localhost:50184 (DC: DC7)
[ConsistentHash] Saved ring state for dc2_node2
[dc2_node2] Added localhost:50184 to ring. Ring now has 132 nodes
[dc2_node2] Join request from localhost:50181 (DC: DC7)
[dc2_node2] Join request from localhost:50183 (DC: DC7)
Added node localhost:50183 with 150 virtual nodes
[Config] Added localhost:50183 to DC7
[dc2_node2] Join request from localhost:50179 (DC: DC7)
[ConsistentHash] Saved ring state for dc2_node2
[dc2_node2] Added localhost:50183 to ring. Ring now has 133 nodes
[dc2_node2] Join request from localhost:50179 (DC: DC7)
[dc2_node2] Join request from localhost:50185 (DC: DC7)
Added node localhost:50185 with 150 virtual nodes
[Config] Added localhost:50185 to DC7
[ConsistentHash] Saved ring state for dc2_node2
[dc2_node2] Added localhost:50185 to ring. Ring now has 134 nodes
[dc2_node2] Join request from localhost:50184 (DC: DC7)
[dc2_node2] Join request from localhost:50189 (DC: DC7)
Added node localhost:50189 with 150 virtual nodes
[Config] Added localhost:50189 to DC7
[dc2_node2] Join request from localhost:50187 (DC: DC7)
Added node localhost:50187 with 150 virtual nodes
[Config] Added localhost:50187 to DC7
[dc2_node2] Join request from localhost:50186 (DC: DC7)
Added node localhost:50186 with 150 virtual nodes
[Config] Added localhost:50186 to DC7
[dc2_node2] GetRing request from dc6_node17
[ConsistentHash] Saved ring state for dc2_node2
[dc2_node2] Added localhost:50186 to ring. Ring now has 137 nodes
[ConsistentHash] Error saving ring state: [Errno 2] No such file or directory: 'data/dc2_node2_ring.json.tmp' -> 'data/dc2_node2_ring.json'
[dc2_node2] Added localhost:50187 to ring. Ring now has 137 nodes
[dc2_node2] Join request from localhost:50186 (DC: DC7)
[dc2_node2] Join request from localhost:50192 (DC: DC8)
Added node localhost:50192 with 150 virtual nodes
[Config] Added localhost:50192 to DC8
[ConsistentHash] Saved ring state for dc2_node2
[dc2_node2] Added localhost:50189 to ring. Ring now has 138 nodes
[dc2_node2] Join request from localhost:50192 (DC: DC8)
[ConsistentHash] Error saving ring state: [Errno 2] No such file or directory: 'data/dc2_node2_ring.json.tmp' -> 'data/dc2_node2_ring.json'
[dc2_node2] Added localhost:50192 to ring. Ring now has 138 nodes
[dc2_node2] Join request from localhost:50195 (DC: DC8)
Added node localhost:50195 with 150 virtual nodes
[Config] Added localhost:50195 to DC8
[dc2_node2] Join request from localhost:50187 (DC: DC7)
[ConsistentHash] Saved ring state for dc2_node2
[dc2_node2] Added localhost:50195 to ring. Ring now has 139 nodes
[dc2_node2] Join request from localhost:50190 (DC: DC7)
Added node localhost:50190 with 150 virtual nodes
[Config] Added localhost:50190 to DC7
[dc2_node2] GetRing request from dc3_node10
[dc2_node2] Join request from localhost:50202 (DC: DC8)
Added node localhost:50202 with 150 virtual nodes
[Config] Added localhost:50202 to DC8
[ConsistentHash] Saved ring state for dc2_node2
[dc2_node2] Added localhost:50190 to ring. Ring now has 141 nodes
[dc2_node2] Join request from localhost:50192 (DC: DC8)
[dc2_node2] Join request from localhost:50192 (DC: DC8)
[dc2_node2] Join request from localhost:50193 (DC: DC8)
Added node localhost:50193 with 150 virtual nodes
[Config] Added localhost:50193 to DC8
[dc2_node2] Join request from localhost:50194 (DC: DC8)
Added node localhost:50194 with 150 virtual nodes
[Config] Added localhost:50194 to DC8
[dc2_node2] Join request from localhost:50193 (DC: DC8)
[dc2_node2] GetRing request from dc7_node7
[dc2_node2] Join request from localhost:50197 (DC: DC8)
Added node localhost:50197 with 150 virtual nodes
[Config] Added localhost:50197 to DC8
[dc2_node2] GetRing request from dc3_node14
[ConsistentHash] Saved ring state for dc2_node2
[dc2_node2] Added localhost:50194 to ring. Ring now has 144 nodes
[ConsistentHash] Error saving ring state: [Errno 2] No such file or directory: 'data/dc2_node2_ring.json.tmp' -> 'data/dc2_node2_ring.json'
[dc2_node2] Added localhost:50193 to ring. Ring now has 144 nodes
[dc2_node2] Join request from localhost:50189 (DC: DC7)
[dc2_node2] Join request from localhost:50198 (DC: DC8)
Added node localhost:50198 with 150 virtual nodes
[Config] Added localhost:50198 to DC8
[dc2_node2] Join request from localhost:50196 (DC: DC8)
Added node localhost:50196 with 150 virtual nodes
[Config] Added localhost:50196 to DC8
[ConsistentHash] Error saving ring state: dictionary changed size during iteration
[dc2_node2] Added localhost:50198 to ring. Ring now has 146 nodes
[ConsistentHash] Saved ring state for dc2_node2
[dc2_node2] Added localhost:50202 to ring. Ring now has 146 nodes
[dc2_node2] Join request from localhost:50198 (DC: DC8)
[dc2_node2] Join request from localhost:50189 (DC: DC7)
[dc2_node2] Join request from localhost:50199 (DC: DC8)
Added node localhost:50199 with 150 virtual nodes
[Config] Added localhost:50199 to DC8
[ConsistentHash] Saved ring state for dc2_node2
[dc2_node2] Added localhost:50197 to ring. Ring now has 147 nodes
[ConsistentHash] Error saving ring state: [Errno 2] No such file or directory: 'data/dc2_node2_ring.json.tmp' -> 'data/dc2_node2_ring.json'
[dc2_node2] Added localhost:50196 to ring. Ring now has 147 nodes
[ConsistentHash] Error saving ring state: [Errno 2] No such file or directory: 'data/dc2_node2_ring.json.tmp' -> 'data/dc2_node2_ring.json'
[dc2_node2] Added localhost:50199 to ring. Ring now has 147 nodes
[dc2_node2] Join request from localhost:50198 (DC: DC8)
[dc2_node2] Join request from localhost:50196 (DC: DC8)
[dc2_node2] Join request from localhost:50202 (DC: DC8)
[dc2_node2] Join request from localhost:50196 (DC: DC8)
[dc2_node2] Join request from localhost:50201 (DC: DC8)
Added node localhost:50201 with 150 virtual nodes
[Config] Added localhost:50201 to DC8
[dc2_node2] Join request from localhost:50200 (DC: DC8)
Added node localhost:50200 with 150 virtual nodes
[Config] Added localhost:50200 to DC8
[dc2_node2] Join request from localhost:50200 (DC: DC8)
[dc2_node2] Join request from localhost:50207 (DC: DC8)
Added node localhost:50207 with 150 virtual nodes
[Config] Added localhost:50207 to DC8
[ConsistentHash] Saved ring state for dc2_node2
[dc2_node2] Added localhost:50200 to ring. Ring now has 150 nodes
[ConsistentHash] Error saving ring state: [Errno 2] No such file or directory: 'data/dc2_node2_ring.json.tmp' -> 'data/dc2_node2_ring.json'
[dc2_node2] Added localhost:50207 to ring. Ring now has 150 nodes
[ConsistentHash] Error saving ring state: [Errno 2] No such file or directory: 'data/dc2_node2_ring.json.tmp' -> 'data/dc2_node2_ring.json'
[dc2_node2] Added localhost:50201 to ring. Ring now has 150 nodes
[dc2_node2] Join request from localhost:50209 (DC: DC8)
Added node localhost:50209 with 150 virtual nodes
[Config] Added localhost:50209 to DC8
[dc2_node2] Join request from localhost:50206 (DC: DC8)
Added node localhost:50206 with 150 virtual nodes
[Config] Added localhost:50206 to DC8
[dc2_node2] Join request from localhost:50215 (DC: DC9)
Added node localhost:50215 with 150 virtual nodes
[Config] Added localhost:50215 to DC9
[dc2_node2] Join request from localhost:50206 (DC: DC8)
[dc2_node2] Join request from localhost:50203 (DC: DC8)
Added node localhost:50203 with 150 virtual nodes
[Config] Added localhost:50203 to DC8
[dc2_node2] Join request from localhost:50201 (DC: DC8)
[dc2_node2] GetRing request from dc6_node13
[ConsistentHash] Saved ring state for dc2_node2
[dc2_node2] Added localhost:50203 to ring. Ring now has 154 nodes
[dc2_node2] Join request from localhost:50206 (DC: DC8)
[ConsistentHash] Error saving ring state: [Errno 2] No such file or directory: 'data/dc2_node2_ring.json.tmp' -> 'data/dc2_node2_ring.json'
[dc2_node2] Added localhost:50215 to ring. Ring now has 154 nodes
[ConsistentHash] Error saving ring state: [Errno 2] No such file or directory: 'data/dc2_node2_ring.json.tmp' -> 'data/dc2_node2_ring.json'
[dc2_node2] Added localhost:50206 to ring. Ring now has 154 nodes
[dc2_node2] Join request from localhost:50209 (DC: DC8)
[dc2_node2] Join request from localhost:50210 (DC: DC8)
Added node localhost:50210 with 150 virtual nodes
[Config] Added localhost:50210 to DC8
[ConsistentHash] Error saving ring state: [Errno 2] No such file or directory: 'data/dc2_node2_ring.json.tmp' -> 'data/dc2_node2_ring.json'
[dc2_node2] Added localhost:50209 to ring. Ring now has 155 nodes
[dc2_node2] Join request from localhost:50212 (DC: DC9)
Added node localhost:50212 with 150 virtual nodes
[Config] Added localhost:50212 to DC9
[ConsistentHash] Error saving ring state: dictionary changed size during iteration
[dc2_node2] Added localhost:50210 to ring. Ring now has 156 nodes
[dc2_node2] Join request from localhost:50206 (DC: DC8)
[dc2_node2] Join request from localhost:50207 (DC: DC8)
[dc2_node2] Join request from localhost:50217 (DC: DC9)
Added node localhost:50217 with 150 virtual nodes
[Config] Added localhost:50217 to DC9
[ConsistentHash] Saved ring state for dc2_node2
[dc2_node2] Added localhost:50212 to ring. Ring now has 157 nodes
[dc2_node2] GetRing request from dc6_node3
[ConsistentHash] Saved ring state for dc2_node2
[dc2_node2] Added localhost:50217 to ring. Ring now has 157 nodes
[dc2_node2] Join request from localhost:50211 (DC: DC9)
Added node localhost:50211 with 150 virtual nodes
[Config] Added localhost:50211 to DC9
[dc2_node2] Join request from localhost:50209 (DC: DC8)
[dc2_node2] Join request from localhost:50215 (DC: DC9)
[dc2_node2] Join request from localhost:50211 (DC: DC9)
[dc2_node2] GetRing request from dc4_node17
[dc2_node2] Join request from localhost:50217 (DC: DC9)
[ConsistentHash] Saved ring state for dc2_node2
[dc2_node2] Added localhost:50211 to ring. Ring now has 158 nodes
[dc2_node2] GetRing request from dc7_node3
[dc2_node2] Join request from localhost:50218 (DC: DC9)
Added node localhost:50218 with 150 virtual nodes
[Config] Added localhost:50218 to DC9
[dc2_node2] Join request from localhost:50222 (DC: DC9)
Added node localhost:50222 with 150 virtual nodes
[Config] Added localhost:50222 to DC9
[ConsistentHash] Saved ring state for dc2_node2
[dc2_node2] Added localhost:50222 to ring. Ring now has 160 nodes
[dc2_node2] Join request from localhost:50225 (DC: DC9)
Added node localhost:50225 with 150 virtual nodes
[Config] Added localhost:50225 to DC9
[ConsistentHash] Saved ring state for dc2_node2
[dc2_node2] Added localhost:50225 to ring. Ring now has 161 nodes
[dc2_node2] Join request from localhost:50220 (DC: DC9)
Added node localhost:50220 with 150 virtual nodes
[Config] Added localhost:50220 to DC9
[dc2_node2] Join request from localhost:50223 (DC: DC9)
Added node localhost:50223 with 150 virtual nodes
[Config] Added localhost:50223 to DC9
[dc2_node2] Join request from localhost:50218 (DC: DC9)
[dc2_node2] Join request from localhost:50205 (DC: DC8)
Added node localhost:50205 with 150 virtual nodes
[Config] Added localhost:50205 to DC8
[dc2_node2] Join request from localhost:50219 (DC: DC9)
Added node localhost:50219 with 150 virtual nodes
[Config] Added localhost:50219 to DC9
[ConsistentHash] Error saving ring state: dictionary changed size during iteration
[dc2_node2] Added localhost:50205 to ring. Ring now has 165 nodes
[dc2_node2] Join request from localhost:50227 (DC: DC9)
Added node localhost:50227 with 150 virtual nodes
[Config] Added localhost:50227 to DC9
[ConsistentHash] Saved ring state for dc2_node2
[dc2_node2] Added localhost:50227 to ring. Ring now has 166 nodes
[ConsistentHash] Error saving ring state: [Errno 2] No such file or directory: 'data/dc2_node2_ring.json.tmp' -> 'data/dc2_node2_ring.json'
[dc2_node2] Added localhost:50218 to ring. Ring now has 166 nodes
[ConsistentHash] Error saving ring state: [Errno 2] No such file or directory: 'data/dc2_node2_ring.json.tmp' -> 'data/dc2_node2_ring.json'
[dc2_node2] Added localhost:50220 to ring. Ring now has 166 nodes
[ConsistentHash] Error saving ring state: [Errno 2] No such file or directory: 'data/dc2_node2_ring.json.tmp' -> 'data/dc2_node2_ring.json'
[dc2_node2] Added localhost:50223 to ring. Ring now has 166 nodes
[dc2_node2] Join request from localhost:50221 (DC: DC9)
Added node localhost:50221 with 150 virtual nodes
[Config] Added localhost:50221 to DC9
[ConsistentHash] Error saving ring state: [Errno 2] No such file or directory: 'data/dc2_node2_ring.json.tmp' -> 'data/dc2_node2_ring.json'
[dc2_node2] Added localhost:50219 to ring. Ring now has 167 nodes
[dc2_node2] Join request from localhost:50227 (DC: DC9)
[dc2_node2] Join request from localhost:50217 (DC: DC9)
[dc2_node2] GetRing request from dc6_node5
[ConsistentHash] Saved ring state for dc2_node2
[dc2_node2] Added localhost:50221 to ring. Ring now has 167 nodes
[dc2_node2] Join request from localhost:50220 (DC: DC9)
[dc2_node2] Join request from localhost:50224 (DC: DC9)
Added node localhost:50224 with 150 virtual nodes
[Config] Added localhost:50224 to DC9
[dc2_node2] Join request from localhost:50221 (DC: DC9)
[dc2_node2] Join request from localhost:50222 (DC: DC9)
[dc2_node2] Join request from localhost:50221 (DC: DC9)
[dc2_node2] Join request from localhost:50240 (DC: DC10)
Added node localhost:50240 with 150 virtual nodes
[Config] Added localhost:50240 to DC10
[dc2_node2] Join request from localhost:50229 (DC: DC9)
Added node localhost:50229 with 150 virtual nodes
[Config] Added localhost:50229 to DC9
[ConsistentHash] Saved ring state for dc2_node2
[dc2_node2] Added localhost:50229 to ring. Ring now has 170 nodes
[ConsistentHash] Error saving ring state: [Errno 2] No such file or directory: 'data/dc2_node2_ring.json.tmp' -> 'data/dc2_node2_ring.json'
[dc2_node2] Added localhost:50224 to ring. Ring now has 170 nodes
[ConsistentHash] Error saving ring state: [Errno 2] No such file or directory: 'data/dc2_node2_ring.json.tmp' -> 'data/dc2_node2_ring.json'
[dc2_node2] Added localhost:50240 to ring. Ring now has 170 nodes
[dc2_node2] GetRing request from dc7_node20
[dc2_node2] Join request from localhost:50229 (DC: DC9)
[dc2_node2] Join request from localhost:50243 (DC: DC10)
Added node localhost:50243 with 150 virtual nodes
[Config] Added localhost:50243 to DC10
[dc2_node2] Join request from localhost:50223 (DC: DC9)
[dc2_node2] GetRing request from dc7_node10
[dc2_node2] Join request from localhost:50228 (DC: DC9)
Added node localhost:50228 with 150 virtual nodes
[Config] Added localhost:50228 to DC9
[dc2_node2] Join request from localhost:50239 (DC: DC10)
Added node localhost:50239 with 150 virtual nodes
[Config] Added localhost:50239 to DC10
[ConsistentHash] Saved ring state for dc2_node2
[dc2_node2] Added localhost:50239 to ring. Ring now has 173 nodes
[dc2_node2] Join request from localhost:50230 (DC: DC9)
Added node localhost:50230 with 150 virtual nodes
[Config] Added localhost:50230 to DC9
[dc2_node2] Join request from localhost:50237 (DC: DC10)
Added node localhost:50237 with 150 virtual nodes
[Config] Added localhost:50237 to DC10
[ConsistentHash] Saved ring state for dc2_node2
[dc2_node2] Added localhost:50243 to ring. Ring now has 175 nodes
[ConsistentHash] Error saving ring state: [Errno 2] No such file or directory: 'data/dc2_node2_ring.json.tmp' -> 'data/dc2_node2_ring.json'
[dc2_node2] Added localhost:50237 to ring. Ring now has 175 nodes
[dc2_node2] Join request from localhost:50238 (DC: DC10)
Added node localhost:50238 with 150 virtual nodes
[Config] Added localhost:50238 to DC10
[ConsistentHash] Error saving ring state: [Errno 2] No such file or directory: 'data/dc2_node2_ring.json.tmp' -> 'data/dc2_node2_ring.json'
[dc2_node2] Added localhost:50228 to ring. Ring now has 176 nodes
[dc2_node2] GetRing request from dc10_node3
[ConsistentHash] Error saving ring state: [Errno 2] No such file or directory: 'data/dc2_node2_ring.json.tmp' -> 'data/dc2_node2_ring.json'
[dc2_node2] Added localhost:50230 to ring. Ring now has 176 nodes
[ConsistentHash] Saved ring state for dc2_node2
[dc2_node2] Added localhost:50238 to ring. Ring now has 176 nodes
[dc2_node2] Join request from localhost:50246 (DC: DC10)
Added node localhost:50246 with 150 virtual nodes
[Config] Added localhost:50246 to DC10
[dc2_node2] Join request from localhost:50245 (DC: DC10)
Added node localhost:50245 with 150 virtual nodes
[Config] Added localhost:50245 to DC10
[dc2_node2] Join request from localhost:50240 (DC: DC10)
[dc2_node2] Join request from localhost:50237 (DC: DC10)
[ConsistentHash] Saved ring state for dc2_node2
[dc2_node2] Added localhost:50245 to ring. Ring now has 178 nodes
[dc2_node2] Join request from localhost:50244 (DC: DC10)
Added node localhost:50244 with 150 virtual nodes
[Config] Added localhost:50244 to DC10
[ConsistentHash] Error saving ring state: [Errno 2] No such file or directory: 'data/dc2_node2_ring.json.tmp' -> 'data/dc2_node2_ring.json'
[dc2_node2] Added localhost:50246 to ring. Ring now has 179 nodes
[dc2_node2] GetRing request from dc7_node3
[dc2_node2] Join request from localhost:50224 (DC: DC9)
[dc2_node2] Join request from localhost:50233 (DC: DC10)
Added node localhost:50233 with 150 virtual nodes
[Config] Added localhost:50233 to DC10
[dc2_node2] Join request from localhost:50238 (DC: DC10)
[dc2_node2] Join request from localhost:50243 (DC: DC10)
[dc2_node2] Join request from localhost:50250 (DC: DC10)
Added node localhost:50250 with 150 virtual nodes
[Config] Added localhost:50250 to DC10
[ConsistentHash] Saved ring state for dc2_node2
[dc2_node2] Added localhost:50250 to ring. Ring now has 181 nodes
[dc2_node2] Join request from localhost:50245 (DC: DC10)
[ConsistentHash] Error saving ring state: [Errno 2] No such file or directory: 'data/dc2_node2_ring.json.tmp' -> 'data/dc2_node2_ring.json'
[dc2_node2] Added localhost:50244 to ring. Ring now has 181 nodes
[dc2_node2] Join request from localhost:50246 (DC: DC10)
[dc2_node2] Join request from localhost:50243 (DC: DC10)
[ConsistentHash] Error saving ring state: [Errno 2] No such file or directory: 'data/dc2_node2_ring.json.tmp' -> 'data/dc2_node2_ring.json'
[dc2_node2] Added localhost:50233 to ring. Ring now has 181 nodes
[dc2_node2] Join request from localhost:50242 (DC: DC10)
Added node localhost:50242 with 150 virtual nodes
[Config] Added localhost:50242 to DC10
[dc2_node2] Join request from localhost:50249 (DC: DC10)
Added node localhost:50249 with 150 virtual nodes
[Config] Added localhost:50249 to DC10
[dc2_node2] Join request from localhost:50244 (DC: DC10)
[dc2_node2] Join request from localhost:50248 (DC: DC10)
Added node localhost:50248 with 150 virtual nodes
[Config] Added localhost:50248 to DC10
[dc2_node2] Join request from localhost:50245 (DC: DC10)
[ConsistentHash] Saved ring state for dc2_node2
[dc2_node2] Added localhost:50242 to ring. Ring now has 184 nodes
[ConsistentHash] Error saving ring state: [Errno 2] No such file or directory: 'data/dc2_node2_ring.json.tmp' -> 'data/dc2_node2_ring.json'
[dc2_node2] Added localhost:50248 to ring. Ring now has 184 nodes
[ConsistentHash] Error saving ring state: [Errno 2] No such file or directory: 'data/dc2_node2_ring.json.tmp' -> 'data/dc2_node2_ring.json'
[dc2_node2] Added localhost:50249 to ring. Ring now has 184 nodes
[dc2_node2] Join request from localhost:50233 (DC: DC10)
[dc2_node2] Join request from localhost:50250 (DC: DC10)
[dc2_node2] Join request from localhost:50245 (DC: DC10)
[dc2_node2] Join request from localhost:50242 (DC: DC10)
[dc2_node2] Join request from localhost:50234 (DC: DC10)
Added node localhost:50234 with 150 virtual nodes
[Config] Added localhost:50234 to DC10
[dc2_node2] Join request from localhost:50242 (DC: DC10)
[ConsistentHash] Saved ring state for dc2_node2
[dc2_node2] Added localhost:50234 to ring. Ring now has 185 nodes
[dc2_node2] GetRing request from dc8_node9
[dc2_node2] GetRing request from dc7_node16
[dc2_node2] Client PUT: key='item:0045', value='value_45_initial'
[dc2_node2] Preference list for 'item:0045': ['localhost:50141', 'localhost:50162', 'localhost:50249']
[dc2_node2] Coordinator NOT in preference list, forwarding only
[dc2_node2] Replicated to localhost:50141
[dc2_node2] Replicated to localhost:50162
[dc2_node2] Replicated to localhost:50249
[dc2_node2] W-quorum achieved (2 writes), returning to client
[dc2_node2] Background replication continues for remaining nodes
[dc2_node2] Successful writes: 3/3
[dc2_node2] Internal PUT (replication): key='item:0062'
[dc2_node2] Stored NEW key='item:0062', value='value_62_initial', clock={dc4_node2:1}
[dc2_node2] Saved 1 keys to disk
[dc2_node2] Client PUT: key='item:0072', value='value_72_initial'
[dc2_node2] Preference list for 'item:0072': ['localhost:50146', 'localhost:50200', 'localhost:50167']
[dc2_node2] Coordinator NOT in preference list, forwarding only
[dc2_node2] Replicated to localhost:50146
[dc2_node2] Replicated to localhost:50200
[dc2_node2] Replicated to localhost:50167
[dc2_node2] W-quorum achieved (2 writes), returning to client
[dc2_node2] Background replication continues for remaining nodes
[dc2_node2] Successful writes: 3/3
[dc2_node2] Internal PUT (replication): key='item:0091'
[dc2_node2] Stored NEW key='item:0091', value='value_91_initial', clock={dc7_node3:1}
[dc2_node2] Saved 2 keys to disk
[dc2_node2] Client PUT: key='item:0095', value='value_95_initial'
[dc2_node2] Preference list for 'item:0095': ['localhost:50085', 'localhost:50192', 'localhost:50104']
[dc2_node2] Coordinator NOT in preference list, forwarding only
[dc2_node2] Replicated to localhost:50085
[dc2_node2] Replicated to localhost:50192
[dc2_node2] Replicated to localhost:50104
[dc2_node2] W-quorum achieved (2 writes), returning to client
[dc2_node2] Background replication continues for remaining nodes
[dc2_node2] Successful writes: 3/3
[dc2_node2] Internal PUT (replication): key='item:0136'
[dc2_node2] Stored NEW key='item:0136', value='value_136_initial', clock={dc9_node7:1}
[dc2_node2] Saved 3 keys to disk
[dc2_node2] Internal PUT (replication): key='item:0217'
[dc2_node2] Stored NEW key='item:0217', value='value_217_initial', clock={dc5_node14:1}
[dc2_node2] Saved 4 keys to disk
[dc2_node2] Internal PUT (replication): key='item:0382'
[dc2_node2] Stored NEW key='item:0382', value='value_382_initial', clock={dc7_node2:1}
[dc2_node2] Saved 5 keys to disk
[dc2_node2] Internal PUT (replication): key='item:0457'
[dc2_node2] Stored NEW key='item:0457', value='value_457_initial', clock={dc3_node18:1}
[dc2_node2] Saved 6 keys to disk
[dc2_node2] Internal PUT (replication): key='item:0462'
[dc2_node2] Stored NEW key='item:0462', value='value_462_initial', clock={dc1_node1:1}
[dc2_node2] Saved 7 keys to disk
[dc2_node2] Internal PUT (replication): key='item:0484'
[dc2_node2] Stored NEW key='item:0484', value='value_484_initial', clock={dc7_node9:1}
[dc2_node2] Saved 8 keys to disk
[dc2_node2] Internal PUT (replication): key='item:0571'
[dc2_node2] Stored NEW key='item:0571', value='value_571_initial', clock={dc4_node10:1}
[dc2_node2] Saved 9 keys to disk
[dc2_node2] Client PUT: key='item:0718', value='value_718_initial'
[dc2_node2] Preference list for 'item:0718': ['localhost:50146', 'localhost:50097', 'localhost:50197']
[dc2_node2] Coordinator NOT in preference list, forwarding only
[dc2_node2] Replicated to localhost:50097
[dc2_node2] Replicated to localhost:50146
[dc2_node2] Replicated to localhost:50197
[dc2_node2] W-quorum achieved (2 writes), returning to client
[dc2_node2] Background replication continues for remaining nodes
[dc2_node2] Successful writes: 3/3
[dc2_node2] Internal PUT (replication): key='item:0722'
[dc2_node2] Stored NEW key='item:0722', value='value_722_initial', clock={dc6_node11:1}
[dc2_node2] Saved 10 keys to disk
[dc2_node2] Internal PUT (replication): key='item:0768'
[dc2_node2] Stored NEW key='item:0768', value='value_768_initial', clock={dc2_node10:1}
[dc2_node2] Saved 11 keys to disk
[dc2_node2] Internal PUT (replication): key='item:0818'
[dc2_node2] Stored NEW key='item:0818', value='value_818_initial', clock={dc6_node11:1}
[dc2_node2] Saved 12 keys to disk
[dc2_node2] Internal PUT (replication): key='item:0943'
[dc2_node2] Stored NEW key='item:0943', value='value_943_initial', clock={dc9_node7:1}
[dc2_node2] Saved 13 keys to disk
[dc2_node2] Internal PUT (replication): key='item:1129'
[dc2_node2] Stored NEW key='item:1129', value='value_1129_initial', clock={dc1_node20:1}
[dc2_node2] Saved 14 keys to disk
[dc2_node2] Internal PUT (replication): key='item:1156'
[dc2_node2] Stored NEW key='item:1156', value='value_1156_initial', clock={dc5_node14:1}
[dc2_node2] Saved 15 keys to disk
[dc2_node2] Internal PUT (replication): key='item:1164'
[dc2_node2] Stored NEW key='item:1164', value='value_1164_initial', clock={dc3_node18:1}
[dc2_node2] Saved 16 keys to disk
[dc2_node2] Internal PUT (replication): key='item:1165'
[dc2_node2] Stored NEW key='item:1165', value='value_1165_initial', clock={dc8_node4:1}
[dc2_node2] Saved 17 keys to disk
[dc2_node2] Internal PUT (replication): key='item:1175'
[dc2_node2] Stored NEW key='item:1175', value='value_1175_initial', clock={dc1_node2:1}
[dc2_node2] Saved 18 keys to disk
[dc2_node2] Internal PUT (replication): key='item:1193'
[dc2_node2] Stored NEW key='item:1193', value='value_1193_initial', clock={dc3_node10:1}
[dc2_node2] Saved 19 keys to disk
[dc2_node2] Internal PUT (replication): key='item:1236'
[dc2_node2] Stored NEW key='item:1236', value='value_1236_initial', clock={dc10_node13:1}
[dc2_node2] Saved 20 keys to disk
[dc2_node2] Internal PUT (replication): key='item:1276'
[dc2_node2] Stored NEW key='item:1276', value='value_1276_initial', clock={dc7_node4:1}
[dc2_node2] Saved 21 keys to disk
[dc2_node2] Client PUT: key='item:1298', value='value_1298_initial'
[dc2_node2] Preference list for 'item:1298': ['localhost:50238', 'localhost:50107', 'localhost:50150']
[dc2_node2] Coordinator NOT in preference list, forwarding only
[dc2_node2] Replicated to localhost:50107
[dc2_node2] Replicated to localhost:50150
[dc2_node2] Replicated to localhost:50238
[dc2_node2] W-quorum achieved (2 writes), returning to client
[dc2_node2] Background replication continues for remaining nodes
[dc2_node2] Successful writes: 3/3
[dc2_node2] Internal PUT (replication): key='item:1340'
[dc2_node2] Stored NEW key='item:1340', value='value_1340_initial', clock={dc3_node3:1}
[dc2_node2] Saved 22 keys to disk
[dc2_node2] Client PUT: key='item:1351', value='value_1351_initial'
[dc2_node2] Preference list for 'item:1351': ['localhost:50070', 'localhost:50192', 'localhost:50233']
[dc2_node2] Coordinator NOT in preference list, forwarding only
[dc2_node2] Replicated to localhost:50070
[dc2_node2] Replicated to localhost:50192
[dc2_node2] Replicated to localhost:50233
[dc2_node2] W-quorum achieved (2 writes), returning to client
[dc2_node2] Background replication continues for remaining nodes
[dc2_node2] Successful writes: 3/3
[dc2_node2] Internal PUT (replication): key='item:1387'
[dc2_node2] Stored NEW key='item:1387', value='value_1387_initial', clock={dc10_node18:1}
[dc2_node2] Saved 23 keys to disk
[dc2_node2] Internal PUT (replication): key='item:1392'
[dc2_node2] Stored NEW key='item:1392', value='value_1392_initial', clock={dc4_node12:1}
[dc2_node2] Saved 24 keys to disk
[dc2_node2] Internal PUT (replication): key='item:1458'
[dc2_node2] Stored NEW key='item:1458', value='value_1458_initial', clock={dc3_node4:1}
[dc2_node2] Saved 25 keys to disk
[dc2_node2] Internal PUT (replication): key='item:1468'
[dc2_node2] Stored NEW key='item:1468', value='value_1468_initial', clock={dc1_node7:1}
[dc2_node2] Saved 26 keys to disk
[dc2_node2] Internal PUT (replication): key='item:1578'
[dc2_node2] Stored NEW key='item:1578', value='value_1578_initial', clock={dc2_node13:1}
[dc2_node2] Saved 27 keys to disk
[dc2_node2] Client PUT: key='item:1588', value='value_1588_initial'
[dc2_node2] Preference list for 'item:1588': ['localhost:50197', 'localhost:50135', 'localhost:50243']
[dc2_node2] Coordinator NOT in preference list, forwarding only
[dc2_node2] Replicated to localhost:50197
[dc2_node2] Replicated to localhost:50135
[dc2_node2] Replicated to localhost:50243
[dc2_node2] W-quorum achieved (2 writes), returning to client
[dc2_node2] Background replication continues for remaining nodes
[dc2_node2] Successful writes: 3/3
[dc2_node2] Internal PUT (replication): key='item:1590'
[dc2_node2] Stored NEW key='item:1590', value='value_1590_initial', clock={dc3_node20:1}
[dc2_node2] Saved 28 keys to disk
[dc2_node2] Internal PUT (replication): key='item:1735'
[dc2_node2] Stored NEW key='item:1735', value='value_1735_initial', clock={dc5_node17:1}
[dc2_node2] Saved 29 keys to disk
[dc2_node2] Internal PUT (replication): key='item:1785'
[dc2_node2] Stored NEW key='item:1785', value='value_1785_initial', clock={dc1_node14:1}
[dc2_node2] Saved 30 keys to disk
[dc2_node2] Internal PUT (replication): key='item:2016'
[dc2_node2] Stored NEW key='item:2016', value='value_2016_initial', clock={dc8_node18:1}
[dc2_node2] Saved 31 keys to disk
[dc2_node2] Internal PUT (replication): key='item:2058'
[dc2_node2] Stored NEW key='item:2058', value='value_2058_initial', clock={dc8_node7:1}
[dc2_node2] Saved 32 keys to disk
[dc2_node2] Internal PUT (replication): key='item:2078'
[dc2_node2] Stored NEW key='item:2078', value='value_2078_initial', clock={dc6_node1:1}
[dc2_node2] Saved 33 keys to disk
[dc2_node2] Internal PUT (replication): key='item:2104'
[dc2_node2] Stored NEW key='item:2104', value='value_2104_initial', clock={dc10_node19:1}
[dc2_node2] Saved 34 keys to disk
[dc2_node2] Internal PUT (replication): key='item:2125'
[dc2_node2] Stored NEW key='item:2125', value='value_2125_initial', clock={dc8_node5:1}
[dc2_node2] Saved 35 keys to disk
[dc2_node2] Client PUT: key='item:2136', value='value_2136_initial'
[dc2_node2] Preference list for 'item:2136': ['localhost:50242', 'localhost:50090', 'localhost:50132']
[dc2_node2] Coordinator NOT in preference list, forwarding only
[dc2_node2] Replicated to localhost:50090
[dc2_node2] Replicated to localhost:50132
[dc2_node2] Replicated to localhost:50242
[dc2_node2] W-quorum achieved (2 writes), returning to client
[dc2_node2] Background replication continues for remaining nodes
[dc2_node2] Successful writes: 3/3
[dc2_node2] Client PUT: key='item:2313', value='value_2313_initial'
[dc2_node2] Preference list for 'item:2313': ['localhost:50184', 'localhost:50067', 'localhost:50114']
[dc2_node2] Coordinator NOT in preference list, forwarding only
[dc2_node2] Replicated to localhost:50067
[dc2_node2] Replicated to localhost:50184
[dc2_node2] Replicated to localhost:50114
[dc2_node2] W-quorum achieved (2 writes), returning to client
[dc2_node2] Background replication continues for remaining nodes
[dc2_node2] Successful writes: 3/3
[dc2_node2] Internal PUT (replication): key='item:2348'
[dc2_node2] Stored NEW key='item:2348', value='value_2348_initial', clock={dc8_node15:1}
[dc2_node2] Saved 36 keys to disk
[dc2_node2] Internal PUT (replication): key='item:2371'
[dc2_node2] Stored NEW key='item:2371', value='value_2371_initial', clock={dc10_node6:1}
[dc2_node2] Saved 37 keys to disk
[dc2_node2] Internal PUT (replication): key='item:2507'
[dc2_node2] Stored NEW key='item:2507', value='value_2507_initial', clock={dc9_node5:1}
[dc2_node2] Saved 38 keys to disk
[dc2_node2] Internal PUT (replication): key='item:2527'
[dc2_node2] Stored NEW key='item:2527', value='value_2527_initial', clock={dc4_node6:1}
[dc2_node2] Saved 39 keys to disk
[dc2_node2] Client PUT: key='item:2545', value='value_2545_initial'
[dc2_node2] Preference list for 'item:2545': ['localhost:50196', 'localhost:50244', 'localhost:50087']
[dc2_node2] Coordinator NOT in preference list, forwarding only
[dc2_node2] Replicated to localhost:50196
[dc2_node2] Replicated to localhost:50087
[dc2_node2] Replicated to localhost:50244
[dc2_node2] W-quorum achieved (2 writes), returning to client
[dc2_node2] Background replication continues for remaining nodes
[dc2_node2] Successful writes: 3/3
[dc2_node2] Internal PUT (replication): key='item:2565'
[dc2_node2] Stored NEW key='item:2565', value='value_2565_initial', clock={dc2_node17:1}
[dc2_node2] Saved 40 keys to disk
[dc2_node2] Internal PUT (replication): key='item:2598'
[dc2_node2] Stored NEW key='item:2598', value='value_2598_initial', clock={dc10_node6:1}
[dc2_node2] Saved 41 keys to disk
[dc2_node2] Internal PUT (replication): key='item:2662'
[dc2_node2] Stored NEW key='item:2662', value='value_2662_initial', clock={dc8_node17:1}
[dc2_node2] Saved 42 keys to disk
[dc2_node2] Internal PUT (replication): key='item:2770'
[dc2_node2] Stored NEW key='item:2770', value='value_2770_initial', clock={dc5_node2:1}
[dc2_node2] Saved 43 keys to disk
[dc2_node2] Client PUT: key='item:2806', value='value_2806_initial'
[dc2_node2] Preference list for 'item:2806': ['localhost:50250', 'localhost:50149', 'localhost:50110']
[dc2_node2] Coordinator NOT in preference list, forwarding only
[dc2_node2] Replicated to localhost:50110
[dc2_node2] Replicated to localhost:50250
[dc2_node2] Replicated to localhost:50149
[dc2_node2] W-quorum achieved (2 writes), returning to client
[dc2_node2] Background replication continues for remaining nodes
[dc2_node2] Successful writes: 3/3
[dc2_node2] Internal PUT (replication): key='item:2869'
[dc2_node2] Stored NEW key='item:2869', value='value_2869_initial', clock={dc4_node6:1}
[dc2_node2] Saved 44 keys to disk
[dc2_node2] Internal PUT (replication): key='item:2929'
[dc2_node2] Stored NEW key='item:2929', value='value_2929_initial', clock={dc3_node19:1}
[dc2_node2] Saved 45 keys to disk
[dc2_node2] Internal PUT (replication): key='item:2939'
[dc2_node2] Stored NEW key='item:2939', value='value_2939_initial', clock={dc1_node1:1}
[dc2_node2] Saved 46 keys to disk
[dc2_node2] Internal PUT (replication): key='item:2942'
[dc2_node2] Stored NEW key='item:2942', value='value_2942_initial', clock={dc8_node6:1}
[dc2_node2] Saved 47 keys to disk
[dc2_node2] Internal PUT (replication): key='item:3007'
[dc2_node2] Stored NEW key='item:3007', value='value_3007_initial', clock={dc6_node8:1}
[dc2_node2] Saved 48 keys to disk
[dc2_node2] Internal PUT (replication): key='item:3022'
[dc2_node2] Stored NEW key='item:3022', value='value_3022_initial', clock={dc1_node2:1}
[dc2_node2] Saved 49 keys to disk
[dc2_node2] Internal PUT (replication): key='item:3178'
[dc2_node2] Stored NEW key='item:3178', value='value_3178_initial', clock={dc9_node2:1}
[dc2_node2] Saved 50 keys to disk
[dc2_node2] Internal PUT (replication): key='item:3191'
[dc2_node2] Stored NEW key='item:3191', value='value_3191_initial', clock={dc10_node13:1}
[dc2_node2] Saved 51 keys to disk
[dc2_node2] Internal PUT (replication): key='item:3222'
[dc2_node2] Stored NEW key='item:3222', value='value_3222_initial', clock={dc1_node8:1}
[dc2_node2] Saved 52 keys to disk
[dc2_node2] Internal PUT (replication): key='item:3284'
[dc2_node2] Stored NEW key='item:3284', value='value_3284_initial', clock={dc7_node4:1}
[dc2_node2] Saved 53 keys to disk
[dc2_node2] Internal PUT (replication): key='item:3356'
[dc2_node2] Stored NEW key='item:3356', value='value_3356_initial', clock={dc3_node14:1}
[dc2_node2] Saved 54 keys to disk
[dc2_node2] Client PUT: key='item:3429', value='value_3429_initial'
[dc2_node2] Preference list for 'item:3429': ['localhost:50071', 'localhost:50057', 'localhost:50200']
[dc2_node2] Coordinator NOT in preference list, forwarding only
[dc2_node2] Replicated to localhost:50071
[dc2_node2] Replicated to localhost:50057
[dc2_node2] Replicated to localhost:50200
[dc2_node2] W-quorum achieved (2 writes), returning to client
[dc2_node2] Background replication continues for remaining nodes
[dc2_node2] Successful writes: 3/3
[dc2_node2] Internal PUT (replication): key='item:3490'
[dc2_node2] Stored NEW key='item:3490', value='value_3490_initial', clock={dc10_node10:1}
[dc2_node2] Saved 55 keys to disk
[dc2_node2] Internal PUT (replication): key='item:3586'
[dc2_node2] Stored NEW key='item:3586', value='value_3586_initial', clock={dc5_node8:1}
[dc2_node2] Saved 56 keys to disk
[dc2_node2] Internal PUT (replication): key='item:3791'
[dc2_node2] Stored NEW key='item:3791', value='value_3791_initial', clock={dc9_node7:1}
[dc2_node2] Saved 57 keys to disk
[dc2_node2] Internal PUT (replication): key='item:3838'
[dc2_node2] Stored NEW key='item:3838', value='value_3838_initial', clock={dc2_node9:1}
[dc2_node2] Saved 58 keys to disk
[dc2_node2] Internal PUT (replication): key='item:3890'
[dc2_node2] Stored NEW key='item:3890', value='value_3890_initial', clock={dc6_node17:1}
[dc2_node2] Saved 59 keys to disk
[dc2_node2] Client PUT: key='item:4035', value='value_4035_initial'
[dc2_node2] Preference list for 'item:4035': ['localhost:50125', 'localhost:50186', 'localhost:50227']
[dc2_node2] Coordinator NOT in preference list, forwarding only
[dc2_node2] Replicated to localhost:50125
[dc2_node2] Replicated to localhost:50186
[dc2_node2] Replicated to localhost:50227
[dc2_node2] W-quorum achieved (2 writes), returning to client
[dc2_node2] Background replication continues for remaining nodes
[dc2_node2] Successful writes: 3/3
[dc2_node2] Internal PUT (replication): key='item:4052'
[dc2_node2] Stored NEW key='item:4052', value='value_4052_initial', clock={dc5_node11:1}
[dc2_node2] Saved 60 keys to disk
[dc2_node2] Internal PUT (replication): key='item:4109'
[dc2_node2] Stored NEW key='item:4109', value='value_4109_initial', clock={dc10_node5:1}
[dc2_node2] Saved 61 keys to disk
[dc2_node2] Internal PUT (replication): key='item:4118'
[dc2_node2] Stored NEW key='item:4118', value='value_4118_initial', clock={dc1_node19:1}
[dc2_node2] Saved 62 keys to disk
[dc2_node2] Client PUT: key='item:4138', value='value_4138_initial'
[dc2_node2] Preference list for 'item:4138': ['localhost:50090', 'localhost:50206', 'localhost:50243']
[dc2_node2] Coordinator NOT in preference list, forwarding only
[dc2_node2] Replicated to localhost:50090
[dc2_node2] Replicated to localhost:50243
[dc2_node2] Replicated to localhost:50206
[dc2_node2] W-quorum achieved (2 writes), returning to client
[dc2_node2] Background replication continues for remaining nodes
[dc2_node2] Successful writes: 3/3
[dc2_node2] Internal PUT (replication): key='item:4165'
[dc2_node2] Stored NEW key='item:4165', value='value_4165_initial', clock={dc10_node1:1}
[dc2_node2] Saved 63 keys to disk
[dc2_node2] Internal PUT (replication): key='item:4205'
[dc2_node2] Stored NEW key='item:4205', value='value_4205_initial', clock={dc3_node16:1}
[dc2_node2] Saved 64 keys to disk
[dc2_node2] Client PUT: key='item:4344', value='value_4344_initial'
[dc2_node2] Preference list for 'item:4344': ['localhost:50165', 'localhost:50096', 'localhost:50207']
[dc2_node2] Coordinator NOT in preference list, forwarding only
[dc2_node2] Replicated to localhost:50165
[dc2_node2] Replicated to localhost:50096
[dc2_node2] Replicated to localhost:50207
[dc2_node2] W-quorum achieved (2 writes), returning to client
[dc2_node2] Background replication continues for remaining nodes
[dc2_node2] Successful writes: 3/3
[dc2_node2] Internal PUT (replication): key='item:4381'
[dc2_node2] Stored NEW key='item:4381', value='value_4381_initial', clock={dc9_node3:1}
[dc2_node2] Saved 65 keys to disk
[dc2_node2] Client PUT: key='item:4387', value='value_4387_initial'
[dc2_node2] Preference list for 'item:4387': ['localhost:50068', 'localhost:50074', 'localhost:50196']
[dc2_node2] Coordinator NOT in preference list, forwarding only
[dc2_node2] Replicated to localhost:50068
[dc2_node2] Replicated to localhost:50196
[dc2_node2] Replicated to localhost:50074
[dc2_node2] W-quorum achieved (2 writes), returning to client
[dc2_node2] Background replication continues for remaining nodes
[dc2_node2] Successful writes: 3/3
[dc2_node2] Internal PUT (replication): key='item:4456'
[dc2_node2] Stored NEW key='item:4456', value='value_4456_initial', clock={dc3_node12:1}
[dc2_node2] Saved 66 keys to disk
[dc2_node2] Internal PUT (replication): key='item:4568'
[dc2_node2] Stored NEW key='item:4568', value='value_4568_initial', clock={dc3_node11:1}
[dc2_node2] Saved 67 keys to disk
[dc2_node2] Internal PUT (replication): key='item:4569'
[dc2_node2] Stored NEW key='item:4569', value='value_4569_initial', clock={dc3_node8:1}
[dc2_node2] Saved 68 keys to disk
[dc2_node2] Client PUT: key='item:4577', value='value_4577_initial'
[dc2_node2] Preference list for 'item:4577': ['localhost:50219', 'localhost:50053', 'localhost:50124']
[dc2_node2] Coordinator NOT in preference list, forwarding only
[dc2_node2] Replicated to localhost:50124
[dc2_node2] Replicated to localhost:50053
[dc2_node2] Replicated to localhost:50219
[dc2_node2] W-quorum achieved (2 writes), returning to client
[dc2_node2] Background replication continues for remaining nodes
[dc2_node2] Successful writes: 3/3
[dc2_node2] Internal PUT (replication): key='item:4689'
[dc2_node2] Stored NEW key='item:4689', value='value_4689_initial', clock={dc1_node6:1}
[dc2_node2] Saved 69 keys to disk
[dc2_node2] Internal PUT (replication): key='item:4794'
[dc2_node2] Stored NEW key='item:4794', value='value_4794_initial', clock={dc10_node6:1}
[dc2_node2] Saved 70 keys to disk
[dc2_node2] Internal PUT (replication): key='item:4855'
[dc2_node2] Stored NEW key='item:4855', value='value_4855_initial', clock={dc5_node15:1}
[dc2_node2] Saved 71 keys to disk
[dc2_node2] Client PUT: key='item:4856', value='value_4856_initial'
[dc2_node2] Preference list for 'item:4856': ['localhost:50158', 'localhost:50181', 'localhost:50203']
[dc2_node2] Coordinator NOT in preference list, forwarding only
[dc2_node2] Replicated to localhost:50158
[dc2_node2] Replicated to localhost:50181
[dc2_node2] Replicated to localhost:50203
[dc2_node2] W-quorum achieved (2 writes), returning to client
[dc2_node2] Background replication continues for remaining nodes
[dc2_node2] Successful writes: 3/3
[dc2_node2] Client PUT: key='item:4947', value='value_4947_initial'
[dc2_node2] Preference list for 'item:4947': ['localhost:50129', 'localhost:50074', 'localhost:50250']
[dc2_node2] Coordinator NOT in preference list, forwarding only
[dc2_node2] Replicated to localhost:50129
[dc2_node2] Replicated to localhost:50250
[dc2_node2] Replicated to localhost:50074
[dc2_node2] W-quorum achieved (2 writes), returning to client
[dc2_node2] Background replication continues for remaining nodes
[dc2_node2] Successful writes: 3/3
[dc2_node2] Client PUT: key='item:4961', value='value_4961_initial'
[dc2_node2] Preference list for 'item:4961': ['localhost:50116', 'localhost:50131', 'localhost:50172']
[dc2_node2] Coordinator NOT in preference list, forwarding only
[dc2_node2] Replicated to localhost:50131
[dc2_node2] Replicated to localhost:50116
[dc2_node2] Replicated to localhost:50172
[dc2_node2] W-quorum achieved (2 writes), returning to client
[dc2_node2] Background replication continues for remaining nodes
[dc2_node2] Successful writes: 3/3
[dc2_node2] Client PUT: key='item:4976', value='value_4976_initial'
[dc2_node2] Preference list for 'item:4976': ['localhost:50169', 'localhost:50132', 'localhost:50125']
[dc2_node2] Coordinator NOT in preference list, forwarding only
[dc2_node2] Replicated to localhost:50169
[dc2_node2] Replicated to localhost:50132
[dc2_node2] Replicated to localhost:50125
[dc2_node2] W-quorum achieved (2 writes), returning to client
[dc2_node2] Background replication continues for remaining nodes
[dc2_node2] Successful writes: 3/3
[dc2_node2] Internal PUT (replication): key='item:4998'
[dc2_node2] Stored NEW key='item:4998', value='value_4998_initial', clock={dc8_node18:1}
[dc2_node2] Saved 72 keys to disk
[dc2_node2] Client PUT: key='item:3753', value='value_3753_update_client34_op2'
[dc2_node2] Preference list for 'item:3753': ['localhost:50228', 'localhost:50122', 'localhost:50173']
[dc2_node2] Coordinator NOT in preference list, forwarding only
[dc2_node2] Replicated to localhost:50122
[dc2_node2] Replicated to localhost:50173
[dc2_node2] Replicated to localhost:50228
[dc2_node2] W-quorum achieved (2 writes), returning to client
[dc2_node2] Background replication continues for remaining nodes
[dc2_node2] Successful writes: 3/3
[dc2_node2] Client PUT: key='item:4902', value='value_4902_client41_op1'
[dc2_node2] Preference list for 'item:4902': ['localhost:50157', 'localhost:50062', 'localhost:50109']
[dc2_node2] Coordinator NOT in preference list, forwarding only
[dc2_node2] Replicated to localhost:50157
[dc2_node2] Replicated to localhost:50109
[dc2_node2] Replicated to localhost:50062
[dc2_node2] W-quorum achieved (2 writes), returning to client
[dc2_node2] Background replication continues for remaining nodes
[dc2_node2] Successful writes: 3/3
[dc2_node2] Retrieved key='item:3191', versions=1
[dc2_node2] Client PUT: key='item:3946', value='value_3946_update_client36_op3'
[dc2_node2] Preference list for 'item:3946': ['localhost:50239', 'localhost:50212', 'localhost:50102']
[dc2_node2] Coordinator NOT in preference list, forwarding only
[dc2_node2] Merged versions for key='item:3191', result=1 versions
[dc2_node2] Replicated to localhost:50102
[dc2_node2] Replicated to localhost:50239
[dc2_node2] Saved 72 keys to disk
[dc2_node2] Replicated to localhost:50212
[dc2_node2] W-quorum achieved (2 writes), returning to client
[dc2_node2] Background replication continues for remaining nodes
[dc2_node2] Successful writes: 3/3
[dc2_node2] Internal PUT (replication): key='item:1578'
[dc2_node2] CONFLICT detected for key='item:1578', siblings=2
[dc2_node2] Saved 72 keys to disk
[dc2_node2] Client PUT: key='item:0622', value='value_622_update_client47_op2'
[dc2_node2] Preference list for 'item:0622': ['localhost:50104', 'localhost:50192', 'localhost:50166']
[dc2_node2] Coordinator NOT in preference list, forwarding only
[dc2_node2] Replicated to localhost:50104
[dc2_node2] Replicated to localhost:50192
[dc2_node2] Replicated to localhost:50166
[dc2_node2] Internal PUT (replication): key='item:1164'
[dc2_node2] CONFLICT detected for key='item:1164', siblings=2
[dc2_node2] Saved 72 keys to disk
[dc2_node2] W-quorum achieved (2 writes), returning to client
[dc2_node2] Background replication continues for remaining nodes
[dc2_node2] Successful writes: 3/3
[dc2_node2] Internal PUT (replication): key='item:2869'
[dc2_node2] CONFLICT detected for key='item:2869', siblings=2
[dc2_node2] Saved 72 keys to disk
[dc2_node2] Internal PUT (replication): key='item:1236'
[dc2_node2] CONFLICT detected for key='item:1236', siblings=2
[dc2_node2] Saved 72 keys to disk
[dc2_node2] Retrieved key='item:4855', versions=1
[dc2_node2] Merged versions for key='item:4855', result=1 versions
[dc2_node2] Saved 72 keys to disk
[dc2_node2] Internal PUT (replication): key='item:1735'
[dc2_node2] CONFLICT detected for key='item:1735', siblings=2
[dc2_node2] Saved 72 keys to disk
[dc2_node2] Client PUT: key='item:4823', value='value_4823_update_client8_op11'
[dc2_node2] Preference list for 'item:4823': ['localhost:50158', 'localhost:50205', 'localhost:50248']
[dc2_node2] Coordinator NOT in preference list, forwarding only
[dc2_node2] Replicated to localhost:50158
[dc2_node2] Replicated to localhost:50248
[dc2_node2] Replicated to localhost:50205
[dc2_node2] Retrieved key='item:2565', versions=1
[dc2_node2] Retrieved key='item:1468', versions=1
[dc2_node2] Merged versions for key='item:2565', result=1 versions
[dc2_node2] W-quorum achieved (2 writes), returning to client
[dc2_node2] Background replication continues for remaining nodes
[dc2_node2] Successful writes: 3/3
[dc2_node2] Saved 72 keys to disk
[dc2_node2] Merged versions for key='item:1468', result=1 versions
[dc2_node2] Saved 72 keys to disk
[dc2_node2] Internal PUT (replication): key='item:3022'
[dc2_node2] CONFLICT detected for key='item:3022', siblings=2
[dc2_node2] Saved 72 keys to disk
[dc2_node2] Client PUT: key='item:4655', value='value_4655_update_client36_op14'
[dc2_node2] Preference list for 'item:4655': ['localhost:50062', 'localhost:50094', 'localhost:50118']
[dc2_node2] Coordinator NOT in preference list, forwarding only
[dc2_node2] Replicated to localhost:50062
[dc2_node2] Replicated to localhost:50094
[dc2_node2] Replicated to localhost:50118
[dc2_node2] W-quorum achieved (2 writes), returning to client
[dc2_node2] Background replication continues for remaining nodes
[dc2_node2] Successful writes: 3/3
[dc2_node2] Retrieved key='item:1164', versions=2
[dc2_node2] Client PUT: key='item:1727', value='value_1727_update_client16_op16'
[dc2_node2] Preference list for 'item:1727': ['localhost:50136', 'localhost:50160', 'localhost:50240']
[dc2_node2] Coordinator NOT in preference list, forwarding only
[dc2_node2] Replicated to localhost:50160
[dc2_node2] Replicated to localhost:50136
[dc2_node2] Replicated to localhost:50240
[dc2_node2] W-quorum achieved (2 writes), returning to client
[dc2_node2] Background replication continues for remaining nodes
[dc2_node2] Successful writes: 3/3
[dc2_node2] Merged versions for key='item:1193', result=1 versions
[dc2_node2] Saved 72 keys to disk
[dc2_node2] Retrieved key='item:1156', versions=1
[dc2_node2] Merged versions for key='item:1156', result=1 versions
[dc2_node2] Saved 72 keys to disk
[dc2_node2] Merged versions for key='item:4568', result=1 versions
[dc2_node2] Saved 72 keys to disk
[dc2_node2] Merged versions for key='item:3838', result=1 versions
[dc2_node2] Saved 72 keys to disk
[dc2_node2] Client PUT: key='item:2257', value='value_2257_update_client17_op27'
[dc2_node2] Preference list for 'item:2257': ['localhost:50160', 'localhost:50240', 'localhost:50150']
[dc2_node2] Coordinator NOT in preference list, forwarding only
[dc2_node2] Replicated to localhost:50160
[dc2_node2] Replicated to localhost:50240
[dc2_node2] Replicated to localhost:50150
[dc2_node2] W-quorum achieved (2 writes), returning to client
[dc2_node2] Background replication continues for remaining nodes
[dc2_node2] Successful writes: 3/3
[dc2_node2] Internal PUT (replication): key='item:4381'
[dc2_node2] CONFLICT detected for key='item:4381', siblings=2
[dc2_node2] Saved 72 keys to disk
[dc2_node2] Internal PUT (replication): key='item:1129'
[dc2_node2] CONFLICT detected for key='item:1129', siblings=2
[dc2_node2] Saved 72 keys to disk
[dc2_node2] Client PUT: key='item:4338', value='value_4338_update_client12_op31'
[dc2_node2] Preference list for 'item:4338': ['localhost:50086', 'localhost:50126', 'localhost:50148']
[dc2_node2] Coordinator NOT in preference list, forwarding only
[dc2_node2] Replicated to localhost:50086
[dc2_node2] Replicated to localhost:50126
[dc2_node2] Replicated to localhost:50148
[dc2_node2] W-quorum achieved (2 writes), returning to client
[dc2_node2] Background replication continues for remaining nodes
[dc2_node2] Successful writes: 3/3
[dc2_node2] Internal PUT (replication): key='item:3586'
[dc2_node2] CONFLICT detected for key='item:3586', siblings=2
[dc2_node2] Saved 72 keys to disk
[dc2_node2] Retrieved key='item:2507', versions=1
[dc2_node2] Merged versions for key='item:2507', result=1 versions
[dc2_node2] Saved 72 keys to disk
[dc2_node2] Client GET: key='item:1459'
[dc2_node2] Reading from preference list: ['localhost:50123', 'localhost:50145']
[dc2_node2] Key='item:1459' not found
[dc2_node2] Performing read repair for key='item:1459'
[dc2_node2] Read repair to localhost:50123 succeeded
[dc2_node2] Read repair to localhost:50145 succeeded
[dc2_node2] Read repair to localhost:50157 succeeded
[dc2_node2] Internal PUT (replication): key='item:2929'
[dc2_node2] CONFLICT detected for key='item:2929', siblings=2
[dc2_node2] Saved 72 keys to disk
[dc2_node2] Internal PUT (replication): key='item:2565'
[dc2_node2] CONFLICT detected for key='item:2565', siblings=2
[dc2_node2] Internal PUT (replication): key='item:3890'
[dc2_node2] Saved 72 keys to disk
[dc2_node2] CONFLICT detected for key='item:3890', siblings=2
[dc2_node2] Saved 72 keys to disk
[dc2_node2] Internal PUT (replication): key='item:2929'
[dc2_node2] CONFLICT detected for key='item:2929', siblings=3
[dc2_node2] Saved 72 keys to disk
[dc2_node2] Client PUT: key='item:3568', value='value_3568_update_client38_op34'
[dc2_node2] Preference list for 'item:3568': ['localhost:50165', 'localhost:50238', 'localhost:50074']
[dc2_node2] Coordinator NOT in preference list, forwarding only
[dc2_node2] Replicated to localhost:50165
[dc2_node2] Replicated to localhost:50238
[dc2_node2] Replicated to localhost:50074
[dc2_node2] W-quorum achieved (2 writes), returning to client
[dc2_node2] Background replication continues for remaining nodes
[dc2_node2] Successful writes: 3/3
[dc2_node2] Client GET: key='item:2641'
[dc2_node2] Reading from preference list: ['localhost:50065', 'localhost:50240']
[dc2_node2] Key='item:2641' not found
[dc2_node2] Performing read repair for key='item:2641'
[dc2_node2] Read repair to localhost:50065 succeeded
[dc2_node2] Read repair to localhost:50240 succeeded
[dc2_node2] Read repair to localhost:50087 succeeded
[dc2_node2] Client PUT: key='item:1489', value='value_1489_update_client41_op38'
[dc2_node2] Preference list for 'item:1489': ['localhost:50068', 'localhost:50221', 'localhost:50099']
[dc2_node2] Coordinator NOT in preference list, forwarding only
[dc2_node2] Replicated to localhost:50068
[dc2_node2] Replicated to localhost:50221
[dc2_node2] Replicated to localhost:50099
[dc2_node2] W-quorum achieved (2 writes), returning to client
[dc2_node2] Background replication continues for remaining nodes
[dc2_node2] Successful writes: 3/3
[dc2_node2] Retrieved key='item:3890', versions=2
[dc2_node2] Internal PUT (replication): key='item:2348'
[dc2_node2] CONFLICT detected for key='item:2348', siblings=2
[dc2_node2] Saved 72 keys to disk
[dc2_node2] Internal PUT (replication): key='item:3791'
[dc2_node2] CONFLICT detected for key='item:3791', siblings=2
[dc2_node2] Saved 72 keys to disk
[dc2_node2] Internal PUT (replication): key='item:4456'
[dc2_node2] CONFLICT detected for key='item:4456', siblings=2
[dc2_node2] Saved 72 keys to disk
[dc2_node2] Internal PUT (replication): key='item:2869'
[dc2_node2] CONFLICT detected for key='item:2869', siblings=3
[dc2_node2] Saved 72 keys to disk
[dc2_node2] Client GET: key='item:0006'
[dc2_node2] Reading from preference list: ['localhost:50238', 'localhost:50200']
[dc2_node2] Key='item:0006' not found
[dc2_node2] CONFLICT: 3 sibling versions for 'item:0006'
[dc2_node2] Internal PUT (replication): key='item:3586'
[dc2_node2] CONFLICT detected for key='item:3586', siblings=3
[dc2_node2] Saved 72 keys to disk
[dc2_node2] Internal PUT (replication): key='item:1156'
[dc2_node2] CONFLICT detected for key='item:1156', siblings=2
[dc2_node2] Saved 72 keys to disk
[dc2_node2] Client PUT: key='item:4667', value='value_4667_update_client26_op48'
[dc2_node2] Preference list for 'item:4667': ['localhost:50095', 'localhost:50165', 'localhost:50202']
[dc2_node2] Coordinator NOT in preference list, forwarding only
[dc2_node2] Replicated to localhost:50095
[dc2_node2] Replicated to localhost:50202
[dc2_node2] Replicated to localhost:50165
[dc2_node2] W-quorum achieved (2 writes), returning to client
[dc2_node2] Background replication continues for remaining nodes
[dc2_node2] Successful writes: 3/3
[dc2_node2] Internal PUT (replication): key='item:3007'
[dc2_node2] CONFLICT detected for key='item:3007', siblings=2
[dc2_node2] Saved 72 keys to disk
[dc2_node2] Internal PUT (replication): key='item:4689'
[dc2_node2] CONFLICT detected for key='item:4689', siblings=2
[dc2_node2] Saved 72 keys to disk
[dc2_node2] Client GET: key='item:2082'
[dc2_node2] Reading from preference list: ['localhost:50187', 'localhost:50209']
[dc2_node2] Key='item:2082' not found
[dc2_node2] CONFLICT: 2 sibling versions for 'item:2082'
[dc2_node2] Client PUT: key='item:2206', value='value_2206_update_client4_op57'
[dc2_node2] Preference list for 'item:2206': ['localhost:50173', 'localhost:50222', 'localhost:50054']
[dc2_node2] Coordinator NOT in preference list, forwarding only
[dc2_node2] Replicated to localhost:50054
[dc2_node2] Replicated to localhost:50222
[dc2_node2] Replicated to localhost:50173
[dc2_node2] W-quorum achieved (2 writes), returning to client
[dc2_node2] Background replication continues for remaining nodes
[dc2_node2] Successful writes: 3/3
[dc2_node2] Internal PUT (replication): key='item:3586'
[dc2_node2] CONFLICT detected for key='item:3586', siblings=4
[dc2_node2] Saved 72 keys to disk
[dc2_node2] Internal PUT (replication): key='item:1164'
[dc2_node2] CONFLICT detected for key='item:1164', siblings=3
[dc2_node2] Saved 72 keys to disk
[dc2_node2] Client PUT: key='item:3496', value='value_3496_update_client38_op53'
[dc2_node2] Preference list for 'item:3496': ['localhost:50143', 'localhost:50171', 'localhost:50222']
[dc2_node2] Coordinator NOT in preference list, forwarding only
[dc2_node2] Replicated to localhost:50143
[dc2_node2] Replicated to localhost:50171
[dc2_node2] Replicated to localhost:50222
[dc2_node2] W-quorum achieved (2 writes), returning to client
[dc2_node2] Background replication continues for remaining nodes
[dc2_node2] Successful writes: 3/3
[dc2_node2] Internal PUT (replication): key='item:1193'
[dc2_node2] CONFLICT detected for key='item:1193', siblings=2
[dc2_node2] Saved 72 keys to disk
[dc2_node2] Client GET: key='item:4062'
[dc2_node2] Reading from preference list: ['localhost:50114', 'localhost:50100']
[dc2_node2] Key='item:4062' not found
[dc2_node2] Performing read repair for key='item:4062'
[dc2_node2] Read repair to localhost:50114 succeeded
[dc2_node2] Read repair to localhost:50100 succeeded
[dc2_node2] Read repair to localhost:50171 succeeded
[dc2_node2] Internal PUT (replication): key='item:2507'
[dc2_node2] CONFLICT detected for key='item:2507', siblings=2
[dc2_node2] Saved 72 keys to disk
[dc2_node2] Client GET: key='item:1615'
[dc2_node2] Reading from preference list: ['localhost:50245', 'localhost:50221']
[dc2_node2] Key='item:1615' not found
[dc2_node2] CONFLICT: 4 sibling versions for 'item:1615'
[dc2_node2] Client PUT: key='item:0556', value='value_556_update_client39_op68'
[dc2_node2] Preference list for 'item:0556': ['localhost:50239', 'localhost:50131', 'localhost:50127']
[dc2_node2] Coordinator NOT in preference list, forwarding only
[dc2_node2] Replicated to localhost:50131
[dc2_node2] Replicated to localhost:50239
[dc2_node2] Replicated to localhost:50127
[dc2_node2] Internal PUT (replication): key='item:2507'
[dc2_node2] CONFLICT detected for key='item:2507', siblings=3
[dc2_node2] Saved 72 keys to disk
[dc2_node2] W-quorum achieved (2 writes), returning to client
[dc2_node2] Background replication continues for remaining nodes
[dc2_node2] Successful writes: 3/3
[dc2_node2] Retrieved key='item:1392', versions=1
[dc2_node2] Merged versions for key='item:1392', result=1 versions
[dc2_node2] Saved 72 keys to disk
[dc2_node2] Merged versions for key='item:3178', result=1 versions
[dc2_node2] Saved 72 keys to disk
[dc2_node2] Retrieved key='item:3490', versions=1
[dc2_node2] Merged versions for key='item:3490', result=1 versions
[dc2_node2] Saved 72 keys to disk
[dc2_node2] Internal PUT (replication): key='item:0484'
[dc2_node2] CONFLICT detected for key='item:0484', siblings=2
[dc2_node2] Saved 72 keys to disk
[dc2_node2] Internal PUT (replication): key='item:0062'
[dc2_node2] CONFLICT detected for key='item:0062', siblings=2
[dc2_node2] Saved 72 keys to disk
[dc2_node2] Client PUT: key='item:4538', value='value_4538_update_client22_op73'
[dc2_node2] Preference list for 'item:4538': ['localhost:50154', 'localhost:50173', 'localhost:50088']
[dc2_node2] Coordinator NOT in preference list, forwarding only
[dc2_node2] Replicated to localhost:50088
[dc2_node2] Replicated to localhost:50154
[dc2_node2] Replicated to localhost:50173
[dc2_node2] W-quorum achieved (2 writes), returning to client
[dc2_node2] Background replication continues for remaining nodes
[dc2_node2] Successful writes: 3/3
[dc2_node2] Client PUT: key='item:4318', value='value_4318_update_client38_op63'
[dc2_node2] Preference list for 'item:4318': ['localhost:50218', 'localhost:50199', 'localhost:50086']
[dc2_node2] Coordinator NOT in preference list, forwarding only
[dc2_node2] Replicated to localhost:50086
[dc2_node2] Replicated to localhost:50199
[dc2_node2] Replicated to localhost:50218
[dc2_node2] Internal PUT (replication): key='item:0943'
[dc2_node2] CONFLICT detected for key='item:0943', siblings=2
[dc2_node2] Saved 72 keys to disk
[dc2_node2] W-quorum achieved (2 writes), returning to client
[dc2_node2] Background replication continues for remaining nodes
[dc2_node2] Successful writes: 3/3
[dc2_node2] Client PUT: key='item:2965', value='value_2965_update_client43_op72'
[dc2_node2] Preference list for 'item:2965': ['localhost:50102', 'localhost:50215', 'localhost:50153']
[dc2_node2] Coordinator NOT in preference list, forwarding only
[dc2_node2] Replicated to localhost:50153
[dc2_node2] Replicated to localhost:50102
[dc2_node2] Replicated to localhost:50215
[dc2_node2] W-quorum achieved (2 writes), returning to client
[dc2_node2] Background replication continues for remaining nodes
[dc2_node2] Successful writes: 3/3
[dc2_node2] Internal PUT (replication): key='item:3890'
[dc2_node2] CONFLICT detected for key='item:3890', siblings=3
[dc2_node2] Saved 72 keys to disk
[dc2_node2] Internal PUT (replication): key='item:1735'
[dc2_node2] CONFLICT detected for key='item:1735', siblings=3
[dc2_node2] Saved 72 keys to disk
[dc2_node2] Retrieved key='item:3284', versions=1
[dc2_node2] Merged versions for key='item:3284', result=1 versions
[dc2_node2] Saved 72 keys to disk
[dc2_node2] Internal PUT (replication): key='item:0091'
[dc2_node2] CONFLICT detected for key='item:0091', siblings=2
[dc2_node2] Saved 72 keys to disk
[dc2_node2] Merged versions for key='item:3178', result=1 versions
[dc2_node2] Saved 72 keys to disk
[dc2_node2] Internal PUT (replication): key='item:1165'
[dc2_node2] CONFLICT detected for key='item:1165', siblings=2
[dc2_node2] Saved 72 keys to disk
[dc2_node2] Client PUT: key='item:3949', value='value_3949_client32_op86'
[dc2_node2] Preference list for 'item:3949': ['localhost:50097', 'localhost:50073', 'localhost:50140']
[dc2_node2] Coordinator NOT in preference list, forwarding only
[dc2_node2] Internal PUT (replication): key='item:1276'
[dc2_node2] CONFLICT detected for key='item:1276', siblings=2
[dc2_node2] Saved 72 keys to disk
[dc2_node2] Replicated to localhost:50073
[dc2_node2] Replicated to localhost:50097
[dc2_node2] Replicated to localhost:50140
[dc2_node2] W-quorum achieved (2 writes), returning to client
[dc2_node2] Background replication continues for remaining nodes
[dc2_node2] Successful writes: 3/3
[dc2_node2] Internal PUT (replication): key='item:1156'
[dc2_node2] CONFLICT detected for key='item:1156', siblings=3
[dc2_node2] Saved 72 keys to disk
[dc2_node2] Retrieved key='item:0943', versions=2
[dc2_node2] Internal PUT (replication): key='item:1129'
[dc2_node2] CONFLICT detected for key='item:1129', siblings=3
[dc2_node2] Client PUT: key='item:4597', value='value_4597_client14_op87'
[dc2_node2] Preference list for 'item:4597': ['localhost:50135', 'localhost:50076', 'localhost:50198']
[dc2_node2] Coordinator NOT in preference list, forwarding only
[dc2_node2] Saved 72 keys to disk
[dc2_node2] Replicated to localhost:50076
[dc2_node2] Replicated to localhost:50135
[dc2_node2] Replicated to localhost:50198
[dc2_node2] W-quorum achieved (2 writes), returning to client
[dc2_node2] Background replication continues for remaining nodes
[dc2_node2] Successful writes: 3/3
[dc2_node2] Internal PUT (replication): key='item:0091'
[dc2_node2] CONFLICT detected for key='item:0091', siblings=3
[dc2_node2] Saved 72 keys to disk
[dc2_node2] Internal PUT (replication): key='item:1129'
[dc2_node2] CONFLICT detected for key='item:1129', siblings=4
[dc2_node2] Saved 72 keys to disk
[dc2_node2] Client GET: key='item:0804'
[dc2_node2] Reading from preference list: ['localhost:50074', 'localhost:50196']
[dc2_node2] Key='item:0804' not found
[dc2_node2] CONFLICT: 4 sibling versions for 'item:0804'
[dc2_node2] Client PUT: key='item:1183', value='value_1183_client35_op88'
[dc2_node2] Preference list for 'item:1183': ['localhost:50162', 'localhost:50202', 'localhost:50099']
[dc2_node2] Coordinator NOT in preference list, forwarding only
[dc2_node2] Replicated to localhost:50099
[dc2_node2] Replicated to localhost:50202
[dc2_node2] Replicated to localhost:50162
[dc2_node2] W-quorum achieved (2 writes), returning to client
[dc2_node2] Background replication continues for remaining nodes
[dc2_node2] Successful writes: 3/3
[dc2_node2] Internal PUT (replication): key='item:2348'
[dc2_node2] CONFLICT detected for key='item:2348', siblings=3
[dc2_node2] Saved 72 keys to disk
[dc2_node2] Internal PUT (replication): key='item:2104'
[dc2_node2] CONFLICT detected for key='item:2104', siblings=2
[dc2_node2] Saved 72 keys to disk
[dc2_node2] Client GET: key='item:0541'
[dc2_node2] Reading from preference list: ['localhost:50103', 'localhost:50246']
[dc2_node2] Key='item:0541' not found
[dc2_node2] Client PUT: key='item:3319', value='value_3319_update_client21_op97'
[dc2_node2] Preference list for 'item:3319': ['localhost:50130', 'localhost:50160', 'localhost:50230']
[dc2_node2] Coordinator NOT in preference list, forwarding only
[dc2_node2] Internal PUT (replication): key='item:0136'
[dc2_node2] CONFLICT detected for key='item:0136', siblings=2
[dc2_node2] Replicated to localhost:50130
[dc2_node2] Replicated to localhost:50230
[dc2_node2] Saved 72 keys to disk
[dc2_node2] Performing read repair for key='item:0541'
[dc2_node2] Replicated to localhost:50160
[dc2_node2] Read repair to localhost:50103 succeeded
[dc2_node2] W-quorum achieved (2 writes), returning to client
[dc2_node2] Background replication continues for remaining nodes
[dc2_node2] Successful writes: 3/3
[dc2_node2] Read repair to localhost:50246 succeeded
[dc2_node2] Client GET: key='item:4635'
[dc2_node2] Reading from preference list: ['localhost:50238', 'localhost:50192']
[dc2_node2] Key='item:4635' not found
[dc2_node2] Read repair to localhost:50192 succeeded
[dc2_node2] CONFLICT: 7 sibling versions for 'item:4635'
[dc2_node2] Internal PUT (replication): key='item:3838'
[dc2_node2] CONFLICT detected for key='item:3838', siblings=2
[dc2_node2] Saved 72 keys to disk
[dc2_node2] Retrieved key='item:0943', versions=2
[dc2_node2] Retrieved key='item:4689', versions=2
[dc2_node2] Client PUT: key='item:1824', value='value_1824_update_client11_op85'
[dc2_node2] Preference list for 'item:1824': ['localhost:50152', 'localhost:50137', 'localhost:50071']
[dc2_node2] Coordinator NOT in preference list, forwarding only
[dc2_node2] Replicated to localhost:50152
[dc2_node2] Replicated to localhost:50137
[dc2_node2] Replicated to localhost:50071
[dc2_node2] W-quorum achieved (2 writes), returning to client
[dc2_node2] Background replication continues for remaining nodes
[dc2_node2] Successful writes: 3/3
[dc2_node2] Retrieved key='item:2939', versions=1
[dc2_node2] Merged versions for key='item:2939', result=1 versions
[dc2_node2] Saved 72 keys to disk
[dc2_node2] Retrieved key='item:4109', versions=1
[dc2_node2] Merged versions for key='item:4109', result=1 versions
[dc2_node2] Saved 72 keys to disk
[dc2_node2] Internal PUT (replication): key='item:2770'
[dc2_node2] CONFLICT detected for key='item:2770', siblings=2
[dc2_node2] Saved 72 keys to disk
[dc2_node2] Client PUT: key='item:1684', value='value_1684_update_client26_op100'
[dc2_node2] Preference list for 'item:1684': ['localhost:50122', 'localhost:50224', 'localhost:50081']
[dc2_node2] Coordinator NOT in preference list, forwarding only
[dc2_node2] Replicated to localhost:50122
[dc2_node2] Replicated to localhost:50224
[dc2_node2] Replicated to localhost:50081
[dc2_node2] Internal PUT (replication): key='item:1129'
[dc2_node2] CONFLICT detected for key='item:1129', siblings=5
[dc2_node2] Saved 72 keys to disk
[dc2_node2] W-quorum achieved (2 writes), returning to client
[dc2_node2] Background replication continues for remaining nodes
[dc2_node2] Successful writes: 3/3
[dc2_node2] Internal PUT (replication): key='item:0818'
[dc2_node2] CONFLICT detected for key='item:0818', siblings=2
[dc2_node2] Saved 72 keys to disk
[dc2_node2] Internal PUT (replication): key='item:4689'
[dc2_node2] CONFLICT detected for key='item:4689', siblings=3
[dc2_node2] Saved 72 keys to disk
[dc2_node2] Client PUT: key='item:1661', value='value_1661_update_client38_op93'
[dc2_node2] Preference list for 'item:1661': ['localhost:50052', 'localhost:50200', 'localhost:50183']
[dc2_node2] Coordinator NOT in preference list, forwarding only
[dc2_node2] Replicated to localhost:50052
[dc2_node2] Replicated to localhost:50200
[dc2_node2] Replicated to localhost:50183
[dc2_node2] W-quorum achieved (2 writes), returning to client
[dc2_node2] Background replication continues for remaining nodes
[dc2_node2] Successful writes: 3/3
[dc2_node2] Internal PUT (replication): key='item:2939'
[dc2_node2] CONFLICT detected for key='item:2939', siblings=2
[dc2_node2] Internal PUT (replication): key='item:1340'
[dc2_node2] Saved 72 keys to disk
[dc2_node2] CONFLICT detected for key='item:1340', siblings=2
[dc2_node2] Saved 72 keys to disk
[dc2_node2] Internal PUT (replication): key='item:2942'
[dc2_node2] CONFLICT detected for key='item:2942', siblings=2
[dc2_node2] Saved 72 keys to disk
[dc2_node2] Internal PUT (replication): key='item:3284'
[dc2_node2] CONFLICT detected for key='item:3284', siblings=2
[dc2_node2] Saved 72 keys to disk
[dc2_node2] Client PUT: key='item:3568', value='value_3568_client7_op114'
[dc2_node2] Preference list for 'item:3568': ['localhost:50165', 'localhost:50238', 'localhost:50074']
[dc2_node2] Coordinator NOT in preference list, forwarding only
[dc2_node2] Replicated to localhost:50238
[dc2_node2] Replicated to localhost:50165
[dc2_node2] Replicated to localhost:50074
[dc2_node2] W-quorum achieved (2 writes), returning to client
[dc2_node2] Background replication continues for remaining nodes
[dc2_node2] Successful writes: 3/3
[dc2_node2] Internal PUT (replication): key='item:4205'
[dc2_node2] CONFLICT detected for key='item:4205', siblings=2
[dc2_node2] Saved 72 keys to disk
[dc2_node2] Internal PUT (replication): key='item:1129'
[dc2_node2] CONFLICT detected for key='item:1129', siblings=5
[dc2_node2] Saved 72 keys to disk
[dc2_node2] Client GET: key='item:4924'
[dc2_node2] Reading from preference list: ['localhost:50131', 'localhost:50183']
[dc2_node2] Key='item:4924' not found
[dc2_node2] CONFLICT: 4 sibling versions for 'item:4924'
[dc2_node2] Client GET: key='item:4146'
[dc2_node2] Reading from preference list: ['localhost:50209', 'localhost:50112']
[dc2_node2] Key='item:4146' not found
[dc2_node2] Performing read repair for key='item:4146'
[dc2_node2] Client GET: key='item:2795'
[dc2_node2] Reading from preference list: ['localhost:50242', 'localhost:50126']
[dc2_node2] Key='item:2795' not found
[dc2_node2] Read repair to localhost:50209 succeeded
[dc2_node2] CONFLICT: 4 sibling versions for 'item:2795'
[dc2_node2] Read repair to localhost:50112 succeeded
[dc2_node2] Read repair to localhost:50148 succeeded
[dc2_node2] Internal PUT (replication): key='item:3178'
[dc2_node2] CONFLICT detected for key='item:3178', siblings=2
[dc2_node2] Saved 72 keys to disk
[dc2_node2] Internal PUT (replication): key='item:0457'
[dc2_node2] CONFLICT detected for key='item:0457', siblings=2
[dc2_node2] Saved 72 keys to disk
[dc2_node2] Internal PUT (replication): key='item:1165'
[dc2_node2] CONFLICT detected for key='item:1165', siblings=3
[dc2_node2] Saved 72 keys to disk
[dc2_node2] Internal PUT (replication): key='item:0462'
[dc2_node2] CONFLICT detected for key='item:0462', siblings=2
[dc2_node2] Saved 72 keys to disk
[dc2_node2] Internal PUT (replication): key='item:2507'
[dc2_node2] CONFLICT detected for key='item:2507', siblings=4
[dc2_node2] Saved 72 keys to disk
[dc2_node2] Retrieved key='item:0457', versions=2
[dc2_node2] Merged versions for key='item:4569', result=1 versions
[dc2_node2] Saved 72 keys to disk
[dc2_node2] Internal PUT (replication): key='item:2565'
[dc2_node2] CONFLICT detected for key='item:2565', siblings=3
[dc2_node2] Saved 72 keys to disk
[dc2_node2] Client PUT: key='item:2561', value='value_2561_client42_op132'
[dc2_node2] Preference list for 'item:2561': ['localhost:50190', 'localhost:50089', 'localhost:50169']
[dc2_node2] Coordinator NOT in preference list, forwarding only
[dc2_node2] Replicated to localhost:50190
[dc2_node2] Replicated to localhost:50089
[dc2_node2] Replicated to localhost:50169
[dc2_node2] W-quorum achieved (2 writes), returning to client
[dc2_node2] Background replication continues for remaining nodes
[dc2_node2] Successful writes: 3/3
[dc2_node2] Client PUT: key='item:3364', value='value_3364_update_client35_op138'
[dc2_node2] Preference list for 'item:3364': ['localhost:50139', 'localhost:50169', 'localhost:50215']
[dc2_node2] Coordinator NOT in preference list, forwarding only
[dc2_node2] Replicated to localhost:50139
[dc2_node2] Replicated to localhost:50169
[dc2_node2] Replicated to localhost:50215
[dc2_node2] W-quorum achieved (2 writes), returning to client
[dc2_node2] Background replication continues for remaining nodes
[dc2_node2] Successful writes: 3/3
[dc2_node2] Client PUT: key='item:3844', value='value_3844_update_client30_op129'
[dc2_node2] Preference list for 'item:3844': ['localhost:50066', 'localhost:50144', 'localhost:50122']
[dc2_node2] Coordinator NOT in preference list, forwarding only
[dc2_node2] Replicated to localhost:50066
[dc2_node2] Replicated to localhost:50144
[dc2_node2] Replicated to localhost:50122
[dc2_node2] W-quorum achieved (2 writes), returning to client
[dc2_node2] Background replication continues for remaining nodes
[dc2_node2] Successful writes: 3/3
[dc2_node2] Internal PUT (replication): key='item:2078'
[dc2_node2] CONFLICT detected for key='item:2078', siblings=2
[dc2_node2] Saved 72 keys to disk
[dc2_node2] Retrieved key='item:1468', versions=1
[dc2_node2] Merged versions for key='item:1468', result=1 versions
[dc2_node2] Saved 72 keys to disk
[dc2_node2] Internal PUT (replication): key='item:4052'
[dc2_node2] CONFLICT detected for key='item:4052', siblings=2
[dc2_node2] Saved 72 keys to disk
[dc2_node2] Internal PUT (replication): key='item:2104'
[dc2_node2] CONFLICT detected for key='item:2104', siblings=3
[dc2_node2] Saved 72 keys to disk
[dc2_node2] Client PUT: key='item:1167', value='value_1167_client9_op136'
[dc2_node2] Preference list for 'item:1167': ['localhost:50065', 'localhost:50073', 'localhost:50114']
[dc2_node2] Coordinator NOT in preference list, forwarding only
[dc2_node2] Replicated to localhost:50114
[dc2_node2] Replicated to localhost:50065
[dc2_node2] Replicated to localhost:50073
[dc2_node2] W-quorum achieved (2 writes), returning to client
[dc2_node2] Background replication continues for remaining nodes
[dc2_node2] Successful writes: 3/3
[dc2_node2] Internal PUT (replication): key='item:2527'
[dc2_node2] CONFLICT detected for key='item:2527', siblings=2
[dc2_node2] Saved 72 keys to disk
[dc2_node2] Internal PUT (replication): key='item:3007'
[dc2_node2] CONFLICT detected for key='item:3007', siblings=3
[dc2_node2] Saved 72 keys to disk
[dc2_node2] Internal PUT (replication): key='item:0136'
[dc2_node2] CONFLICT detected for key='item:0136', siblings=3
[dc2_node2] Saved 72 keys to disk
[dc2_node2] Internal PUT (replication): key='item:1165'
[dc2_node2] CONFLICT detected for key='item:1165', siblings=4
[dc2_node2] Saved 72 keys to disk
[dc2_node2] Internal PUT (replication): key='item:3284'
[dc2_node2] CONFLICT detected for key='item:3284', siblings=3
[dc2_node2] Saved 72 keys to disk
[dc2_node2] Internal PUT (replication): key='item:2125'
[dc2_node2] CONFLICT detected for key='item:2125', siblings=2
[dc2_node2] Saved 72 keys to disk
[dc2_node2] Client PUT: key='item:2795', value='value_2795_update_client10_op167'
[dc2_node2] Preference list for 'item:2795': ['localhost:50242', 'localhost:50126', 'localhost:50070']
[dc2_node2] Coordinator NOT in preference list, forwarding only
[dc2_node2] Client PUT: key='item:1593', value='value_1593_update_client12_op148'
[dc2_node2] Preference list for 'item:1593': ['localhost:50090', 'localhost:50127', 'localhost:50109']
[dc2_node2] Coordinator NOT in preference list, forwarding only
[dc2_node2] Internal PUT (replication): key='item:0091'
[dc2_node2] CONFLICT detected for key='item:0091', siblings=4
[dc2_node2] Replicated to localhost:50242
[dc2_node2] Saved 72 keys to disk
[dc2_node2] Replicated to localhost:50126
[dc2_node2] Replicated to localhost:50127
[dc2_node2] Replicated to localhost:50109
[dc2_node2] Replicated to localhost:50090
[dc2_node2] W-quorum achieved (2 writes), returning to client
[dc2_node2] Background replication continues for remaining nodes
[dc2_node2] Successful writes: 2/3
[dc2_node2] Replicated to localhost:50070
[dc2_node2] W-quorum achieved (2 writes), returning to client
[dc2_node2] Background replication continues for remaining nodes
[dc2_node2] Successful writes: 3/3
[dc2_node2] Retrieved key='item:1340', versions=2
[dc2_node2] Retrieved key='item:2527', versions=2
[dc2_node2] Retrieved key='item:1387', versions=1
[dc2_node2] Merged versions for key='item:1387', result=1 versions
[dc2_node2] Saved 72 keys to disk
[dc2_node2] Client PUT: key='item:4346', value='value_4346_update_client4_op151'
[dc2_node2] Preference list for 'item:4346': ['localhost:50066', 'localhost:50195', 'localhost:50094']
[dc2_node2] Coordinator NOT in preference list, forwarding only
[dc2_node2] Client PUT: key='item:2889', value='value_2889_client11_op141'
[dc2_node2] Preference list for 'item:2889': ['localhost:50116', 'localhost:50094', 'localhost:50076']
[dc2_node2] Coordinator NOT in preference list, forwarding only
[dc2_node2] Replicated to localhost:50066
[dc2_node2] Replicated to localhost:50195
[dc2_node2] Replicated to localhost:50094
[dc2_node2] Replicated to localhost:50094
[dc2_node2] Replicated to localhost:50076
[dc2_node2] Replicated to localhost:50116
[dc2_node2] Internal PUT (replication): key='item:3007'
[dc2_node2] CONFLICT detected for key='item:3007', siblings=4
[dc2_node2] Saved 72 keys to disk
[dc2_node2] W-quorum achieved (2 writes), returning to client
[dc2_node2] Background replication continues for remaining nodes
[dc2_node2] Successful writes: 3/3
[dc2_node2] Internal PUT (replication): key='item:2770'
[dc2_node2] CONFLICT detected for key='item:2770', siblings=3
[dc2_node2] W-quorum achieved (2 writes), returning to client
[dc2_node2] Background replication continues for remaining nodes
[dc2_node2] Successful writes: 3/3
[dc2_node2] Saved 72 keys to disk
[dc2_node2] Client GET: key='item:4667'
[dc2_node2] Reading from preference list: ['localhost:50095', 'localhost:50165']
[dc2_node2] Key='item:4667' not found
[dc2_node2] CONFLICT: 6 sibling versions for 'item:4667'
[dc2_node2] Internal PUT (replication): key='item:4998'
[dc2_node2] CONFLICT detected for key='item:4998', siblings=2
[dc2_node2] Saved 72 keys to disk
[dc2_node2] Client GET: key='item:1437'
[dc2_node2] Reading from preference list: ['localhost:50184', 'localhost:50193']
[dc2_node2] Key='item:1437' not found
[dc2_node2] CONFLICT: 4 sibling versions for 'item:1437'
[dc2_node2] Internal PUT (replication): key='item:2869'
[dc2_node2] CONFLICT detected for key='item:2869', siblings=4
[dc2_node2] Saved 72 keys to disk
[dc2_node2] Retrieved key='item:1392', versions=1
[dc2_node2] Client PUT: key='item:2271', value='value_2271_client21_op162'
[dc2_node2] Preference list for 'item:2271': ['localhost:50229', 'localhost:50122', 'localhost:50152']
[dc2_node2] Coordinator NOT in preference list, forwarding only
[dc2_node2] Client PUT: key='item:1076', value='value_1076_client8_op162'
[dc2_node2] Preference list for 'item:1076': ['localhost:50061', 'localhost:50190', 'localhost:50163']
[dc2_node2] Coordinator NOT in preference list, forwarding only
[dc2_node2] Merged versions for key='item:1392', result=1 versions
[dc2_node2] Saved 72 keys to disk
[dc2_node2] Replicated to localhost:50229
[dc2_node2] Replicated to localhost:50061
[dc2_node2] Replicated to localhost:50122
[dc2_node2] Internal PUT (replication): key='item:1175'
[dc2_node2] CONFLICT detected for key='item:1175', siblings=2
[dc2_node2] Replicated to localhost:50152
[dc2_node2] Saved 72 keys to disk
[dc2_node2] Replicated to localhost:50163
[dc2_node2] Replicated to localhost:50190
[dc2_node2] W-quorum achieved (2 writes), returning to client
[dc2_node2] Background replication continues for remaining nodes
[dc2_node2] Successful writes: 3/3
[dc2_node2] W-quorum achieved (2 writes), returning to client
[dc2_node2] Background replication continues for remaining nodes
[dc2_node2] Successful writes: 3/3
[dc2_node2] Internal PUT (replication): key='item:4569'
[dc2_node2] CONFLICT detected for key='item:4569', siblings=2
[dc2_node2] Saved 72 keys to disk
[dc2_node2] Client PUT: key='item:2365', value='value_2365_update_client29_op159'
[dc2_node2] Preference list for 'item:2365': ['localhost:50242', 'localhost:50126', 'localhost:50091']
[dc2_node2] Coordinator NOT in preference list, forwarding only
[dc2_node2] Replicated to localhost:50242
[dc2_node2] Replicated to localhost:50126
[dc2_node2] Replicated to localhost:50091
[dc2_node2] W-quorum achieved (2 writes), returning to client
[dc2_node2] Background replication continues for remaining nodes
[dc2_node2] Successful writes: 3/3
[dc2_node2] Internal PUT (replication): key='item:0217'
[dc2_node2] CONFLICT detected for key='item:0217', siblings=2
[dc2_node2] Saved 72 keys to disk
[dc2_node2] Client PUT: key='item:2709', value='value_2709_update_client37_op169'
[dc2_node2] Preference list for 'item:2709': ['localhost:50093', 'localhost:50172', 'localhost:50120']
[dc2_node2] Coordinator NOT in preference list, forwarding only
[dc2_node2] Replicated to localhost:50172
[dc2_node2] Replicated to localhost:50093
[dc2_node2] W-quorum achieved (2 writes), returning to client
[dc2_node2] Background replication continues for remaining nodes
[dc2_node2] Successful writes: 2/3
[dc2_node2] Replicated to localhost:50120
[dc2_node2] Internal PUT (replication): key='item:2104'
[dc2_node2] CONFLICT detected for key='item:2104', siblings=4
[dc2_node2] Saved 72 keys to disk
[dc2_node2] Client PUT: key='item:2256', value='value_2256_client18_op171'
[dc2_node2] Preference list for 'item:2256': ['localhost:50243', 'localhost:50202', 'localhost:50126']
[dc2_node2] Coordinator NOT in preference list, forwarding only
[dc2_node2] Replicated to localhost:50243
[dc2_node2] Replicated to localhost:50126
[dc2_node2] Replicated to localhost:50202
[dc2_node2] W-quorum achieved (2 writes), returning to client
[dc2_node2] Background replication continues for remaining nodes
[dc2_node2] Successful writes: 3/3
[dc2_node2] Client GET: key='item:1274'
[dc2_node2] Reading from preference list: ['localhost:50107', 'localhost:50169']
[dc2_node2] Key='item:1274' not found
[dc2_node2] CONFLICT: 4 sibling versions for 'item:1274'
[dc2_node2] Client PUT: key='item:3985', value='value_3985_update_client9_op156'
[dc2_node2] Preference list for 'item:3985': ['localhost:50221', 'localhost:50234', 'localhost:50055']
[dc2_node2] Coordinator NOT in preference list, forwarding only
[dc2_node2] Replicated to localhost:50055
[dc2_node2] Replicated to localhost:50234
[dc2_node2] Replicated to localhost:50221
[dc2_node2] Internal PUT (replication): key='item:0091'
[dc2_node2] CONFLICT detected for key='item:0091', siblings=5
[dc2_node2] W-quorum achieved (2 writes), returning to client
[dc2_node2] Background replication continues for remaining nodes
[dc2_node2] Successful writes: 3/3
[dc2_node2] Saved 72 keys to disk
[dc2_node2] Internal PUT (replication): key='item:3490'
[dc2_node2] CONFLICT detected for key='item:3490', siblings=2
[dc2_node2] Saved 72 keys to disk
[dc2_node2] Internal PUT (replication): key='item:2565'
[dc2_node2] CONFLICT detected for key='item:2565', siblings=4
[dc2_node2] Saved 72 keys to disk
[dc2_node2] Internal PUT (replication): key='item:2929'
[dc2_node2] CONFLICT detected for key='item:2929', siblings=4
[dc2_node2] Saved 72 keys to disk
[dc2_node2] Client GET: key='item:1112'
[dc2_node2] Reading from preference list: ['localhost:50158', 'localhost:50217']
[dc2_node2] Key='item:1112' not found
[dc2_node2] CONFLICT: 4 sibling versions for 'item:1112'
[dc2_node2] Retrieved key='item:0136', versions=3
[dc2_node2] Client PUT: key='item:1646', value='value_1646_update_client16_op165'
[dc2_node2] Preference list for 'item:1646': ['localhost:50212', 'localhost:50076', 'localhost:50140']
[dc2_node2] Coordinator NOT in preference list, forwarding only
[dc2_node2] Replicated to localhost:50140
[dc2_node2] Replicated to localhost:50212
[dc2_node2] Replicated to localhost:50076
[dc2_node2] W-quorum achieved (2 writes), returning to client
[dc2_node2] Background replication continues for remaining nodes
[dc2_node2] Successful writes: 3/3
[dc2_node2] Client PUT: key='item:1929', value='value_1929_client5_op165'
[dc2_node2] Preference list for 'item:1929': ['localhost:50094', 'localhost:50125', 'localhost:50201']
[dc2_node2] Coordinator NOT in preference list, forwarding only
[dc2_node2] Replicated to localhost:50094
[dc2_node2] Replicated to localhost:50201
[dc2_node2] Replicated to localhost:50125
[dc2_node2] W-quorum achieved (2 writes), returning to client
[dc2_node2] Background replication continues for remaining nodes
[dc2_node2] Successful writes: 3/3
[dc2_node2] Internal PUT (replication): key='item:1468'
[dc2_node2] CONFLICT detected for key='item:1468', siblings=2
[dc2_node2] Saved 72 keys to disk
[dc2_node2] Client PUT: key='item:3253', value='value_3253_client31_op168'
[dc2_node2] Preference list for 'item:3253': ['localhost:50099', 'localhost:50114', 'localhost:50201']
[dc2_node2] Coordinator NOT in preference list, forwarding only
[dc2_node2] Replicated to localhost:50099
[dc2_node2] Replicated to localhost:50201
[dc2_node2] Replicated to localhost:50114
[dc2_node2] Internal PUT (replication): key='item:0818'
[dc2_node2] CONFLICT detected for key='item:0818', siblings=3
[dc2_node2] Saved 72 keys to disk
[dc2_node2] W-quorum achieved (2 writes), returning to client
[dc2_node2] Background replication continues for remaining nodes
[dc2_node2] Successful writes: 3/3
[dc2_node2] Internal PUT (replication): key='item:2348'
[dc2_node2] CONFLICT detected for key='item:2348', siblings=4
[dc2_node2] Saved 72 keys to disk
[dc2_node2] Internal PUT (replication): key='item:2770'
[dc2_node2] CONFLICT detected for key='item:2770', siblings=4
[dc2_node2] Saved 72 keys to disk
[dc2_node2] Client PUT: key='item:2461', value='value_2461_client40_op173'
[dc2_node2] Preference list for 'item:2461': ['localhost:50084', 'localhost:50223', 'localhost:50199']
[dc2_node2] Coordinator NOT in preference list, forwarding only
[dc2_node2] Replicated to localhost:50199
[dc2_node2] Replicated to localhost:50084
[dc2_node2] Retrieved key='item:3791', versions=2
[dc2_node2] Replicated to localhost:50223
[dc2_node2] Client PUT: key='item:2892', value='value_2892_client43_op181'
[dc2_node2] Preference list for 'item:2892': ['localhost:50195', 'localhost:50154', 'localhost:50079']
[dc2_node2] Coordinator NOT in preference list, forwarding only
[dc2_node2] W-quorum achieved (2 writes), returning to client
[dc2_node2] Background replication continues for remaining nodes
[dc2_node2] Successful writes: 3/3
[dc2_node2] Replicated to localhost:50195
[dc2_node2] Replicated to localhost:50079
[dc2_node2] Replicated to localhost:50154
[dc2_node2] W-quorum achieved (2 writes), returning to client
[dc2_node2] Background replication continues for remaining nodes
[dc2_node2] Successful writes: 3/3
[dc2_node2] Internal PUT (replication): key='item:0484'
[dc2_node2] CONFLICT detected for key='item:0484', siblings=3
[dc2_node2] Saved 72 keys to disk
[dc2_node2] Client GET: key='item:0913'
[dc2_node2] Reading from preference list: ['localhost:50193', 'localhost:50058']
[dc2_node2] Key='item:0913' not found
[dc2_node2] CONFLICT: 5 sibling versions for 'item:0913'
[dc2_node2] Client PUT: key='item:4642', value='value_4642_update_client42_op180'
[dc2_node2] Preference list for 'item:4642': ['localhost:50242', 'localhost:50057', 'localhost:50128']
[dc2_node2] Coordinator NOT in preference list, forwarding only
[dc2_node2] Replicated to localhost:50242
[dc2_node2] Replicated to localhost:50057
[dc2_node2] W-quorum achieved (2 writes), returning to client
[dc2_node2] Background replication continues for remaining nodes
[dc2_node2] Successful writes: 2/3
[dc2_node2] Replicated to localhost:50128
[dc2_node2] Client PUT: key='item:1437', value='value_1437_update_client46_op174'
[dc2_node2] Preference list for 'item:1437': ['localhost:50184', 'localhost:50193', 'localhost:50132']
[dc2_node2] Coordinator NOT in preference list, forwarding only
[dc2_node2] Internal PUT (replication): key='item:4118'
[dc2_node2] CONFLICT detected for key='item:4118', siblings=2
[dc2_node2] Saved 72 keys to disk
[dc2_node2] Replicated to localhost:50132
[dc2_node2] Replicated to localhost:50193
[dc2_node2] Replicated to localhost:50184
[dc2_node2] Internal PUT (replication): key='item:3356'
[dc2_node2] CONFLICT detected for key='item:3356', siblings=2
[dc2_node2] W-quorum achieved (2 writes), returning to client
[dc2_node2] Background replication continues for remaining nodes
[dc2_node2] Successful writes: 3/3
[dc2_node2] Saved 72 keys to disk
[dc2_node2] Internal PUT (replication): key='item:2058'
[dc2_node2] CONFLICT detected for key='item:2058', siblings=2
[dc2_node2] Saved 72 keys to disk
[dc2_node2] Client GET: key='item:0612'
[dc2_node2] Reading from preference list: ['localhost:50135', 'localhost:50081']
[dc2_node2] Key='item:0612' not found
[dc2_node2] CONFLICT: 6 sibling versions for 'item:0612'
[dc2_node2] Client GET: key='item:1749'
[dc2_node2] Reading from preference list: ['localhost:50229', 'localhost:50243']
[dc2_node2] Key='item:1749' not found
[dc2_node2] CONFLICT: 3 sibling versions for 'item:1749'
[dc2_node2] Retrieved key='item:3356', versions=2
[dc2_node2] Internal PUT (replication): key='item:4855'
[dc2_node2] CONFLICT detected for key='item:4855', siblings=2
[dc2_node2] Saved 72 keys to disk
[dc2_node2] Internal PUT (replication): key='item:3191'
[dc2_node2] CONFLICT detected for key='item:3191', siblings=2
[dc2_node2] Saved 72 keys to disk
[dc2_node2] Internal PUT (replication): key='item:4205'
[dc2_node2] CONFLICT detected for key='item:4205', siblings=3
[dc2_node2] Saved 72 keys to disk
[dc2_node2] Retrieved key='item:3791', versions=2
[dc2_node2] Internal PUT (replication): key='item:3222'
[dc2_node2] CONFLICT detected for key='item:3222', siblings=2
[dc2_node2] Saved 72 keys to disk
[dc2_node2] Internal PUT (replication): key='item:0217'
[dc2_node2] CONFLICT detected for key='item:0217', siblings=3
[dc2_node2] Saved 72 keys to disk
[dc2_node2] Internal PUT (replication): key='item:0091'
[dc2_node2] CONFLICT detected for key='item:0091', siblings=6
[dc2_node2] Saved 72 keys to disk
[dc2_node2] Client GET: key='item:3651'
[dc2_node2] Reading from preference list: ['localhost:50220', 'localhost:50089']
[dc2_node2] Key='item:3651' not found
[dc2_node2] CONFLICT: 4 sibling versions for 'item:3651'
[dc2_node2] Internal PUT (replication): key='item:3222'
[dc2_node2] CONFLICT detected for key='item:3222', siblings=3
[dc2_node2] Saved 72 keys to disk
[dc2_node2] Client PUT: key='item:4731', value='value_4731_update_client49_op180'
[dc2_node2] Preference list for 'item:4731': ['localhost:50154', 'localhost:50130', 'localhost:50110']
[dc2_node2] Coordinator NOT in preference list, forwarding only
[dc2_node2] Replicated to localhost:50154
[dc2_node2] Replicated to localhost:50130
[dc2_node2] Replicated to localhost:50110
[dc2_node2] W-quorum achieved (2 writes), returning to client
[dc2_node2] Background replication continues for remaining nodes
[dc2_node2] Successful writes: 3/3
[dc2_node2] Internal PUT (replication): key='item:1129'
[dc2_node2] CONFLICT detected for key='item:1129', siblings=6
[dc2_node2] Saved 72 keys to disk
[dc2_node2] Client GET: key='item:4355'
[dc2_node2] Reading from preference list: ['localhost:50155', 'localhost:50073']
[dc2_node2] Key='item:4355' not found
[dc2_node2] Performing read repair for key='item:4355'
[dc2_node2] Read repair to localhost:50155 succeeded
[dc2_node2] Read repair to localhost:50073 succeeded
[dc2_node2] Read repair to localhost:50174 succeeded
[dc2_node2] Retrieved key='item:0136', versions=3
[dc2_node2] Internal PUT (replication): key='item:2565'
[dc2_node2] CONFLICT detected for key='item:2565', siblings=5
[dc2_node2] Saved 72 keys to disk
[dc2_node2] Retrieved key='item:1236', versions=2
[dc2_node2] Retrieved key='item:2942', versions=2
[dc2_node2] Retrieved key='item:3191', versions=2
[dc2_node2] Internal PUT (replication): key='item:4794'
[dc2_node2] CONFLICT detected for key='item:4794', siblings=2
[dc2_node2] Saved 72 keys to disk
[dc2_node2] Internal PUT (replication): key='item:4118'
[dc2_node2] CONFLICT detected for key='item:4118', siblings=3
[dc2_node2] Saved 72 keys to disk
[dc2_node2] Client PUT: key='item:4673', value='value_4673_client17_op203'
[dc2_node2] Preference list for 'item:4673': ['localhost:50242', 'localhost:50173', 'localhost:50210']
[dc2_node2] Coordinator NOT in preference list, forwarding only
[dc2_node2] Replicated to localhost:50173
[dc2_node2] Replicated to localhost:50242
[dc2_node2] Replicated to localhost:50210
[dc2_node2] W-quorum achieved (2 writes), returning to client
[dc2_node2] Background replication continues for remaining nodes
[dc2_node2] Successful writes: 3/3
[dc2_node2] Client PUT: key='item:4131', value='value_4131_update_client9_op200'
[dc2_node2] Preference list for 'item:4131': ['localhost:50192', 'localhost:50081', 'localhost:50229']
[dc2_node2] Coordinator NOT in preference list, forwarding only
[dc2_node2] Internal PUT (replication): key='item:2869'
[dc2_node2] CONFLICT detected for key='item:2869', siblings=5
[dc2_node2] Saved 72 keys to disk
[dc2_node2] Replicated to localhost:50081
[dc2_node2] Replicated to localhost:50192
[dc2_node2] W-quorum achieved (2 writes), returning to client
[dc2_node2] Background replication continues for remaining nodes
[dc2_node2] Successful writes: 2/3
[dc2_node2] Replicated to localhost:50229
[dc2_node2] Retrieved key='item:4998', versions=2
[dc2_node2] Retrieved key='item:0217', versions=3
[dc2_node2] Internal PUT (replication): key='item:2104'
[dc2_node2] CONFLICT detected for key='item:2104', siblings=5
[dc2_node2] Saved 72 keys to disk
[dc2_node2] Internal PUT (replication): key='item:0217'
[dc2_node2] CONFLICT detected for key='item:0217', siblings=4
[dc2_node2] Saved 72 keys to disk
[dc2_node2] Internal PUT (replication): key='item:0062'
[dc2_node2] CONFLICT detected for key='item:0062', siblings=3
[dc2_node2] Saved 72 keys to disk
[dc2_node2] Client PUT: key='item:3829', value='value_3829_client15_op215'
[dc2_node2] Preference list for 'item:3829': ['localhost:50171', 'localhost:50052', 'localhost:50146']
[dc2_node2] Coordinator NOT in preference list, forwarding only
[dc2_node2] Replicated to localhost:50052
[dc2_node2] Replicated to localhost:50171
[dc2_node2] W-quorum achieved (2 writes), returning to client
[dc2_node2] Background replication continues for remaining nodes
[dc2_node2] Successful writes: 2/3
[dc2_node2] Replicated to localhost:50146
[dc2_node2] Internal PUT (replication): key='item:4109'
[dc2_node2] CONFLICT detected for key='item:4109', siblings=2
[dc2_node2] Saved 72 keys to disk
[dc2_node2] Internal PUT (replication): key='item:4794'
[dc2_node2] CONFLICT detected for key='item:4794', siblings=3
[dc2_node2] Saved 72 keys to disk
[dc2_node2] Client PUT: key='item:3269', value='value_3269_update_client27_op210'
[dc2_node2] Preference list for 'item:3269': ['localhost:50062', 'localhost:50240', 'localhost:50103']
[dc2_node2] Coordinator NOT in preference list, forwarding only
[dc2_node2] Internal PUT (replication): key='item:0768'
[dc2_node2] CONFLICT detected for key='item:0768', siblings=2
[dc2_node2] Saved 72 keys to disk
[dc2_node2] Replicated to localhost:50062
[dc2_node2] Replicated to localhost:50103
[dc2_node2] Replicated to localhost:50240
[dc2_node2] Internal PUT (replication): key='item:1276'
[dc2_node2] CONFLICT detected for key='item:1276', siblings=3
[dc2_node2] Saved 72 keys to disk
[dc2_node2] W-quorum achieved (2 writes), returning to client
[dc2_node2] Background replication continues for remaining nodes
[dc2_node2] Successful writes: 3/3
[dc2_node2] Internal PUT (replication): key='item:2507'
[dc2_node2] CONFLICT detected for key='item:2507', siblings=5
[dc2_node2] Saved 72 keys to disk
[dc2_node2] Retrieved key='item:4855', versions=2
[dc2_node2] Internal PUT (replication): key='item:3178'
[dc2_node2] CONFLICT detected for key='item:3178', siblings=3
[dc2_node2] Saved 72 keys to disk
[dc2_node2] Internal PUT (replication): key='item:1785'
[dc2_node2] CONFLICT detected for key='item:1785', siblings=2
[dc2_node2] Saved 72 keys to disk
[dc2_node2] Client GET: key='item:4416'
[dc2_node2] Reading from preference list: ['localhost:50197', 'localhost:50174']
[dc2_node2] Key='item:4416' not found
[dc2_node2] CONFLICT: 12 sibling versions for 'item:4416'
[dc2_node2] Internal PUT (replication): key='item:0457'
[dc2_node2] CONFLICT detected for key='item:0457', siblings=3
[dc2_node2] Saved 72 keys to disk
[dc2_node2] Internal PUT (replication): key='item:1468'
[dc2_node2] CONFLICT detected for key='item:1468', siblings=3
[dc2_node2] Saved 72 keys to disk
[dc2_node2] Client GET: key='item:1588'
[dc2_node2] Reading from preference list: ['localhost:50197', 'localhost:50135']
[dc2_node2] Key='item:1588' not found
[dc2_node2] CONFLICT: 6 sibling versions for 'item:1588'
[dc2_node2] Retrieved key='item:3490', versions=2
[dc2_node2] Internal PUT (replication): key='item:4118'
[dc2_node2] CONFLICT detected for key='item:4118', siblings=4
[dc2_node2] Saved 72 keys to disk
[dc2_node2] Client PUT: key='item:2440', value='value_2440_client49_op219'
[dc2_node2] Preference list for 'item:2440': ['localhost:50179', 'localhost:50052', 'localhost:50198']
[dc2_node2] Coordinator NOT in preference list, forwarding only
[dc2_node2] Replicated to localhost:50052
[dc2_node2] Replicated to localhost:50198
[dc2_node2] W-quorum achieved (2 writes), returning to client
[dc2_node2] Background replication continues for remaining nodes
[dc2_node2] Successful writes: 2/3
[dc2_node2] Replicated to localhost:50179
[dc2_node2] Internal PUT (replication): key='item:1276'
[dc2_node2] CONFLICT detected for key='item:1276', siblings=4
[dc2_node2] Saved 72 keys to disk
[dc2_node2] Client PUT: key='item:2766', value='value_2766_update_client1_op234'
[dc2_node2] Preference list for 'item:2766': ['localhost:50093', 'localhost:50196', 'localhost:50136']
[dc2_node2] Coordinator NOT in preference list, forwarding only
[dc2_node2] Replicated to localhost:50196
[dc2_node2] Replicated to localhost:50093
[dc2_node2] Replicated to localhost:50136
[dc2_node2] W-quorum achieved (2 writes), returning to client
[dc2_node2] Background replication continues for remaining nodes
[dc2_node2] Successful writes: 3/3
[dc2_node2] Client PUT: key='item:0170', value='value_170_client21_op244'
[dc2_node2] Preference list for 'item:0170': ['localhost:50147', 'localhost:50130', 'localhost:50081']
[dc2_node2] Coordinator NOT in preference list, forwarding only
[dc2_node2] Replicated to localhost:50081
[dc2_node2] Replicated to localhost:50130
[dc2_node2] W-quorum achieved (2 writes), returning to client
[dc2_node2] Background replication continues for remaining nodes
[dc2_node2] Successful writes: 2/3
[dc2_node2] Replicated to localhost:50147
[dc2_node2] Internal PUT (replication): key='item:0462'
[dc2_node2] CONFLICT detected for key='item:0462', siblings=3
[dc2_node2] Saved 72 keys to disk
[dc2_node2] Client GET: key='item:3680'
[dc2_node2] Reading from preference list: ['localhost:50060', 'localhost:50186']
[dc2_node2] Key='item:3680' not found
[dc2_node2] CONFLICT: 10 sibling versions for 'item:3680'
[dc2_node2] Internal PUT (replication): key='item:3490'
[dc2_node2] CONFLICT detected for key='item:3490', siblings=3
[dc2_node2] Saved 72 keys to disk
[dc2_node2] Internal PUT (replication): key='item:1340'
[dc2_node2] CONFLICT detected for key='item:1340', siblings=3
[dc2_node2] Saved 72 keys to disk
[dc2_node2] Client PUT: key='item:2558', value='value_2558_client49_op233'
[dc2_node2] Preference list for 'item:2558': ['localhost:50249', 'localhost:50096', 'localhost:50211']
[dc2_node2] Coordinator NOT in preference list, forwarding only
[dc2_node2] Replicated to localhost:50096
[dc2_node2] Replicated to localhost:50249
[dc2_node2] W-quorum achieved (2 writes), returning to client
[dc2_node2] Background replication continues for remaining nodes
[dc2_node2] Successful writes: 2/3
[dc2_node2] Replicated to localhost:50211
[dc2_node2] Internal PUT (replication): key='item:3890'
[dc2_node2] CONFLICT detected for key='item:3890', siblings=4
[dc2_node2] Saved 72 keys to disk
[dc2_node2] Retrieved key='item:1236', versions=2
[dc2_node2] Retrieved key='item:2942', versions=2
[dc2_node2] Retrieved key='item:4456', versions=2
[dc2_node2] Internal PUT (replication): key='item:3356'
[dc2_node2] CONFLICT detected for key='item:3356', siblings=3
[dc2_node2] Saved 72 keys to disk
[dc2_node2] Internal PUT (replication): key='item:4569'
[dc2_node2] CONFLICT detected for key='item:4569', siblings=3
[dc2_node2] Saved 72 keys to disk
[dc2_node2] Internal PUT (replication): key='item:1392'
[dc2_node2] CONFLICT detected for key='item:1392', siblings=2
[dc2_node2] Internal PUT (replication): key='item:1785'
[dc2_node2] Saved 72 keys to disk
[dc2_node2] CONFLICT detected for key='item:1785', siblings=3
[dc2_node2] Saved 72 keys to disk
[dc2_node2] Client PUT: key='item:3690', value='value_3690_update_client12_op264'
[dc2_node2] Preference list for 'item:3690': ['localhost:50170', 'localhost:50147', 'localhost:50111']
[dc2_node2] Coordinator NOT in preference list, forwarding only
[dc2_node2] Internal PUT (replication): key='item:2507'
[dc2_node2] CONFLICT detected for key='item:2507', siblings=6
[dc2_node2] Saved 72 keys to disk
[dc2_node2] Replicated to localhost:50111
[dc2_node2] Replicated to localhost:50147
[dc2_node2] W-quorum achieved (2 writes), returning to client
[dc2_node2] Background replication continues for remaining nodes
[dc2_node2] Successful writes: 2/3
[dc2_node2] Replicated to localhost:50170
[dc2_node2] Internal PUT (replication): key='item:1193'
[dc2_node2] CONFLICT detected for key='item:1193', siblings=3
[dc2_node2] Saved 72 keys to disk
[dc2_node2] Internal PUT (replication): key='item:4568'
[dc2_node2] CONFLICT detected for key='item:4568', siblings=2
[dc2_node2] Saved 72 keys to disk
[dc2_node2] Internal PUT (replication): key='item:4568'
[dc2_node2] CONFLICT detected for key='item:4568', siblings=3
[dc2_node2] Saved 72 keys to disk
[dc2_node2] Client PUT: key='item:2845', value='value_2845_client39_op269'
[dc2_node2] Preference list for 'item:2845': ['localhost:50093', 'localhost:50154', 'localhost:50173']
[dc2_node2] Coordinator NOT in preference list, forwarding only
[dc2_node2] Replicated to localhost:50154
[dc2_node2] Replicated to localhost:50093
[dc2_node2] W-quorum achieved (2 writes), returning to client
[dc2_node2] Background replication continues for remaining nodes
[dc2_node2] Successful writes: 2/3
[dc2_node2] Retrieved key='item:3222', versions=3
[dc2_node2] Replicated to localhost:50173
[dc2_node2] Internal PUT (replication): key='item:3356'
[dc2_node2] CONFLICT detected for key='item:3356', siblings=4
[dc2_node2] Saved 72 keys to disk
[dc2_node2] Internal PUT (replication): key='item:2078'
[dc2_node2] CONFLICT detected for key='item:2078', siblings=3
[dc2_node2] Saved 72 keys to disk
[dc2_node2] Client PUT: key='item:2182', value='value_2182_update_client15_op270'
[dc2_node2] Preference list for 'item:2182': ['localhost:50105', 'localhost:50064', 'localhost:50121']
[dc2_node2] Coordinator NOT in preference list, forwarding only
[dc2_node2] Replicated to localhost:50064
[dc2_node2] Replicated to localhost:50121
[dc2_node2] Replicated to localhost:50105
[dc2_node2] W-quorum achieved (2 writes), returning to client
[dc2_node2] Background replication continues for remaining nodes
[dc2_node2] Successful writes: 3/3
[dc2_node2] Internal PUT (replication): key='item:0818'
[dc2_node2] CONFLICT detected for key='item:0818', siblings=4
[dc2_node2] Saved 72 keys to disk
[dc2_node2] Client GET: key='item:2743'
[dc2_node2] Reading from preference list: ['localhost:50103', 'localhost:50225']
[dc2_node2] Key='item:2743' not found
[dc2_node2] Internal PUT (replication): key='item:2929'
[dc2_node2] CONFLICT detected for key='item:2929', siblings=5
[dc2_node2] CONFLICT: 8 sibling versions for 'item:2743'
[dc2_node2] Saved 72 keys to disk
[dc2_node2] Client GET: key='item:4020'
[dc2_node2] Reading from preference list: ['localhost:50151', 'localhost:50199']
[dc2_node2] Key='item:4020' not found
[dc2_node2] CONFLICT: 6 sibling versions for 'item:4020'
[dc2_node2] Client GET: key='item:1294'
[dc2_node2] Reading from preference list: ['localhost:50123', 'localhost:50087']
[dc2_node2] Key='item:1294' not found
[dc2_node2] CONFLICT: 6 sibling versions for 'item:1294'
[dc2_node2] Retrieved key='item:3490', versions=3
[dc2_node2] Retrieved key='item:3191', versions=2
[dc2_node2] Internal PUT (replication): key='item:2125'
[dc2_node2] CONFLICT detected for key='item:2125', siblings=3
[dc2_node2] Saved 72 keys to disk
[dc2_node2] Client GET: key='item:2336'
[dc2_node2] Reading from preference list: ['localhost:50051', 'localhost:50172']
[dc2_node2] Key='item:2336' not found
[dc2_node2] CONFLICT: 4 sibling versions for 'item:2336'
[dc2_node2] Client PUT: key='item:4712', value='value_4712_client28_op283'
[dc2_node2] Preference list for 'item:4712': ['localhost:50113', 'localhost:50136', 'localhost:50205']
[dc2_node2] Coordinator NOT in preference list, forwarding only
[dc2_node2] Replicated to localhost:50113
[dc2_node2] Replicated to localhost:50136
[dc2_node2] Client GET: key='item:3467'
[dc2_node2] Reading from preference list: ['localhost:50146', 'localhost:50189']
[dc2_node2] Key='item:3467' not found
[dc2_node2] W-quorum achieved (2 writes), returning to client
[dc2_node2] Background replication continues for remaining nodes
[dc2_node2] Successful writes: 2/3
[dc2_node2] Internal PUT (replication): key='item:2598'
[dc2_node2] CONFLICT detected for key='item:2598', siblings=2
[dc2_node2] Saved 72 keys to disk
[dc2_node2] Replicated to localhost:50205
[dc2_node2] CONFLICT: 8 sibling versions for 'item:3467'
[dc2_node2] Internal PUT (replication): key='item:4381'
[dc2_node2] CONFLICT detected for key='item:4381', siblings=3
[dc2_node2] Saved 72 keys to disk
[dc2_node2] Retrieved key='item:4855', versions=2
[dc2_node2] Client PUT: key='item:0735', value='value_735_client28_op288'
[dc2_node2] Preference list for 'item:0735': ['localhost:50215', 'localhost:50198', 'localhost:50121']
[dc2_node2] Coordinator NOT in preference list, forwarding only
[dc2_node2] Replicated to localhost:50198
[dc2_node2] Replicated to localhost:50121
[dc2_node2] Replicated to localhost:50215
[dc2_node2] W-quorum achieved (2 writes), returning to client
[dc2_node2] Background replication continues for remaining nodes
[dc2_node2] Successful writes: 3/3
[dc2_node2] Client PUT: key='item:0426', value='value_426_update_client16_op282'
[dc2_node2] Preference list for 'item:0426': ['localhost:50077', 'localhost:50107', 'localhost:50174']
[dc2_node2] Coordinator NOT in preference list, forwarding only
[dc2_node2] Replicated to localhost:50077
[dc2_node2] Replicated to localhost:50107
[dc2_node2] Replicated to localhost:50174
[dc2_node2] W-quorum achieved (2 writes), returning to client
[dc2_node2] Background replication continues for remaining nodes
[dc2_node2] Successful writes: 3/3
[dc2_node2] Internal PUT (replication): key='item:4855'
[dc2_node2] CONFLICT detected for key='item:4855', siblings=3
[dc2_node2] Saved 72 keys to disk
[dc2_node2] Internal PUT (replication): key='item:0091'
[dc2_node2] CONFLICT detected for key='item:0091', siblings=7
[dc2_node2] Saved 72 keys to disk
[dc2_node2] Retrieved key='item:2929', versions=5
[dc2_node2] Internal PUT (replication): key='item:1164'
[dc2_node2] CONFLICT detected for key='item:1164', siblings=4
[dc2_node2] Saved 72 keys to disk
[dc2_node2] Client PUT: key='item:3840', value='value_3840_update_client48_op276'
[dc2_node2] Preference list for 'item:3840': ['localhost:50075', 'localhost:50146', 'localhost:50094']
[dc2_node2] Coordinator NOT in preference list, forwarding only
[dc2_node2] Replicated to localhost:50146
[dc2_node2] Client GET: key='item:1639'
[dc2_node2] Reading from preference list: ['localhost:50181', 'localhost:50107']
[dc2_node2] Key='item:1639' not found
[dc2_node2] Replicated to localhost:50075
[dc2_node2] W-quorum achieved (2 writes), returning to client
[dc2_node2] Background replication continues for remaining nodes
[dc2_node2] Successful writes: 2/3
[dc2_node2] CONFLICT: 8 sibling versions for 'item:1639'
[dc2_node2] Replicated to localhost:50094
[dc2_node2] Retrieved key='item:0818', versions=4
[dc2_node2] Internal PUT (replication): key='item:1164'
[dc2_node2] CONFLICT detected for key='item:1164', siblings=5
[dc2_node2] Saved 72 keys to disk
[dc2_node2] Internal PUT (replication): key='item:3222'
[dc2_node2] CONFLICT detected for key='item:3222', siblings=4
[dc2_node2] Saved 72 keys to disk
[dc2_node2] Retrieved key='item:3191', versions=2
[dc2_node2] Internal PUT (replication): key='item:4109'
[dc2_node2] CONFLICT detected for key='item:4109', siblings=3
[dc2_node2] Saved 72 keys to disk
[dc2_node2] Merged versions for key='item:2016', result=1 versions
[dc2_node2] Saved 72 keys to disk
[dc2_node2] Client PUT: key='item:2604', value='value_2604_client24_op301'
[dc2_node2] Preference list for 'item:2604': ['localhost:50074', 'localhost:50184', 'localhost:50100']
[dc2_node2] Coordinator NOT in preference list, forwarding only
[dc2_node2] Internal PUT (replication): key='item:4689'
[dc2_node2] CONFLICT detected for key='item:4689', siblings=4
[dc2_node2] Replicated to localhost:50074
[dc2_node2] Saved 72 keys to disk
[dc2_node2] Replicated to localhost:50100
[dc2_node2] Replicated to localhost:50184
[dc2_node2] W-quorum achieved (2 writes), returning to client
[dc2_node2] Background replication continues for remaining nodes
[dc2_node2] Successful writes: 3/3
[dc2_node2] Internal PUT (replication): key='item:3178'
[dc2_node2] CONFLICT detected for key='item:3178', siblings=4
[dc2_node2] Internal PUT (replication): key='item:1785'
[dc2_node2] Saved 72 keys to disk
[dc2_node2] CONFLICT detected for key='item:1785', siblings=4
[dc2_node2] Saved 72 keys to disk
[dc2_node2] Retrieved key='item:0943', versions=2
[dc2_node2] Internal PUT (replication): key='item:2527'
[dc2_node2] CONFLICT detected for key='item:2527', siblings=3
[dc2_node2] Saved 72 keys to disk
[dc2_node2] Internal PUT (replication): key='item:1468'
[dc2_node2] CONFLICT detected for key='item:1468', siblings=4
[dc2_node2] Saved 72 keys to disk
[dc2_node2] Internal PUT (replication): key='item:1468'
[dc2_node2] CONFLICT detected for key='item:1468', siblings=5
[dc2_node2] Saved 72 keys to disk
[dc2_node2] Internal PUT (replication): key='item:0768'
[dc2_node2] CONFLICT detected for key='item:0768', siblings=3
[dc2_node2] Saved 72 keys to disk
[dc2_node2] Client PUT: key='item:1140', value='value_1140_update_client44_op310'
[dc2_node2] Preference list for 'item:1140': ['localhost:50245', 'localhost:50097', 'localhost:50078']
[dc2_node2] Coordinator NOT in preference list, forwarding only
[dc2_node2] Replicated to localhost:50097
[dc2_node2] Replicated to localhost:50078
[dc2_node2] Replicated to localhost:50245
[dc2_node2] Internal PUT (replication): key='item:2939'
[dc2_node2] CONFLICT detected for key='item:2939', siblings=3
[dc2_node2] W-quorum achieved (2 writes), returning to client
[dc2_node2] Background replication continues for remaining nodes
[dc2_node2] Successful writes: 3/3
[dc2_node2] Saved 72 keys to disk
[dc2_node2] Internal PUT (replication): key='item:0722'
[dc2_node2] CONFLICT detected for key='item:0722', siblings=2
[dc2_node2] Saved 72 keys to disk
[dc2_node2] Internal PUT (replication): key='item:4165'
[dc2_node2] CONFLICT detected for key='item:4165', siblings=2
[dc2_node2] Internal PUT (replication): key='item:3284'
[dc2_node2] Saved 72 keys to disk
[dc2_node2] CONFLICT detected for key='item:3284', siblings=4
[dc2_node2] Saved 72 keys to disk
[dc2_node2] Retrieved key='item:2565', versions=5
[dc2_node2] Client GET: key='item:4777'
[dc2_node2] Reading from preference list: ['localhost:50124', 'localhost:50109']
[dc2_node2] Key='item:4777' not found
[dc2_node2] CONFLICT: 10 sibling versions for 'item:4777'
[dc2_node2] Internal PUT (replication): key='item:4998'
[dc2_node2] CONFLICT detected for key='item:4998', siblings=3
[dc2_node2] Saved 72 keys to disk
[dc2_node2] Internal PUT (replication): key='item:2929'
[dc2_node2] CONFLICT detected for key='item:2929', siblings=6
[dc2_node2] Saved 72 keys to disk
[dc2_node2] Client GET: key='item:0474'
[dc2_node2] Reading from preference list: ['localhost:50196', 'localhost:50184']
[dc2_node2] Key='item:0474' not found
[dc2_node2] CONFLICT: 3 sibling versions for 'item:0474'
[dc2_node2] Internal PUT (replication): key='item:4118'
[dc2_node2] CONFLICT detected for key='item:4118', siblings=5
[dc2_node2] Internal PUT (replication): key='item:0217'
[dc2_node2] Saved 72 keys to disk
[dc2_node2] CONFLICT detected for key='item:0217', siblings=5
[dc2_node2] Saved 72 keys to disk
[dc2_node2] Client PUT: key='item:0254', value='value_254_update_client0_op306'
[dc2_node2] Preference list for 'item:0254': ['localhost:50092', 'localhost:50153', 'localhost:50223']
[dc2_node2] Coordinator NOT in preference list, forwarding only
[dc2_node2] Replicated to localhost:50092
[dc2_node2] Replicated to localhost:50223
[dc2_node2] W-quorum achieved (2 writes), returning to client
[dc2_node2] Background replication continues for remaining nodes
[dc2_node2] Successful writes: 2/3
[dc2_node2] Internal PUT (replication): key='item:4569'
[dc2_node2] CONFLICT detected for key='item:4569', siblings=4
[dc2_node2] Replicated to localhost:50153
[dc2_node2] Saved 72 keys to disk
[dc2_node2] Internal PUT (replication): key='item:3222'
[dc2_node2] CONFLICT detected for key='item:3222', siblings=5
[dc2_node2] Saved 72 keys to disk
[dc2_node2] Internal PUT (replication): key='item:2371'
[dc2_node2] CONFLICT detected for key='item:2371', siblings=2
[dc2_node2] Saved 72 keys to disk
[dc2_node2] Client PUT: key='item:2172', value='value_2172_client13_op323'
[dc2_node2] Preference list for 'item:2172': ['localhost:50146', 'localhost:50222', 'localhost:50181']
[dc2_node2] Coordinator NOT in preference list, forwarding only
[dc2_node2] Replicated to localhost:50146
[dc2_node2] Replicated to localhost:50181
[dc2_node2] Replicated to localhost:50222
[dc2_node2] W-quorum achieved (2 writes), returning to client
[dc2_node2] Background replication continues for remaining nodes
[dc2_node2] Successful writes: 3/3
[dc2_node2] Client PUT: key='item:0536', value='value_536_client31_op321'
[dc2_node2] Preference list for 'item:0536': ['localhost:50082', 'localhost:50095', 'localhost:50171']
[dc2_node2] Coordinator NOT in preference list, forwarding only
[dc2_node2] Replicated to localhost:50171
[dc2_node2] Internal PUT (replication): key='item:1164'
[dc2_node2] CONFLICT detected for key='item:1164', siblings=6
[dc2_node2] Replicated to localhost:50095
[dc2_node2] Replicated to localhost:50082
[dc2_node2] Internal PUT (replication): key='item:2942'
[dc2_node2] W-quorum achieved (2 writes), returning to client
[dc2_node2] Background replication continues for remaining nodes
[dc2_node2] Successful writes: 3/3
[dc2_node2] Saved 72 keys to disk
[dc2_node2] CONFLICT detected for key='item:2942', siblings=3
[dc2_node2] Saved 72 keys to disk
[dc2_node2] Retrieved key='item:1236', versions=2
[dc2_node2] Client PUT: key='item:2827', value='value_2827_client38_op307'
[dc2_node2] Preference list for 'item:2827': ['localhost:50215', 'localhost:50145', 'localhost:50206']
[dc2_node2] Coordinator NOT in preference list, forwarding only
[dc2_node2] Retrieved key='item:1276', versions=4
[dc2_node2] Replicated to localhost:50215
[dc2_node2] Replicated to localhost:50206
[dc2_node2] W-quorum achieved (2 writes), returning to client
[dc2_node2] Background replication continues for remaining nodes
[dc2_node2] Successful writes: 2/3
[dc2_node2] Replicated to localhost:50145
[dc2_node2] Client GET: key='item:2830'
[dc2_node2] Reading from preference list: ['localhost:50095', 'localhost:50133']
[dc2_node2] Key='item:2830' not found
[dc2_node2] CONFLICT: 8 sibling versions for 'item:2830'
[dc2_node2] Internal PUT (replication): key='item:3022'
[dc2_node2] CONFLICT detected for key='item:3022', siblings=3
[dc2_node2] Saved 72 keys to disk
[dc2_node2] Retrieved key='item:1175', versions=2
[dc2_node2] Retrieved key='item:2078', versions=3
[dc2_node2] Client GET: key='item:1323'
[dc2_node2] Reading from preference list: ['localhost:50087', 'localhost:50190']
[dc2_node2] Key='item:1323' not found
[dc2_node2] CONFLICT: 10 sibling versions for 'item:1323'
[dc2_node2] Internal PUT (replication): key='item:0484'
[dc2_node2] CONFLICT detected for key='item:0484', siblings=4
[dc2_node2] Saved 72 keys to disk
[dc2_node2] Client PUT: key='item:2793', value='value_2793_client49_op312'
[dc2_node2] Preference list for 'item:2793': ['localhost:50175', 'localhost:50150', 'localhost:50250']
[dc2_node2] Coordinator NOT in preference list, forwarding only
[dc2_node2] Replicated to localhost:50175
[dc2_node2] Replicated to localhost:50150
[dc2_node2] Replicated to localhost:50250
[dc2_node2] W-quorum achieved (2 writes), returning to client
[dc2_node2] Background replication continues for remaining nodes
[dc2_node2] Successful writes: 3/3
[dc2_node2] Internal PUT (replication): key='item:3284'
[dc2_node2] CONFLICT detected for key='item:3284', siblings=5
[dc2_node2] Saved 72 keys to disk
[dc2_node2] Retrieved key='item:3222', versions=5
[dc2_node2] Client GET: key='item:0604'
[dc2_node2] Reading from preference list: ['localhost:50207', 'localhost:50215']
[dc2_node2] Key='item:0604' not found
[dc2_node2] CONFLICT: 8 sibling versions for 'item:0604'
[dc2_node2] Client PUT: key='item:3725', value='value_3725_client48_op325'
[dc2_node2] Preference list for 'item:3725': ['localhost:50167', 'localhost:50221', 'localhost:50108']
[dc2_node2] Coordinator NOT in preference list, forwarding only
[dc2_node2] Replicated to localhost:50221
[dc2_node2] Replicated to localhost:50108
[dc2_node2] W-quorum achieved (2 writes), returning to client
[dc2_node2] Background replication continues for remaining nodes
[dc2_node2] Successful writes: 2/3
[dc2_node2] Replicated to localhost:50167
[dc2_node2] Client PUT: key='item:1221', value='value_1221_update_client22_op335'
[dc2_node2] Preference list for 'item:1221': ['localhost:50153', 'localhost:50117', 'localhost:50056']
[dc2_node2] Coordinator NOT in preference list, forwarding only
[dc2_node2] Replicated to localhost:50153
[dc2_node2] Replicated to localhost:50056
[dc2_node2] Replicated to localhost:50117
[dc2_node2] W-quorum achieved (2 writes), returning to client
[dc2_node2] Background replication continues for remaining nodes
[dc2_node2] Successful writes: 3/3
[dc2_node2] Client PUT: key='item:0006', value='value_6_update_client1_op321'
[dc2_node2] Preference list for 'item:0006': ['localhost:50238', 'localhost:50200', 'localhost:50062']
[dc2_node2] Coordinator NOT in preference list, forwarding only
[dc2_node2] Replicated to localhost:50062
[dc2_node2] Replicated to localhost:50200
[dc2_node2] Replicated to localhost:50238
[dc2_node2] W-quorum achieved (2 writes), returning to client
[dc2_node2] Background replication continues for remaining nodes
[dc2_node2] Successful writes: 3/3
[dc2_node2] Internal PUT (replication): key='item:4568'
[dc2_node2] CONFLICT detected for key='item:4568', siblings=4
[dc2_node2] Saved 72 keys to disk
[dc2_node2] Internal PUT (replication): key='item:2565'
[dc2_node2] CONFLICT detected for key='item:2565', siblings=6
[dc2_node2] Saved 72 keys to disk
[dc2_node2] Retrieved key='item:1276', versions=4
[dc2_node2] Internal PUT (replication): key='item:4794'
[dc2_node2] CONFLICT detected for key='item:4794', siblings=4
[dc2_node2] Saved 72 keys to disk
[dc2_node2] Internal PUT (replication): key='item:2348'
[dc2_node2] CONFLICT detected for key='item:2348', siblings=5
[dc2_node2] Saved 72 keys to disk
[dc2_node2] Client GET: key='item:1873'
[dc2_node2] Reading from preference list: ['localhost:50052', 'localhost:50075']
[dc2_node2] Key='item:1873' not found
[dc2_node2] CONFLICT: 6 sibling versions for 'item:1873'
[dc2_node2] Retrieved key='item:2662', versions=1
[dc2_node2] Merged versions for key='item:2662', result=1 versions
[dc2_node2] Saved 72 keys to disk
[dc2_node2] Internal PUT (replication): key='item:0217'
[dc2_node2] CONFLICT detected for key='item:0217', siblings=6
[dc2_node2] Saved 72 keys to disk
[dc2_node2] Internal PUT (replication): key='item:4205'
[dc2_node2] CONFLICT detected for key='item:4205', siblings=4
[dc2_node2] Internal PUT (replication): key='item:1392'
[dc2_node2] Saved 72 keys to disk
[dc2_node2] CONFLICT detected for key='item:1392', siblings=3
[dc2_node2] Saved 72 keys to disk
[dc2_node2] Retrieved key='item:1129', versions=6
[dc2_node2] Client PUT: key='item:4167', value='value_4167_update_client19_op348'
[dc2_node2] Preference list for 'item:4167': ['localhost:50192', 'localhost:50162', 'localhost:50111']
[dc2_node2] Coordinator NOT in preference list, forwarding only
[dc2_node2] Replicated to localhost:50192
[dc2_node2] Replicated to localhost:50162
[dc2_node2] Replicated to localhost:50111
[dc2_node2] W-quorum achieved (2 writes), returning to client
[dc2_node2] Background replication continues for remaining nodes
[dc2_node2] Successful writes: 3/3
[dc2_node2] Client PUT: key='item:4226', value='value_4226_update_client34_op328'
[dc2_node2] Preference list for 'item:4226': ['localhost:50132', 'localhost:50109', 'localhost:50244']
[dc2_node2] Coordinator NOT in preference list, forwarding only
[dc2_node2] Replicated to localhost:50132
[dc2_node2] Replicated to localhost:50109
[dc2_node2] Client PUT: key='item:3924', value='value_3924_client16_op350'
[dc2_node2] Preference list for 'item:3924': ['localhost:50055', 'localhost:50114', 'localhost:50192']
[dc2_node2] Coordinator NOT in preference list, forwarding only
[dc2_node2] Replicated to localhost:50244
[dc2_node2] W-quorum achieved (2 writes), returning to client
[dc2_node2] Background replication continues for remaining nodes
[dc2_node2] Successful writes: 3/3
[dc2_node2] Replicated to localhost:50055
[dc2_node2] Replicated to localhost:50192
[dc2_node2] Replicated to localhost:50114
[dc2_node2] W-quorum achieved (2 writes), returning to client
[dc2_node2] Background replication continues for remaining nodes
[dc2_node2] Successful writes: 3/3
[dc2_node2] Client PUT: key='item:4675', value='value_4675_update_client9_op334'
[dc2_node2] Preference list for 'item:4675': ['localhost:50125', 'localhost:50104', 'localhost:50090']
[dc2_node2] Coordinator NOT in preference list, forwarding only
[dc2_node2] Replicated to localhost:50104
[dc2_node2] Replicated to localhost:50125
[dc2_node2] Replicated to localhost:50090
[dc2_node2] W-quorum achieved (2 writes), returning to client
[dc2_node2] Background replication continues for remaining nodes
[dc2_node2] Successful writes: 3/3
[dc2_node2] Internal PUT (replication): key='item:1156'
[dc2_node2] CONFLICT detected for key='item:1156', siblings=4
[dc2_node2] Saved 72 keys to disk
[dc2_node2] Internal PUT (replication): key='item:1578'
[dc2_node2] CONFLICT detected for key='item:1578', siblings=3
[dc2_node2] Saved 72 keys to disk
[dc2_node2] Client PUT: key='item:3257', value='value_3257_update_client25_op353'
[dc2_node2] Preference list for 'item:3257': ['localhost:50215', 'localhost:50190', 'localhost:50199']
[dc2_node2] Coordinator NOT in preference list, forwarding only
[dc2_node2] Replicated to localhost:50190
[dc2_node2] Replicated to localhost:50215
[dc2_node2] Replicated to localhost:50199
[dc2_node2] W-quorum achieved (2 writes), returning to client
[dc2_node2] Background replication continues for remaining nodes
[dc2_node2] Successful writes: 3/3
[dc2_node2] Internal PUT (replication): key='item:2125'
[dc2_node2] CONFLICT detected for key='item:2125', siblings=4
[dc2_node2] Saved 72 keys to disk
[dc2_node2] Retrieved key='item:1785', versions=4
[dc2_node2] Client PUT: key='item:3346', value='value_3346_client31_op351'
[dc2_node2] Preference list for 'item:3346': ['localhost:50225', 'localhost:50099', 'localhost:50075']
[dc2_node2] Coordinator NOT in preference list, forwarding only
[dc2_node2] Replicated to localhost:50099
[dc2_node2] Replicated to localhost:50225
[dc2_node2] Replicated to localhost:50075
[dc2_node2] W-quorum achieved (2 writes), returning to client
[dc2_node2] Background replication continues for remaining nodes
[dc2_node2] Successful writes: 3/3
[dc2_node2] Client PUT: key='item:4785', value='value_4785_update_client45_op351'
[dc2_node2] Preference list for 'item:4785': ['localhost:50135', 'localhost:50195', 'localhost:50085']
[dc2_node2] Coordinator NOT in preference list, forwarding only
[dc2_node2] Replicated to localhost:50195
[dc2_node2] Replicated to localhost:50085
[dc2_node2] Replicated to localhost:50135
[dc2_node2] W-quorum achieved (2 writes), returning to client
[dc2_node2] Background replication continues for remaining nodes
[dc2_node2] Successful writes: 3/3
[dc2_node2] Client PUT: key='item:4368', value='value_4368_update_client7_op356'
[dc2_node2] Preference list for 'item:4368': ['localhost:50068', 'localhost:50098', 'localhost:50080']
[dc2_node2] Coordinator NOT in preference list, forwarding only
[dc2_node2] Client GET: key='item:4832'
[dc2_node2] Reading from preference list: ['localhost:50142', 'localhost:50060']
[dc2_node2] Key='item:4832' not found
[dc2_node2] CONFLICT: 4 sibling versions for 'item:4832'
[dc2_node2] Replicated to localhost:50098
[dc2_node2] Replicated to localhost:50068
[dc2_node2] Replicated to localhost:50080
[dc2_node2] W-quorum achieved (2 writes), returning to client
[dc2_node2] Background replication continues for remaining nodes
[dc2_node2] Successful writes: 3/3
[dc2_node2] Internal PUT (replication): key='item:4689'
[dc2_node2] CONFLICT detected for key='item:4689', siblings=5
[dc2_node2] Saved 72 keys to disk
[dc2_node2] Client PUT: key='item:1391', value='value_1391_client26_op362'
[dc2_node2] Preference list for 'item:1391': ['localhost:50087', 'localhost:50153', 'localhost:50069']
[dc2_node2] Coordinator NOT in preference list, forwarding only
[dc2_node2] Replicated to localhost:50069
[dc2_node2] Replicated to localhost:50153
[dc2_node2] Replicated to localhost:50087
[dc2_node2] W-quorum achieved (2 writes), returning to client
[dc2_node2] Background replication continues for remaining nodes
[dc2_node2] Successful writes: 3/3
[dc2_node2] Internal PUT (replication): key='item:3890'
[dc2_node2] CONFLICT detected for key='item:3890', siblings=5
[dc2_node2] Saved 72 keys to disk
[dc2_node2] Client PUT: key='item:2960', value='value_2960_client0_op354'
[dc2_node2] Preference list for 'item:2960': ['localhost:50201', 'localhost:50073', 'localhost:50158']
[dc2_node2] Coordinator NOT in preference list, forwarding only
[dc2_node2] Internal PUT (replication): key='item:0818'
[dc2_node2] CONFLICT detected for key='item:0818', siblings=5
[dc2_node2] Replicated to localhost:50201
[dc2_node2] Saved 72 keys to disk
[dc2_node2] Replicated to localhost:50158
[dc2_node2] Replicated to localhost:50073
[dc2_node2] W-quorum achieved (2 writes), returning to client
[dc2_node2] Background replication continues for remaining nodes
[dc2_node2] Successful writes: 3/3
[dc2_node2] Internal PUT (replication): key='item:3022'
[dc2_node2] CONFLICT detected for key='item:3022', siblings=4
[dc2_node2] Saved 72 keys to disk
[dc2_node2] Internal PUT (replication): key='item:3191'
[dc2_node2] CONFLICT detected for key='item:3191', siblings=3
[dc2_node2] Saved 72 keys to disk
[dc2_node2] Client PUT: key='item:2542', value='value_2542_client43_op376'
[dc2_node2] Preference list for 'item:2542': ['localhost:50158', 'localhost:50069', 'localhost:50244']
[dc2_node2] Coordinator NOT in preference list, forwarding only
[dc2_node2] Replicated to localhost:50158
[dc2_node2] Replicated to localhost:50069
[dc2_node2] Replicated to localhost:50244
[dc2_node2] W-quorum achieved (2 writes), returning to client
[dc2_node2] Background replication continues for remaining nodes
[dc2_node2] Successful writes: 3/3
[dc2_node2] Retrieved key='item:0571', versions=1
[dc2_node2] Merged versions for key='item:0571', result=1 versions
[dc2_node2] Saved 72 keys to disk
[dc2_node2] Client GET: key='item:3524'
[dc2_node2] Reading from preference list: ['localhost:50147', 'localhost:50123']
[dc2_node2] Key='item:3524' not found
[dc2_node2] CONFLICT: 8 sibling versions for 'item:3524'
[dc2_node2] Client PUT: key='item:3045', value='value_3045_client38_op364'
[dc2_node2] Preference list for 'item:3045': ['localhost:50168', 'localhost:50144', 'localhost:50199']
[dc2_node2] Coordinator NOT in preference list, forwarding only
[dc2_node2] Replicated to localhost:50168
[dc2_node2] Replicated to localhost:50144
[dc2_node2] Replicated to localhost:50199
[dc2_node2] Client PUT: key='item:1851', value='value_1851_client6_op378'
[dc2_node2] Preference list for 'item:1851': ['localhost:50069', 'localhost:50083', 'localhost:50174']
[dc2_node2] Coordinator NOT in preference list, forwarding only
[dc2_node2] W-quorum achieved (2 writes), returning to client
[dc2_node2] Background replication continues for remaining nodes
[dc2_node2] Successful writes: 3/3
[dc2_node2] Replicated to localhost:50174
[dc2_node2] Replicated to localhost:50069
[dc2_node2] W-quorum achieved (2 writes), returning to client
[dc2_node2] Background replication continues for remaining nodes
[dc2_node2] Successful writes: 2/3
[dc2_node2] Replicated to localhost:50083
[dc2_node2] Client PUT: key='item:4752', value='value_4752_update_client10_op379'
[dc2_node2] Preference list for 'item:4752': ['localhost:50162', 'localhost:50081', 'localhost:50122']
[dc2_node2] Coordinator NOT in preference list, forwarding only
[dc2_node2] Replicated to localhost:50081
[dc2_node2] Replicated to localhost:50122
[dc2_node2] Replicated to localhost:50162
[dc2_node2] W-quorum achieved (2 writes), returning to client
[dc2_node2] Background replication continues for remaining nodes
[dc2_node2] Successful writes: 3/3
[dc2_node2] Retrieved key='item:3284', versions=5
[dc2_node2] Internal PUT (replication): key='item:3178'
[dc2_node2] CONFLICT detected for key='item:3178', siblings=5
[dc2_node2] Saved 72 keys to disk
[dc2_node2] Client PUT: key='item:3852', value='value_3852_update_client17_op379'
[dc2_node2] Preference list for 'item:3852': ['localhost:50159', 'localhost:50183', 'localhost:50060']
[dc2_node2] Coordinator NOT in preference list, forwarding only
[dc2_node2] Replicated to localhost:50159
[dc2_node2] Replicated to localhost:50060
[dc2_node2] Replicated to localhost:50183
[dc2_node2] W-quorum achieved (2 writes), returning to client
[dc2_node2] Background replication continues for remaining nodes
[dc2_node2] Successful writes: 3/3
[dc2_node2] Client GET: key='item:2474'
[dc2_node2] Reading from preference list: ['localhost:50228', 'localhost:50107']
[dc2_node2] Key='item:2474' not found
[dc2_node2] CONFLICT: 13 sibling versions for 'item:2474'
[dc2_node2] Internal PUT (replication): key='item:1392'
[dc2_node2] CONFLICT detected for key='item:1392', siblings=4
[dc2_node2] Saved 72 keys to disk
[dc2_node2] Client GET: key='item:4120'
[dc2_node2] Reading from preference list: ['localhost:50228', 'localhost:50238']
[dc2_node2] Key='item:4120' not found
[dc2_node2] CONFLICT: 4 sibling versions for 'item:4120'
[dc2_node2] Internal PUT (replication): key='item:1387'
[dc2_node2] CONFLICT detected for key='item:1387', siblings=2
[dc2_node2] Saved 72 keys to disk
[dc2_node2] Retrieved key='item:4456', versions=2
[dc2_node2] Retrieved key='item:3586', versions=4
[dc2_node2] Internal PUT (replication): key='item:1193'
[dc2_node2] CONFLICT detected for key='item:1193', siblings=4
[dc2_node2] Saved 72 keys to disk
[dc2_node2] Internal PUT (replication): key='item:4689'
[dc2_node2] CONFLICT detected for key='item:4689', siblings=6
[dc2_node2] Saved 72 keys to disk
[dc2_node2] Retrieved key='item:4855', versions=3
[dc2_node2] Retrieved key='item:1156', versions=4
[dc2_node2] Retrieved key='item:2371', versions=2
[dc2_node2] Internal PUT (replication): key='item:2125'
[dc2_node2] CONFLICT detected for key='item:2125', siblings=5
[dc2_node2] Saved 72 keys to disk
[dc2_node2] Retrieved key='item:3222', versions=5
[dc2_node2] Internal PUT (replication): key='item:2942'
[dc2_node2] CONFLICT detected for key='item:2942', siblings=4
[dc2_node2] Saved 72 keys to disk
[dc2_node2] Internal PUT (replication): key='item:0818'
[dc2_node2] CONFLICT detected for key='item:0818', siblings=6
[dc2_node2] Saved 72 keys to disk
[dc2_node2] Internal PUT (replication): key='item:2104'
[dc2_node2] CONFLICT detected for key='item:2104', siblings=6
[dc2_node2] Saved 72 keys to disk
[dc2_node2] Internal PUT (replication): key='item:0768'
[dc2_node2] CONFLICT detected for key='item:0768', siblings=4
[dc2_node2] Saved 72 keys to disk
[dc2_node2] Internal PUT (replication): key='item:0091'
[dc2_node2] CONFLICT detected for key='item:0091', siblings=8
[dc2_node2] Saved 72 keys to disk
[dc2_node2] Internal PUT (replication): key='item:4855'
[dc2_node2] CONFLICT detected for key='item:4855', siblings=4
[dc2_node2] Saved 72 keys to disk
[dc2_node2] Internal PUT (replication): key='item:3490'
[dc2_node2] CONFLICT detected for key='item:3490', siblings=4
[dc2_node2] Saved 72 keys to disk
[dc2_node2] Internal PUT (replication): key='item:0484'
[dc2_node2] CONFLICT detected for key='item:0484', siblings=5
[dc2_node2] Saved 72 keys to disk
[dc2_node2] Client PUT: key='item:0048', value='value_48_update_client20_op414'
[dc2_node2] Preference list for 'item:0048': ['localhost:50101', 'localhost:50074', 'localhost:50119']
[dc2_node2] Coordinator NOT in preference list, forwarding only
[dc2_node2] Internal PUT (replication): key='item:2371'
[dc2_node2] CONFLICT detected for key='item:2371', siblings=3
[dc2_node2] Replicated to localhost:50119
[dc2_node2] Saved 72 keys to disk
[dc2_node2] Replicated to localhost:50074
[dc2_node2] Replicated to localhost:50101
[dc2_node2] W-quorum achieved (2 writes), returning to client
[dc2_node2] Background replication continues for remaining nodes
[dc2_node2] Successful writes: 3/3
[dc2_node2] Retrieved key='item:2078', versions=3
[dc2_node2] Client PUT: key='item:0243', value='value_243_update_client18_op426'
[dc2_node2] Preference list for 'item:0243': ['localhost:50105', 'localhost:50145', 'localhost:50085']
[dc2_node2] Coordinator NOT in preference list, forwarding only
[dc2_node2] Client PUT: key='item:2412', value='value_2412_update_client33_op394'
[dc2_node2] Preference list for 'item:2412': ['localhost:50119', 'localhost:50051', 'localhost:50153']
[dc2_node2] Coordinator NOT in preference list, forwarding only
[dc2_node2] Internal PUT (replication): key='item:2507'
[dc2_node2] CONFLICT detected for key='item:2507', siblings=7
[dc2_node2] Replicated to localhost:50051
[dc2_node2] Replicated to localhost:50145
[dc2_node2] Replicated to localhost:50153
[dc2_node2] Replicated to localhost:50119
[dc2_node2] Replicated to localhost:50085
[dc2_node2] Saved 72 keys to disk
[dc2_node2] Replicated to localhost:50105
[dc2_node2] W-quorum achieved (2 writes), returning to client
[dc2_node2] Background replication continues for remaining nodes
[dc2_node2] Successful writes: 3/3
[dc2_node2] W-quorum achieved (2 writes), returning to client
[dc2_node2] Background replication continues for remaining nodes
[dc2_node2] Successful writes: 3/3
[dc2_node2] Internal PUT (replication): key='item:1175'
[dc2_node2] CONFLICT detected for key='item:1175', siblings=3
[dc2_node2] Saved 72 keys to disk
[dc2_node2] Internal PUT (replication): key='item:2078'
[dc2_node2] CONFLICT detected for key='item:2078', siblings=4
[dc2_node2] Saved 72 keys to disk
[dc2_node2] Internal PUT (replication): key='item:3284'
[dc2_node2] CONFLICT detected for key='item:3284', siblings=6
[dc2_node2] Saved 72 keys to disk
[dc2_node2] Internal PUT (replication): key='item:2078'
[dc2_node2] CONFLICT detected for key='item:2078', siblings=5
[dc2_node2] Saved 72 keys to disk
[dc2_node2] Client PUT: key='item:0395', value='value_395_client7_op416'
[dc2_node2] Preference list for 'item:0395': ['localhost:50179', 'localhost:50114', 'localhost:50051']
[dc2_node2] Coordinator NOT in preference list, forwarding only
[dc2_node2] Replicated to localhost:50179
[dc2_node2] Replicated to localhost:50051
[dc2_node2] W-quorum achieved (2 writes), returning to client
[dc2_node2] Background replication continues for remaining nodes
[dc2_node2] Successful writes: 2/3
[dc2_node2] Replicated to localhost:50114
[dc2_node2] Client PUT: key='item:0883', value='value_883_update_client20_op421'
[dc2_node2] Preference list for 'item:0883': ['localhost:50209', 'localhost:50150', 'localhost:50052']
[dc2_node2] Coordinator NOT in preference list, forwarding only
[dc2_node2] Replicated to localhost:50052
[dc2_node2] Replicated to localhost:50209
[dc2_node2] Replicated to localhost:50150
[dc2_node2] W-quorum achieved (2 writes), returning to client
[dc2_node2] Background replication continues for remaining nodes
[dc2_node2] Successful writes: 3/3
[dc2_node2] Internal PUT (replication): key='item:2016'
[dc2_node2] CONFLICT detected for key='item:2016', siblings=2
[dc2_node2] Saved 72 keys to disk
[dc2_node2] Internal PUT (replication): key='item:2016'
[dc2_node2] CONFLICT detected for key='item:2016', siblings=3
[dc2_node2] Saved 72 keys to disk
[dc2_node2] Internal PUT (replication): key='item:3838'
[dc2_node2] CONFLICT detected for key='item:3838', siblings=3
[dc2_node2] Saved 72 keys to disk
[dc2_node2] Internal PUT (replication): key='item:1578'
[dc2_node2] CONFLICT detected for key='item:1578', siblings=4
[dc2_node2] Saved 72 keys to disk
[dc2_node2] Internal PUT (replication): key='item:2371'
[dc2_node2] CONFLICT detected for key='item:2371', siblings=4
[dc2_node2] Saved 72 keys to disk
[dc2_node2] Internal PUT (replication): key='item:1578'
[dc2_node2] CONFLICT detected for key='item:1578', siblings=5
[dc2_node2] Saved 72 keys to disk
[dc2_node2] Internal PUT (replication): key='item:2527'
[dc2_node2] CONFLICT detected for key='item:2527', siblings=4
[dc2_node2] Saved 72 keys to disk
[dc2_node2] Internal PUT (replication): key='item:2078'
[dc2_node2] CONFLICT detected for key='item:2078', siblings=6
[dc2_node2] Saved 72 keys to disk
[dc2_node2] Internal PUT (replication): key='item:1735'
[dc2_node2] CONFLICT detected for key='item:1735', siblings=4
[dc2_node2] Saved 72 keys to disk
[dc2_node2] Internal PUT (replication): key='item:1236'
[dc2_node2] CONFLICT detected for key='item:1236', siblings=3
[dc2_node2] Saved 72 keys to disk
[dc2_node2] Client PUT: key='item:2520', value='value_2520_client8_op440'
[dc2_node2] Preference list for 'item:2520': ['localhost:50219', 'localhost:50094', 'localhost:50138']
[dc2_node2] Coordinator NOT in preference list, forwarding only
[dc2_node2] Replicated to localhost:50138
[dc2_node2] Replicated to localhost:50219
[dc2_node2] W-quorum achieved (2 writes), returning to client
[dc2_node2] Background replication continues for remaining nodes
[dc2_node2] Successful writes: 2/3
[dc2_node2] Replicated to localhost:50094
[dc2_node2] Internal PUT (replication): key='item:2016'
[dc2_node2] CONFLICT detected for key='item:2016', siblings=4
[dc2_node2] Saved 72 keys to disk
[dc2_node2] Internal PUT (replication): key='item:2939'
[dc2_node2] CONFLICT detected for key='item:2939', siblings=4
[dc2_node2] Internal PUT (replication): key='item:3791'
[dc2_node2] Saved 72 keys to disk
[dc2_node2] CONFLICT detected for key='item:3791', siblings=3
[dc2_node2] Saved 72 keys to disk
[dc2_node2] Internal PUT (replication): key='item:4118'
[dc2_node2] CONFLICT detected for key='item:4118', siblings=6
[dc2_node2] Saved 72 keys to disk
[dc2_node2] Internal PUT (replication): key='item:4052'
[dc2_node2] CONFLICT detected for key='item:4052', siblings=3
[dc2_node2] Saved 72 keys to disk
[dc2_node2] Client GET: key='item:2829'
[dc2_node2] Reading from preference list: ['localhost:50184', 'localhost:50134']
[dc2_node2] Key='item:2829' not found
[dc2_node2] CONFLICT: 8 sibling versions for 'item:2829'
[dc2_node2] Internal PUT (replication): key='item:2371'
[dc2_node2] CONFLICT detected for key='item:2371', siblings=5
[dc2_node2] Saved 72 keys to disk
[dc2_node2] Retrieved key='item:2929', versions=6
[dc2_node2] Retrieved key='item:2078', versions=6
[dc2_node2] Client PUT: key='item:2949', value='value_2949_update_client9_op443'
[dc2_node2] Preference list for 'item:2949': ['localhost:50205', 'localhost:50250', 'localhost:50078']
[dc2_node2] Coordinator NOT in preference list, forwarding only
[dc2_node2] Replicated to localhost:50250
[dc2_node2] Replicated to localhost:50078
[dc2_node2] Replicated to localhost:50205
[dc2_node2] W-quorum achieved (2 writes), returning to client
[dc2_node2] Background replication continues for remaining nodes
[dc2_node2] Successful writes: 3/3
[dc2_node2] Client GET: key='item:0648'
[dc2_node2] Reading from preference list: ['localhost:50110', 'localhost:50174']
[dc2_node2] Key='item:0648' not found
[dc2_node2] CONFLICT: 8 sibling versions for 'item:0648'
[dc2_node2] Retrieved key='item:2942', versions=4
[dc2_node2] Retrieved key='item:2565', versions=6
[dc2_node2] Client PUT: key='item:2966', value='value_2966_client43_op472'
[dc2_node2] Preference list for 'item:2966': ['localhost:50186', 'localhost:50127', 'localhost:50152']
[dc2_node2] Coordinator NOT in preference list, forwarding only
[dc2_node2] Replicated to localhost:50152
[dc2_node2] Replicated to localhost:50127
[dc2_node2] Replicated to localhost:50186
[dc2_node2] W-quorum achieved (2 writes), returning to client
[dc2_node2] Background replication continues for remaining nodes
[dc2_node2] Successful writes: 3/3
[dc2_node2] Internal PUT (replication): key='item:4159'
[dc2_node2] Stored NEW key='item:4159', value='value_4159_update_client20_op466', clock={dc3_node11:1}
[dc2_node2] Saved 73 keys to disk
[dc2_node2] Internal PUT (replication): key='item:3007'
[dc2_node2] CONFLICT detected for key='item:3007', siblings=5
[dc2_node2] Saved 73 keys to disk
[dc2_node2] Client PUT: key='item:0615', value='value_615_update_client19_op465'
[dc2_node2] Preference list for 'item:0615': ['localhost:50052', 'localhost:50199', 'localhost:50187']
[dc2_node2] Coordinator NOT in preference list, forwarding only
[dc2_node2] Replicated to localhost:50199
[dc2_node2] Replicated to localhost:50187
[dc2_node2] Replicated to localhost:50052
[dc2_node2] W-quorum achieved (2 writes), returning to client
[dc2_node2] Background replication continues for remaining nodes
[dc2_node2] Successful writes: 3/3
[dc2_node2] Client GET: key='item:2765'
[dc2_node2] Reading from preference list: ['localhost:50063', 'localhost:50225']
[dc2_node2] Key='item:2765' not found
[dc2_node2] CONFLICT: 7 sibling versions for 'item:2765'
[dc2_node2] Internal PUT (replication): key='item:1340'
[dc2_node2] CONFLICT detected for key='item:1340', siblings=3
[dc2_node2] Saved 73 keys to disk
[dc2_node2] Internal PUT (replication): key='item:4456'
[dc2_node2] CONFLICT detected for key='item:4456', siblings=3
[dc2_node2] Saved 73 keys to disk
[dc2_node2] Internal PUT (replication): key='item:2929'
[dc2_node2] CONFLICT detected for key='item:2929', siblings=7
[dc2_node2] Saved 73 keys to disk
[dc2_node2] Internal PUT (replication): key='item:0768'
[dc2_node2] CONFLICT detected for key='item:0768', siblings=5
[dc2_node2] Saved 73 keys to disk
[dc2_node2] Client GET: key='item:0793'
[dc2_node2] Reading from preference list: ['localhost:50242', 'localhost:50092']
[dc2_node2] Key='item:0793' not found
[dc2_node2] CONFLICT: 9 sibling versions for 'item:0793'
[dc2_node2] Client PUT: key='item:4747', value='value_4747_update_client35_op469'
[dc2_node2] Preference list for 'item:4747': ['localhost:50061', 'localhost:50148', 'localhost:50220']
[dc2_node2] Coordinator NOT in preference list, forwarding only
[dc2_node2] Replicated to localhost:50061
[dc2_node2] Replicated to localhost:50220
[dc2_node2] Replicated to localhost:50148
[dc2_node2] W-quorum achieved (2 writes), returning to client
[dc2_node2] Background replication continues for remaining nodes
[dc2_node2] Successful writes: 3/3
[dc2_node2] Retrieved key='item:1735', versions=4
[dc2_node2] Internal PUT (replication): key='item:3284'
[dc2_node2] CONFLICT detected for key='item:3284', siblings=7
[dc2_node2] Saved 73 keys to disk
[dc2_node2] Client GET: key='item:2242'
[dc2_node2] Reading from preference list: ['localhost:50137', 'localhost:50179']
[dc2_node2] Key='item:2242' not found
[dc2_node2] CONFLICT: 14 sibling versions for 'item:2242'
[dc2_node2] Internal PUT (replication): key='item:2016'
[dc2_node2] CONFLICT detected for key='item:2016', siblings=5
[dc2_node2] Saved 73 keys to disk
[dc2_node2] Internal PUT (replication): key='item:2507'
[dc2_node2] CONFLICT detected for key='item:2507', siblings=8
[dc2_node2] Saved 73 keys to disk
[dc2_node2] Internal PUT (replication): key='item:2527'
[dc2_node2] CONFLICT detected for key='item:2527', siblings=5
[dc2_node2] Internal PUT (replication): key='item:3890'
[dc2_node2] Client PUT: key='item:1467', value='value_1467_update_client31_op469'
[dc2_node2] Preference list for 'item:1467': ['localhost:50164', 'localhost:50237', 'localhost:50132']
[dc2_node2] Coordinator NOT in preference list, forwarding only
[dc2_node2] Saved 73 keys to disk
[dc2_node2] CONFLICT detected for key='item:3890', siblings=6
[dc2_node2] Internal PUT (replication): key='item:1735'
[dc2_node2] Replicated to localhost:50164
[dc2_node2] Saved 73 keys to disk
[dc2_node2] CONFLICT detected for key='item:1735', siblings=5
[dc2_node2] Replicated to localhost:50132
[dc2_node2] Replicated to localhost:50237
[dc2_node2] W-quorum achieved (2 writes), returning to client
[dc2_node2] Background replication continues for remaining nodes
[dc2_node2] Successful writes: 3/3
[dc2_node2] Saved 73 keys to disk
[dc2_node2] Internal PUT (replication): key='item:1276'
[dc2_node2] CONFLICT detected for key='item:1276', siblings=5
[dc2_node2] Saved 73 keys to disk
[dc2_node2] Internal PUT (replication): key='item:1578'
[dc2_node2] CONFLICT detected for key='item:1578', siblings=6
[dc2_node2] Saved 73 keys to disk
[dc2_node2] Client PUT: key='item:3337', value='value_3337_client48_op477'
[dc2_node2] Preference list for 'item:3337': ['localhost:50199', 'localhost:50121', 'localhost:50103']
[dc2_node2] Coordinator NOT in preference list, forwarding only
[dc2_node2] Replicated to localhost:50199
[dc2_node2] Replicated to localhost:50121
[dc2_node2] Retrieved key='item:0382', versions=1
[dc2_node2] W-quorum achieved (2 writes), returning to client
[dc2_node2] Background replication continues for remaining nodes
[dc2_node2] Successful writes: 2/3
[dc2_node2] Replicated to localhost:50103
[dc2_node2] Merged versions for key='item:0382', result=1 versions
[dc2_node2] Internal PUT (replication): key='item:3356'
[dc2_node2] Saved 73 keys to disk
[dc2_node2] CONFLICT detected for key='item:3356', siblings=5
[dc2_node2] Saved 73 keys to disk
[dc2_node2] Internal PUT (replication): key='item:4165'
[dc2_node2] CONFLICT detected for key='item:4165', siblings=3
[dc2_node2] Saved 73 keys to disk
[dc2_node2] Internal PUT (replication): key='item:3178'
[dc2_node2] CONFLICT detected for key='item:3178', siblings=6
[dc2_node2] Saved 73 keys to disk
[dc2_node2] Internal PUT (replication): key='item:4569'
[dc2_node2] CONFLICT detected for key='item:4569', siblings=5
[dc2_node2] Saved 73 keys to disk
[dc2_node2] Internal PUT (replication): key='item:1165'
[dc2_node2] CONFLICT detected for key='item:1165', siblings=5
[dc2_node2] Saved 73 keys to disk
[dc2_node2] Retrieved key='item:2058', versions=2
[dc2_node2] Internal PUT (replication): key='item:3222'
[dc2_node2] CONFLICT detected for key='item:3222', siblings=6
[dc2_node2] Saved 73 keys to disk
[dc2_node2] Client PUT: key='item:2070', value='value_2070_client38_op472'
[dc2_node2] Preference list for 'item:2070': ['localhost:50169', 'localhost:50051', 'localhost:50205']
[dc2_node2] Coordinator NOT in preference list, forwarding only
[dc2_node2] Replicated to localhost:50051
[dc2_node2] Replicated to localhost:50205
[dc2_node2] Replicated to localhost:50169
[dc2_node2] W-quorum achieved (2 writes), returning to client
[dc2_node2] Background replication continues for remaining nodes
[dc2_node2] Successful writes: 3/3
[dc2_node2] Internal PUT (replication): key='item:1156'
[dc2_node2] CONFLICT detected for key='item:1156', siblings=5
[dc2_node2] Saved 73 keys to disk
[dc2_node2] Internal PUT (replication): key='item:2078'
[dc2_node2] CONFLICT detected for key='item:2078', siblings=7
[dc2_node2] Saved 73 keys to disk
[dc2_node2] Internal PUT (replication): key='item:1785'
[dc2_node2] CONFLICT detected for key='item:1785', siblings=5
[dc2_node2] Saved 73 keys to disk
[dc2_node2] Retrieved key='item:1392', versions=4
[dc2_node2] Client GET: key='item:4444'
[dc2_node2] Reading from preference list: ['localhost:50178', 'localhost:50234']
[dc2_node2] Key='item:4444' not found
[dc2_node2] CONFLICT: 10 sibling versions for 'item:4444'
[dc2_node2] Internal PUT (replication): key='item:4689'
[dc2_node2] CONFLICT detected for key='item:4689', siblings=7
[dc2_node2] Saved 73 keys to disk
[dc2_node2] Internal PUT (replication): key='item:1276'
[dc2_node2] CONFLICT detected for key='item:1276', siblings=6
[dc2_node2] Saved 73 keys to disk
[dc2_node2] Internal PUT (replication): key='item:1129'
[dc2_node2] CONFLICT detected for key='item:1129', siblings=7
[dc2_node2] Saved 73 keys to disk
[dc2_node2] Internal PUT (replication): key='item:4689'
[dc2_node2] CONFLICT detected for key='item:4689', siblings=8
[dc2_node2] Saved 73 keys to disk
[dc2_node2] Client PUT: key='item:4170', value='value_4170_client2_op496'
[dc2_node2] Preference list for 'item:4170': ['localhost:50139', 'localhost:50110', 'localhost:50054']
[dc2_node2] Coordinator NOT in preference list, forwarding only
[dc2_node2] Internal PUT (replication): key='item:3191'
[dc2_node2] CONFLICT detected for key='item:3191', siblings=4
[dc2_node2] Replicated to localhost:50054
[dc2_node2] Saved 73 keys to disk
[dc2_node2] Replicated to localhost:50139
[dc2_node2] Replicated to localhost:50110
[dc2_node2] W-quorum achieved (2 writes), returning to client
[dc2_node2] Background replication continues for remaining nodes
[dc2_node2] Successful writes: 3/3
[dc2_node2] Internal PUT (replication): key='item:3490'
[dc2_node2] CONFLICT detected for key='item:3490', siblings=5
[dc2_node2] Saved 73 keys to disk
[dc2_node2] Retrieved key='item:0818', versions=6
[dc2_node2] Internal PUT (replication): key='item:4456'
[dc2_node2] CONFLICT detected for key='item:4456', siblings=4
[dc2_node2] Saved 73 keys to disk
[dc2_node2] Client GET: key='item:2448'
[dc2_node2] Reading from preference list: ['localhost:50215', 'localhost:50172']
[dc2_node2] Key='item:2448' not found
[dc2_node2] CONFLICT: 6 sibling versions for 'item:2448'
[dc2_node2] Internal PUT (replication): key='item:1165'
[dc2_node2] CONFLICT detected for key='item:1165', siblings=5
[dc2_node2] Saved 73 keys to disk
[dc2_node2] Internal PUT (replication): key='item:2942'
[dc2_node2] CONFLICT detected for key='item:2942', siblings=5
[dc2_node2] Saved 73 keys to disk
[dc2_node2] Internal PUT (replication): key='item:4109'
[dc2_node2] CONFLICT detected for key='item:4109', siblings=4
[dc2_node2] Saved 73 keys to disk
[dc2_node2] Internal PUT (replication): key='item:2125'
[dc2_node2] CONFLICT detected for key='item:2125', siblings=6
[dc2_node2] Saved 73 keys to disk
[dc2_node2] Retrieved key='item:3222', versions=6
[dc2_node2] Retrieved key='item:3222', versions=6
[dc2_node2] Client GET: key='item:4049'
[dc2_node2] Reading from preference list: ['localhost:50062', 'localhost:50197']
[dc2_node2] Key='item:4049' not found
[dc2_node2] Client PUT: key='item:3975', value='value_3975_update_client34_op502'
[dc2_node2] Preference list for 'item:3975': ['localhost:50128', 'localhost:50209', 'localhost:50165']
[dc2_node2] Coordinator NOT in preference list, forwarding only
[dc2_node2] CONFLICT: 9 sibling versions for 'item:4049'
[dc2_node2] Replicated to localhost:50165
[dc2_node2] Replicated to localhost:50209
[dc2_node2] W-quorum achieved (2 writes), returning to client
[dc2_node2] Background replication continues for remaining nodes
[dc2_node2] Successful writes: 2/3
[dc2_node2] Replicated to localhost:50128
[dc2_node2] Internal PUT (replication): key='item:3007'
[dc2_node2] CONFLICT detected for key='item:3007', siblings=6
[dc2_node2] Internal PUT (replication): key='item:0457'
[dc2_node2] Saved 73 keys to disk
[dc2_node2] CONFLICT detected for key='item:0457', siblings=4
[dc2_node2] Saved 73 keys to disk
[dc2_node2] Retrieved key='item:0217', versions=6
[dc2_node2] Client PUT: key='item:0341', value='value_341_update_client17_op521'
[dc2_node2] Preference list for 'item:0341': ['localhost:50121', 'localhost:50056', 'localhost:50131']
[dc2_node2] Coordinator NOT in preference list, forwarding only
[dc2_node2] Replicated to localhost:50131
[dc2_node2] Replicated to localhost:50121
[dc2_node2] Replicated to localhost:50056
[dc2_node2] W-quorum achieved (2 writes), returning to client
[dc2_node2] Background replication continues for remaining nodes
[dc2_node2] Successful writes: 3/3
[dc2_node2] Client PUT: key='item:3681', value='value_3681_update_client3_op550'
[dc2_node2] Preference list for 'item:3681': ['localhost:50108', 'localhost:50200', 'localhost:50222']
[dc2_node2] Coordinator NOT in preference list, forwarding only
[dc2_node2] Replicated to localhost:50222
[dc2_node2] Replicated to localhost:50108
[dc2_node2] W-quorum achieved (2 writes), returning to client
[dc2_node2] Background replication continues for remaining nodes
[dc2_node2] Successful writes: 2/3
[dc2_node2] Replicated to localhost:50200
[dc2_node2] Internal PUT (replication): key='item:4205'
[dc2_node2] CONFLICT detected for key='item:4205', siblings=5
[dc2_node2] Saved 73 keys to disk
[dc2_node2] Internal PUT (replication): key='item:1735'
[dc2_node2] CONFLICT detected for key='item:1735', siblings=6
[dc2_node2] Client PUT: key='item:2728', value='value_2728_update_client0_op527'
[dc2_node2] Preference list for 'item:2728': ['localhost:50201', 'localhost:50151', 'localhost:50054']
[dc2_node2] Coordinator NOT in preference list, forwarding only
[dc2_node2] Replicated to localhost:50201
[dc2_node2] Replicated to localhost:50054
[dc2_node2] Replicated to localhost:50151
[dc2_node2] W-quorum achieved (2 writes), returning to client
[dc2_node2] Background replication continues for remaining nodes
[dc2_node2] Successful writes: 3/3
[dc2_node2] Saved 73 keys to disk
[dc2_node2] Client GET: key='item:3403'
[dc2_node2] Reading from preference list: ['localhost:50212', 'localhost:50114']
[dc2_node2] Key='item:3403' not found
[dc2_node2] CONFLICT: 7 sibling versions for 'item:3403'
[dc2_node2] Internal PUT (replication): key='item:2939'
[dc2_node2] CONFLICT detected for key='item:2939', siblings=5
[dc2_node2] Saved 73 keys to disk
[dc2_node2] Internal PUT (replication): key='item:3490'
[dc2_node2] CONFLICT detected for key='item:3490', siblings=6
[dc2_node2] Saved 73 keys to disk
[dc2_node2] Internal PUT (replication): key='item:0484'
[dc2_node2] CONFLICT detected for key='item:0484', siblings=6
[dc2_node2] Saved 73 keys to disk
[dc2_node2] Client GET: key='item:0833'
[dc2_node2] Reading from preference list: ['localhost:50185', 'localhost:50153']
[dc2_node2] Key='item:0833' not found
[dc2_node2] Client PUT: key='item:2429', value='value_2429_update_client49_op523'
[dc2_node2] Preference list for 'item:2429': ['localhost:50168', 'localhost:50083', 'localhost:50220']
[dc2_node2] Coordinator NOT in preference list, forwarding only
[dc2_node2] Replicated to localhost:50220
[dc2_node2] Replicated to localhost:50083
[dc2_node2] W-quorum achieved (2 writes), returning to client
[dc2_node2] Background replication continues for remaining nodes
[dc2_node2] Successful writes: 2/3
[dc2_node2] Replicated to localhost:50168
[dc2_node2] CONFLICT: 12 sibling versions for 'item:0833'
[dc2_node2] Internal PUT (replication): key='item:0382'
[dc2_node2] CONFLICT detected for key='item:0382', siblings=2
[dc2_node2] Saved 73 keys to disk
[dc2_node2] Internal PUT (replication): key='item:1164'
[dc2_node2] CONFLICT detected for key='item:1164', siblings=7
[dc2_node2] Saved 73 keys to disk
[dc2_node2] Client PUT: key='item:0402', value='value_402_update_client6_op542'
[dc2_node2] Preference list for 'item:0402': ['localhost:50199', 'localhost:50218', 'localhost:50116']
[dc2_node2] Coordinator NOT in preference list, forwarding only
[dc2_node2] Replicated to localhost:50218
[dc2_node2] Replicated to localhost:50199
[dc2_node2] W-quorum achieved (2 writes), returning to client
[dc2_node2] Background replication continues for remaining nodes
[dc2_node2] Successful writes: 2/3
[dc2_node2] Replicated to localhost:50116
[dc2_node2] Internal PUT (replication): key='item:1193'
[dc2_node2] CONFLICT detected for key='item:1193', siblings=5
[dc2_node2] Saved 73 keys to disk
[dc2_node2] Internal PUT (replication): key='item:0484'
[dc2_node2] CONFLICT detected for key='item:0484', siblings=7
[dc2_node2] Saved 73 keys to disk
[dc2_node2] Retrieved key='item:0382', versions=2
[dc2_node2] Client PUT: key='item:4063', value='value_4063_client39_op557'
[dc2_node2] Preference list for 'item:4063': ['localhost:50187', 'localhost:50079', 'localhost:50107']
[dc2_node2] Coordinator NOT in preference list, forwarding only
[dc2_node2] Replicated to localhost:50107
[dc2_node2] Replicated to localhost:50187
[dc2_node2] Replicated to localhost:50079
[dc2_node2] W-quorum achieved (2 writes), returning to client
[dc2_node2] Background replication continues for remaining nodes
[dc2_node2] Successful writes: 3/3
[dc2_node2] Retrieved key='item:2662', versions=1
[dc2_node2] Merged versions for key='item:2662', result=1 versions
[dc2_node2] Saved 73 keys to disk
[dc2_node2] Internal PUT (replication): key='item:4381'
[dc2_node2] CONFLICT detected for key='item:4381', siblings=4
[dc2_node2] Saved 73 keys to disk
[dc2_node2] Internal PUT (replication): key='item:2770'
[dc2_node2] CONFLICT detected for key='item:2770', siblings=5
[dc2_node2] Internal PUT (replication): key='item:1276'
[dc2_node2] Saved 73 keys to disk
[dc2_node2] CONFLICT detected for key='item:1276', siblings=7
[dc2_node2] Saved 73 keys to disk
[dc2_node2] Internal PUT (replication): key='item:2942'
[dc2_node2] CONFLICT detected for key='item:2942', siblings=6
[dc2_node2] Saved 73 keys to disk
[dc2_node2] Retrieved key='item:1129', versions=7
[dc2_node2] Client PUT: key='item:0564', value='value_564_client0_op549'
[dc2_node2] Preference list for 'item:0564': ['localhost:50153', 'localhost:50203', 'localhost:50103']
[dc2_node2] Coordinator NOT in preference list, forwarding only
[dc2_node2] Replicated to localhost:50203
[dc2_node2] Replicated to localhost:50153
[dc2_node2] Replicated to localhost:50103
[dc2_node2] W-quorum achieved (2 writes), returning to client
[dc2_node2] Background replication continues for remaining nodes
[dc2_node2] Successful writes: 3/3
[dc2_node2] Internal PUT (replication): key='item:0062'
[dc2_node2] CONFLICT detected for key='item:0062', siblings=4
[dc2_node2] Saved 73 keys to disk
[dc2_node2] Client PUT: key='item:3027', value='value_3027_update_client7_op562'
[dc2_node2] Preference list for 'item:3027': ['localhost:50068', 'localhost:50146', 'localhost:50205']
[dc2_node2] Coordinator NOT in preference list, forwarding only
[dc2_node2] Replicated to localhost:50205
[dc2_node2] Replicated to localhost:50068
[dc2_node2] Internal PUT (replication): key='item:2869'
[dc2_node2] CONFLICT detected for key='item:2869', siblings=6
[dc2_node2] Replicated to localhost:50146
[dc2_node2] W-quorum achieved (2 writes), returning to client
[dc2_node2] Background replication continues for remaining nodes
[dc2_node2] Successful writes: 3/3
[dc2_node2] Internal PUT (replication): key='item:0818'
[dc2_node2] Saved 73 keys to disk
[dc2_node2] CONFLICT detected for key='item:0818', siblings=7
[dc2_node2] Saved 73 keys to disk
[dc2_node2] Internal PUT (replication): key='item:1340'
[dc2_node2] CONFLICT detected for key='item:1340', siblings=4
[dc2_node2] Saved 73 keys to disk
[dc2_node2] Retrieved key='item:0136', versions=3
[dc2_node2] Internal PUT (replication): key='item:4689'
[dc2_node2] CONFLICT detected for key='item:4689', siblings=9
[dc2_node2] Saved 73 keys to disk
[dc2_node2] Internal PUT (replication): key='item:1156'
[dc2_node2] CONFLICT detected for key='item:1156', siblings=6
[dc2_node2] Saved 73 keys to disk
[dc2_node2] Internal PUT (replication): key='item:4689'
[dc2_node2] CONFLICT detected for key='item:4689', siblings=10
[dc2_node2] Client GET: key='item:2410'
[dc2_node2] Reading from preference list: ['localhost:50073', 'localhost:50136']
[dc2_node2] Saved 73 keys to disk
[dc2_node2] Key='item:2410' not found
[dc2_node2] CONFLICT: 8 sibling versions for 'item:2410'
[dc2_node2] Internal PUT (replication): key='item:3490'
[dc2_node2] CONFLICT detected for key='item:3490', siblings=7
[dc2_node2] Internal PUT (replication): key='item:3490'
[dc2_node2] Saved 73 keys to disk
[dc2_node2] CONFLICT detected for key='item:3490', siblings=8
[dc2_node2] Saved 73 keys to disk
[dc2_node2] Client GET: key='item:3958'
[dc2_node2] Reading from preference list: ['localhost:50172', 'localhost:50087']
[dc2_node2] Key='item:3958' not found
[dc2_node2] Internal PUT (replication): key='item:1785'
[dc2_node2] CONFLICT detected for key='item:1785', siblings=6
[dc2_node2] CONFLICT: 4 sibling versions for 'item:3958'
[dc2_node2] Internal PUT (replication): key='item:0818'
[dc2_node2] Saved 73 keys to disk
[dc2_node2] CONFLICT detected for key='item:0818', siblings=8
[dc2_node2] Saved 73 keys to disk
[dc2_node2] Client GET: key='item:0051'
[dc2_node2] Reading from preference list: ['localhost:50105', 'localhost:50059']
[dc2_node2] Key='item:0051' not found
[dc2_node2] CONFLICT: 4 sibling versions for 'item:0051'
[dc2_node2] Client GET: key='item:4772'
[dc2_node2] Reading from preference list: ['localhost:50121', 'localhost:50196']
[dc2_node2] Key='item:4772' not found
[dc2_node2] CONFLICT: 9 sibling versions for 'item:4772'
[dc2_node2] Retrieved key='item:1129', versions=7
[dc2_node2] Retrieved key='item:2869', versions=6
[dc2_node2] Retrieved key='item:2939', versions=5
[dc2_node2] Client PUT: key='item:1714', value='value_1714_client23_op575'
[dc2_node2] Preference list for 'item:1714': ['localhost:50244', 'localhost:50167', 'localhost:50071']
[dc2_node2] Coordinator NOT in preference list, forwarding only
[dc2_node2] Retrieved key='item:4165', versions=3
[dc2_node2] Replicated to localhost:50071
[dc2_node2] Replicated to localhost:50167
[dc2_node2] W-quorum achieved (2 writes), returning to client
[dc2_node2] Background replication continues for remaining nodes
[dc2_node2] Successful writes: 2/3
[dc2_node2] Internal PUT (replication): key='item:3222'
[dc2_node2] CONFLICT detected for key='item:3222', siblings=7
[dc2_node2] Saved 73 keys to disk
[dc2_node2] Replicated to localhost:50244
[dc2_node2] Retrieved key='item:4109', versions=4
[dc2_node2] Internal PUT (replication): key='item:1175'
[dc2_node2] CONFLICT detected for key='item:1175', siblings=4
[dc2_node2] Saved 73 keys to disk
[dc2_node2] Client PUT: key='item:2440', value='value_2440_update_client21_op582'
[dc2_node2] Preference list for 'item:2440': ['localhost:50179', 'localhost:50052', 'localhost:50198']
[dc2_node2] Coordinator NOT in preference list, forwarding only
[dc2_node2] Replicated to localhost:50198
[dc2_node2] Replicated to localhost:50179
[dc2_node2] W-quorum achieved (2 writes), returning to client
[dc2_node2] Background replication continues for remaining nodes
[dc2_node2] Successful writes: 2/3
[dc2_node2] Replicated to localhost:50052
[dc2_node2] Internal PUT (replication): key='item:3222'
[dc2_node2] CONFLICT detected for key='item:3222', siblings=8
[dc2_node2] Saved 73 keys to disk
[dc2_node2] Client PUT: key='item:2897', value='value_2897_client16_op596'
[dc2_node2] Preference list for 'item:2897': ['localhost:50224', 'localhost:50057', 'localhost:50091']
[dc2_node2] Coordinator NOT in preference list, forwarding only
[dc2_node2] Replicated to localhost:50224
[dc2_node2] Replicated to localhost:50057
[dc2_node2] W-quorum achieved (2 writes), returning to client
[dc2_node2] Background replication continues for remaining nodes
[dc2_node2] Successful writes: 2/3
[dc2_node2] Replicated to localhost:50091
[dc2_node2] Client PUT: key='item:2813', value='value_2813_update_client14_op572'
[dc2_node2] Preference list for 'item:2813': ['localhost:50069', 'localhost:50073', 'localhost:50105']
[dc2_node2] Coordinator NOT in preference list, forwarding only
[dc2_node2] Replicated to localhost:50073
[dc2_node2] Replicated to localhost:50069
[dc2_node2] W-quorum achieved (2 writes), returning to client
[dc2_node2] Background replication continues for remaining nodes
[dc2_node2] Successful writes: 2/3
[dc2_node2] Replicated to localhost:50105
[dc2_node2] Client PUT: key='item:1368', value='value_1368_client10_op581'
[dc2_node2] Preference list for 'item:1368': ['localhost:50138', 'localhost:50184', 'localhost:50239']
[dc2_node2] Coordinator NOT in preference list, forwarding only
[dc2_node2] Replicated to localhost:50138
[dc2_node2] Replicated to localhost:50239
[dc2_node2] Replicated to localhost:50184
[dc2_node2] W-quorum achieved (2 writes), returning to client
[dc2_node2] Background replication continues for remaining nodes
[dc2_node2] Successful writes: 3/3
[dc2_node2] Internal PUT (replication): key='item:4295'
[dc2_node2] Stored NEW key='item:4295', value='value_4295_client24_op589', clock={dc3_node4:1}
[dc2_node2] Saved 74 keys to disk
[dc2_node2] Internal PUT (replication): key='item:0062'
[dc2_node2] CONFLICT detected for key='item:0062', siblings=5
[dc2_node2] Saved 74 keys to disk
[dc2_node2] Internal PUT (replication): key='item:4568'
[dc2_node2] CONFLICT detected for key='item:4568', siblings=5
[dc2_node2] Saved 74 keys to disk
[dc2_node2] Internal PUT (replication): key='item:0943'
[dc2_node2] CONFLICT detected for key='item:0943', siblings=3
[dc2_node2] Saved 74 keys to disk
[dc2_node2] Internal PUT (replication): key='item:1193'
[dc2_node2] CONFLICT detected for key='item:1193', siblings=6
[dc2_node2] Saved 74 keys to disk
[dc2_node2] Internal PUT (replication): key='item:1193'
[dc2_node2] CONFLICT detected for key='item:1193', siblings=7
[dc2_node2] Internal PUT (replication): key='item:3284'
[dc2_node2] Saved 74 keys to disk
[dc2_node2] CONFLICT detected for key='item:3284', siblings=8
[dc2_node2] Internal PUT (replication): key='item:4456'
[dc2_node2] Saved 74 keys to disk
[dc2_node2] CONFLICT detected for key='item:4456', siblings=5
[dc2_node2] Saved 74 keys to disk
[dc2_node2] Retrieved key='item:2371', versions=5
[dc2_node2] Internal PUT (replication): key='item:0091'
[dc2_node2] CONFLICT detected for key='item:0091', siblings=9
[dc2_node2] Saved 74 keys to disk
[dc2_node2] Internal PUT (replication): key='item:1458'
[dc2_node2] CONFLICT detected for key='item:1458', siblings=2
[dc2_node2] Saved 74 keys to disk
[dc2_node2] Retrieved key='item:3222', versions=8
[dc2_node2] Internal PUT (replication): key='item:2348'
[dc2_node2] CONFLICT detected for key='item:2348', siblings=6
[dc2_node2] Saved 74 keys to disk
[dc2_node2] Internal PUT (replication): key='item:2058'
[dc2_node2] CONFLICT detected for key='item:2058', siblings=3
[dc2_node2] Saved 74 keys to disk
[dc2_node2] Internal PUT (replication): key='item:3534'
[dc2_node2] Stored NEW key='item:3534', value='value_3534_update_client13_op612', clock={dc3_node11:1}
[dc2_node2] Saved 75 keys to disk
[dc2_node2] Client PUT: key='item:2729', value='value_2729_client3_op617'
[dc2_node2] Preference list for 'item:2729': ['localhost:50146', 'localhost:50126', 'localhost:50198']
[dc2_node2] Coordinator NOT in preference list, forwarding only
[dc2_node2] Replicated to localhost:50126
[dc2_node2] Replicated to localhost:50198
[dc2_node2] Replicated to localhost:50146
[dc2_node2] W-quorum achieved (2 writes), returning to client
[dc2_node2] Background replication continues for remaining nodes
[dc2_node2] Successful writes: 3/3
[dc2_node2] Client PUT: key='item:4136', value='value_4136_client41_op596'
[dc2_node2] Preference list for 'item:4136': ['localhost:50174', 'localhost:50108', 'localhost:50067']
[dc2_node2] Coordinator NOT in preference list, forwarding only
[dc2_node2] Replicated to localhost:50067
[dc2_node2] Retrieved key='item:1387', versions=2
[dc2_node2] Replicated to localhost:50108
[dc2_node2] W-quorum achieved (2 writes), returning to client
[dc2_node2] Background replication continues for remaining nodes
[dc2_node2] Successful writes: 2/3
[dc2_node2] Replicated to localhost:50174
[dc2_node2] Client PUT: key='item:2359', value='value_2359_client37_op608'
[dc2_node2] Preference list for 'item:2359': ['localhost:50078', 'localhost:50161', 'localhost:50199']
[dc2_node2] Coordinator NOT in preference list, forwarding only
[dc2_node2] Replicated to localhost:50199
[dc2_node2] Replicated to localhost:50078
[dc2_node2] W-quorum achieved (2 writes), returning to client
[dc2_node2] Background replication continues for remaining nodes
[dc2_node2] Successful writes: 2/3
[dc2_node2] Replicated to localhost:50161
[dc2_node2] Internal PUT (replication): key='item:1458'
[dc2_node2] CONFLICT detected for key='item:1458', siblings=3
[dc2_node2] Saved 75 keys to disk
[dc2_node2] Internal PUT (replication): key='item:4133'
[dc2_node2] Stored NEW key='item:4133', value='value_4133_client25_op616', clock={dc2_node18:1}
[dc2_node2] Saved 76 keys to disk
[dc2_node2] Internal PUT (replication): key='item:2527'
[dc2_node2] CONFLICT detected for key='item:2527', siblings=6
[dc2_node2] Client PUT: key='item:2233', value='value_2233_client39_op614'
[dc2_node2] Preference list for 'item:2233': ['localhost:50106', 'localhost:50234', 'localhost:50074']
[dc2_node2] Coordinator NOT in preference list, forwarding only
[dc2_node2] Internal PUT (replication): key='item:3890'
[dc2_node2] Replicated to localhost:50074
[dc2_node2] Saved 76 keys to disk
[dc2_node2] CONFLICT detected for key='item:3890', siblings=7
[dc2_node2] Replicated to localhost:50234
[dc2_node2] Client PUT: key='item:3716', value='value_3716_update_client1_op592'
[dc2_node2] Preference list for 'item:3716': ['localhost:50190', 'localhost:50217', 'localhost:50110']
[dc2_node2] Coordinator NOT in preference list, forwarding only
[dc2_node2] Saved 76 keys to disk
[dc2_node2] Replicated to localhost:50106
[dc2_node2] W-quorum achieved (2 writes), returning to client
[dc2_node2] Background replication continues for remaining nodes
[dc2_node2] Successful writes: 3/3
[dc2_node2] Replicated to localhost:50190
[dc2_node2] Replicated to localhost:50110
[dc2_node2] Replicated to localhost:50217
[dc2_node2] W-quorum achieved (2 writes), returning to client
[dc2_node2] Background replication continues for remaining nodes
[dc2_node2] Successful writes: 3/3
[dc2_node2] Internal PUT (replication): key='item:2598'
[dc2_node2] CONFLICT detected for key='item:2598', siblings=3
[dc2_node2] Saved 76 keys to disk
[dc2_node2] Retrieved key='item:0484', versions=7
[dc2_node2] Client PUT: key='item:4739', value='value_4739_update_client30_op628'
[dc2_node2] Preference list for 'item:4739': ['localhost:50234', 'localhost:50171', 'localhost:50112']
[dc2_node2] Coordinator NOT in preference list, forwarding only
[dc2_node2] Replicated to localhost:50112
[dc2_node2] Replicated to localhost:50171
[dc2_node2] W-quorum achieved (2 writes), returning to client
[dc2_node2] Background replication continues for remaining nodes
[dc2_node2] Successful writes: 2/3
[dc2_node2] Replicated to localhost:50234
[dc2_node2] Client PUT: key='item:4592', value='value_4592_update_client0_op604'
[dc2_node2] Preference list for 'item:4592': ['localhost:50141', 'localhost:50093', 'localhost:50080']
[dc2_node2] Coordinator NOT in preference list, forwarding only
[dc2_node2] Replicated to localhost:50141
[dc2_node2] Replicated to localhost:50093
[dc2_node2] Replicated to localhost:50080
[dc2_node2] W-quorum achieved (2 writes), returning to client
[dc2_node2] Background replication continues for remaining nodes
[dc2_node2] Successful writes: 3/3
[dc2_node2] Internal PUT (replication): key='item:3178'
[dc2_node2] CONFLICT detected for key='item:3178', siblings=7
[dc2_node2] Saved 76 keys to disk
[dc2_node2] Client PUT: key='item:2360', value='value_2360_update_client33_op607'
[dc2_node2] Preference list for 'item:2360': ['localhost:50158', 'localhost:50082', 'localhost:50109']
[dc2_node2] Coordinator NOT in preference list, forwarding only
[dc2_node2] Replicated to localhost:50158
[dc2_node2] Replicated to localhost:50109
[dc2_node2] W-quorum achieved (2 writes), returning to client
[dc2_node2] Background replication continues for remaining nodes
[dc2_node2] Successful writes: 2/3
[dc2_node2] Replicated to localhost:50082
[dc2_node2] Internal PUT (replication): key='item:1129'
[dc2_node2] CONFLICT detected for key='item:1129', siblings=8
[dc2_node2] Saved 76 keys to disk
[dc2_node2] Internal PUT (replication): key='item:4165'
[dc2_node2] CONFLICT detected for key='item:4165', siblings=4
[dc2_node2] Saved 76 keys to disk
[dc2_node2] Internal PUT (replication): key='item:3586'
[dc2_node2] CONFLICT detected for key='item:3586', siblings=5
[dc2_node2] Saved 76 keys to disk
[dc2_node2] Internal PUT (replication): key='item:0091'
[dc2_node2] CONFLICT detected for key='item:0091', siblings=10
[dc2_node2] Saved 76 keys to disk
[dc2_node2] Internal PUT (replication): key='item:0943'
[dc2_node2] CONFLICT detected for key='item:0943', siblings=4
[dc2_node2] Saved 76 keys to disk
[dc2_node2] Internal PUT (replication): key='item:4568'
[dc2_node2] CONFLICT detected for key='item:4568', siblings=6
[dc2_node2] Saved 76 keys to disk
[dc2_node2] Retrieved key='item:3191', versions=4
[dc2_node2] Internal PUT (replication): key='item:0484'
[dc2_node2] CONFLICT detected for key='item:0484', siblings=8
[dc2_node2] Saved 76 keys to disk
[dc2_node2] Internal PUT (replication): key='item:3356'
[dc2_node2] CONFLICT detected for key='item:3356', siblings=6
[dc2_node2] Saved 76 keys to disk
[dc2_node2] Client PUT: key='item:4646', value='value_4646_update_client20_op621'
[dc2_node2] Preference list for 'item:4646': ['localhost:50114', 'localhost:50172', 'localhost:50065']
[dc2_node2] Coordinator NOT in preference list, forwarding only
[dc2_node2] Replicated to localhost:50172
[dc2_node2] Replicated to localhost:50065
[dc2_node2] W-quorum achieved (2 writes), returning to client
[dc2_node2] Background replication continues for remaining nodes
[dc2_node2] Successful writes: 2/3
[dc2_node2] Replicated to localhost:50114
[dc2_node2] Internal PUT (replication): key='item:0768'
[dc2_node2] CONFLICT detected for key='item:0768', siblings=6
[dc2_node2] Saved 76 keys to disk
[dc2_node2] Internal PUT (replication): key='item:1236'
[dc2_node2] CONFLICT detected for key='item:1236', siblings=4
[dc2_node2] Saved 76 keys to disk
[dc2_node2] Client GET: key='item:0857'
[dc2_node2] Reading from preference list: ['localhost:50234', 'localhost:50219']
[dc2_node2] Key='item:0857' not found
[dc2_node2] CONFLICT: 7 sibling versions for 'item:0857'
[dc2_node2] Internal PUT (replication): key='item:4109'
[dc2_node2] CONFLICT detected for key='item:4109', siblings=5
[dc2_node2] Saved 76 keys to disk
[dc2_node2] Internal PUT (replication): key='item:1236'
[dc2_node2] CONFLICT detected for key='item:1236', siblings=5
[dc2_node2] Saved 76 keys to disk
[dc2_node2] Client GET: key='item:1953'
[dc2_node2] Reading from preference list: ['localhost:50081', 'localhost:50177']
[dc2_node2] Key='item:1953' not found
[dc2_node2] Internal PUT (replication): key='item:2507'
[dc2_node2] CONFLICT detected for key='item:2507', siblings=9
[dc2_node2] CONFLICT: 10 sibling versions for 'item:1953'
[dc2_node2] Saved 76 keys to disk
[dc2_node2] Retrieved key='item:2104', versions=6
[dc2_node2] Client GET: key='item:3074'
[dc2_node2] Reading from preference list: ['localhost:50068', 'localhost:50176']
[dc2_node2] Key='item:3074' not found
[dc2_node2] CONFLICT: 10 sibling versions for 'item:3074'
[dc2_node2] Retrieved key='item:0943', versions=4
[dc2_node2] Internal PUT (replication): key='item:4381'
[dc2_node2] CONFLICT detected for key='item:4381', siblings=5
[dc2_node2] Saved 76 keys to disk
[dc2_node2] Internal PUT (replication): key='item:1735'
[dc2_node2] CONFLICT detected for key='item:1735', siblings=7
[dc2_node2] Saved 76 keys to disk
[dc2_node2] Internal PUT (replication): key='item:2104'
[dc2_node2] CONFLICT detected for key='item:2104', siblings=7
[dc2_node2] Saved 76 keys to disk
[dc2_node2] Retrieved key='item:1458', versions=3
[dc2_node2] Internal PUT (replication): key='item:2371'
[dc2_node2] CONFLICT detected for key='item:2371', siblings=6
[dc2_node2] Saved 76 keys to disk
[dc2_node2] Retrieved key='item:2869', versions=6
[dc2_node2] Client PUT: key='item:1327', value='value_1327_update_client46_op614'
[dc2_node2] Preference list for 'item:1327': ['localhost:50237', 'localhost:50097', 'localhost:50078']
[dc2_node2] Coordinator NOT in preference list, forwarding only
[dc2_node2] Client PUT: key='item:3120', value='value_3120_client12_op660'
[dc2_node2] Preference list for 'item:3120': ['localhost:50211', 'localhost:50118', 'localhost:50084']
[dc2_node2] Coordinator NOT in preference list, forwarding only
[dc2_node2] Replicated to localhost:50097
[dc2_node2] Replicated to localhost:50118
[dc2_node2] Replicated to localhost:50078
[dc2_node2] Replicated to localhost:50237
[dc2_node2] Replicated to localhost:50084
[dc2_node2] Replicated to localhost:50211
[dc2_node2] W-quorum achieved (2 writes), returning to client
[dc2_node2] Background replication continues for remaining nodes
[dc2_node2] Successful writes: 3/3
[dc2_node2] W-quorum achieved (2 writes), returning to client
[dc2_node2] Background replication continues for remaining nodes
[dc2_node2] Successful writes: 3/3
[dc2_node2] Internal PUT (replication): key='item:1165'
[dc2_node2] CONFLICT detected for key='item:1165', siblings=6
[dc2_node2] Saved 76 keys to disk
[dc2_node2] Internal PUT (replication): key='item:0484'
[dc2_node2] CONFLICT detected for key='item:0484', siblings=9
[dc2_node2] Saved 76 keys to disk
[dc2_node2] Internal PUT (replication): key='item:0484'
[dc2_node2] CONFLICT detected for key='item:0484', siblings=10
[dc2_node2] Saved 76 keys to disk
[dc2_node2] Client PUT: key='item:3938', value='value_3938_client18_op650'
[dc2_node2] Preference list for 'item:3938': ['localhost:50121', 'localhost:50052', 'localhost:50149']
[dc2_node2] Coordinator NOT in preference list, forwarding only
[dc2_node2] Replicated to localhost:50121
[dc2_node2] Replicated to localhost:50149
[dc2_node2] Replicated to localhost:50052
[dc2_node2] W-quorum achieved (2 writes), returning to client
[dc2_node2] Background replication continues for remaining nodes
[dc2_node2] Successful writes: 3/3
[dc2_node2] Client PUT: key='item:2711', value='value_2711_client35_op635'
[dc2_node2] Preference list for 'item:2711': ['localhost:50150', 'localhost:50088', 'localhost:50234']
[dc2_node2] Coordinator NOT in preference list, forwarding only
[dc2_node2] Replicated to localhost:50150
[dc2_node2] Replicated to localhost:50234
[dc2_node2] Replicated to localhost:50088
[dc2_node2] W-quorum achieved (2 writes), returning to client
[dc2_node2] Background replication continues for remaining nodes
[dc2_node2] Successful writes: 3/3
[dc2_node2] Internal PUT (replication): key='item:4855'
[dc2_node2] CONFLICT detected for key='item:4855', siblings=5
[dc2_node2] Saved 76 keys to disk
[dc2_node2] Retrieved key='item:3490', versions=8
[dc2_node2] Retrieved key='item:1175', versions=4
[dc2_node2] Internal PUT (replication): key='item:4689'
[dc2_node2] CONFLICT detected for key='item:4689', siblings=11
[dc2_node2] Saved 76 keys to disk
[dc2_node2] Internal PUT (replication): key='item:1236'
[dc2_node2] CONFLICT detected for key='item:1236', siblings=6
[dc2_node2] Saved 76 keys to disk
[dc2_node2] Retrieved key='item:4855', versions=5
[dc2_node2] Client PUT: key='item:1047', value='value_1047_client28_op677'
[dc2_node2] Preference list for 'item:1047': ['localhost:50239', 'localhost:50179', 'localhost:50222']
[dc2_node2] Coordinator NOT in preference list, forwarding only
[dc2_node2] Replicated to localhost:50239
[dc2_node2] Replicated to localhost:50222
[dc2_node2] Replicated to localhost:50179
[dc2_node2] W-quorum achieved (2 writes), returning to client
[dc2_node2] Background replication continues for remaining nodes
[dc2_node2] Successful writes: 3/3
[dc2_node2] Internal PUT (replication): key='item:1458'
[dc2_node2] CONFLICT detected for key='item:1458', siblings=4
[dc2_node2] Saved 76 keys to disk
[dc2_node2] Client PUT: key='item:4222', value='value_4222_client18_op659'
[dc2_node2] Preference list for 'item:4222': ['localhost:50131', 'localhost:50229', 'localhost:50092']
[dc2_node2] Coordinator NOT in preference list, forwarding only
[dc2_node2] Replicated to localhost:50131
[dc2_node2] Replicated to localhost:50229
[dc2_node2] W-quorum achieved (2 writes), returning to client
[dc2_node2] Background replication continues for remaining nodes
[dc2_node2] Successful writes: 2/3
[dc2_node2] Retrieved key='item:3191', versions=4
[dc2_node2] Replicated to localhost:50092
[dc2_node2] Internal PUT (replication): key='item:3890'
[dc2_node2] CONFLICT detected for key='item:3890', siblings=8
[dc2_node2] Saved 76 keys to disk
[dc2_node2] Client GET: key='item:1365'
[dc2_node2] Reading from preference list: ['localhost:50121', 'localhost:50091']
[dc2_node2] Key='item:1365' not found
[dc2_node2] CONFLICT: 14 sibling versions for 'item:1365'
[dc2_node2] Retrieved key='item:2565', versions=6
[dc2_node2] Retrieved key='item:2527', versions=6
[dc2_node2] Client PUT: key='item:0611', value='value_611_update_client26_op662'
[dc2_node2] Preference list for 'item:0611': ['localhost:50199', 'localhost:50184', 'localhost:50149']
[dc2_node2] Coordinator NOT in preference list, forwarding only
[dc2_node2] Replicated to localhost:50149
[dc2_node2] Replicated to localhost:50184
[dc2_node2] Internal PUT (replication): key='item:4689'
[dc2_node2] CONFLICT detected for key='item:4689', siblings=12
[dc2_node2] W-quorum achieved (2 writes), returning to client
[dc2_node2] Background replication continues for remaining nodes
[dc2_node2] Successful writes: 2/3
[dc2_node2] Replicated to localhost:50199
[dc2_node2] Saved 76 keys to disk
[dc2_node2] Internal PUT (replication): key='item:0943'
[dc2_node2] CONFLICT detected for key='item:0943', siblings=5
[dc2_node2] Saved 76 keys to disk
[dc2_node2] Retrieved key='item:2869', versions=6
[dc2_node2] Internal PUT (replication): key='item:0382'
[dc2_node2] CONFLICT detected for key='item:0382', siblings=3
[dc2_node2] Saved 76 keys to disk
[dc2_node2] Retrieved key='item:3791', versions=3
[dc2_node2] Retrieved key='item:0457', versions=4
[dc2_node2] Internal PUT (replication): key='item:1340'
[dc2_node2] CONFLICT detected for key='item:1340', siblings=5
[dc2_node2] Saved 76 keys to disk
[dc2_node2] Client PUT: key='item:1049', value='value_1049_client42_op657'
[dc2_node2] Preference list for 'item:1049': ['localhost:50165', 'localhost:50115', 'localhost:50228']
[dc2_node2] Coordinator NOT in preference list, forwarding only
[dc2_node2] Replicated to localhost:50115
[dc2_node2] Replicated to localhost:50165
[dc2_node2] W-quorum achieved (2 writes), returning to client
[dc2_node2] Background replication continues for remaining nodes
[dc2_node2] Successful writes: 2/3
[dc2_node2] Replicated to localhost:50228
[dc2_node2] Internal PUT (replication): key='item:4568'
[dc2_node2] CONFLICT detected for key='item:4568', siblings=7
[dc2_node2] Saved 76 keys to disk
[dc2_node2] Retrieved key='item:3022', versions=4
[dc2_node2] Internal PUT (replication): key='item:0484'
[dc2_node2] CONFLICT detected for key='item:0484', siblings=10
[dc2_node2] Saved 76 keys to disk
[dc2_node2] Client PUT: key='item:1380', value='value_1380_client19_op687'
[dc2_node2] Preference list for 'item:1380': ['localhost:50117', 'localhost:50076', 'localhost:50152']
[dc2_node2] Coordinator NOT in preference list, forwarding only
[dc2_node2] Replicated to localhost:50117
[dc2_node2] Replicated to localhost:50152
[dc2_node2] Replicated to localhost:50076
[dc2_node2] W-quorum achieved (2 writes), returning to client
[dc2_node2] Background replication continues for remaining nodes
[dc2_node2] Successful writes: 3/3
[dc2_node2] Retrieved key='item:2942', versions=6
[dc2_node2] Internal PUT (replication): key='item:4381'
[dc2_node2] CONFLICT detected for key='item:4381', siblings=6
[dc2_node2] Saved 76 keys to disk
[dc2_node2] Client PUT: key='item:4072', value='value_4072_update_client13_op701'
[dc2_node2] Preference list for 'item:4072': ['localhost:50067', 'localhost:50157', 'localhost:50142']
[dc2_node2] Coordinator NOT in preference list, forwarding only
[dc2_node2] Replicated to localhost:50142
[dc2_node2] Replicated to localhost:50157
[dc2_node2] Replicated to localhost:50067
[dc2_node2] W-quorum achieved (2 writes), returning to client
[dc2_node2] Background replication continues for remaining nodes
[dc2_node2] Successful writes: 3/3
[dc2_node2] Internal PUT (replication): key='item:1785'
[dc2_node2] CONFLICT detected for key='item:1785', siblings=6
[dc2_node2] Saved 76 keys to disk
[dc2_node2] Retrieved key='item:2058', versions=3
[dc2_node2] Retrieved key='item:4855', versions=5
[dc2_node2] Retrieved key='item:2598', versions=3
[dc2_node2] Client GET: key='item:1320'
[dc2_node2] Reading from preference list: ['localhost:50212', 'localhost:50082']
[dc2_node2] Key='item:1320' not found
[dc2_node2] CONFLICT: 6 sibling versions for 'item:1320'
[dc2_node2] Client PUT: key='item:3936', value='value_3936_update_client48_op680'
[dc2_node2] Preference list for 'item:3936': ['localhost:50086', 'localhost:50199', 'localhost:50119']
[dc2_node2] Coordinator NOT in preference list, forwarding only
[dc2_node2] Replicated to localhost:50119
[dc2_node2] Replicated to localhost:50199
[dc2_node2] W-quorum achieved (2 writes), returning to client
[dc2_node2] Background replication continues for remaining nodes
[dc2_node2] Successful writes: 2/3
[dc2_node2] Replicated to localhost:50086
[dc2_node2] Internal PUT (replication): key='item:4165'
[dc2_node2] CONFLICT detected for key='item:4165', siblings=5
[dc2_node2] Saved 76 keys to disk
[dc2_node2] Internal PUT (replication): key='item:1165'
[dc2_node2] CONFLICT detected for key='item:1165', siblings=7
[dc2_node2] Saved 76 keys to disk
[dc2_node2] Client PUT: key='item:4430', value='value_4430_update_client12_op711'
[dc2_node2] Preference list for 'item:4430': ['localhost:50187', 'localhost:50073', 'localhost:50149']
[dc2_node2] Coordinator NOT in preference list, forwarding only
[dc2_node2] Replicated to localhost:50187
[dc2_node2] Replicated to localhost:50149
[dc2_node2] W-quorum achieved (2 writes), returning to client
[dc2_node2] Background replication continues for remaining nodes
[dc2_node2] Successful writes: 2/3
[dc2_node2] Replicated to localhost:50073
[dc2_node2] Client PUT: key='item:0324', value='value_324_update_client5_op692'
[dc2_node2] Preference list for 'item:0324': ['localhost:50073', 'localhost:50129', 'localhost:50153']
[dc2_node2] Coordinator NOT in preference list, forwarding only
[dc2_node2] Client GET: key='item:2454'
[dc2_node2] Reading from preference list: ['localhost:50107', 'localhost:50157']
[dc2_node2] Key='item:2454' not found
[dc2_node2] Replicated to localhost:50153
[dc2_node2] CONFLICT: 6 sibling versions for 'item:2454'
[dc2_node2] Replicated to localhost:50129
[dc2_node2] Replicated to localhost:50073
[dc2_node2] W-quorum achieved (2 writes), returning to client
[dc2_node2] Background replication continues for remaining nodes
[dc2_node2] Successful writes: 3/3
[dc2_node2] Internal PUT (replication): key='item:1392'
[dc2_node2] CONFLICT detected for key='item:1392', siblings=4
[dc2_node2] Saved 76 keys to disk
[dc2_node2] Internal PUT (replication): key='item:1392'
[dc2_node2] CONFLICT detected for key='item:1392', siblings=5
[dc2_node2] Saved 76 keys to disk
[dc2_node2] Internal PUT (replication): key='item:0382'
[dc2_node2] CONFLICT detected for key='item:0382', siblings=4
[dc2_node2] Saved 76 keys to disk
[dc2_node2] Internal PUT (replication): key='item:4689'
[dc2_node2] CONFLICT detected for key='item:4689', siblings=13
[dc2_node2] Saved 76 keys to disk
[dc2_node2] Internal PUT (replication): key='item:1165'
[dc2_node2] CONFLICT detected for key='item:1165', siblings=8
[dc2_node2] Client PUT: key='item:3644', value='value_3644_client48_op699'
[dc2_node2] Preference list for 'item:3644': ['localhost:50178', 'localhost:50152', 'localhost:50121']
[dc2_node2] Coordinator NOT in preference list, forwarding only
[dc2_node2] Saved 76 keys to disk
[dc2_node2] Replicated to localhost:50178
[dc2_node2] Replicated to localhost:50121
[dc2_node2] W-quorum achieved (2 writes), returning to client
[dc2_node2] Background replication continues for remaining nodes
[dc2_node2] Successful writes: 2/3
[dc2_node2] Replicated to localhost:50152
[dc2_node2] Retrieved key='item:1175', versions=4
[dc2_node2] Retrieved key='item:1276', versions=7
[dc2_node2] Client PUT: key='item:0538', value='value_538_update_client44_op712'
[dc2_node2] Preference list for 'item:0538': ['localhost:50053', 'localhost:50199', 'localhost:50107']
[dc2_node2] Coordinator NOT in preference list, forwarding only
[dc2_node2] Replicated to localhost:50053
[dc2_node2] Retrieved key='item:0571', versions=1
[dc2_node2] Merged versions for key='item:0571', result=1 versions
[dc2_node2] Replicated to localhost:50107
[dc2_node2] Replicated to localhost:50199
[dc2_node2] W-quorum achieved (2 writes), returning to client
[dc2_node2] Background replication continues for remaining nodes
[dc2_node2] Successful writes: 3/3
[dc2_node2] Saved 76 keys to disk
[dc2_node2] Retrieved key='item:1392', versions=5
[dc2_node2] Client GET: key='item:3144'
[dc2_node2] Reading from preference list: ['localhost:50054', 'localhost:50092']
[dc2_node2] Key='item:3144' not found
[dc2_node2] CONFLICT: 6 sibling versions for 'item:3144'
[dc2_node2] Internal PUT (replication): key='item:4205'
[dc2_node2] CONFLICT detected for key='item:4205', siblings=6
[dc2_node2] Saved 76 keys to disk
[dc2_node2] Client GET: key='item:0881'
[dc2_node2] Reading from preference list: ['localhost:50157', 'localhost:50172']
[dc2_node2] Key='item:0881' not found
[dc2_node2] CONFLICT: 10 sibling versions for 'item:0881'
[dc2_node2] Internal PUT (replication): key='item:1164'
[dc2_node2] CONFLICT detected for key='item:1164', siblings=8
[dc2_node2] Saved 76 keys to disk
[dc2_node2] Client PUT: key='item:2958', value='value_2958_update_client1_op698'
[dc2_node2] Preference list for 'item:2958': ['localhost:50137', 'localhost:50250', 'localhost:50200']
[dc2_node2] Coordinator NOT in preference list, forwarding only
[dc2_node2] Replicated to localhost:50250
[dc2_node2] Replicated to localhost:50200
[dc2_node2] Replicated to localhost:50137
[dc2_node2] W-quorum achieved (2 writes), returning to client
[dc2_node2] Background replication continues for remaining nodes
[dc2_node2] Successful writes: 3/3
[dc2_node2] Internal PUT (replication): key='item:4456'
[dc2_node2] CONFLICT detected for key='item:4456', siblings=6
[dc2_node2] Saved 76 keys to disk
[dc2_node2] Internal PUT (replication): key='item:3890'
[dc2_node2] CONFLICT detected for key='item:3890', siblings=9
[dc2_node2] Saved 76 keys to disk
[dc2_node2] Internal PUT (replication): key='item:0062'
[dc2_node2] CONFLICT detected for key='item:0062', siblings=6
[dc2_node2] Saved 76 keys to disk
[dc2_node2] Merged versions for key='item:1590', result=1 versions
[dc2_node2] Saved 76 keys to disk
[dc2_node2] Retrieved key='item:0091', versions=10
[dc2_node2] Internal PUT (replication): key='item:3890'
[dc2_node2] CONFLICT detected for key='item:3890', siblings=10
[dc2_node2] Internal PUT (replication): key='item:3222'
[dc2_node2] Saved 76 keys to disk
[dc2_node2] CONFLICT detected for key='item:3222', siblings=9
[dc2_node2] Saved 76 keys to disk
[dc2_node2] Client GET: key='item:4075'
[dc2_node2] Reading from preference list: ['localhost:50111', 'localhost:50150']
[dc2_node2] Key='item:4075' not found
[dc2_node2] CONFLICT: 10 sibling versions for 'item:4075'
[dc2_node2] Internal PUT (replication): key='item:0062'
[dc2_node2] CONFLICT detected for key='item:0062', siblings=7
[dc2_node2] Saved 76 keys to disk
[dc2_node2] Client GET: key='item:2210'
[dc2_node2] Reading from preference list: ['localhost:50178', 'localhost:50222']
[dc2_node2] Key='item:2210' not found
[dc2_node2] CONFLICT: 8 sibling versions for 'item:2210'
[dc2_node2] Internal PUT (replication): key='item:1578'
[dc2_node2] CONFLICT detected for key='item:1578', siblings=7
[dc2_node2] Saved 76 keys to disk
[dc2_node2] Internal PUT (replication): key='item:1276'
[dc2_node2] CONFLICT detected for key='item:1276', siblings=8
[dc2_node2] Saved 76 keys to disk
[dc2_node2] Internal PUT (replication): key='item:2016'
[dc2_node2] CONFLICT detected for key='item:2016', siblings=6
[dc2_node2] Saved 76 keys to disk
[dc2_node2] Internal PUT (replication): key='item:0571'
[dc2_node2] CONFLICT detected for key='item:0571', siblings=2
[dc2_node2] Saved 76 keys to disk
[dc2_node2] Internal PUT (replication): key='item:0457'
[dc2_node2] CONFLICT detected for key='item:0457', siblings=5
[dc2_node2] Saved 76 keys to disk
[dc2_node2] Internal PUT (replication): key='item:0571'
[dc2_node2] CONFLICT detected for key='item:0571', siblings=3
[dc2_node2] Saved 76 keys to disk
[dc2_node2] Internal PUT (replication): key='item:1578'
[dc2_node2] CONFLICT detected for key='item:1578', siblings=8
[dc2_node2] Saved 76 keys to disk
[dc2_node2] Internal PUT (replication): key='item:0722'
[dc2_node2] CONFLICT detected for key='item:0722', siblings=3
[dc2_node2] Saved 76 keys to disk
[dc2_node2] Client GET: key='item:3897'
[dc2_node2] Reading from preference list: ['localhost:50096', 'localhost:50178']
[dc2_node2] Key='item:3897' not found
[dc2_node2] CONFLICT: 14 sibling versions for 'item:3897'
[dc2_node2] Internal PUT (replication): key='item:2125'
[dc2_node2] CONFLICT detected for key='item:2125', siblings=7
[dc2_node2] Saved 76 keys to disk
[dc2_node2] Merged versions for key='item:1590', result=1 versions
[dc2_node2] Saved 76 keys to disk
[dc2_node2] Internal PUT (replication): key='item:1164'
[dc2_node2] CONFLICT detected for key='item:1164', siblings=9
[dc2_node2] Saved 76 keys to disk
[dc2_node2] Internal PUT (replication): key='item:1392'
[dc2_node2] CONFLICT detected for key='item:1392', siblings=6
[dc2_node2] Saved 76 keys to disk
[dc2_node2] Internal PUT (replication): key='item:1785'
[dc2_node2] CONFLICT detected for key='item:1785', siblings=7
[dc2_node2] Saved 76 keys to disk
[dc2_node2] Client PUT: key='item:4661', value='value_4661_update_client32_op756'
[dc2_node2] Preference list for 'item:4661': ['localhost:50229', 'localhost:50115', 'localhost:50105']
[dc2_node2] Coordinator NOT in preference list, forwarding only
[dc2_node2] Internal PUT (replication): key='item:4855'
[dc2_node2] CONFLICT detected for key='item:4855', siblings=6
[dc2_node2] Replicated to localhost:50115
[dc2_node2] Saved 76 keys to disk
[dc2_node2] Replicated to localhost:50105
[dc2_node2] Replicated to localhost:50229
[dc2_node2] W-quorum achieved (2 writes), returning to client
[dc2_node2] Background replication continues for remaining nodes
[dc2_node2] Successful writes: 3/3
[dc2_node2] Client PUT: key='item:0262', value='value_262_client1_op734'
[dc2_node2] Preference list for 'item:0262': ['localhost:50158', 'localhost:50173', 'localhost:50055']
[dc2_node2] Coordinator NOT in preference list, forwarding only
[dc2_node2] Replicated to localhost:50158
[dc2_node2] Replicated to localhost:50055
[dc2_node2] Replicated to localhost:50173
[dc2_node2] W-quorum achieved (2 writes), returning to client
[dc2_node2] Background replication continues for remaining nodes
[dc2_node2] Successful writes: 3/3
[dc2_node2] Internal PUT (replication): key='item:3022'
[dc2_node2] CONFLICT detected for key='item:3022', siblings=5
[dc2_node2] Saved 76 keys to disk
[dc2_node2] Internal PUT (replication): key='item:1175'
[dc2_node2] CONFLICT detected for key='item:1175', siblings=5
[dc2_node2] Saved 76 keys to disk
[dc2_node2] Client PUT: key='item:4087', value='value_4087_update_client16_op763'
[dc2_node2] Preference list for 'item:4087': ['localhost:50164', 'localhost:50051', 'localhost:50071']
[dc2_node2] Coordinator NOT in preference list, forwarding only
[dc2_node2] Replicated to localhost:50051
[dc2_node2] Replicated to localhost:50164
[dc2_node2] W-quorum achieved (2 writes), returning to client
[dc2_node2] Background replication continues for remaining nodes
[dc2_node2] Successful writes: 2/3
[dc2_node2] Replicated to localhost:50071
[dc2_node2] Internal PUT (replication): key='item:2929'
[dc2_node2] CONFLICT detected for key='item:2929', siblings=8
[dc2_node2] Saved 76 keys to disk
[dc2_node2] Retrieved key='item:0091', versions=10
[dc2_node2] Internal PUT (replication): key='item:2929'
[dc2_node2] CONFLICT detected for key='item:2929', siblings=9
[dc2_node2] Saved 76 keys to disk
[dc2_node2] Client PUT: key='item:1910', value='value_1910_update_client37_op758'
[dc2_node2] Preference list for 'item:1910': ['localhost:50065', 'localhost:50098', 'localhost:50245']
[dc2_node2] Coordinator NOT in preference list, forwarding only
[dc2_node2] Replicated to localhost:50098
[dc2_node2] Replicated to localhost:50065
[dc2_node2] Replicated to localhost:50245
[dc2_node2] W-quorum achieved (2 writes), returning to client
[dc2_node2] Background replication continues for remaining nodes
[dc2_node2] Successful writes: 3/3
[dc2_node2] Retrieved key='item:2942', versions=6
[dc2_node2] Client GET: key='item:1364'
[dc2_node2] Reading from preference list: ['localhost:50125', 'localhost:50168']
[dc2_node2] Key='item:1364' not found
[dc2_node2] Retrieved key='item:4118', versions=6
[dc2_node2] CONFLICT: 8 sibling versions for 'item:1364'
[dc2_node2] Internal PUT (replication): key='item:1164'
[dc2_node2] CONFLICT detected for key='item:1164', siblings=10
[dc2_node2] Saved 76 keys to disk
[dc2_node2] Client PUT: key='item:4131', value='value_4131_client40_op758'
[dc2_node2] Preference list for 'item:4131': ['localhost:50192', 'localhost:50081', 'localhost:50229']
[dc2_node2] Coordinator NOT in preference list, forwarding only
[dc2_node2] Replicated to localhost:50229
[dc2_node2] Replicated to localhost:50081
[dc2_node2] W-quorum achieved (2 writes), returning to client
[dc2_node2] Background replication continues for remaining nodes
[dc2_node2] Successful writes: 2/3
[dc2_node2] Replicated to localhost:50192
[dc2_node2] Internal PUT (replication): key='item:1156'
[dc2_node2] CONFLICT detected for key='item:1156', siblings=7
[dc2_node2] Saved 76 keys to disk
[dc2_node2] Internal PUT (replication): key='item:1193'
[dc2_node2] CONFLICT detected for key='item:1193', siblings=8
[dc2_node2] Saved 76 keys to disk
[dc2_node2] Retrieved key='item:1340', versions=5
[dc2_node2] Client PUT: key='item:3137', value='value_3137_client33_op763'
[dc2_node2] Preference list for 'item:3137': ['localhost:50090', 'localhost:50210', 'localhost:50230']
[dc2_node2] Coordinator NOT in preference list, forwarding only
[dc2_node2] Replicated to localhost:50090
[dc2_node2] Replicated to localhost:50230
[dc2_node2] Replicated to localhost:50210
[dc2_node2] W-quorum achieved (2 writes), returning to client
[dc2_node2] Background replication continues for remaining nodes
[dc2_node2] Successful writes: 3/3
[dc2_node2] Internal PUT (replication): key='item:3284'
[dc2_node2] CONFLICT detected for key='item:3284', siblings=9
[dc2_node2] Saved 76 keys to disk
[dc2_node2] Internal PUT (replication): key='item:3007'
[dc2_node2] CONFLICT detected for key='item:3007', siblings=7
[dc2_node2] Saved 76 keys to disk
[dc2_node2] Retrieved key='item:3022', versions=5
[dc2_node2] Internal PUT (replication): key='item:2348'
[dc2_node2] CONFLICT detected for key='item:2348', siblings=7
[dc2_node2] Saved 76 keys to disk
[dc2_node2] Internal PUT (replication): key='item:3007'
[dc2_node2] CONFLICT detected for key='item:3007', siblings=8
[dc2_node2] Saved 76 keys to disk
[dc2_node2] Internal PUT (replication): key='item:2598'
[dc2_node2] CONFLICT detected for key='item:2598', siblings=4
[dc2_node2] Internal PUT (replication): key='item:2371'
[dc2_node2] Saved 76 keys to disk
[dc2_node2] CONFLICT detected for key='item:2371', siblings=7
[dc2_node2] Internal PUT (replication): key='item:1590'
[dc2_node2] Saved 76 keys to disk
[dc2_node2] Retrieved key='item:0484', versions=10
[dc2_node2] CONFLICT detected for key='item:1590', siblings=2
[dc2_node2] Saved 76 keys to disk
[dc2_node2] Client GET: key='item:0996'
[dc2_node2] Reading from preference list: ['localhost:50172', 'localhost:50053']
[dc2_node2] Key='item:0996' not found
[dc2_node2] CONFLICT: 14 sibling versions for 'item:0996'
[dc2_node2] Internal PUT (replication): key='item:3586'
[dc2_node2] CONFLICT detected for key='item:3586', siblings=6
[dc2_node2] Client PUT: key='item:4499', value='value_4499_update_client10_op778'
[dc2_node2] Preference list for 'item:4499': ['localhost:50211', 'localhost:50105', 'localhost:50171']
[dc2_node2] Coordinator NOT in preference list, forwarding only
[dc2_node2] Saved 76 keys to disk
[dc2_node2] Replicated to localhost:50211
[dc2_node2] Replicated to localhost:50171
[dc2_node2] W-quorum achieved (2 writes), returning to client
[dc2_node2] Background replication continues for remaining nodes
[dc2_node2] Successful writes: 2/3
[dc2_node2] Replicated to localhost:50105
[dc2_node2] Client GET: key='item:2391'
[dc2_node2] Reading from preference list: ['localhost:50062', 'localhost:50142']
[dc2_node2] Key='item:2391' not found
[dc2_node2] CONFLICT: 14 sibling versions for 'item:2391'
[dc2_node2] Internal PUT (replication): key='item:3178'
[dc2_node2] CONFLICT detected for key='item:3178', siblings=8
[dc2_node2] Internal PUT (replication): key='item:1387'
[dc2_node2] Saved 76 keys to disk
[dc2_node2] CONFLICT detected for key='item:1387', siblings=3
[dc2_node2] Saved 76 keys to disk
[dc2_node2] Client PUT: key='item:1245', value='value_1245_client32_op790'
[dc2_node2] Preference list for 'item:1245': ['localhost:50183', 'localhost:50128', 'localhost:50097']
[dc2_node2] Coordinator NOT in preference list, forwarding only
[dc2_node2] Replicated to localhost:50097
[dc2_node2] Replicated to localhost:50128
[dc2_node2] Replicated to localhost:50183
[dc2_node2] Internal PUT (replication): key='item:1193'
[dc2_node2] CONFLICT detected for key='item:1193', siblings=9
[dc2_node2] W-quorum achieved (2 writes), returning to client
[dc2_node2] Background replication continues for remaining nodes
[dc2_node2] Successful writes: 3/3
[dc2_node2] Saved 76 keys to disk
[dc2_node2] Retrieved key='item:2104', versions=7
[dc2_node2] Internal PUT (replication): key='item:4689'
[dc2_node2] CONFLICT detected for key='item:4689', siblings=14
[dc2_node2] Saved 76 keys to disk
[dc2_node2] Internal PUT (replication): key='item:3890'
[dc2_node2] CONFLICT detected for key='item:3890', siblings=11
[dc2_node2] Saved 76 keys to disk
[dc2_node2] Client PUT: key='item:4366', value='value_4366_update_client20_op787'
[dc2_node2] Preference list for 'item:4366': ['localhost:50086', 'localhost:50103', 'localhost:50222']
[dc2_node2] Coordinator NOT in preference list, forwarding only
[dc2_node2] Replicated to localhost:50086
[dc2_node2] Replicated to localhost:50103
[dc2_node2] Replicated to localhost:50222
[dc2_node2] W-quorum achieved (2 writes), returning to client
[dc2_node2] Background replication continues for remaining nodes
[dc2_node2] Successful writes: 3/3
[dc2_node2] Internal PUT (replication): key='item:1387'
[dc2_node2] CONFLICT detected for key='item:1387', siblings=4
[dc2_node2] Saved 76 keys to disk
[dc2_node2] Retrieved key='item:2869', versions=6
[dc2_node2] Retrieved key='item:1340', versions=5
[dc2_node2] Client GET: key='item:3315'
[dc2_node2] Reading from preference list: ['localhost:50070', 'localhost:50136']
[dc2_node2] Key='item:3315' not found
[dc2_node2] Client GET: key='item:0364'
[dc2_node2] Reading from preference list: ['localhost:50167', 'localhost:50107']
[dc2_node2] Key='item:0364' not found
[dc2_node2] CONFLICT: 8 sibling versions for 'item:3315'
[dc2_node2] CONFLICT: 10 sibling versions for 'item:0364'
[dc2_node2] Client PUT: key='item:2254', value='value_2254_update_client11_op777'
[dc2_node2] Preference list for 'item:2254': ['localhost:50061', 'localhost:50218', 'localhost:50097']
[dc2_node2] Coordinator NOT in preference list, forwarding only
[dc2_node2] Replicated to localhost:50061
[dc2_node2] Replicated to localhost:50218
[dc2_node2] W-quorum achieved (2 writes), returning to client
[dc2_node2] Background replication continues for remaining nodes
[dc2_node2] Successful writes: 2/3
[dc2_node2] Replicated to localhost:50097
[dc2_node2] Client GET: key='item:3403'
[dc2_node2] Reading from preference list: ['localhost:50212', 'localhost:50114']
[dc2_node2] Key='item:3403' not found
[dc2_node2] CONFLICT: 10 sibling versions for 'item:3403'
[dc2_node2] Internal PUT (replication): key='item:1236'
[dc2_node2] CONFLICT detected for key='item:1236', siblings=7
[dc2_node2] Internal PUT (replication): key='item:0484'
[dc2_node2] Saved 76 keys to disk
[dc2_node2] CONFLICT detected for key='item:0484', siblings=11
[dc2_node2] Saved 76 keys to disk
[dc2_node2] Internal PUT (replication): key='item:1785'
[dc2_node2] CONFLICT detected for key='item:1785', siblings=8
[dc2_node2] Saved 76 keys to disk
[dc2_node2] Internal PUT (replication): key='item:0943'
[dc2_node2] CONFLICT detected for key='item:0943', siblings=6
[dc2_node2] Internal PUT (replication): key='item:4456'
[dc2_node2] Client PUT: key='item:0734', value='value_734_update_client22_op787'
[dc2_node2] Preference list for 'item:0734': ['localhost:50196', 'localhost:50182', 'localhost:50250']
[dc2_node2] Coordinator NOT in preference list, forwarding only
[dc2_node2] Replicated to localhost:50182
[dc2_node2] Saved 76 keys to disk
[dc2_node2] CONFLICT detected for key='item:4456', siblings=7
[dc2_node2] Replicated to localhost:50250
[dc2_node2] W-quorum achieved (2 writes), returning to client
[dc2_node2] Background replication continues for remaining nodes
[dc2_node2] Successful writes: 2/3
[dc2_node2] Saved 76 keys to disk
[dc2_node2] Replicated to localhost:50196
[dc2_node2] Internal PUT (replication): key='item:3838'
[dc2_node2] CONFLICT detected for key='item:3838', siblings=4
[dc2_node2] Internal PUT (replication): key='item:4165'
[dc2_node2] Saved 76 keys to disk
[dc2_node2] CONFLICT detected for key='item:4165', siblings=6
[dc2_node2] Saved 76 keys to disk
[dc2_node2] Internal PUT (replication): key='item:1785'
[dc2_node2] CONFLICT detected for key='item:1785', siblings=9
[dc2_node2] Saved 76 keys to disk
[dc2_node2] Retrieved key='item:0136', versions=3
[dc2_node2] Internal PUT (replication): key='item:1590'
[dc2_node2] CONFLICT detected for key='item:1590', siblings=3
[dc2_node2] Saved 76 keys to disk
[dc2_node2] Client PUT: key='item:0063', value='value_63_client21_op801'
[dc2_node2] Preference list for 'item:0063': ['localhost:50142', 'localhost:50091', 'localhost:50156']
[dc2_node2] Coordinator NOT in preference list, forwarding only
[dc2_node2] Replicated to localhost:50142
[dc2_node2] Replicated to localhost:50156
[dc2_node2] Replicated to localhost:50091
[dc2_node2] W-quorum achieved (2 writes), returning to client
[dc2_node2] Background replication continues for remaining nodes
[dc2_node2] Successful writes: 3/3
[dc2_node2] Internal PUT (replication): key='item:3490'
[dc2_node2] CONFLICT detected for key='item:3490', siblings=9
[dc2_node2] Saved 76 keys to disk
[dc2_node2] Client PUT: key='item:2208', value='value_2208_update_client4_op799'
[dc2_node2] Preference list for 'item:2208': ['localhost:50201', 'localhost:50125', 'localhost:50163']
[dc2_node2] Coordinator NOT in preference list, forwarding only
[dc2_node2] Replicated to localhost:50163
[dc2_node2] Replicated to localhost:50125
[dc2_node2] W-quorum achieved (2 writes), returning to client
[dc2_node2] Background replication continues for remaining nodes
[dc2_node2] Successful writes: 2/3
[dc2_node2] Replicated to localhost:50201
[dc2_node2] Internal PUT (replication): key='item:1578'
[dc2_node2] CONFLICT detected for key='item:1578', siblings=9
[dc2_node2] Saved 76 keys to disk
[dc2_node2] Internal PUT (replication): key='item:1340'
[dc2_node2] CONFLICT detected for key='item:1340', siblings=6
[dc2_node2] Saved 76 keys to disk
[dc2_node2] Internal PUT (replication): key='item:4794'
[dc2_node2] CONFLICT detected for key='item:4794', siblings=5
[dc2_node2] Saved 76 keys to disk
[dc2_node2] Retrieved key='item:2662', versions=1
[dc2_node2] Merged versions for key='item:2662', result=1 versions
[dc2_node2] Saved 76 keys to disk
[dc2_node2] Retrieved key='item:0217', versions=6
[dc2_node2] Internal PUT (replication): key='item:4118'
[dc2_node2] CONFLICT detected for key='item:4118', siblings=7
[dc2_node2] Internal PUT (replication): key='item:2942'
[dc2_node2] Saved 76 keys to disk
[dc2_node2] CONFLICT detected for key='item:2942', siblings=7
[dc2_node2] Saved 76 keys to disk
[dc2_node2] Client GET: key='item:4068'
[dc2_node2] Reading from preference list: ['localhost:50250', 'localhost:50105']
[dc2_node2] Key='item:4068' not found
[dc2_node2] CONFLICT: 12 sibling versions for 'item:4068'
[dc2_node2] Retrieved key='item:3490', versions=9
[dc2_node2] Client PUT: key='item:2412', value='value_2412_update_client30_op825'
[dc2_node2] Preference list for 'item:2412': ['localhost:50119', 'localhost:50051', 'localhost:50153']
[dc2_node2] Coordinator NOT in preference list, forwarding only
[dc2_node2] Replicated to localhost:50119
[dc2_node2] Replicated to localhost:50153
[dc2_node2] Replicated to localhost:50051
[dc2_node2] W-quorum achieved (2 writes), returning to client
[dc2_node2] Background replication continues for remaining nodes
[dc2_node2] Successful writes: 3/3
[dc2_node2] Retrieved key='item:3490', versions=9
[dc2_node2] Internal PUT (replication): key='item:2939'
[dc2_node2] CONFLICT detected for key='item:2939', siblings=6
[dc2_node2] Internal PUT (replication): key='item:2507'
[dc2_node2] Saved 76 keys to disk
[dc2_node2] CONFLICT detected for key='item:2507', siblings=10
[dc2_node2] Saved 76 keys to disk
[dc2_node2] Internal PUT (replication): key='item:3191'
[dc2_node2] CONFLICT detected for key='item:3191', siblings=5
[dc2_node2] Saved 76 keys to disk
[dc2_node2] Client PUT: key='item:4453', value='value_4453_client5_op834'
[dc2_node2] Preference list for 'item:4453': ['localhost:50187', 'localhost:50130', 'localhost:50088']
[dc2_node2] Coordinator NOT in preference list, forwarding only
[dc2_node2] Replicated to localhost:50088
[dc2_node2] Replicated to localhost:50187
[dc2_node2] W-quorum achieved (2 writes), returning to client
[dc2_node2] Background replication continues for remaining nodes
[dc2_node2] Successful writes: 2/3
[dc2_node2] Replicated to localhost:50130
[dc2_node2] Client GET: key='item:2691'
[dc2_node2] Reading from preference list: ['localhost:50165', 'localhost:50117']
[dc2_node2] Key='item:2691' not found
[dc2_node2] Internal PUT (replication): key='item:4855'
[dc2_node2] CONFLICT detected for key='item:4855', siblings=7
[dc2_node2] Saved 76 keys to disk
[dc2_node2] Client GET: key='item:0134'
[dc2_node2] Reading from preference list: ['localhost:50129', 'localhost:50070']
[dc2_node2] Key='item:0134' not found
[dc2_node2] Internal PUT (replication): key='item:0943'
[dc2_node2] CONFLICT detected for key='item:0943', siblings=7
[dc2_node2] CONFLICT: 14 sibling versions for 'item:0134'
[dc2_node2] Saved 76 keys to disk
[dc2_node2] CONFLICT: 13 sibling versions for 'item:2691'
[dc2_node2] Internal PUT (replication): key='item:2929'
[dc2_node2] CONFLICT detected for key='item:2929', siblings=10
[dc2_node2] Saved 76 keys to disk
[dc2_node2] Internal PUT (replication): key='item:4855'
[dc2_node2] CONFLICT detected for key='item:4855', siblings=8
[dc2_node2] Saved 76 keys to disk
[dc2_node2] Client PUT: key='item:3472', value='value_3472_update_client12_op852'
[dc2_node2] Preference list for 'item:3472': ['localhost:50209', 'localhost:50086', 'localhost:50069']
[dc2_node2] Coordinator NOT in preference list, forwarding only
[dc2_node2] Replicated to localhost:50086
[dc2_node2] Replicated to localhost:50069
[dc2_node2] W-quorum achieved (2 writes), returning to client
[dc2_node2] Background replication continues for remaining nodes
[dc2_node2] Successful writes: 2/3
[dc2_node2] Client PUT: key='item:2720', value='value_2720_client29_op863'
[dc2_node2] Preference list for 'item:2720': ['localhost:50172', 'localhost:50065', 'localhost:50212']
[dc2_node2] Coordinator NOT in preference list, forwarding only
[dc2_node2] Replicated to localhost:50209
[dc2_node2] Replicated to localhost:50065
[dc2_node2] Replicated to localhost:50172
[dc2_node2] Internal PUT (replication): key='item:4855'
[dc2_node2] CONFLICT detected for key='item:4855', siblings=9
[dc2_node2] W-quorum achieved (2 writes), returning to client
[dc2_node2] Background replication continues for remaining nodes
[dc2_node2] Successful writes: 2/3
[dc2_node2] Replicated to localhost:50212
[dc2_node2] Saved 76 keys to disk
[dc2_node2] Internal PUT (replication): key='item:1785'
[dc2_node2] CONFLICT detected for key='item:1785', siblings=10
[dc2_node2] Internal PUT (replication): key='item:2662'
[dc2_node2] Internal PUT (replication): key='item:2371'
[dc2_node2] Saved 76 keys to disk
[dc2_node2] CONFLICT detected for key='item:2662', siblings=2
[dc2_node2] Saved 76 keys to disk
[dc2_node2] CONFLICT detected for key='item:2371', siblings=8
[dc2_node2] Client GET: key='item:1089'
[dc2_node2] Reading from preference list: ['localhost:50111', 'localhost:50070']
[dc2_node2] Internal PUT (replication): key='item:0768'
[dc2_node2] Saved 76 keys to disk
[dc2_node2] Key='item:1089' not found
[dc2_node2] CONFLICT detected for key='item:0768', siblings=7
[dc2_node2] CONFLICT: 18 sibling versions for 'item:1089'
[dc2_node2] Saved 76 keys to disk
[dc2_node2] Internal PUT (replication): key='item:3890'
[dc2_node2] CONFLICT detected for key='item:3890', siblings=12
[dc2_node2] Saved 76 keys to disk
[dc2_node2] Retrieved key='item:3191', versions=5
[dc2_node2] Retrieved key='item:3490', versions=9
[dc2_node2] Internal PUT (replication): key='item:3191'
[dc2_node2] CONFLICT detected for key='item:3191', siblings=6
[dc2_node2] Saved 76 keys to disk
[dc2_node2] Internal PUT (replication): key='item:2125'
[dc2_node2] CONFLICT detected for key='item:2125', siblings=8
[dc2_node2] Client PUT: key='item:2263', value='value_2263_client25_op842'
[dc2_node2] Preference list for 'item:2263': ['localhost:50129', 'localhost:50238', 'localhost:50182']
[dc2_node2] Coordinator NOT in preference list, forwarding only
[dc2_node2] Replicated to localhost:50182
[dc2_node2] Internal PUT (replication): key='item:1468'
[dc2_node2] Saved 76 keys to disk
[dc2_node2] CONFLICT detected for key='item:1468', siblings=6
[dc2_node2] Replicated to localhost:50129
[dc2_node2] W-quorum achieved (2 writes), returning to client
[dc2_node2] Background replication continues for remaining nodes
[dc2_node2] Successful writes: 2/3
[dc2_node2] Replicated to localhost:50238
[dc2_node2] Saved 76 keys to disk
[dc2_node2] Retrieved key='item:1129', versions=8
[dc2_node2] Internal PUT (replication): key='item:0382'
[dc2_node2] CONFLICT detected for key='item:0382', siblings=4
[dc2_node2] Saved 76 keys to disk
[dc2_node2] Client GET: key='item:3573'
[dc2_node2] Reading from preference list: ['localhost:50207', 'localhost:50057']
[dc2_node2] Key='item:3573' not found
[dc2_node2] CONFLICT: 16 sibling versions for 'item:3573'
[dc2_node2] Retrieved key='item:0136', versions=3
[dc2_node2] Internal PUT (replication): key='item:2929'
[dc2_node2] CONFLICT detected for key='item:2929', siblings=11
[dc2_node2] Saved 76 keys to disk
[dc2_node2] Internal PUT (replication): key='item:1175'
[dc2_node2] CONFLICT detected for key='item:1175', siblings=6
[dc2_node2] Internal PUT (replication): key='item:4118'
[dc2_node2] Saved 76 keys to disk
[dc2_node2] CONFLICT detected for key='item:4118', siblings=8
[dc2_node2] Saved 76 keys to disk
[dc2_node2] Client PUT: key='item:0462', value='value_462_update_client45_op844'
[dc2_node2] Preference list for 'item:0462': ['localhost:50140', 'localhost:50190', 'localhost:50072']
[dc2_node2] CONFLICT detected for key='item:0462', siblings=4
[dc2_node2] Saved 76 keys to disk
[dc2_node2] Coordinator IS in preference list, stored locally
[dc2_node2] Replicated to localhost:50190
[dc2_node2] W-quorum achieved (2 writes), returning to client
[dc2_node2] Background replication continues for remaining nodes
[dc2_node2] Successful writes: 2/3
[dc2_node2] Replicated to localhost:50140
[dc2_node2] Internal PUT (replication): key='item:0943'
[dc2_node2] CONFLICT detected for key='item:0943', siblings=8
[dc2_node2] Saved 76 keys to disk
[dc2_node2] Retrieved key='item:0062', versions=7
[dc2_node2] Client PUT: key='item:2640', value='value_2640_client29_op884'
[dc2_node2] Preference list for 'item:2640': ['localhost:50207', 'localhost:50109', 'localhost:50173']
[dc2_node2] Coordinator NOT in preference list, forwarding only
[dc2_node2] Replicated to localhost:50207
[dc2_node2] Replicated to localhost:50173
[dc2_node2] Replicated to localhost:50109
[dc2_node2] W-quorum achieved (2 writes), returning to client
[dc2_node2] Background replication continues for remaining nodes
[dc2_node2] Successful writes: 3/3
[dc2_node2] Client PUT: key='item:1806', value='value_1806_client12_op881'
[dc2_node2] Preference list for 'item:1806': ['localhost:50178', 'localhost:50161', 'localhost:50209']
[dc2_node2] Coordinator NOT in preference list, forwarding only
[dc2_node2] Replicated to localhost:50209
[dc2_node2] Replicated to localhost:50161
[dc2_node2] W-quorum achieved (2 writes), returning to client
[dc2_node2] Background replication continues for remaining nodes
[dc2_node2] Successful writes: 2/3
[dc2_node2] Replicated to localhost:50178
[dc2_node2] Internal PUT (replication): key='item:4295'
[dc2_node2] CONFLICT detected for key='item:4295', siblings=2
[dc2_node2] Internal PUT (replication): key='item:4381'
[dc2_node2] Internal PUT (replication): key='item:2058'
[dc2_node2] Saved 76 keys to disk
[dc2_node2] CONFLICT detected for key='item:4381', siblings=7
[dc2_node2] Saved 76 keys to disk
[dc2_node2] Retrieved key='item:3490', versions=9
[dc2_node2] CONFLICT detected for key='item:2058', siblings=4
[dc2_node2] Saved 76 keys to disk
[dc2_node2] Internal PUT (replication): key='item:1175'
[dc2_node2] CONFLICT detected for key='item:1175', siblings=7
[dc2_node2] Saved 76 keys to disk
[dc2_node2] Retrieved key='item:4998', versions=3
[dc2_node2] Client GET: key='item:1339'
[dc2_node2] Reading from preference list: ['localhost:50174', 'localhost:50103']
[dc2_node2] Key='item:1339' not found
[dc2_node2] CONFLICT: 15 sibling versions for 'item:1339'
[dc2_node2] Internal PUT (replication): key='item:0818'
[dc2_node2] CONFLICT detected for key='item:0818', siblings=8
[dc2_node2] Internal PUT (replication): key='item:4052'
[dc2_node2] Saved 76 keys to disk
[dc2_node2] CONFLICT detected for key='item:4052', siblings=4
[dc2_node2] Saved 76 keys to disk
[dc2_node2] Client GET: key='item:4767'
[dc2_node2] Reading from preference list: ['localhost:50117', 'localhost:50164']
[dc2_node2] Key='item:4767' not found
[dc2_node2] CONFLICT: 12 sibling versions for 'item:4767'
[dc2_node2] Client GET: key='item:1627'
[dc2_node2] Reading from preference list: ['localhost:50130', 'localhost:50095']
[dc2_node2] Key='item:1627' not found
[dc2_node2] CONFLICT: 24 sibling versions for 'item:1627'
[dc2_node2] Internal PUT (replication): key='item:4165'
[dc2_node2] CONFLICT detected for key='item:4165', siblings=7
[dc2_node2] Client GET: key='item:4082'
[dc2_node2] Reading from preference list: ['localhost:50102', 'localhost:50057']
[dc2_node2] Saved 76 keys to disk
[dc2_node2] Key='item:4082' not found
[dc2_node2] Retrieved key='item:0382', versions=4
[dc2_node2] CONFLICT: 6 sibling versions for 'item:4082'
[dc2_node2] Client PUT: key='item:4091', value='value_4091_update_client14_op851'
[dc2_node2] Preference list for 'item:4091': ['localhost:50116', 'localhost:50222', 'localhost:50109']
[dc2_node2] Coordinator NOT in preference list, forwarding only
[dc2_node2] Replicated to localhost:50116
[dc2_node2] Client PUT: key='item:1328', value='value_1328_update_client12_op904'
[dc2_node2] Preference list for 'item:1328': ['localhost:50076', 'localhost:50187', 'localhost:50147']
[dc2_node2] Coordinator NOT in preference list, forwarding only
[dc2_node2] Replicated to localhost:50109
[dc2_node2] W-quorum achieved (2 writes), returning to client
[dc2_node2] Background replication continues for remaining nodes
[dc2_node2] Successful writes: 2/3
[dc2_node2] Replicated to localhost:50222
[dc2_node2] Replicated to localhost:50187
[dc2_node2] Replicated to localhost:50076
[dc2_node2] Replicated to localhost:50147
[dc2_node2] W-quorum achieved (2 writes), returning to client
[dc2_node2] Background replication continues for remaining nodes
[dc2_node2] Successful writes: 3/3
[dc2_node2] Internal PUT (replication): key='item:1164'
[dc2_node2] CONFLICT detected for key='item:1164', siblings=11
[dc2_node2] Saved 76 keys to disk
[dc2_node2] Internal PUT (replication): key='item:0943'
[dc2_node2] CONFLICT detected for key='item:0943', siblings=9
[dc2_node2] Saved 76 keys to disk
[dc2_node2] Internal PUT (replication): key='item:0943'
[dc2_node2] CONFLICT detected for key='item:0943', siblings=10
[dc2_node2] Saved 76 keys to disk
[dc2_node2] Internal PUT (replication): key='item:1129'
[dc2_node2] CONFLICT detected for key='item:1129', siblings=9
[dc2_node2] Saved 76 keys to disk
[dc2_node2] Internal PUT (replication): key='item:2869'
[dc2_node2] CONFLICT detected for key='item:2869', siblings=7
[dc2_node2] Internal PUT (replication): key='item:3284'
[dc2_node2] Internal PUT (replication): key='item:2016'
[dc2_node2] Saved 76 keys to disk
[dc2_node2] CONFLICT detected for key='item:3284', siblings=10
[dc2_node2] Saved 76 keys to disk
[dc2_node2] CONFLICT detected for key='item:2016', siblings=7
[dc2_node2] Saved 76 keys to disk
[dc2_node2] Retrieved key='item:3586', versions=6
[dc2_node2] Retrieved key='item:2371', versions=8
[dc2_node2] Internal PUT (replication): key='item:3178'
[dc2_node2] CONFLICT detected for key='item:3178', siblings=9
[dc2_node2] Saved 76 keys to disk
[dc2_node2] Internal PUT (replication): key='item:3791'
[dc2_node2] CONFLICT detected for key='item:3791', siblings=4
[dc2_node2] Saved 76 keys to disk
[dc2_node2] Internal PUT (replication): key='item:1156'
[dc2_node2] CONFLICT detected for key='item:1156', siblings=8
[dc2_node2] Saved 76 keys to disk
[dc2_node2] Client PUT: key='item:3053', value='value_3053_client32_op913'
[dc2_node2] Preference list for 'item:3053': ['localhost:50248', 'localhost:50156', 'localhost:50116']
[dc2_node2] Coordinator NOT in preference list, forwarding only
[dc2_node2] Replicated to localhost:50156
[dc2_node2] Replicated to localhost:50116
[dc2_node2] W-quorum achieved (2 writes), returning to client
[dc2_node2] Background replication continues for remaining nodes
[dc2_node2] Successful writes: 2/3
[dc2_node2] Replicated to localhost:50248
[dc2_node2] Internal PUT (replication): key='item:0571'
[dc2_node2] CONFLICT detected for key='item:0571', siblings=4
[dc2_node2] Saved 76 keys to disk
[dc2_node2] Internal PUT (replication): key='item:4446'
[dc2_node2] Stored NEW key='item:4446', value='value_4446_update_client18_op917', clock={dc1_node9:1}
[dc2_node2] Saved 77 keys to disk
[dc2_node2] Client PUT: key='item:4052', value='value_4052_update_client47_op892'
[dc2_node2] Preference list for 'item:4052': ['localhost:50115', 'localhost:50072', 'localhost:50245']
[dc2_node2] CONFLICT detected for key='item:4052', siblings=5
[dc2_node2] Saved 77 keys to disk
[dc2_node2] Coordinator IS in preference list, stored locally
[dc2_node2] Replicated to localhost:50115
[dc2_node2] Replicated to localhost:50245
[dc2_node2] W-quorum achieved (2 writes), returning to client
[dc2_node2] Background replication continues for remaining nodes
[dc2_node2] Successful writes: 3/3
[dc2_node2] Internal PUT (replication): key='item:1387'
[dc2_node2] CONFLICT detected for key='item:1387', siblings=5
[dc2_node2] Saved 77 keys to disk
[dc2_node2] Internal PUT (replication): key='item:0136'
[dc2_node2] CONFLICT detected for key='item:0136', siblings=4
[dc2_node2] Saved 77 keys to disk
[dc2_node2] Retrieved key='item:3191', versions=6
[dc2_node2] Client GET: key='item:3546'
[dc2_node2] Reading from preference list: ['localhost:50227', 'localhost:50067']
[dc2_node2] Key='item:3546' not found
[dc2_node2] CONFLICT: 11 sibling versions for 'item:3546'
[dc2_node2] Retrieved key='item:0091', versions=10
[dc2_node2] Client GET: key='item:2512'
[dc2_node2] Reading from preference list: ['localhost:50132', 'localhost:50084']
[dc2_node2] Key='item:2512' not found
[dc2_node2] CONFLICT: 20 sibling versions for 'item:2512'
[dc2_node2] Client GET: key='item:3407'
[dc2_node2] Reading from preference list: ['localhost:50154', 'localhost:50250']
[dc2_node2] Key='item:3407' not found
[dc2_node2] CONFLICT: 15 sibling versions for 'item:3407'
[dc2_node2] Internal PUT (replication): key='item:2507'
[dc2_node2] CONFLICT detected for key='item:2507', siblings=11
[dc2_node2] Saved 77 keys to disk
[dc2_node2] Internal PUT (replication): key='item:2662'
[dc2_node2] CONFLICT detected for key='item:2662', siblings=3
[dc2_node2] Internal PUT (replication): key='item:2507'
[dc2_node2] Saved 77 keys to disk
[dc2_node2] CONFLICT detected for key='item:2507', siblings=12
[dc2_node2] Saved 77 keys to disk
[dc2_node2] Retrieved key='item:1276', versions=8
[dc2_node2] Retrieved key='item:3490', versions=9
[dc2_node2] Internal PUT (replication): key='item:0768'
[dc2_node2] CONFLICT detected for key='item:0768', siblings=8
[dc2_node2] Saved 77 keys to disk
[dc2_node2] Internal PUT (replication): key='item:1156'
[dc2_node2] CONFLICT detected for key='item:1156', siblings=9
[dc2_node2] Saved 77 keys to disk
[dc2_node2] Internal PUT (replication): key='item:0217'
[dc2_node2] CONFLICT detected for key='item:0217', siblings=7
[dc2_node2] Saved 77 keys to disk
[dc2_node2] Client PUT: key='item:2376', value='value_2376_update_client48_op945'
[dc2_node2] Preference list for 'item:2376': ['localhost:50126', 'localhost:50170', 'localhost:50239']
[dc2_node2] Coordinator NOT in preference list, forwarding only
[dc2_node2] Replicated to localhost:50239
[dc2_node2] Replicated to localhost:50126
[dc2_node2] W-quorum achieved (2 writes), returning to client
[dc2_node2] Background replication continues for remaining nodes
[dc2_node2] Successful writes: 2/3
[dc2_node2] Replicated to localhost:50170
[dc2_node2] Client PUT: key='item:4487', value='value_4487_update_client39_op964'
[dc2_node2] Preference list for 'item:4487': ['localhost:50179', 'localhost:50136', 'localhost:50215']
[dc2_node2] Coordinator NOT in preference list, forwarding only
[dc2_node2] Replicated to localhost:50179
[dc2_node2] Replicated to localhost:50136
[dc2_node2] W-quorum achieved (2 writes), returning to client
[dc2_node2] Background replication continues for remaining nodes
[dc2_node2] Successful writes: 2/3
[dc2_node2] Replicated to localhost:50215
[dc2_node2] Retrieved key='item:4109', versions=5
[dc2_node2] Internal PUT (replication): key='item:2929'
[dc2_node2] CONFLICT detected for key='item:2929', siblings=12
[dc2_node2] Saved 77 keys to disk
[dc2_node2] Internal PUT (replication): key='item:1175'
[dc2_node2] CONFLICT detected for key='item:1175', siblings=8
[dc2_node2] Saved 77 keys to disk
[dc2_node2] Client GET: key='item:2430'
[dc2_node2] Reading from preference list: ['localhost:50154', 'localhost:50150']
[dc2_node2] Key='item:2430' not found
[dc2_node2] CONFLICT: 8 sibling versions for 'item:2430'
[dc2_node2] Retrieved key='item:0818', versions=8
[dc2_node2] Retrieved key='item:1735', versions=7
[dc2_node2] Client PUT: key='item:0124', value='value_124_update_client31_op941'
[dc2_node2] Preference list for 'item:0124': ['localhost:50057', 'localhost:50103', 'localhost:50142']
[dc2_node2] Coordinator NOT in preference list, forwarding only
[dc2_node2] Replicated to localhost:50103
[dc2_node2] Replicated to localhost:50142
[dc2_node2] Replicated to localhost:50057
[dc2_node2] Internal PUT (replication): key='item:1785'
[dc2_node2] CONFLICT detected for key='item:1785', siblings=11
[dc2_node2] W-quorum achieved (2 writes), returning to client
[dc2_node2] Background replication continues for remaining nodes
[dc2_node2] Successful writes: 3/3
[dc2_node2] Saved 77 keys to disk
[dc2_node2] Internal PUT (replication): key='item:2104'
[dc2_node2] CONFLICT detected for key='item:2104', siblings=8
[dc2_node2] Internal PUT (replication): key='item:1276'
[dc2_node2] Internal PUT (replication): key='item:0457'
[dc2_node2] Saved 77 keys to disk
[dc2_node2] CONFLICT detected for key='item:1276', siblings=9
[dc2_node2] Client PUT: key='item:4184', value='value_4184_client33_op942'
[dc2_node2] Preference list for 'item:4184': ['localhost:50060', 'localhost:50181', 'localhost:50092']
[dc2_node2] Coordinator NOT in preference list, forwarding only
[dc2_node2] Saved 77 keys to disk
[dc2_node2] CONFLICT detected for key='item:0457', siblings=6
[dc2_node2] Replicated to localhost:50060
[dc2_node2] Replicated to localhost:50092
[dc2_node2] W-quorum achieved (2 writes), returning to client
[dc2_node2] Background replication continues for remaining nodes
[dc2_node2] Successful writes: 2/3
[dc2_node2] Replicated to localhost:50181
[dc2_node2] Saved 77 keys to disk
[dc2_node2] Retrieved key='item:3191', versions=6
[dc2_node2] Client PUT: key='item:1302', value='value_1302_client42_op931'
[dc2_node2] Preference list for 'item:1302': ['localhost:50081', 'localhost:50126', 'localhost:50250']
[dc2_node2] Coordinator NOT in preference list, forwarding only
[dc2_node2] Internal PUT (replication): key='item:1193'
[dc2_node2] CONFLICT detected for key='item:1193', siblings=10
[dc2_node2] Saved 77 keys to disk
[dc2_node2] Internal PUT (replication): key='item:2104'
[dc2_node2] CONFLICT detected for key='item:2104', siblings=9
[dc2_node2] Internal PUT (replication): key='item:4689'
[dc2_node2] Replicated to localhost:50081
[dc2_node2] Saved 77 keys to disk
[dc2_node2] CONFLICT detected for key='item:4689', siblings=15
[dc2_node2] Replicated to localhost:50250
[dc2_node2] W-quorum achieved (2 writes), returning to client
[dc2_node2] Background replication continues for remaining nodes
[dc2_node2] Successful writes: 2/3
[dc2_node2] Saved 77 keys to disk
[dc2_node2] Replicated to localhost:50126
[dc2_node2] Internal PUT (replication): key='item:0217'
[dc2_node2] CONFLICT detected for key='item:0217', siblings=8
[dc2_node2] Saved 77 keys to disk
[dc2_node2] Retrieved key='item:3791', versions=4
[dc2_node2] Internal PUT (replication): key='item:2348'
[dc2_node2] CONFLICT detected for key='item:2348', siblings=8
[dc2_node2] Client PUT: key='item:1413', value='value_1413_update_client3_op995'
[dc2_node2] Preference list for 'item:1413': ['localhost:50146', 'localhost:50111', 'localhost:50090']
[dc2_node2] Coordinator NOT in preference list, forwarding only
[dc2_node2] Saved 77 keys to disk
[dc2_node2] Client GET: key='item:2476'
[dc2_node2] Reading from preference list: ['localhost:50073', 'localhost:50193']
[dc2_node2] Key='item:2476' not found
[dc2_node2] Internal PUT (replication): key='item:0722'
[dc2_node2] CONFLICT detected for key='item:0722', siblings=4
[dc2_node2] CONFLICT: 16 sibling versions for 'item:2476'
[dc2_node2] Saved 77 keys to disk
[dc2_node2] Replicated to localhost:50111
[dc2_node2] Client PUT: key='item:0671', value='value_671_client46_op936'
[dc2_node2] Preference list for 'item:0671': ['localhost:50146', 'localhost:50234', 'localhost:50125']
[dc2_node2] Coordinator NOT in preference list, forwarding only
[dc2_node2] Replicated to localhost:50146
[dc2_node2] Replicated to localhost:50090
[dc2_node2] W-quorum achieved (2 writes), returning to client
[dc2_node2] Background replication continues for remaining nodes
[dc2_node2] Successful writes: 3/3
[dc2_node2] Client GET: key='item:3370'
[dc2_node2] Reading from preference list: ['localhost:50228', 'localhost:50193']
[dc2_node2] Key='item:3370' not found
[dc2_node2] Replicated to localhost:50146
[dc2_node2] CONFLICT: 24 sibling versions for 'item:3370'
[dc2_node2] Replicated to localhost:50234
[dc2_node2] W-quorum achieved (2 writes), returning to client
[dc2_node2] Background replication continues for remaining nodes
[dc2_node2] Successful writes: 2/3
[dc2_node2] Internal PUT (replication): key='item:0462'
[dc2_node2] CONFLICT detected for key='item:0462', siblings=5
[dc2_node2] Client PUT: key='item:1237', value='value_1237_client43_op977'
[dc2_node2] Preference list for 'item:1237': ['localhost:50152', 'localhost:50203', 'localhost:50078']
[dc2_node2] Coordinator NOT in preference list, forwarding only
[dc2_node2] Saved 77 keys to disk
[dc2_node2] Replicated to localhost:50078
[dc2_node2] Replicated to localhost:50125
[dc2_node2] Replicated to localhost:50152
[dc2_node2] W-quorum achieved (2 writes), returning to client
[dc2_node2] Background replication continues for remaining nodes
[dc2_node2] Successful writes: 2/3
[dc2_node2] Replicated to localhost:50203
[dc2_node2] Client PUT: key='item:3272', value='value_3272_update_client27_op965'
[dc2_node2] Preference list for 'item:3272': ['localhost:50073', 'localhost:50144', 'localhost:50051']
[dc2_node2] Coordinator NOT in preference list, forwarding only
[dc2_node2] Replicated to localhost:50073
[dc2_node2] Internal PUT (replication): key='item:0062'
[dc2_node2] CONFLICT detected for key='item:0062', siblings=7
[dc2_node2] Client PUT: key='item:1679', value='value_1679_client38_op945'
[dc2_node2] Preference list for 'item:1679': ['localhost:50237', 'localhost:50201', 'localhost:50172']
[dc2_node2] Coordinator NOT in preference list, forwarding only
[dc2_node2] Saved 77 keys to disk
[dc2_node2] Replicated to localhost:50051
[dc2_node2] Replicated to localhost:50144
[dc2_node2] Replicated to localhost:50237
[dc2_node2] W-quorum achieved (2 writes), returning to client
[dc2_node2] Background replication continues for remaining nodes
[dc2_node2] Successful writes: 3/3
[dc2_node2] Replicated to localhost:50201
[dc2_node2] W-quorum achieved (2 writes), returning to client
[dc2_node2] Background replication continues for remaining nodes
[dc2_node2] Successful writes: 2/3
[dc2_node2] Replicated to localhost:50172
[dc2_node2] Client GET: key='item:4445'
[dc2_node2] Reading from preference list: ['localhost:50128', 'localhost:50176']
[dc2_node2] Key='item:4445' not found
[dc2_node2] CONFLICT: 20 sibling versions for 'item:4445'
[dc2_node2] Internal PUT (replication): key='item:4569'
[dc2_node2] CONFLICT detected for key='item:4569', siblings=6
[dc2_node2] Saved 77 keys to disk
[dc2_node2] Internal PUT (replication): key='item:2565'
[dc2_node2] CONFLICT detected for key='item:2565', siblings=7
[dc2_node2] Internal PUT (replication): key='item:2869'
[dc2_node2] Internal PUT (replication): key='item:1468'
[dc2_node2] Saved 77 keys to disk
[dc2_node2] CONFLICT detected for key='item:2869', siblings=8
[dc2_node2] Saved 77 keys to disk
[dc2_node2] CONFLICT detected for key='item:1468', siblings=7
[dc2_node2] Saved 77 keys to disk
[dc2_node2] Retrieved key='item:2371', versions=8
[dc2_node2] Internal PUT (replication): key='item:0768'
[dc2_node2] CONFLICT detected for key='item:0768', siblings=8
[dc2_node2] Saved 77 keys to disk
[dc2_node2] Internal PUT (replication): key='item:4568'
[dc2_node2] CONFLICT detected for key='item:4568', siblings=8
[dc2_node2] Client GET: key='item:1243'
[dc2_node2] Reading from preference list: ['localhost:50178', 'localhost:50193']
[dc2_node2] Saved 77 keys to disk
[dc2_node2] Key='item:1243' not found
[dc2_node2] CONFLICT: 8 sibling versions for 'item:1243'
[dc2_node2] Retrieved key='item:1735', versions=7
[dc2_node2] Client GET: key='item:1276'
[dc2_node2] Reading from preference list: ['localhost:50072', 'localhost:50123']
[dc2_node2] Retrieved key='item:1276', versions=9
[dc2_node2] CONFLICT: 18 sibling versions for 'item:1276'
[dc2_node2] Client PUT: key='item:1235', value='value_1235_update_client37_op987'
[dc2_node2] Preference list for 'item:1235': ['localhost:50083', 'localhost:50068', 'localhost:50122']
[dc2_node2] Coordinator NOT in preference list, forwarding only
[dc2_node2] Replicated to localhost:50083
[dc2_node2] Replicated to localhost:50122
[dc2_node2] Replicated to localhost:50068
[dc2_node2] W-quorum achieved (2 writes), returning to client
[dc2_node2] Background replication continues for remaining nodes
[dc2_node2] Successful writes: 3/3
[dc2_node2] Internal PUT (replication): key='item:1785'
[dc2_node2] CONFLICT detected for key='item:1785', siblings=12
[dc2_node2] Saved 77 keys to disk
[dc2_node2] Client PUT: key='item:2600', value='value_2600_client23_op978'
[dc2_node2] Preference list for 'item:2600': ['localhost:50249', 'localhost:50175', 'localhost:50192']
[dc2_node2] Coordinator NOT in preference list, forwarding only
[dc2_node2] Replicated to localhost:50192
[dc2_node2] Replicated to localhost:50249
[dc2_node2] Replicated to localhost:50175
[dc2_node2] W-quorum achieved (2 writes), returning to client
[dc2_node2] Background replication continues for remaining nodes
[dc2_node2] Successful writes: 3/3
[dc2_node2] Retrieved key='item:2058', versions=4
[dc2_node2] Internal PUT (replication): key='item:2016'
[dc2_node2] CONFLICT detected for key='item:2016', siblings=8
[dc2_node2] Saved 77 keys to disk
[dc2_node2] Internal PUT (replication): key='item:2016'
[dc2_node2] CONFLICT detected for key='item:2016', siblings=9
[dc2_node2] Internal PUT (replication): key='item:0943'
[dc2_node2] Saved 77 keys to disk
[dc2_node2] CONFLICT detected for key='item:0943', siblings=11
[dc2_node2] Internal PUT (replication): key='item:2565'
[dc2_node2] Saved 77 keys to disk
[dc2_node2] CONFLICT detected for key='item:2565', siblings=8
[dc2_node2] Saved 77 keys to disk
[dc2_node2] Internal PUT (replication): key='item:2527'
[dc2_node2] CONFLICT detected for key='item:2527', siblings=7
[dc2_node2] Saved 77 keys to disk
[dc2_node2] Internal PUT (replication): key='item:4794'
[dc2_node2] CONFLICT detected for key='item:4794', siblings=6
[dc2_node2] Saved 77 keys to disk
[dc2_node2] Retrieved key='item:2942', versions=7
[dc2_node2] Internal PUT (replication): key='item:0136'
[dc2_node2] CONFLICT detected for key='item:0136', siblings=5
[dc2_node2] Saved 77 keys to disk
[dc2_node2] Retrieved key='item:2058', versions=4
[dc2_node2] Internal PUT (replication): key='item:4052'
[dc2_node2] CONFLICT detected for key='item:4052', siblings=6
[dc2_node2] Internal PUT (replication): key='item:1785'
[dc2_node2] Saved 77 keys to disk
[dc2_node2] CONFLICT detected for key='item:1785', siblings=13
[dc2_node2] Saved 77 keys to disk
[dc2_node2] Internal PUT (replication): key='item:4052'
[dc2_node2] CONFLICT detected for key='item:4052', siblings=7
[dc2_node2] Saved 77 keys to disk
[dc2_node2] Client GET: key='item:1180'
[dc2_node2] Reading from preference list: ['localhost:50056', 'localhost:50118']
[dc2_node2] Key='item:1180' not found
[dc2_node2] CONFLICT: 18 sibling versions for 'item:1180'
[dc2_node2] Retrieved key='item:2507', versions=12
[dc2_node2] Retrieved key='item:0217', versions=8
[dc2_node2] Internal PUT (replication): key='item:2527'
[dc2_node2] CONFLICT detected for key='item:2527', siblings=8
[dc2_node2] Saved 77 keys to disk
[dc2_node2] Internal PUT (replication): key='item:1193'
[dc2_node2] CONFLICT detected for key='item:1193', siblings=11
[dc2_node2] Saved 77 keys to disk
[dc2_node2] Internal PUT (replication): key='item:4794'
[dc2_node2] CONFLICT detected for key='item:4794', siblings=7
[dc2_node2] Saved 77 keys to disk
[dc2_node2] Retrieved key='item:1276', versions=9
[dc2_node2] Internal PUT (replication): key='item:1578'
[dc2_node2] CONFLICT detected for key='item:1578', siblings=10
[dc2_node2] Saved 77 keys to disk
[dc2_node2] Retrieved key='item:2662', versions=3
[dc2_node2] Internal PUT (replication): key='item:0768'
[dc2_node2] CONFLICT detected for key='item:0768', siblings=9
[dc2_node2] Saved 77 keys to disk
[dc2_node2] Internal PUT (replication): key='item:0062'
[dc2_node2] CONFLICT detected for key='item:0062', siblings=8
[dc2_node2] Saved 77 keys to disk
[dc2_node2] Internal PUT (replication): key='item:3838'
[dc2_node2] CONFLICT detected for key='item:3838', siblings=5
[dc2_node2] Saved 77 keys to disk
[dc2_node2] Internal PUT (replication): key='item:0818'
[dc2_node2] CONFLICT detected for key='item:0818', siblings=9
[dc2_node2] Client PUT: key='item:0890', value='value_890_update_client24_op1029'
[dc2_node2] Preference list for 'item:0890': ['localhost:50116', 'localhost:50094', 'localhost:50076']
[dc2_node2] Coordinator NOT in preference list, forwarding only
[dc2_node2] Replicated to localhost:50116
[dc2_node2] Replicated to localhost:50094
[dc2_node2] W-quorum achieved (2 writes), returning to client
[dc2_node2] Background replication continues for remaining nodes
[dc2_node2] Successful writes: 2/3
[dc2_node2] Internal PUT (replication): key='item:2348'
[dc2_node2] Internal PUT (replication): key='item:3356'
[dc2_node2] Replicated to localhost:50076
[dc2_node2] Internal PUT (replication): key='item:2016'
[dc2_node2] Saved 77 keys to disk
[dc2_node2] CONFLICT detected for key='item:2348', siblings=9
[dc2_node2] Saved 77 keys to disk
[dc2_node2] CONFLICT detected for key='item:3356', siblings=7
[dc2_node2] Saved 77 keys to disk
[dc2_node2] CONFLICT detected for key='item:2016', siblings=10
[dc2_node2] Client PUT: key='item:1098', value='value_1098_client1_op1017'
[dc2_node2] Preference list for 'item:1098': ['localhost:50167', 'localhost:50118', 'localhost:50179']
[dc2_node2] Coordinator NOT in preference list, forwarding only
[dc2_node2] Internal PUT (replication): key='item:4794'
[dc2_node2] Saved 77 keys to disk
[dc2_node2] CONFLICT detected for key='item:4794', siblings=8
[dc2_node2] Saved 77 keys to disk
[dc2_node2] Replicated to localhost:50118
[dc2_node2] Replicated to localhost:50167
[dc2_node2] W-quorum achieved (2 writes), returning to client
[dc2_node2] Background replication continues for remaining nodes
[dc2_node2] Successful writes: 2/3
[dc2_node2] Replicated to localhost:50179
[dc2_node2] Internal PUT (replication): key='item:1468'
[dc2_node2] CONFLICT detected for key='item:1468', siblings=8
[dc2_node2] Saved 77 keys to disk
[dc2_node2] Client PUT: key='item:0041', value='value_41_client4_op1046'
[dc2_node2] Preference list for 'item:0041': ['localhost:50069', 'localhost:50210', 'localhost:50091']
[dc2_node2] Coordinator NOT in preference list, forwarding only
[dc2_node2] Replicated to localhost:50069
[dc2_node2] Internal PUT (replication): key='item:4794'
[dc2_node2] CONFLICT detected for key='item:4794', siblings=8
[dc2_node2] Saved 77 keys to disk
[dc2_node2] Replicated to localhost:50091
[dc2_node2] Replicated to localhost:50210
[dc2_node2] W-quorum achieved (2 writes), returning to client
[dc2_node2] Background replication continues for remaining nodes
[dc2_node2] Successful writes: 3/3
[dc2_node2] Internal PUT (replication): key='item:4052'
[dc2_node2] CONFLICT detected for key='item:4052', siblings=8
[dc2_node2] Client PUT: key='item:4491', value='value_4491_update_client7_op1054'
[dc2_node2] Preference list for 'item:4491': ['localhost:50062', 'localhost:50090', 'localhost:50116']
[dc2_node2] Coordinator NOT in preference list, forwarding only
[dc2_node2] Saved 77 keys to disk
[dc2_node2] Replicated to localhost:50090
[dc2_node2] Replicated to localhost:50116
[dc2_node2] W-quorum achieved (2 writes), returning to client
[dc2_node2] Background replication continues for remaining nodes
[dc2_node2] Successful writes: 2/3
[dc2_node2] Replicated to localhost:50062
[dc2_node2] Internal PUT (replication): key='item:2348'
[dc2_node2] CONFLICT detected for key='item:2348', siblings=10
[dc2_node2] Saved 77 keys to disk
[dc2_node2] Internal PUT (replication): key='item:0768'
[dc2_node2] CONFLICT detected for key='item:0768', siblings=10
[dc2_node2] Internal PUT (replication): key='item:0136'
[dc2_node2] Saved 77 keys to disk
[dc2_node2] CONFLICT detected for key='item:0136', siblings=6
[dc2_node2] Saved 77 keys to disk
[dc2_node2] Client GET: key='item:4490'
[dc2_node2] Reading from preference list: ['localhost:50206', 'localhost:50091']
[dc2_node2] Key='item:4490' not found
[dc2_node2] CONFLICT: 16 sibling versions for 'item:4490'
[dc2_node2] Retrieved key='item:0062', versions=8
[dc2_node2] Retrieved key='item:2507', versions=12
[dc2_node2] Internal PUT (replication): key='item:0943'
[dc2_node2] CONFLICT detected for key='item:0943', siblings=12
[dc2_node2] Internal PUT (replication): key='item:2078'
[dc2_node2] Saved 77 keys to disk
[dc2_node2] CONFLICT detected for key='item:2078', siblings=8
[dc2_node2] Saved 77 keys to disk
[dc2_node2] Client PUT: key='item:0305', value='value_305_client30_op1058'
[dc2_node2] Preference list for 'item:0305': ['localhost:50080', 'localhost:50106', 'localhost:50128']
[dc2_node2] Coordinator NOT in preference list, forwarding only
[dc2_node2] Retrieved key='item:3791', versions=4
[dc2_node2] Replicated to localhost:50128
[dc2_node2] Replicated to localhost:50106
[dc2_node2] Replicated to localhost:50080
[dc2_node2] W-quorum achieved (2 writes), returning to client
[dc2_node2] Background replication continues for remaining nodes
[dc2_node2] Successful writes: 3/3
[dc2_node2] Retrieved key='item:3586', versions=6
[dc2_node2] Retrieved key='item:1468', versions=8
[dc2_node2] Retrieved key='item:3022', versions=5
[dc2_node2] Internal PUT (replication): key='item:4794'
[dc2_node2] CONFLICT detected for key='item:4794', siblings=9
[dc2_node2] Saved 77 keys to disk
[dc2_node2] Client GET: key='item:2702'
[dc2_node2] Reading from preference list: ['localhost:50137', 'localhost:50068']
[dc2_node2] Key='item:2702' not found
[dc2_node2] CONFLICT: 22 sibling versions for 'item:2702'
[dc2_node2] Internal PUT (replication): key='item:3890'
[dc2_node2] CONFLICT detected for key='item:3890', siblings=13
[dc2_node2] Internal PUT (replication): key='item:2869'
[dc2_node2] Saved 77 keys to disk
[dc2_node2] CONFLICT detected for key='item:2869', siblings=9
[dc2_node2] Saved 77 keys to disk
[dc2_node2] Internal PUT (replication): key='item:4109'
[dc2_node2] CONFLICT detected for key='item:4109', siblings=6
[dc2_node2] Client PUT: key='item:1853', value='value_1853_client2_op1051'
[dc2_node2] Preference list for 'item:1853': ['localhost:50222', 'localhost:50115', 'localhost:50078']
[dc2_node2] Coordinator NOT in preference list, forwarding only
[dc2_node2] Replicated to localhost:50115
[dc2_node2] Replicated to localhost:50222
[dc2_node2] W-quorum achieved (2 writes), returning to client
[dc2_node2] Background replication continues for remaining nodes
[dc2_node2] Successful writes: 2/3
[dc2_node2] Client PUT: key='item:0769', value='value_769_client10_op1063'
[dc2_node2] Preference list for 'item:0769': ['localhost:50172', 'localhost:50053', 'localhost:50084']
[dc2_node2] Coordinator NOT in preference list, forwarding only
[dc2_node2] Replicated to localhost:50078
[dc2_node2] Saved 77 keys to disk
[dc2_node2] Retrieved key='item:4689', versions=15
[dc2_node2] Replicated to localhost:50084
[dc2_node2] Replicated to localhost:50053
[dc2_node2] W-quorum achieved (2 writes), returning to client
[dc2_node2] Background replication continues for remaining nodes
[dc2_node2] Successful writes: 2/3
[dc2_node2] Internal PUT (replication): key='item:4052'
[dc2_node2] CONFLICT detected for key='item:4052', siblings=9
[dc2_node2] Replicated to localhost:50172
[dc2_node2] Saved 77 keys to disk
[dc2_node2] Client GET: key='item:4005'
[dc2_node2] Reading from preference list: ['localhost:50059', 'localhost:50140']
[dc2_node2] Key='item:4005' not found
[dc2_node2] CONFLICT: 18 sibling versions for 'item:4005'
[dc2_node2] Client PUT: key='item:4876', value='value_4876_update_client45_op1050'
[dc2_node2] Preference list for 'item:4876': ['localhost:50107', 'localhost:50179', 'localhost:50133']
[dc2_node2] Coordinator NOT in preference list, forwarding only
[dc2_node2] Replicated to localhost:50179
[dc2_node2] Replicated to localhost:50107
[dc2_node2] W-quorum achieved (2 writes), returning to client
[dc2_node2] Background replication continues for remaining nodes
[dc2_node2] Successful writes: 2/3
[dc2_node2] Replicated to localhost:50133
[dc2_node2] Internal PUT (replication): key='item:1387'
[dc2_node2] CONFLICT detected for key='item:1387', siblings=6
[dc2_node2] Saved 77 keys to disk
[dc2_node2] Client GET: key='item:3872'
[dc2_node2] Reading from preference list: ['localhost:50137', 'localhost:50085']
[dc2_node2] Key='item:3872' not found
[dc2_node2] CONFLICT: 14 sibling versions for 'item:3872'
[dc2_node2] Client PUT: key='item:0178', value='value_178_client28_op1074'
[dc2_node2] Preference list for 'item:0178': ['localhost:50057', 'localhost:50205', 'localhost:50094']
[dc2_node2] Coordinator NOT in preference list, forwarding only
[dc2_node2] Replicated to localhost:50057
[dc2_node2] Retrieved key='item:0818', versions=9
[dc2_node2] Replicated to localhost:50094
[dc2_node2] W-quorum achieved (2 writes), returning to client
[dc2_node2] Background replication continues for remaining nodes
[dc2_node2] Successful writes: 2/3
[dc2_node2] Replicated to localhost:50205
[dc2_node2] Internal PUT (replication): key='item:2869'
[dc2_node2] CONFLICT detected for key='item:2869', siblings=10
[dc2_node2] Saved 77 keys to disk
[dc2_node2] Internal PUT (replication): key='item:4855'
[dc2_node2] CONFLICT detected for key='item:4855', siblings=10
[dc2_node2] Saved 77 keys to disk
[dc2_node2] Internal PUT (replication): key='item:2527'
[dc2_node2] CONFLICT detected for key='item:2527', siblings=9
[dc2_node2] Saved 77 keys to disk
[dc2_node2] Internal PUT (replication): key='item:4109'
[dc2_node2] CONFLICT detected for key='item:4109', siblings=7
[dc2_node2] Saved 77 keys to disk
[dc2_node2] Client PUT: key='item:0647', value='value_647_update_client32_op1086'
[dc2_node2] Preference list for 'item:0647': ['localhost:50178', 'localhost:50143', 'localhost:50215']
[dc2_node2] Coordinator NOT in preference list, forwarding only
[dc2_node2] Replicated to localhost:50178
[dc2_node2] Replicated to localhost:50143
[dc2_node2] W-quorum achieved (2 writes), returning to client
[dc2_node2] Background replication continues for remaining nodes
[dc2_node2] Successful writes: 2/3
[dc2_node2] Internal PUT (replication): key='item:0484'
[dc2_node2] CONFLICT detected for key='item:0484', siblings=12
[dc2_node2] Saved 77 keys to disk
[dc2_node2] Replicated to localhost:50215
[dc2_node2] Internal PUT (replication): key='item:4998'
[dc2_node2] CONFLICT detected for key='item:4998', siblings=4
[dc2_node2] Saved 77 keys to disk
[dc2_node2] Client GET: key='item:0179'
[dc2_node2] Reading from preference list: ['localhost:50063', 'localhost:50225']
[dc2_node2] Key='item:0179' not found
[dc2_node2] CONFLICT: 20 sibling versions for 'item:0179'
[dc2_node2] Retrieved key='item:2565', versions=8
[dc2_node2] Internal PUT (replication): key='item:1458'
[dc2_node2] CONFLICT detected for key='item:1458', siblings=5
[dc2_node2] Saved 77 keys to disk
[dc2_node2] Client GET: key='item:4678'
[dc2_node2] Reading from preference list: ['localhost:50184', 'localhost:50063']
[dc2_node2] Key='item:4678' not found
[dc2_node2] CONFLICT: 12 sibling versions for 'item:4678'
[dc2_node2] Client PUT: key='item:4070', value='value_4070_update_client46_op1058'
[dc2_node2] Preference list for 'item:4070': ['localhost:50150', 'localhost:50089', 'localhost:50065']
[dc2_node2] Coordinator NOT in preference list, forwarding only
[dc2_node2] Replicated to localhost:50089
[dc2_node2] Replicated to localhost:50150
[dc2_node2] W-quorum achieved (2 writes), returning to client
[dc2_node2] Background replication continues for remaining nodes
[dc2_node2] Successful writes: 2/3
[dc2_node2] Replicated to localhost:50065
[dc2_node2] Internal PUT (replication): key='item:4118'
[dc2_node2] CONFLICT detected for key='item:4118', siblings=9
[dc2_node2] Internal PUT (replication): key='item:2942'
[dc2_node2] Saved 77 keys to disk
[dc2_node2] Retrieved key='item:1236', versions=7
[dc2_node2] CONFLICT detected for key='item:2942', siblings=8
[dc2_node2] Internal PUT (replication): key='item:1340'
[dc2_node2] Saved 77 keys to disk
[dc2_node2] CONFLICT detected for key='item:1340', siblings=7
[dc2_node2] Internal PUT (replication): key='item:2565'
[dc2_node2] Saved 77 keys to disk
[dc2_node2] Retrieved key='item:0943', versions=12
[dc2_node2] CONFLICT detected for key='item:2565', siblings=9
[dc2_node2] Saved 77 keys to disk
[dc2_node2] Retrieved key='item:2662', versions=3
[dc2_node2] Client GET: key='item:4892'
[dc2_node2] Reading from preference list: ['localhost:50187', 'localhost:50096']
[dc2_node2] Key='item:4892' not found
[dc2_node2] Internal PUT (replication): key='item:1276'
[dc2_node2] CONFLICT detected for key='item:1276', siblings=10
[dc2_node2] Saved 77 keys to disk
[dc2_node2] Retrieved key='item:0457', versions=6
[dc2_node2] Retrieved key='item:0091', versions=10
[dc2_node2] CONFLICT: 23 sibling versions for 'item:4892'
[dc2_node2] Internal PUT (replication): key='item:2125'
[dc2_node2] CONFLICT detected for key='item:2125', siblings=9
[dc2_node2] Internal PUT (replication): key='item:0382'
[dc2_node2] Saved 77 keys to disk
[dc2_node2] CONFLICT detected for key='item:0382', siblings=5
[dc2_node2] Saved 77 keys to disk
[dc2_node2] Retrieved key='item:3890', versions=13
[dc2_node2] Client PUT: key='item:1582', value='value_1582_client23_op1084'
[dc2_node2] Preference list for 'item:1582': ['localhost:50243', 'localhost:50219', 'localhost:50107']
[dc2_node2] Coordinator NOT in preference list, forwarding only
[dc2_node2] Replicated to localhost:50243
[dc2_node2] Replicated to localhost:50219
[dc2_node2] W-quorum achieved (2 writes), returning to client
[dc2_node2] Background replication continues for remaining nodes
[dc2_node2] Successful writes: 2/3
[dc2_node2] Replicated to localhost:50107
[dc2_node2] Internal PUT (replication): key='item:3791'
[dc2_node2] CONFLICT detected for key='item:3791', siblings=5
[dc2_node2] Saved 77 keys to disk
[dc2_node2] Internal PUT (replication): key='item:3838'
[dc2_node2] CONFLICT detected for key='item:3838', siblings=6
[dc2_node2] Client GET: key='item:3164'
[dc2_node2] Reading from preference list: ['localhost:50094', 'localhost:50176']
[dc2_node2] Internal PUT (replication): key='item:3838'
[dc2_node2] Saved 77 keys to disk
[dc2_node2] Key='item:3164' not found
[dc2_node2] CONFLICT detected for key='item:3838', siblings=7
[dc2_node2] CONFLICT: 24 sibling versions for 'item:3164'
[dc2_node2] Internal PUT (replication): key='item:1156'
[dc2_node2] Client PUT: key='item:2806', value='value_2806_client35_op1095'
[dc2_node2] Preference list for 'item:2806': ['localhost:50250', 'localhost:50149', 'localhost:50110']
[dc2_node2] Coordinator NOT in preference list, forwarding only
[dc2_node2] Saved 77 keys to disk
[dc2_node2] CONFLICT detected for key='item:1156', siblings=10
[dc2_node2] Replicated to localhost:50149
[dc2_node2] Replicated to localhost:50250
[dc2_node2] W-quorum achieved (2 writes), returning to client
[dc2_node2] Background replication continues for remaining nodes
[dc2_node2] Successful writes: 2/3
[dc2_node2] Replicated to localhost:50110
[dc2_node2] Saved 77 keys to disk
[dc2_node2] Internal PUT (replication): key='item:4118'
[dc2_node2] CONFLICT detected for key='item:4118', siblings=10
[dc2_node2] Saved 77 keys to disk
[dc2_node2] Client PUT: key='item:2699', value='value_2699_client34_op1069'
[dc2_node2] Preference list for 'item:2699': ['localhost:50203', 'localhost:50147', 'localhost:50215']
[dc2_node2] Coordinator NOT in preference list, forwarding only
[dc2_node2] Internal PUT (replication): key='item:0136'
[dc2_node2] CONFLICT detected for key='item:0136', siblings=7
[dc2_node2] Replicated to localhost:50147
[dc2_node2] Replicated to localhost:50215
[dc2_node2] W-quorum achieved (2 writes), returning to client
[dc2_node2] Background replication continues for remaining nodes
[dc2_node2] Successful writes: 2/3
[dc2_node2] Saved 77 keys to disk
[dc2_node2] Internal PUT (replication): key='item:4855'
[dc2_node2] CONFLICT detected for key='item:4855', siblings=10
[dc2_node2] Internal PUT (replication): key='item:1387'
[dc2_node2] Replicated to localhost:50203
[dc2_node2] Saved 77 keys to disk
[dc2_node2] CONFLICT detected for key='item:1387', siblings=7
[dc2_node2] Saved 77 keys to disk
[dc2_node2] Retrieved key='item:1735', versions=7
[dc2_node2] Internal PUT (replication): key='item:1387'
[dc2_node2] CONFLICT detected for key='item:1387', siblings=8
[dc2_node2] Saved 77 keys to disk
[dc2_node2] Retrieved key='item:0943', versions=12
[dc2_node2] Internal PUT (replication): key='item:4052'
[dc2_node2] CONFLICT detected for key='item:4052', siblings=10
[dc2_node2] Saved 77 keys to disk
[dc2_node2] Internal PUT (replication): key='item:0722'
[dc2_node2] CONFLICT detected for key='item:0722', siblings=5
[dc2_node2] Saved 77 keys to disk
[dc2_node2] Internal PUT (replication): key='item:2104'
[dc2_node2] CONFLICT detected for key='item:2104', siblings=10
[dc2_node2] Saved 77 keys to disk
[dc2_node2] Internal PUT (replication): key='item:4205'
[dc2_node2] CONFLICT detected for key='item:4205', siblings=7
[dc2_node2] Saved 77 keys to disk
[dc2_node2] Internal PUT (replication): key='item:4998'
[dc2_node2] CONFLICT detected for key='item:4998', siblings=5
[dc2_node2] Saved 77 keys to disk
[dc2_node2] Client PUT: key='item:0736', value='value_736_update_client8_op1112'
[dc2_node2] Preference list for 'item:0736': ['localhost:50092', 'localhost:50245', 'localhost:50171']
[dc2_node2] Coordinator NOT in preference list, forwarding only
[dc2_node2] Internal PUT (replication): key='item:1156'
[dc2_node2] CONFLICT detected for key='item:1156', siblings=11
[dc2_node2] Replicated to localhost:50245
[dc2_node2] Replicated to localhost:50171
[dc2_node2] W-quorum achieved (2 writes), returning to client
[dc2_node2] Background replication continues for remaining nodes
[dc2_node2] Successful writes: 2/3
[dc2_node2] Saved 77 keys to disk
[dc2_node2] Client GET: key='item:0202'
[dc2_node2] Reading from preference list: ['localhost:50201', 'localhost:50172']
[dc2_node2] Key='item:0202' not found
[dc2_node2] Replicated to localhost:50092
[dc2_node2] CONFLICT: 19 sibling versions for 'item:0202'
[dc2_node2] Retrieved key='item:2104', versions=10
[dc2_node2] Internal PUT (replication): key='item:1468'
[dc2_node2] CONFLICT detected for key='item:1468', siblings=9
[dc2_node2] Client PUT: key='item:4911', value='value_4911_update_client16_op1139'
[dc2_node2] Preference list for 'item:4911': ['localhost:50061', 'localhost:50148', 'localhost:50220']
[dc2_node2] Coordinator NOT in preference list, forwarding only
[dc2_node2] Replicated to localhost:50061
[dc2_node2] Internal PUT (replication): key='item:2371'
[dc2_node2] Replicated to localhost:50220
[dc2_node2] W-quorum achieved (2 writes), returning to client
[dc2_node2] Background replication continues for remaining nodes
[dc2_node2] Successful writes: 2/3
[dc2_node2] Saved 77 keys to disk
[dc2_node2] Retrieved key='item:4998', versions=5
[dc2_node2] CONFLICT detected for key='item:2371', siblings=9
[dc2_node2] Saved 77 keys to disk
[dc2_node2] Replicated to localhost:50148
[dc2_node2] Internal PUT (replication): key='item:0382'
[dc2_node2] CONFLICT detected for key='item:0382', siblings=6
[dc2_node2] Saved 77 keys to disk
[dc2_node2] Internal PUT (replication): key='item:4205'
[dc2_node2] CONFLICT detected for key='item:4205', siblings=8
[dc2_node2] Internal PUT (replication): key='item:1387'
[dc2_node2] Saved 77 keys to disk
[dc2_node2] CONFLICT detected for key='item:1387', siblings=9
[dc2_node2] Internal PUT (replication): key='item:1193'
[dc2_node2] Saved 77 keys to disk
[dc2_node2] CONFLICT detected for key='item:1193', siblings=12
[dc2_node2] Saved 77 keys to disk
[dc2_node2] Internal PUT (replication): key='item:2598'
[dc2_node2] CONFLICT detected for key='item:2598', siblings=5
[dc2_node2] Saved 77 keys to disk
[dc2_node2] Retrieved key='item:1236', versions=7
[dc2_node2] Retrieved key='item:2565', versions=9
[dc2_node2] Client PUT: key='item:3845', value='value_3845_client29_op1162'
[dc2_node2] Preference list for 'item:3845': ['localhost:50248', 'localhost:50098', 'localhost:50154']
[dc2_node2] Coordinator NOT in preference list, forwarding only
[dc2_node2] Replicated to localhost:50098
[dc2_node2] Replicated to localhost:50248
[dc2_node2] W-quorum achieved (2 writes), returning to client
[dc2_node2] Background replication continues for remaining nodes
[dc2_node2] Successful writes: 2/3
[dc2_node2] Replicated to localhost:50154
[dc2_node2] Retrieved key='item:4855', versions=10
[dc2_node2] Client PUT: key='item:3808', value='value_3808_update_client45_op1122'
[dc2_node2] Preference list for 'item:3808': ['localhost:50207', 'localhost:50238', 'localhost:50131']
[dc2_node2] Coordinator NOT in preference list, forwarding only
[dc2_node2] Internal PUT (replication): key='item:4165'
[dc2_node2] CONFLICT detected for key='item:4165', siblings=8
[dc2_node2] Saved 77 keys to disk
[dc2_node2] Replicated to localhost:50238
[dc2_node2] Client PUT: key='item:0229', value='value_229_client38_op1120'
[dc2_node2] Preference list for 'item:0229': ['localhost:50176', 'localhost:50122', 'localhost:50082']
[dc2_node2] Coordinator NOT in preference list, forwarding only
[dc2_node2] Retrieved key='item:4689', versions=15
[dc2_node2] Replicated to localhost:50207
[dc2_node2] W-quorum achieved (2 writes), returning to client
[dc2_node2] Background replication continues for remaining nodes
[dc2_node2] Successful writes: 2/3
[dc2_node2] Replicated to localhost:50131
[dc2_node2] Replicated to localhost:50176
[dc2_node2] Replicated to localhost:50082
[dc2_node2] W-quorum achieved (2 writes), returning to client
[dc2_node2] Background replication continues for remaining nodes
[dc2_node2] Successful writes: 2/3
[dc2_node2] Replicated to localhost:50122
[dc2_node2] Internal PUT (replication): key='item:2104'
[dc2_node2] CONFLICT detected for key='item:2104', siblings=11
[dc2_node2] Saved 77 keys to disk
[dc2_node2] Retrieved key='item:1340', versions=7
[dc2_node2] Client PUT: key='item:2335', value='value_2335_client8_op1136'
[dc2_node2] Preference list for 'item:2335': ['localhost:50212', 'localhost:50210', 'localhost:50174']
[dc2_node2] Coordinator NOT in preference list, forwarding only
[dc2_node2] Retrieved key='item:3490', versions=9
[dc2_node2] Replicated to localhost:50210
[dc2_node2] Retrieved key='item:3586', versions=6
[dc2_node2] Replicated to localhost:50212
[dc2_node2] W-quorum achieved (2 writes), returning to client
[dc2_node2] Background replication continues for remaining nodes
[dc2_node2] Successful writes: 2/3
[dc2_node2] Retrieved key='item:0062', versions=8
[dc2_node2] Replicated to localhost:50174
[dc2_node2] Internal PUT (replication): key='item:0457'
[dc2_node2] CONFLICT detected for key='item:0457', siblings=7
[dc2_node2] Saved 77 keys to disk
[dc2_node2] Retrieved key='item:1578', versions=10
[dc2_node2] Retrieved key='item:4118', versions=10
[dc2_node2] Retrieved key='item:0136', versions=7
[dc2_node2] Internal PUT (replication): key='item:0217'
[dc2_node2] CONFLICT detected for key='item:0217', siblings=9
[dc2_node2] Saved 77 keys to disk
[dc2_node2] Internal PUT (replication): key='item:0062'
[dc2_node2] CONFLICT detected for key='item:0062', siblings=9
[dc2_node2] Saved 77 keys to disk
[dc2_node2] Internal PUT (replication): key='item:0062'
[dc2_node2] CONFLICT detected for key='item:0062', siblings=10
[dc2_node2] Internal PUT (replication): key='item:0091'
[dc2_node2] Client PUT: key='item:3684', value='value_3684_update_client41_op1152'
[dc2_node2] Preference list for 'item:3684': ['localhost:50147', 'localhost:50221', 'localhost:50250']
[dc2_node2] Coordinator NOT in preference list, forwarding only
[dc2_node2] Saved 77 keys to disk
[dc2_node2] CONFLICT detected for key='item:0091', siblings=11
[dc2_node2] Saved 77 keys to disk
[dc2_node2] Replicated to localhost:50250
[dc2_node2] Replicated to localhost:50147
[dc2_node2] W-quorum achieved (2 writes), returning to client
[dc2_node2] Background replication continues for remaining nodes
[dc2_node2] Successful writes: 2/3
[dc2_node2] Client GET: key='item:3642'
[dc2_node2] Reading from preference list: ['localhost:50089', 'localhost:50108']
[dc2_node2] Key='item:3642' not found
[dc2_node2] CONFLICT: 14 sibling versions for 'item:3642'
[dc2_node2] Replicated to localhost:50221
[dc2_node2] Internal PUT (replication): key='item:1578'
[dc2_node2] CONFLICT detected for key='item:1578', siblings=11
[dc2_node2] Saved 77 keys to disk
[dc2_node2] Internal PUT (replication): key='item:3022'
[dc2_node2] CONFLICT detected for key='item:3022', siblings=5
[dc2_node2] Saved 77 keys to disk
[dc2_node2] Retrieved key='item:2869', versions=10
[dc2_node2] Retrieved key='item:2058', versions=4
[dc2_node2] Internal PUT (replication): key='item:0722'
[dc2_node2] CONFLICT detected for key='item:0722', siblings=6
[dc2_node2] Saved 77 keys to disk
[dc2_node2] Internal PUT (replication): key='item:0943'
[dc2_node2] CONFLICT detected for key='item:0943', siblings=13
[dc2_node2] Saved 77 keys to disk
[dc2_node2] Retrieved key='item:4118', versions=10
[dc2_node2] Client PUT: key='item:1946', value='value_1946_update_client16_op1184'
[dc2_node2] Preference list for 'item:1946': ['localhost:50234', 'localhost:50156', 'localhost:50172']
[dc2_node2] Coordinator NOT in preference list, forwarding only
[dc2_node2] Internal PUT (replication): key='item:3007'
[dc2_node2] CONFLICT detected for key='item:3007', siblings=9
[dc2_node2] Replicated to localhost:50172
[dc2_node2] Replicated to localhost:50234
[dc2_node2] W-quorum achieved (2 writes), returning to client
[dc2_node2] Background replication continues for remaining nodes
[dc2_node2] Successful writes: 2/3
[dc2_node2] Replicated to localhost:50156
[dc2_node2] Saved 77 keys to disk
[dc2_node2] Internal PUT (replication): key='item:2869'
[dc2_node2] CONFLICT detected for key='item:2869', siblings=11
[dc2_node2] Internal PUT (replication): key='item:0722'
[dc2_node2] Saved 77 keys to disk
[dc2_node2] CONFLICT detected for key='item:0722', siblings=7
[dc2_node2] Internal PUT (replication): key='item:3356'
[dc2_node2] Saved 77 keys to disk
[dc2_node2] CONFLICT detected for key='item:3356', siblings=7
[dc2_node2] Saved 77 keys to disk
[dc2_node2] Client PUT: key='item:2508', value='value_2508_client1_op1163'
[dc2_node2] Preference list for 'item:2508': ['localhost:50120', 'localhost:50146', 'localhost:50106']
[dc2_node2] Coordinator NOT in preference list, forwarding only
[dc2_node2] Replicated to localhost:50120
[dc2_node2] Replicated to localhost:50146
[dc2_node2] W-quorum achieved (2 writes), returning to client
[dc2_node2] Background replication continues for remaining nodes
[dc2_node2] Successful writes: 2/3
[dc2_node2] Replicated to localhost:50106
[dc2_node2] Internal PUT (replication): key='item:0382'
[dc2_node2] CONFLICT detected for key='item:0382', siblings=7
[dc2_node2] Saved 77 keys to disk
[dc2_node2] Retrieved key='item:1276', versions=10
[dc2_node2] Internal PUT (replication): key='item:0062'
[dc2_node2] CONFLICT detected for key='item:0062', siblings=11
[dc2_node2] Internal PUT (replication): key='item:2348'
[dc2_node2] Internal PUT (replication): key='item:1590'
[dc2_node2] Saved 77 keys to disk
[dc2_node2] CONFLICT detected for key='item:2348', siblings=11
[dc2_node2] Saved 77 keys to disk
[dc2_node2] CONFLICT detected for key='item:1590', siblings=4
[dc2_node2] Internal PUT (replication): key='item:0943'
[dc2_node2] Saved 77 keys to disk
[dc2_node2] CONFLICT detected for key='item:0943', siblings=14
[dc2_node2] Internal PUT (replication): key='item:2939'
[dc2_node2] Internal PUT (replication): key='item:4165'
[dc2_node2] Saved 77 keys to disk
[dc2_node2] Retrieved key='item:1276', versions=10
[dc2_node2] CONFLICT detected for key='item:2939', siblings=7
[dc2_node2] Internal PUT (replication): key='item:0818'
[dc2_node2] Saved 77 keys to disk
[dc2_node2] CONFLICT detected for key='item:4165', siblings=9
[dc2_node2] Saved 77 keys to disk
[dc2_node2] CONFLICT detected for key='item:0818', siblings=10
[dc2_node2] Saved 77 keys to disk
[dc2_node2] Retrieved key='item:2104', versions=11
[dc2_node2] Retrieved key='item:4689', versions=15
[dc2_node2] Client GET: key='item:2246'
[dc2_node2] Reading from preference list: ['localhost:50228', 'localhost:50123']
[dc2_node2] Key='item:2246' not found
[dc2_node2] CONFLICT: 13 sibling versions for 'item:2246'
[dc2_node2] Internal PUT (replication): key='item:1735'
[dc2_node2] CONFLICT detected for key='item:1735', siblings=7
[dc2_node2] Saved 77 keys to disk
[dc2_node2] Client PUT: key='item:0837', value='value_837_update_client17_op1192'
[dc2_node2] Preference list for 'item:0837': ['localhost:50062', 'localhost:50153', 'localhost:50076']
[dc2_node2] Coordinator NOT in preference list, forwarding only
[dc2_node2] Replicated to localhost:50062
[dc2_node2] Client PUT: key='item:0285', value='value_285_update_client10_op1197'
[dc2_node2] Preference list for 'item:0285': ['localhost:50104', 'localhost:50205', 'localhost:50234']
[dc2_node2] Coordinator NOT in preference list, forwarding only
[dc2_node2] Replicated to localhost:50104
[dc2_node2] Replicated to localhost:50205
[dc2_node2] W-quorum achieved (2 writes), returning to client
[dc2_node2] Background replication continues for remaining nodes
[dc2_node2] Successful writes: 2/3
[dc2_node2] Replicated to localhost:50234
[dc2_node2] Replicated to localhost:50153
[dc2_node2] W-quorum achieved (2 writes), returning to client
[dc2_node2] Background replication continues for remaining nodes
[dc2_node2] Successful writes: 2/3
[dc2_node2] Client PUT: key='item:3025', value='value_3025_client4_op1207'
[dc2_node2] Preference list for 'item:3025': ['localhost:50081', 'localhost:50061', 'localhost:50218']
[dc2_node2] Coordinator NOT in preference list, forwarding only
[dc2_node2] Replicated to localhost:50081
[dc2_node2] Replicated to localhost:50076
[dc2_node2] Replicated to localhost:50218
[dc2_node2] W-quorum achieved (2 writes), returning to client
[dc2_node2] Background replication continues for remaining nodes
[dc2_node2] Successful writes: 2/3
[dc2_node2] Replicated to localhost:50061
[dc2_node2] Retrieved key='item:0571', versions=4
[dc2_node2] Retrieved key='item:1578', versions=11
[dc2_node2] Internal PUT (replication): key='item:3791'
[dc2_node2] CONFLICT detected for key='item:3791', siblings=6
[dc2_node2] Saved 77 keys to disk
[dc2_node2] Client PUT: key='item:3911', value='value_3911_client44_op1197'
[dc2_node2] Preference list for 'item:3911': ['localhost:50189', 'localhost:50239', 'localhost:50193']
[dc2_node2] Coordinator NOT in preference list, forwarding only
[dc2_node2] Replicated to localhost:50239
[dc2_node2] Replicated to localhost:50193
[dc2_node2] W-quorum achieved (2 writes), returning to client
[dc2_node2] Background replication continues for remaining nodes
[dc2_node2] Successful writes: 2/3
[dc2_node2] Replicated to localhost:50189
[dc2_node2] Internal PUT (replication): key='item:4456'
[dc2_node2] CONFLICT detected for key='item:4456', siblings=8
[dc2_node2] Saved 77 keys to disk
[dc2_node2] Client GET: key='item:2574'
[dc2_node2] Reading from preference list: ['localhost:50070', 'localhost:50209']
[dc2_node2] Key='item:2574' not found
[dc2_node2] CONFLICT: 14 sibling versions for 'item:2574'
[dc2_node2] Internal PUT (replication): key='item:4568'
[dc2_node2] CONFLICT detected for key='item:4568', siblings=9
[dc2_node2] Saved 77 keys to disk
[dc2_node2] Internal PUT (replication): key='item:2104'
[dc2_node2] CONFLICT detected for key='item:2104', siblings=12
[dc2_node2] Saved 77 keys to disk
[dc2_node2] Client GET: key='item:1925'
[dc2_node2] Reading from preference list: ['localhost:50222', 'localhost:50195']
[dc2_node2] Key='item:1925' not found
[dc2_node2] CONFLICT: 13 sibling versions for 'item:1925'
[dc2_node2] Internal PUT (replication): key='item:4052'
[dc2_node2] CONFLICT detected for key='item:4052', siblings=11
[dc2_node2] Saved 77 keys to disk
[dc2_node2] Internal PUT (replication): key='item:1392'
[dc2_node2] CONFLICT detected for key='item:1392', siblings=7
[dc2_node2] Saved 77 keys to disk
[dc2_node2] Internal PUT (replication): key='item:2016'
[dc2_node2] CONFLICT detected for key='item:2016', siblings=11
[dc2_node2] Saved 77 keys to disk
[dc2_node2] Client GET: key='item:4004'
[dc2_node2] Reading from preference list: ['localhost:50111', 'localhost:50106']
[dc2_node2] Key='item:4004' not found
[dc2_node2] CONFLICT: 20 sibling versions for 'item:4004'
[dc2_node2] Client PUT: key='item:2986', value='value_2986_client40_op1207'
[dc2_node2] Preference list for 'item:2986': ['localhost:50052', 'localhost:50176', 'localhost:50120']
[dc2_node2] Coordinator NOT in preference list, forwarding only
[dc2_node2] Replicated to localhost:50176
[dc2_node2] Replicated to localhost:50052
[dc2_node2] W-quorum achieved (2 writes), returning to client
[dc2_node2] Background replication continues for remaining nodes
[dc2_node2] Successful writes: 2/3
[dc2_node2] Client PUT: key='item:0396', value='value_396_update_client16_op1224'
[dc2_node2] Preference list for 'item:0396': ['localhost:50206', 'localhost:50064', 'localhost:50118']
[dc2_node2] Coordinator NOT in preference list, forwarding only
[dc2_node2] Replicated to localhost:50206
[dc2_node2] Replicated to localhost:50064
[dc2_node2] Replicated to localhost:50118
[dc2_node2] W-quorum achieved (2 writes), returning to client
[dc2_node2] Background replication continues for remaining nodes
[dc2_node2] Successful writes: 3/3
[dc2_node2] Replicated to localhost:50120
[dc2_node2] Client GET: key='item:4778'
[dc2_node2] Reading from preference list: ['localhost:50105', 'localhost:50156']
[dc2_node2] Key='item:4778' not found
[dc2_node2] CONFLICT: 24 sibling versions for 'item:4778'
[dc2_node2] Internal PUT (replication): key='item:4855'
[dc2_node2] CONFLICT detected for key='item:4855', siblings=11
[dc2_node2] Saved 77 keys to disk
[dc2_node2] Retrieved key='item:0091', versions=11
[dc2_node2] Retrieved key='item:4456', versions=8
[dc2_node2] Internal PUT (replication): key='item:2348'
[dc2_node2] CONFLICT detected for key='item:2348', siblings=12
[dc2_node2] Saved 77 keys to disk
[dc2_node2] Retrieved key='item:4118', versions=10
[dc2_node2] Internal PUT (replication): key='item:2942'
[dc2_node2] CONFLICT detected for key='item:2942', siblings=9
[dc2_node2] Internal PUT (replication): key='item:1156'
[dc2_node2] Saved 77 keys to disk
[dc2_node2] Retrieved key='item:1175', versions=8
[dc2_node2] CONFLICT detected for key='item:1156', siblings=12
[dc2_node2] Saved 77 keys to disk
[dc2_node2] Client PUT: key='item:1294', value='value_1294_update_client24_op1236'
[dc2_node2] Preference list for 'item:1294': ['localhost:50123', 'localhost:50087', 'localhost:50164']
[dc2_node2] Coordinator NOT in preference list, forwarding only
[dc2_node2] Internal PUT (replication): key='item:0457'
[dc2_node2] CONFLICT detected for key='item:0457', siblings=8
[dc2_node2] Replicated to localhost:50087
[dc2_node2] Replicated to localhost:50123
[dc2_node2] Saved 77 keys to disk
[dc2_node2] W-quorum achieved (2 writes), returning to client
[dc2_node2] Background replication continues for remaining nodes
[dc2_node2] Successful writes: 2/3
[dc2_node2] Replicated to localhost:50164
[dc2_node2] Internal PUT (replication): key='item:3191'
[dc2_node2] CONFLICT detected for key='item:3191', siblings=7
[dc2_node2] Saved 77 keys to disk
[dc2_node2] Internal PUT (replication): key='item:1578'
[dc2_node2] CONFLICT detected for key='item:1578', siblings=12
[dc2_node2] Saved 77 keys to disk
[dc2_node2] Internal PUT (replication): key='item:0571'
[dc2_node2] CONFLICT detected for key='item:0571', siblings=5
[dc2_node2] Internal PUT (replication): key='item:2565'
[dc2_node2] Saved 77 keys to disk
[dc2_node2] CONFLICT detected for key='item:2565', siblings=10
[dc2_node2] Saved 77 keys to disk
[dc2_node2] Internal PUT (replication): key='item:1165'
[dc2_node2] CONFLICT detected for key='item:1165', siblings=9
[dc2_node2] Internal PUT (replication): key='item:0457'
[dc2_node2] Saved 77 keys to disk
[dc2_node2] CONFLICT detected for key='item:0457', siblings=9
[dc2_node2] Internal PUT (replication): key='item:4568'
[dc2_node2] Saved 77 keys to disk
[dc2_node2] CONFLICT detected for key='item:4568', siblings=10
[dc2_node2] Saved 77 keys to disk
[dc2_node2] Client PUT: key='item:1029', value='value_1029_client27_op1244'
[dc2_node2] Preference list for 'item:1029': ['localhost:50149', 'localhost:50161', 'localhost:50086']
[dc2_node2] Coordinator NOT in preference list, forwarding only
[dc2_node2] Internal PUT (replication): key='item:2125'
[dc2_node2] CONFLICT detected for key='item:2125', siblings=10
[dc2_node2] Saved 77 keys to disk
[dc2_node2] Replicated to localhost:50086
[dc2_node2] Retrieved key='item:4998', versions=5
[dc2_node2] Replicated to localhost:50149
[dc2_node2] Replicated to localhost:50161
[dc2_node2] W-quorum achieved (2 writes), returning to client
[dc2_node2] Background replication continues for remaining nodes
[dc2_node2] Successful writes: 3/3
[dc2_node2] Retrieved key='item:1578', versions=12
[dc2_node2] Retrieved key='item:1340', versions=7
[dc2_node2] Internal PUT (replication): key='item:1156'
[dc2_node2] CONFLICT detected for key='item:1156', siblings=13
[dc2_node2] Saved 77 keys to disk
[dc2_node2] Client PUT: key='item:2775', value='value_2775_client42_op1208'
[dc2_node2] Preference list for 'item:2775': ['localhost:50142', 'localhost:50063', 'localhost:50198']
[dc2_node2] Coordinator NOT in preference list, forwarding only
[dc2_node2] Replicated to localhost:50063
[dc2_node2] Replicated to localhost:50198
[dc2_node2] W-quorum achieved (2 writes), returning to client
[dc2_node2] Background replication continues for remaining nodes
[dc2_node2] Successful writes: 2/3
[dc2_node2] Internal PUT (replication): key='item:4855'
[dc2_node2] CONFLICT detected for key='item:4855', siblings=12
[dc2_node2] Saved 77 keys to disk
[dc2_node2] Replicated to localhost:50142
[dc2_node2] Internal PUT (replication): key='item:4205'
[dc2_node2] CONFLICT detected for key='item:4205', siblings=9
[dc2_node2] Saved 77 keys to disk
[dc2_node2] Retrieved key='item:1156', versions=13
[dc2_node2] Internal PUT (replication): key='item:3791'
[dc2_node2] CONFLICT detected for key='item:3791', siblings=7
[dc2_node2] Saved 77 keys to disk
[dc2_node2] Client GET: key='item:0398'
[dc2_node2] Reading from preference list: ['localhost:50124', 'localhost:50193']
[dc2_node2] Key='item:0398' not found
[dc2_node2] CONFLICT: 14 sibling versions for 'item:0398'
[dc2_node2] Retrieved key='item:3222', versions=9
[dc2_node2] Internal PUT (replication): key='item:1193'
[dc2_node2] CONFLICT detected for key='item:1193', siblings=13
[dc2_node2] Saved 77 keys to disk
[dc2_node2] Retrieved key='item:2527', versions=9
[dc2_node2] Internal PUT (replication): key='item:3890'
[dc2_node2] CONFLICT detected for key='item:3890', siblings=14
[dc2_node2] Internal PUT (replication): key='item:2770'
[dc2_node2] Saved 77 keys to disk
[dc2_node2] CONFLICT detected for key='item:2770', siblings=6
[dc2_node2] Saved 77 keys to disk
[dc2_node2] Client PUT: key='item:4870', value='value_4870_client28_op1257'
[dc2_node2] Preference list for 'item:4870': ['localhost:50190', 'localhost:50078', 'localhost:50095']
[dc2_node2] Coordinator NOT in preference list, forwarding only
[dc2_node2] Replicated to localhost:50095
[dc2_node2] Replicated to localhost:50078
[dc2_node2] W-quorum achieved (2 writes), returning to client
[dc2_node2] Background replication continues for remaining nodes
[dc2_node2] Successful writes: 2/3
[dc2_node2] Replicated to localhost:50190
[dc2_node2] Retrieved key='item:0217', versions=9
[dc2_node2] Internal PUT (replication): key='item:1236'
[dc2_node2] CONFLICT detected for key='item:1236', siblings=8
[dc2_node2] Internal PUT (replication): key='item:4446'
[dc2_node2] Saved 77 keys to disk
[dc2_node2] CONFLICT detected for key='item:4446', siblings=2
[dc2_node2] Saved 77 keys to disk
[dc2_node2] Internal PUT (replication): key='item:2016'
[dc2_node2] CONFLICT detected for key='item:2016', siblings=12
[dc2_node2] Client PUT: key='item:4243', value='value_4243_client47_op1234'
[dc2_node2] Preference list for 'item:4243': ['localhost:50244', 'localhost:50183', 'localhost:50206']
[dc2_node2] Coordinator NOT in preference list, forwarding only
[dc2_node2] Saved 77 keys to disk
[dc2_node2] Replicated to localhost:50244
[dc2_node2] Replicated to localhost:50183
[dc2_node2] W-quorum achieved (2 writes), returning to client
[dc2_node2] Background replication continues for remaining nodes
[dc2_node2] Successful writes: 2/3
[dc2_node2] Replicated to localhost:50206
[dc2_node2] Retrieved key='item:4109', versions=7
[dc2_node2] Internal PUT (replication): key='item:1156'
[dc2_node2] CONFLICT detected for key='item:1156', siblings=14
[dc2_node2] Saved 77 keys to disk
[dc2_node2] Internal PUT (replication): key='item:4165'
[dc2_node2] CONFLICT detected for key='item:4165', siblings=10
[dc2_node2] Saved 77 keys to disk
[dc2_node2] Internal PUT (replication): key='item:1276'
[dc2_node2] CONFLICT detected for key='item:1276', siblings=11
[dc2_node2] Internal PUT (replication): key='item:3490'
[dc2_node2] Saved 77 keys to disk
[dc2_node2] CONFLICT detected for key='item:3490', siblings=10
[dc2_node2] Saved 77 keys to disk
[dc2_node2] Retrieved key='item:1392', versions=7
[dc2_node2] Internal PUT (replication): key='item:2125'
[dc2_node2] CONFLICT detected for key='item:2125', siblings=11
[dc2_node2] Internal PUT (replication): key='item:0217'
[dc2_node2] Internal PUT (replication): key='item:2058'
[dc2_node2] Internal PUT (replication): key='item:2078'
[dc2_node2] Client PUT: key='item:3902', value='value_3902_update_client15_op1259'
[dc2_node2] Preference list for 'item:3902': ['localhost:50124', 'localhost:50080', 'localhost:50238']
[dc2_node2] Coordinator NOT in preference list, forwarding only
[dc2_node2] Saved 77 keys to disk
[dc2_node2] CONFLICT detected for key='item:0217', siblings=9
[dc2_node2] Replicated to localhost:50080
[dc2_node2] Saved 77 keys to disk
[dc2_node2] CONFLICT detected for key='item:2058', siblings=5
[dc2_node2] Internal PUT (replication): key='item:0484'
[dc2_node2] Replicated to localhost:50124
[dc2_node2] W-quorum achieved (2 writes), returning to client
[dc2_node2] Background replication continues for remaining nodes
[dc2_node2] Successful writes: 2/3
[dc2_node2] Saved 77 keys to disk
[dc2_node2] Retrieved key='item:1392', versions=7
[dc2_node2] CONFLICT detected for key='item:2078', siblings=9
[dc2_node2] Client PUT: key='item:1650', value='value_1650_client49_op1271'
[dc2_node2] Preference list for 'item:1650': ['localhost:50248', 'localhost:50157', 'localhost:50128']
[dc2_node2] Coordinator NOT in preference list, forwarding only
[dc2_node2] Replicated to localhost:50238
[dc2_node2] Replicated to localhost:50157
[dc2_node2] Client PUT: key='item:2562', value='value_2562_update_client24_op1273'
[dc2_node2] Preference list for 'item:2562': ['localhost:50101', 'localhost:50136', 'localhost:50240']
[dc2_node2] Coordinator NOT in preference list, forwarding only
[dc2_node2] Internal PUT (replication): key='item:3007'
[dc2_node2] Saved 77 keys to disk
[dc2_node2] CONFLICT detected for key='item:0484', siblings=13
[dc2_node2] Replicated to localhost:50248
[dc2_node2] W-quorum achieved (2 writes), returning to client
[dc2_node2] Background replication continues for remaining nodes
[dc2_node2] Successful writes: 2/3
[dc2_node2] Replicated to localhost:50128
[dc2_node2] Replicated to localhost:50101
[dc2_node2] Saved 77 keys to disk
[dc2_node2] CONFLICT detected for key='item:3007', siblings=10
[dc2_node2] Client PUT: key='item:2257', value='value_2257_update_client7_op1282'
[dc2_node2] Preference list for 'item:2257': ['localhost:50160', 'localhost:50240', 'localhost:50150']
[dc2_node2] Coordinator NOT in preference list, forwarding only
[dc2_node2] Saved 77 keys to disk
[dc2_node2] Replicated to localhost:50136
[dc2_node2] W-quorum achieved (2 writes), returning to client
[dc2_node2] Background replication continues for remaining nodes
[dc2_node2] Successful writes: 2/3
[dc2_node2] Replicated to localhost:50150
[dc2_node2] Replicated to localhost:50160
[dc2_node2] W-quorum achieved (2 writes), returning to client
[dc2_node2] Background replication continues for remaining nodes
[dc2_node2] Successful writes: 2/3
[dc2_node2] Replicated to localhost:50240
[dc2_node2] Internal PUT (replication): key='item:2939'
[dc2_node2] CONFLICT detected for key='item:2939', siblings=8
[dc2_node2] Replicated to localhost:50240
[dc2_node2] Saved 77 keys to disk
[dc2_node2] Internal PUT (replication): key='item:1276'
[dc2_node2] CONFLICT detected for key='item:1276', siblings=12
[dc2_node2] Saved 77 keys to disk
[dc2_node2] Client PUT: key='item:4803', value='value_4803_update_client27_op1281'
[dc2_node2] Preference list for 'item:4803': ['localhost:50059', 'localhost:50093', 'localhost:50209']
[dc2_node2] Coordinator NOT in preference list, forwarding only
[dc2_node2] Replicated to localhost:50093
[dc2_node2] Internal PUT (replication): key='item:2058'
[dc2_node2] CONFLICT detected for key='item:2058', siblings=6
[dc2_node2] Saved 77 keys to disk
[dc2_node2] Replicated to localhost:50059
[dc2_node2] W-quorum achieved (2 writes), returning to client
[dc2_node2] Background replication continues for remaining nodes
[dc2_node2] Successful writes: 2/3
[dc2_node2] Replicated to localhost:50209
[dc2_node2] Internal PUT (replication): key='item:0571'
[dc2_node2] CONFLICT detected for key='item:0571', siblings=6
[dc2_node2] Saved 77 keys to disk
[dc2_node2] Internal PUT (replication): key='item:3178'
[dc2_node2] CONFLICT detected for key='item:3178', siblings=10
[dc2_node2] Saved 77 keys to disk
[dc2_node2] Client PUT: key='item:4475', value='value_4475_update_client31_op1260'
[dc2_node2] Preference list for 'item:4475': ['localhost:50083', 'localhost:50130', 'localhost:50186']
[dc2_node2] Coordinator NOT in preference list, forwarding only
[dc2_node2] Replicated to localhost:50186
[dc2_node2] Replicated to localhost:50083
[dc2_node2] W-quorum achieved (2 writes), returning to client
[dc2_node2] Background replication continues for remaining nodes
[dc2_node2] Successful writes: 2/3
[dc2_node2] Internal PUT (replication): key='item:3284'
[dc2_node2] CONFLICT detected for key='item:3284', siblings=10
[dc2_node2] Saved 77 keys to disk
[dc2_node2] Internal PUT (replication): key='item:1468'
[dc2_node2] CONFLICT detected for key='item:1468', siblings=10
[dc2_node2] Replicated to localhost:50130
[dc2_node2] Internal PUT (replication): key='item:4689'
[dc2_node2] Saved 77 keys to disk
[dc2_node2] CONFLICT detected for key='item:4689', siblings=16
[dc2_node2] Saved 77 keys to disk
[dc2_node2] Client PUT: key='item:1886', value='value_1886_update_client18_op1288'
[dc2_node2] Preference list for 'item:1886': ['localhost:50113', 'localhost:50168', 'localhost:50065']
[dc2_node2] Coordinator NOT in preference list, forwarding only
[dc2_node2] Retrieved key='item:2565', versions=10
[dc2_node2] Internal PUT (replication): key='item:3284'
[dc2_node2] CONFLICT detected for key='item:3284', siblings=11
[dc2_node2] Client PUT: key='item:2511', value='value_2511_update_client20_op1292'
[dc2_node2] Preference list for 'item:2511': ['localhost:50128', 'localhost:50173', 'localhost:50249']
[dc2_node2] Coordinator NOT in preference list, forwarding only
[dc2_node2] Replicated to localhost:50113
[dc2_node2] Replicated to localhost:50065
[dc2_node2] W-quorum achieved (2 writes), returning to client
[dc2_node2] Background replication continues for remaining nodes
[dc2_node2] Successful writes: 2/3
[dc2_node2] Replicated to localhost:50249
[dc2_node2] Replicated to localhost:50168
[dc2_node2] Internal PUT (replication): key='item:1578'
[dc2_node2] Saved 77 keys to disk
[dc2_node2] CONFLICT detected for key='item:1578', siblings=13
[dc2_node2] Replicated to localhost:50128
[dc2_node2] W-quorum achieved (2 writes), returning to client
[dc2_node2] Background replication continues for remaining nodes
[dc2_node2] Successful writes: 2/3
[dc2_node2] Replicated to localhost:50173
[dc2_node2] Internal PUT (replication): key='item:1164'
[dc2_node2] Client PUT: key='item:2693', value='value_2693_client42_op1252'
[dc2_node2] Preference list for 'item:2693': ['localhost:50250', 'localhost:50217', 'localhost:50194']
[dc2_node2] Coordinator NOT in preference list, forwarding only
[dc2_node2] Replicated to localhost:50250
[dc2_node2] Replicated to localhost:50217
[dc2_node2] W-quorum achieved (2 writes), returning to client
[dc2_node2] Background replication continues for remaining nodes
[dc2_node2] Successful writes: 2/3
[dc2_node2] Replicated to localhost:50194
[dc2_node2] Saved 77 keys to disk
[dc2_node2] Retrieved key='item:2078', versions=9
[dc2_node2] CONFLICT detected for key='item:1164', siblings=12
[dc2_node2] Internal PUT (replication): key='item:3007'
[dc2_node2] Client PUT: key='item:2522', value='value_2522_update_client40_op1273'
[dc2_node2] Preference list for 'item:2522': ['localhost:50108', 'localhost:50138', 'localhost:50111']
[dc2_node2] Coordinator NOT in preference list, forwarding only
[dc2_node2] Saved 77 keys to disk
[dc2_node2] Retrieved key='item:0943', versions=14
[dc2_node2] CONFLICT detected for key='item:3007', siblings=11
[dc2_node2] Saved 77 keys to disk
[dc2_node2] Replicated to localhost:50138
[dc2_node2] Replicated to localhost:50108
[dc2_node2] W-quorum achieved (2 writes), returning to client
[dc2_node2] Background replication continues for remaining nodes
[dc2_node2] Successful writes: 2/3
[dc2_node2] Replicated to localhost:50111
[dc2_node2] Client PUT: key='item:4614', value='value_4614_update_client0_op1272'
[dc2_node2] Preference list for 'item:4614': ['localhost:50135', 'localhost:50126', 'localhost:50234']
[dc2_node2] Coordinator NOT in preference list, forwarding only
[dc2_node2] Replicated to localhost:50234
[dc2_node2] Replicated to localhost:50135
[dc2_node2] W-quorum achieved (2 writes), returning to client
[dc2_node2] Background replication continues for remaining nodes
[dc2_node2] Successful writes: 2/3
[dc2_node2] Retrieved key='item:4998', versions=5
[dc2_node2] Replicated to localhost:50126
[dc2_node2] Internal PUT (replication): key='item:2942'
[dc2_node2] CONFLICT detected for key='item:2942', siblings=10
[dc2_node2] Saved 77 keys to disk
[dc2_node2] Internal PUT (replication): key='item:1458'
[dc2_node2] CONFLICT detected for key='item:1458', siblings=6
[dc2_node2] Saved 77 keys to disk
[dc2_node2] Retrieved key='item:1236', versions=8
[dc2_node2] Client PUT: key='item:3451', value='value_3451_update_client34_op1250'
[dc2_node2] Preference list for 'item:3451': ['localhost:50058', 'localhost:50197', 'localhost:50092']
[dc2_node2] Coordinator NOT in preference list, forwarding only
[dc2_node2] Replicated to localhost:50092
[dc2_node2] Replicated to localhost:50058
[dc2_node2] W-quorum achieved (2 writes), returning to client
[dc2_node2] Background replication continues for remaining nodes
[dc2_node2] Successful writes: 2/3
[dc2_node2] Replicated to localhost:50197
[dc2_node2] Internal PUT (replication): key='item:2939'
[dc2_node2] CONFLICT detected for key='item:2939', siblings=9
[dc2_node2] Saved 77 keys to disk
[dc2_node2] Retrieved key='item:0217', versions=9
[dc2_node2] Client PUT: key='item:0422', value='value_422_update_client17_op1312'
[dc2_node2] Preference list for 'item:0422': ['localhost:50222', 'localhost:50162', 'localhost:50196']
[dc2_node2] Coordinator NOT in preference list, forwarding only
[dc2_node2] Replicated to localhost:50222
[dc2_node2] Internal PUT (replication): key='item:1785'
[dc2_node2] CONFLICT detected for key='item:1785', siblings=14
[dc2_node2] Saved 77 keys to disk
[dc2_node2] Replicated to localhost:50162
[dc2_node2] W-quorum achieved (2 writes), returning to client
[dc2_node2] Background replication continues for remaining nodes
[dc2_node2] Successful writes: 2/3
[dc2_node2] Internal PUT (replication): key='item:4794'
[dc2_node2] CONFLICT detected for key='item:4794', siblings=10
[dc2_node2] Replicated to localhost:50196
[dc2_node2] Saved 77 keys to disk
[dc2_node2] Retrieved key='item:1578', versions=13
[dc2_node2] Client PUT: key='item:0521', value='value_521_update_client9_op1290'
[dc2_node2] Preference list for 'item:0521': ['localhost:50174', 'localhost:50145', 'localhost:50225']
[dc2_node2] Coordinator NOT in preference list, forwarding only
[dc2_node2] Replicated to localhost:50145
[dc2_node2] Internal PUT (replication): key='item:3007'
[dc2_node2] CONFLICT detected for key='item:3007', siblings=12
[dc2_node2] Replicated to localhost:50174
[dc2_node2] W-quorum achieved (2 writes), returning to client
[dc2_node2] Background replication continues for remaining nodes
[dc2_node2] Successful writes: 2/3
[dc2_node2] Replicated to localhost:50225
[dc2_node2] Saved 77 keys to disk
[dc2_node2] Retrieved key='item:4109', versions=7
[dc2_node2] Internal PUT (replication): key='item:2565'
[dc2_node2] CONFLICT detected for key='item:2565', siblings=11
[dc2_node2] Saved 77 keys to disk
[dc2_node2] Internal PUT (replication): key='item:1193'
[dc2_node2] CONFLICT detected for key='item:1193', siblings=14
[dc2_node2] Saved 77 keys to disk
[dc2_node2] Retrieved key='item:2598', versions=5
[dc2_node2] Internal PUT (replication): key='item:3356'
[dc2_node2] CONFLICT detected for key='item:3356', siblings=8
[dc2_node2] Saved 77 keys to disk
[dc2_node2] Retrieved key='item:0091', versions=11
[dc2_node2] Internal PUT (replication): key='item:0457'
[dc2_node2] CONFLICT detected for key='item:0457', siblings=10
[dc2_node2] Internal PUT (replication): key='item:0091'
[dc2_node2] Saved 77 keys to disk
[dc2_node2] CONFLICT detected for key='item:0091', siblings=11
[dc2_node2] Saved 77 keys to disk
[dc2_node2] Retrieved key='item:1156', versions=14
[dc2_node2] Internal PUT (replication): key='item:3191'
[dc2_node2] CONFLICT detected for key='item:3191', siblings=7
[dc2_node2] Saved 77 keys to disk
[dc2_node2] Retrieved key='item:1387', versions=9
[dc2_node2] Client PUT: key='item:1525', value='value_1525_client38_op1293'
[dc2_node2] Preference list for 'item:1525': ['localhost:50111', 'localhost:50152', 'localhost:50054']
[dc2_node2] Coordinator NOT in preference list, forwarding only
[dc2_node2] Replicated to localhost:50054
[dc2_node2] Retrieved key='item:0091', versions=11
[dc2_node2] Replicated to localhost:50111
[dc2_node2] W-quorum achieved (2 writes), returning to client
[dc2_node2] Background replication continues for remaining nodes
[dc2_node2] Successful writes: 2/3
[dc2_node2] Replicated to localhost:50152
[dc2_node2] Client PUT: key='item:2162', value='value_2162_client39_op1331'
[dc2_node2] Preference list for 'item:2162': ['localhost:50167', 'localhost:50087', 'localhost:50243']
[dc2_node2] Coordinator NOT in preference list, forwarding only
[dc2_node2] Retrieved key='item:1164', versions=12
[dc2_node2] Client PUT: key='item:0708', value='value_708_update_client45_op1305'
[dc2_node2] Preference list for 'item:0708': ['localhost:50153', 'localhost:50080', 'localhost:50243']
[dc2_node2] Coordinator NOT in preference list, forwarding only
[dc2_node2] Internal PUT (replication): key='item:2929'
[dc2_node2] CONFLICT detected for key='item:2929', siblings=13
[dc2_node2] Client PUT: key='item:3324', value='value_3324_update_client1_op1315'
[dc2_node2] Preference list for 'item:3324': ['localhost:50153', 'localhost:50074', 'localhost:50172']
[dc2_node2] Coordinator NOT in preference list, forwarding only
[dc2_node2] Saved 77 keys to disk
[dc2_node2] Replicated to localhost:50243
[dc2_node2] Replicated to localhost:50087
[dc2_node2] Replicated to localhost:50167
[dc2_node2] W-quorum achieved (2 writes), returning to client
[dc2_node2] Background replication continues for remaining nodes
[dc2_node2] Successful writes: 3/3
[dc2_node2] Replicated to localhost:50080
[dc2_node2] Replicated to localhost:50172
[dc2_node2] Replicated to localhost:50074
[dc2_node2] W-quorum achieved (2 writes), returning to client
[dc2_node2] Background replication continues for remaining nodes
[dc2_node2] Successful writes: 2/3
[dc2_node2] Replicated to localhost:50153
[dc2_node2] W-quorum achieved (2 writes), returning to client
[dc2_node2] Background replication continues for remaining nodes
[dc2_node2] Successful writes: 2/3
[dc2_node2] Replicated to localhost:50243
[dc2_node2] Replicated to localhost:50153
[dc2_node2] Retrieved key='item:2078', versions=9
[dc2_node2] Internal PUT (replication): key='item:2371'
[dc2_node2] CONFLICT detected for key='item:2371', siblings=10
[dc2_node2] Internal PUT (replication): key='item:1236'
[dc2_node2] Saved 77 keys to disk
[dc2_node2] CONFLICT detected for key='item:1236', siblings=9
[dc2_node2] Saved 77 keys to disk
[dc2_node2] Internal PUT (replication): key='item:1156'
[dc2_node2] CONFLICT detected for key='item:1156', siblings=15
[dc2_node2] Client PUT: key='item:0335', value='value_335_client14_op1293'
[dc2_node2] Preference list for 'item:0335': ['localhost:50197', 'localhost:50064', 'localhost:50092']
[dc2_node2] Coordinator NOT in preference list, forwarding only
[dc2_node2] Saved 77 keys to disk
[dc2_node2] Replicated to localhost:50197
[dc2_node2] Client GET: key='item:0980'
[dc2_node2] Reading from preference list: ['localhost:50068', 'localhost:50147']
[dc2_node2] Key='item:0980' not found
[dc2_node2] Internal PUT (replication): key='item:1193'
[dc2_node2] CONFLICT detected for key='item:1193', siblings=15
[dc2_node2] CONFLICT: 12 sibling versions for 'item:0980'
[dc2_node2] Saved 77 keys to disk
[dc2_node2] Replicated to localhost:50064
[dc2_node2] W-quorum achieved (2 writes), returning to client
[dc2_node2] Background replication continues for remaining nodes
[dc2_node2] Successful writes: 2/3
[dc2_node2] Retrieved key='item:3222', versions=9
[dc2_node2] Internal PUT (replication): key='item:2078'
[dc2_node2] CONFLICT detected for key='item:2078', siblings=10
[dc2_node2] Replicated to localhost:50092
[dc2_node2] Saved 77 keys to disk
[dc2_node2] Internal PUT (replication): key='item:1392'
[dc2_node2] CONFLICT detected for key='item:1392', siblings=8
[dc2_node2] Saved 77 keys to disk
[dc2_node2] Internal PUT (replication): key='item:4689'
[dc2_node2] CONFLICT detected for key='item:4689', siblings=17
[dc2_node2] Internal PUT (replication): key='item:3586'
[dc2_node2] Saved 77 keys to disk
[dc2_node2] CONFLICT detected for key='item:3586', siblings=7
[dc2_node2] Internal PUT (replication): key='item:2770'
[dc2_node2] Saved 77 keys to disk
[dc2_node2] CONFLICT detected for key='item:2770', siblings=7
[dc2_node2] Saved 77 keys to disk
[dc2_node2] Retrieved key='item:1458', versions=6
[dc2_node2] Internal PUT (replication): key='item:0382'
[dc2_node2] CONFLICT detected for key='item:0382', siblings=8
[dc2_node2] Saved 77 keys to disk
[dc2_node2] Retrieved key='item:4855', versions=12
[dc2_node2] Internal PUT (replication): key='item:2507'
[dc2_node2] CONFLICT detected for key='item:2507', siblings=12
[dc2_node2] Saved 77 keys to disk
[dc2_node2] Internal PUT (replication): key='item:1156'
[dc2_node2] CONFLICT detected for key='item:1156', siblings=16
[dc2_node2] Saved 77 keys to disk
[dc2_node2] Internal PUT (replication): key='item:1340'
[dc2_node2] CONFLICT detected for key='item:1340', siblings=8
[dc2_node2] Saved 77 keys to disk
[dc2_node2] Client GET: key='item:2694'
[dc2_node2] Reading from preference list: ['localhost:50082', 'localhost:50230']
[dc2_node2] Key='item:2694' not found
[dc2_node2] CONFLICT: 14 sibling versions for 'item:2694'
[dc2_node2] Internal PUT (replication): key='item:4998'
[dc2_node2] CONFLICT detected for key='item:4998', siblings=6
[dc2_node2] Saved 77 keys to disk
[dc2_node2] Retrieved key='item:0382', versions=8
[dc2_node2] Internal PUT (replication): key='item:1578'
[dc2_node2] CONFLICT detected for key='item:1578', siblings=14
[dc2_node2] Saved 77 keys to disk
[dc2_node2] Internal PUT (replication): key='item:0217'
[dc2_node2] CONFLICT detected for key='item:0217', siblings=10
[dc2_node2] Saved 77 keys to disk
[dc2_node2] Internal PUT (replication): key='item:1340'
[dc2_node2] CONFLICT detected for key='item:1340', siblings=9
[dc2_node2] Saved 77 keys to disk
[dc2_node2] Internal PUT (replication): key='item:3838'
[dc2_node2] CONFLICT detected for key='item:3838', siblings=8
[dc2_node2] Saved 77 keys to disk
[dc2_node2] Client PUT: key='item:3157', value='value_3157_update_client41_op1334'
[dc2_node2] Preference list for 'item:3157': ['localhost:50147', 'localhost:50223', 'localhost:50156']
[dc2_node2] Coordinator NOT in preference list, forwarding only
[dc2_node2] Retrieved key='item:1578', versions=14
[dc2_node2] Internal PUT (replication): key='item:1156'
[dc2_node2] CONFLICT detected for key='item:1156', siblings=17
[dc2_node2] Replicated to localhost:50156
[dc2_node2] Replicated to localhost:50223
[dc2_node2] Client GET: key='item:1636'
[dc2_node2] Reading from preference list: ['localhost:50230', 'localhost:50174']
[dc2_node2] W-quorum achieved (2 writes), returning to client
[dc2_node2] Background replication continues for remaining nodes
[dc2_node2] Successful writes: 2/3
[dc2_node2] Client PUT: key='item:0296', value='value_296_update_client29_op1357'
[dc2_node2] Preference list for 'item:0296': ['localhost:50092', 'localhost:50117', 'localhost:50058']
[dc2_node2] Coordinator NOT in preference list, forwarding only
[dc2_node2] Saved 77 keys to disk
[dc2_node2] Key='item:1636' not found
[dc2_node2] CONFLICT: 20 sibling versions for 'item:1636'
[dc2_node2] Replicated to localhost:50092
[dc2_node2] Replicated to localhost:50147
[dc2_node2] Replicated to localhost:50117
[dc2_node2] W-quorum achieved (2 writes), returning to client
[dc2_node2] Background replication continues for remaining nodes
[dc2_node2] Successful writes: 2/3
[dc2_node2] Replicated to localhost:50058
[dc2_node2] Retrieved key='item:2078', versions=10
[dc2_node2] Internal PUT (replication): key='item:1175'
[dc2_node2] CONFLICT detected for key='item:1175', siblings=9
[dc2_node2] Saved 77 keys to disk
[dc2_node2] Internal PUT (replication): key='item:3178'
[dc2_node2] CONFLICT detected for key='item:3178', siblings=11
[dc2_node2] Saved 77 keys to disk
[dc2_node2] Client GET: key='item:0210'
[dc2_node2] Reading from preference list: ['localhost:50153', 'localhost:50212']
[dc2_node2] Key='item:0210' not found
[dc2_node2] CONFLICT: 20 sibling versions for 'item:0210'
[dc2_node2] Internal PUT (replication): key='item:2527'
[dc2_node2] CONFLICT detected for key='item:2527', siblings=10
[dc2_node2] Saved 77 keys to disk
[dc2_node2] Internal PUT (replication): key='item:1340'
[dc2_node2] CONFLICT detected for key='item:1340', siblings=10
[dc2_node2] Client GET: key='item:4788'
[dc2_node2] Reading from preference list: ['localhost:50163', 'localhost:50101']
[dc2_node2] Saved 77 keys to disk
[dc2_node2] Key='item:4788' not found
[dc2_node2] CONFLICT: 20 sibling versions for 'item:4788'
[dc2_node2] Internal PUT (replication): key='item:4456'
[dc2_node2] CONFLICT detected for key='item:4456', siblings=9
[dc2_node2] Saved 77 keys to disk
[dc2_node2] Retrieved key='item:1735', versions=7
[dc2_node2] Internal PUT (replication): key='item:2565'
[dc2_node2] CONFLICT detected for key='item:2565', siblings=12
[dc2_node2] Saved 77 keys to disk
[dc2_node2] Client PUT: key='item:4370', value='value_4370_update_client31_op1337'
[dc2_node2] Preference list for 'item:4370': ['localhost:50135', 'localhost:50195', 'localhost:50085']
[dc2_node2] Coordinator NOT in preference list, forwarding only
[dc2_node2] Replicated to localhost:50195
[dc2_node2] Client GET: key='item:2563'
[dc2_node2] Reading from preference list: ['localhost:50174', 'localhost:50211']
[dc2_node2] Key='item:2563' not found
[dc2_node2] CONFLICT: 12 sibling versions for 'item:2563'
[dc2_node2] Internal PUT (replication): key='item:4052'
[dc2_node2] CONFLICT detected for key='item:4052', siblings=12
[dc2_node2] Replicated to localhost:50085
[dc2_node2] W-quorum achieved (2 writes), returning to client
[dc2_node2] Background replication continues for remaining nodes
[dc2_node2] Successful writes: 2/3
[dc2_node2] Client GET: key='item:3294'
[dc2_node2] Reading from preference list: ['localhost:50162', 'localhost:50221']
[dc2_node2] Internal PUT (replication): key='item:1735'
[dc2_node2] Saved 77 keys to disk
[dc2_node2] Key='item:3294' not found
[dc2_node2] CONFLICT detected for key='item:1735', siblings=8
[dc2_node2] Saved 77 keys to disk
[dc2_node2] Internal PUT (replication): key='item:2527'
[dc2_node2] CONFLICT detected for key='item:2527', siblings=10
[dc2_node2] Saved 77 keys to disk
[dc2_node2] Replicated to localhost:50135
[dc2_node2] CONFLICT: 22 sibling versions for 'item:3294'
[dc2_node2] Client PUT: key='item:0968', value='value_968_update_client0_op1345'
[dc2_node2] Preference list for 'item:0968': ['localhost:50177', 'localhost:50061', 'localhost:50120']
[dc2_node2] Coordinator NOT in preference list, forwarding only
[dc2_node2] Replicated to localhost:50177
[dc2_node2] Replicated to localhost:50061
[dc2_node2] Internal PUT (replication): key='item:1785'
[dc2_node2] CONFLICT detected for key='item:1785', siblings=15
[dc2_node2] W-quorum achieved (2 writes), returning to client
[dc2_node2] Background replication continues for remaining nodes
[dc2_node2] Successful writes: 2/3
[dc2_node2] Saved 77 keys to disk
[dc2_node2] Replicated to localhost:50120
[dc2_node2] Internal PUT (replication): key='item:3022'
[dc2_node2] CONFLICT detected for key='item:3022', siblings=6
[dc2_node2] Saved 77 keys to disk
[dc2_node2] Internal PUT (replication): key='item:2869'
[dc2_node2] CONFLICT detected for key='item:2869', siblings=12
[dc2_node2] Saved 77 keys to disk
[dc2_node2] Internal PUT (replication): key='item:2527'
[dc2_node2] CONFLICT detected for key='item:2527', siblings=10
[dc2_node2] Saved 77 keys to disk
[dc2_node2] Client GET: key='item:2295'
[dc2_node2] Reading from preference list: ['localhost:50128', 'localhost:50051']
[dc2_node2] Key='item:2295' not found
[dc2_node2] CONFLICT: 16 sibling versions for 'item:2295'
[dc2_node2] Internal PUT (replication): key='item:3222'
[dc2_node2] CONFLICT detected for key='item:3222', siblings=9
[dc2_node2] Saved 77 keys to disk
[dc2_node2] Client PUT: key='item:0178', value='value_178_update_client40_op1358'
[dc2_node2] Preference list for 'item:0178': ['localhost:50057', 'localhost:50205', 'localhost:50094']
[dc2_node2] Coordinator NOT in preference list, forwarding only
[dc2_node2] Replicated to localhost:50057
[dc2_node2] Replicated to localhost:50205
[dc2_node2] W-quorum achieved (2 writes), returning to client
[dc2_node2] Background replication continues for remaining nodes
[dc2_node2] Successful writes: 2/3
[dc2_node2] Internal PUT (replication): key='item:0062'
[dc2_node2] CONFLICT detected for key='item:0062', siblings=12
[dc2_node2] Replicated to localhost:50094
[dc2_node2] Saved 77 keys to disk
[dc2_node2] Internal PUT (replication): key='item:1590'
[dc2_node2] CONFLICT detected for key='item:1590', siblings=5
[dc2_node2] Saved 77 keys to disk
[dc2_node2] Retrieved key='item:3356', versions=8
[dc2_node2] Internal PUT (replication): key='item:4569'
[dc2_node2] CONFLICT detected for key='item:4569', siblings=7
[dc2_node2] Saved 77 keys to disk
[dc2_node2] Internal PUT (replication): key='item:2869'
[dc2_node2] CONFLICT detected for key='item:2869', siblings=13
[dc2_node2] Saved 77 keys to disk
[dc2_node2] Internal PUT (replication): key='item:0457'
[dc2_node2] CONFLICT detected for key='item:0457', siblings=11
[dc2_node2] Internal PUT (replication): key='item:0217'
[dc2_node2] Saved 77 keys to disk
[dc2_node2] CONFLICT detected for key='item:0217', siblings=11
[dc2_node2] Client PUT: key='item:3701', value='value_3701_client30_op1395'
[dc2_node2] Preference list for 'item:3701': ['localhost:50234', 'localhost:50140', 'localhost:50073']
[dc2_node2] Coordinator NOT in preference list, forwarding only
[dc2_node2] Replicated to localhost:50073
[dc2_node2] Saved 77 keys to disk
[dc2_node2] Replicated to localhost:50234
[dc2_node2] W-quorum achieved (2 writes), returning to client
[dc2_node2] Background replication continues for remaining nodes
[dc2_node2] Successful writes: 2/3
[dc2_node2] Internal PUT (replication): key='item:3191'
[dc2_node2] CONFLICT detected for key='item:3191', siblings=7
[dc2_node2] Replicated to localhost:50140
[dc2_node2] Saved 77 keys to disk
[dc2_node2] Client PUT: key='item:4588', value='value_4588_client2_op1372'
[dc2_node2] Preference list for 'item:4588': ['localhost:50225', 'localhost:50178', 'localhost:50087']
[dc2_node2] Coordinator NOT in preference list, forwarding only
[dc2_node2] Replicated to localhost:50225
[dc2_node2] Internal PUT (replication): key='item:1392'
[dc2_node2] CONFLICT detected for key='item:1392', siblings=9
[dc2_node2] Client GET: key='item:4803'
[dc2_node2] Reading from preference list: ['localhost:50059', 'localhost:50093']
[dc2_node2] Replicated to localhost:50087
[dc2_node2] Replicated to localhost:50178
[dc2_node2] W-quorum achieved (2 writes), returning to client
[dc2_node2] Background replication continues for remaining nodes
[dc2_node2] Successful writes: 3/3
[dc2_node2] Saved 77 keys to disk
[dc2_node2] Key='item:4803' not found
[dc2_node2] Retrieved key='item:2507', versions=12
[dc2_node2] Retrieved key='item:3222', versions=9
[dc2_node2] CONFLICT: 18 sibling versions for 'item:4803'
[dc2_node2] Internal PUT (replication): key='item:3222'
[dc2_node2] CONFLICT detected for key='item:3222', siblings=10
[dc2_node2] Saved 77 keys to disk
[dc2_node2] Client PUT: key='item:2844', value='value_2844_update_client47_op1367'
[dc2_node2] Preference list for 'item:2844': ['localhost:50243', 'localhost:50092', 'localhost:50132']
[dc2_node2] Coordinator NOT in preference list, forwarding only
[dc2_node2] Replicated to localhost:50092
[dc2_node2] Replicated to localhost:50132
[dc2_node2] W-quorum achieved (2 writes), returning to client
[dc2_node2] Background replication continues for remaining nodes
[dc2_node2] Successful writes: 2/3
[dc2_node2] Replicated to localhost:50243
[dc2_node2] Client PUT: key='item:1263', value='value_1263_client27_op1402'
[dc2_node2] Preference list for 'item:1263': ['localhost:50155', 'localhost:50121', 'localhost:50198']
[dc2_node2] Coordinator NOT in preference list, forwarding only
[dc2_node2] Internal PUT (replication): key='item:0217'
[dc2_node2] CONFLICT detected for key='item:0217', siblings=12
[dc2_node2] Internal PUT (replication): key='item:1468'
[dc2_node2] Replicated to localhost:50198
[dc2_node2] Saved 77 keys to disk
[dc2_node2] CONFLICT detected for key='item:1468', siblings=11
[dc2_node2] Replicated to localhost:50121
[dc2_node2] W-quorum achieved (2 writes), returning to client
[dc2_node2] Background replication continues for remaining nodes
[dc2_node2] Successful writes: 2/3
[dc2_node2] Saved 77 keys to disk
[dc2_node2] Replicated to localhost:50155
[dc2_node2] Retrieved key='item:1387', versions=9
[dc2_node2] Internal PUT (replication): key='item:1175'
[dc2_node2] CONFLICT detected for key='item:1175', siblings=10
[dc2_node2] Saved 77 keys to disk
[dc2_node2] Internal PUT (replication): key='item:2371'
[dc2_node2] CONFLICT detected for key='item:2371', siblings=11
[dc2_node2] Saved 77 keys to disk
[dc2_node2] Internal PUT (replication): key='item:0382'
[dc2_node2] CONFLICT detected for key='item:0382', siblings=9
[dc2_node2] Saved 77 keys to disk
[dc2_node2] Client PUT: key='item:1790', value='value_1790_update_client23_op1393'
[dc2_node2] Preference list for 'item:1790': ['localhost:50144', 'localhost:50173', 'localhost:50075']
[dc2_node2] Coordinator NOT in preference list, forwarding only
[dc2_node2] Replicated to localhost:50075
[dc2_node2] Replicated to localhost:50173
[dc2_node2] W-quorum achieved (2 writes), returning to client
[dc2_node2] Background replication continues for remaining nodes
[dc2_node2] Successful writes: 2/3
[dc2_node2] Replicated to localhost:50144
[dc2_node2] Internal PUT (replication): key='item:3191'
[dc2_node2] CONFLICT detected for key='item:3191', siblings=8
[dc2_node2] Client PUT: key='item:1305', value='value_1305_client23_op1396'
[dc2_node2] Preference list for 'item:1305': ['localhost:50205', 'localhost:50098', 'localhost:50145']
[dc2_node2] Coordinator NOT in preference list, forwarding only
[dc2_node2] Internal PUT (replication): key='item:1164'
[dc2_node2] Replicated to localhost:50205
[dc2_node2] Replicated to localhost:50098
[dc2_node2] Internal PUT (replication): key='item:4794'
[dc2_node2] W-quorum achieved (2 writes), returning to client
[dc2_node2] Background replication continues for remaining nodes
[dc2_node2] Successful writes: 2/3
[dc2_node2] Saved 77 keys to disk
[dc2_node2] CONFLICT detected for key='item:1164', siblings=12
[dc2_node2] Replicated to localhost:50145
[dc2_node2] Saved 77 keys to disk
[dc2_node2] CONFLICT detected for key='item:4794', siblings=11
[dc2_node2] Internal PUT (replication): key='item:0062'
[dc2_node2] Saved 77 keys to disk
[dc2_node2] Retrieved key='item:4109', versions=7
[dc2_node2] CONFLICT detected for key='item:0062', siblings=12
[dc2_node2] Saved 77 keys to disk
[dc2_node2] Retrieved key='item:0818', versions=10
[dc2_node2] Client PUT: key='item:2534', value='value_2534_update_client29_op1425'
[dc2_node2] Preference list for 'item:2534': ['localhost:50197', 'localhost:50110', 'localhost:50115']
[dc2_node2] Coordinator NOT in preference list, forwarding only
[dc2_node2] Replicated to localhost:50197
[dc2_node2] Replicated to localhost:50110
[dc2_node2] W-quorum achieved (2 writes), returning to client
[dc2_node2] Background replication continues for remaining nodes
[dc2_node2] Successful writes: 2/3
[dc2_node2] Internal PUT (replication): key='item:3007'
[dc2_node2] CONFLICT detected for key='item:3007', siblings=13
[dc2_node2] Internal PUT (replication): key='item:2078'
[dc2_node2] Saved 77 keys to disk
[dc2_node2] CONFLICT detected for key='item:2078', siblings=11
[dc2_node2] Replicated to localhost:50115
[dc2_node2] Saved 77 keys to disk
[dc2_node2] Internal PUT (replication): key='item:4998'
[dc2_node2] CONFLICT detected for key='item:4998', siblings=7
[dc2_node2] Saved 77 keys to disk
[dc2_node2] Client PUT: key='item:0060', value='value_60_client9_op1405'
[dc2_node2] Preference list for 'item:0060': ['localhost:50097', 'localhost:50137', 'localhost:50190']
[dc2_node2] Coordinator NOT in preference list, forwarding only
[dc2_node2] Client PUT: key='item:2035', value='value_2035_client36_op1413'
[dc2_node2] Preference list for 'item:2035': ['localhost:50149', 'localhost:50192', 'localhost:50168']
[dc2_node2] Coordinator NOT in preference list, forwarding only
[dc2_node2] Internal PUT (replication): key='item:3007'
[dc2_node2] CONFLICT detected for key='item:3007', siblings=14
[dc2_node2] Replicated to localhost:50149
[dc2_node2] Replicated to localhost:50137
[dc2_node2] Saved 77 keys to disk
[dc2_node2] Replicated to localhost:50097
[dc2_node2] Replicated to localhost:50192
[dc2_node2] W-quorum achieved (2 writes), returning to client
[dc2_node2] Background replication continues for remaining nodes
[dc2_node2] Successful writes: 2/3
[dc2_node2] W-quorum achieved (2 writes), returning to client
[dc2_node2] Background replication continues for remaining nodes
[dc2_node2] Successful writes: 2/3
[dc2_node2] Replicated to localhost:50190
[dc2_node2] Replicated to localhost:50168
[dc2_node2] Client PUT: key='item:0923', value='value_923_client40_op1393'
[dc2_node2] Preference list for 'item:0923': ['localhost:50223', 'localhost:50137', 'localhost:50129']
[dc2_node2] Coordinator NOT in preference list, forwarding only
[dc2_node2] Replicated to localhost:50223
[dc2_node2] Retrieved key='item:0091', versions=11
[dc2_node2] Replicated to localhost:50137
[dc2_node2] W-quorum achieved (2 writes), returning to client
[dc2_node2] Background replication continues for remaining nodes
[dc2_node2] Successful writes: 2/3
[dc2_node2] Internal PUT (replication): key='item:4855'
[dc2_node2] CONFLICT detected for key='item:4855', siblings=13
[dc2_node2] Saved 77 keys to disk
[dc2_node2] Replicated to localhost:50129
[dc2_node2] Retrieved key='item:4109', versions=7
[dc2_node2] Client PUT: key='item:3881', value='value_3881_client29_op1436'
[dc2_node2] Preference list for 'item:3881': ['localhost:50206', 'localhost:50078', 'localhost:50147']
[dc2_node2] Coordinator NOT in preference list, forwarding only
[dc2_node2] Replicated to localhost:50206
[dc2_node2] Replicated to localhost:50147
[dc2_node2] W-quorum achieved (2 writes), returning to client
[dc2_node2] Background replication continues for remaining nodes
[dc2_node2] Successful writes: 2/3
[dc2_node2] Replicated to localhost:50078
[dc2_node2] Client PUT: key='item:2888', value='value_2888_client39_op1435'
[dc2_node2] Preference list for 'item:2888': ['localhost:50069', 'localhost:50095', 'localhost:50221']
[dc2_node2] Coordinator NOT in preference list, forwarding only
[dc2_node2] Replicated to localhost:50095
[dc2_node2] Replicated to localhost:50069
[dc2_node2] Replicated to localhost:50221
[dc2_node2] W-quorum achieved (2 writes), returning to client
[dc2_node2] Background replication continues for remaining nodes
[dc2_node2] Successful writes: 3/3
[dc2_node2] Internal PUT (replication): key='item:1458'
[dc2_node2] CONFLICT detected for key='item:1458', siblings=7
[dc2_node2] Client PUT: key='item:0235', value='value_235_update_client14_op1397'
[dc2_node2] Preference list for 'item:0235': ['localhost:50094', 'localhost:50125', 'localhost:50201']
[dc2_node2] Coordinator NOT in preference list, forwarding only
[dc2_node2] Replicated to localhost:50125
[dc2_node2] Replicated to localhost:50201
[dc2_node2] W-quorum achieved (2 writes), returning to client
[dc2_node2] Background replication continues for remaining nodes
[dc2_node2] Successful writes: 2/3
[dc2_node2] Client GET: key='item:4615'
[dc2_node2] Reading from preference list: ['localhost:50169', 'localhost:50102']
[dc2_node2] Saved 77 keys to disk
[dc2_node2] Key='item:4615' not found
[dc2_node2] CONFLICT: 26 sibling versions for 'item:4615'
[dc2_node2] Replicated to localhost:50094
[dc2_node2] Client PUT: key='item:0846', value='value_846_update_client46_op1395'
[dc2_node2] Preference list for 'item:0846': ['localhost:50177', 'localhost:50248', 'localhost:50060']
[dc2_node2] Coordinator NOT in preference list, forwarding only
[dc2_node2] Replicated to localhost:50060
[dc2_node2] Replicated to localhost:50248
[dc2_node2] W-quorum achieved (2 writes), returning to client
[dc2_node2] Background replication continues for remaining nodes
[dc2_node2] Successful writes: 2/3
[dc2_node2] Internal PUT (replication): key='item:2869'
[dc2_node2] CONFLICT detected for key='item:2869', siblings=14
[dc2_node2] Saved 77 keys to disk
[dc2_node2] Replicated to localhost:50177
[dc2_node2] Internal PUT (replication): key='item:0768'
[dc2_node2] CONFLICT detected for key='item:0768', siblings=11
[dc2_node2] Internal PUT (replication): key='item:2104'
[dc2_node2] Saved 77 keys to disk
[dc2_node2] CONFLICT detected for key='item:2104', siblings=13
[dc2_node2] Saved 77 keys to disk
[dc2_node2] Internal PUT (replication): key='item:4855'
[dc2_node2] CONFLICT detected for key='item:4855', siblings=14
[dc2_node2] Saved 77 keys to disk
[dc2_node2] Retrieved key='item:2507', versions=12
[dc2_node2] Internal PUT (replication): key='item:3890'
[dc2_node2] CONFLICT detected for key='item:3890', siblings=15
[dc2_node2] Internal PUT (replication): key='item:3284'
[dc2_node2] Saved 77 keys to disk
[dc2_node2] CONFLICT detected for key='item:3284', siblings=12
[dc2_node2] Saved 77 keys to disk
[dc2_node2] Retrieved key='item:1468', versions=11
[dc2_node2] Retrieved key='item:4109', versions=7
[dc2_node2] Client PUT: key='item:1264', value='value_1264_update_client6_op1448'
[dc2_node2] Preference list for 'item:1264': ['localhost:50192', 'localhost:50160', 'localhost:50085']
[dc2_node2] Coordinator NOT in preference list, forwarding only
[dc2_node2] Replicated to localhost:50160
[dc2_node2] Replicated to localhost:50192
[dc2_node2] W-quorum achieved (2 writes), returning to client
[dc2_node2] Background replication continues for remaining nodes
[dc2_node2] Successful writes: 2/3
[dc2_node2] Retrieved key='item:2104', versions=13
[dc2_node2] Replicated to localhost:50085
[dc2_node2] Retrieved key='item:3022', versions=6
[dc2_node2] Retrieved key='item:2598', versions=5
[dc2_node2] Client PUT: key='item:2161', value='value_2161_client31_op1420'
[dc2_node2] Preference list for 'item:2161': ['localhost:50135', 'localhost:50166', 'localhost:50113']
[dc2_node2] Coordinator NOT in preference list, forwarding only
[dc2_node2] Internal PUT (replication): key='item:2371'
[dc2_node2] CONFLICT detected for key='item:2371', siblings=12
[dc2_node2] Replicated to localhost:50135
[dc2_node2] Internal PUT (replication): key='item:3791'
[dc2_node2] Replicated to localhost:50166
[dc2_node2] W-quorum achieved (2 writes), returning to client
[dc2_node2] Background replication continues for remaining nodes
[dc2_node2] Successful writes: 2/3
[dc2_node2] Saved 77 keys to disk
[dc2_node2] CONFLICT detected for key='item:3791', siblings=8
[dc2_node2] Replicated to localhost:50113
[dc2_node2] Internal PUT (replication): key='item:3284'
[dc2_node2] Saved 77 keys to disk
[dc2_node2] CONFLICT detected for key='item:3284', siblings=13
[dc2_node2] Saved 77 keys to disk
[dc2_node2] Internal PUT (replication): key='item:2929'
[dc2_node2] CONFLICT detected for key='item:2929', siblings=14
[dc2_node2] Saved 77 keys to disk
[dc2_node2] Client GET: key='item:3106'
[dc2_node2] Reading from preference list: ['localhost:50249', 'localhost:50205']
[dc2_node2] Key='item:3106' not found
[dc2_node2] CONFLICT: 29 sibling versions for 'item:3106'
[dc2_node2] Internal PUT (replication): key='item:2939'
[dc2_node2] CONFLICT detected for key='item:2939', siblings=10
[dc2_node2] Internal PUT (replication): key='item:0462'
[dc2_node2] Internal PUT (replication): key='item:0462'
[dc2_node2] Client GET: key='item:3066'
[dc2_node2] Reading from preference list: ['localhost:50195', 'localhost:50149']
[dc2_node2] Saved 77 keys to disk
[dc2_node2] CONFLICT detected for key='item:0462', siblings=6
[dc2_node2] Saved 77 keys to disk
[dc2_node2] CONFLICT detected for key='item:0462', siblings=7
[dc2_node2] Client GET: key='item:3745'
[dc2_node2] Reading from preference list: ['localhost:50159', 'localhost:50115']
[dc2_node2] Saved 77 keys to disk
[dc2_node2] Key='item:3066' not found
[dc2_node2] Retrieved key='item:4165', versions=10
[dc2_node2] Key='item:3745' not found
[dc2_node2] CONFLICT: 16 sibling versions for 'item:3066'
[dc2_node2] CONFLICT: 26 sibling versions for 'item:3745'
[dc2_node2] Internal PUT (replication): key='item:4341'
[dc2_node2] Stored NEW key='item:4341', value='value_4341_update_client34_op1403', clock={dc2_node4:1}
[dc2_node2] Internal PUT (replication): key='item:2371'
[dc2_node2] Saved 78 keys to disk
[dc2_node2] CONFLICT detected for key='item:2371', siblings=13
[dc2_node2] Saved 78 keys to disk
[dc2_node2] Client GET: key='item:2624'
[dc2_node2] Reading from preference list: ['localhost:50203', 'localhost:50119']
[dc2_node2] Key='item:2624' not found
[dc2_node2] CONFLICT: 18 sibling versions for 'item:2624'
[dc2_node2] Client GET: key='item:2516'
[dc2_node2] Reading from preference list: ['localhost:50058', 'localhost:50196']
[dc2_node2] Key='item:2516' not found
[dc2_node2] Client PUT: key='item:0333', value='value_333_update_client24_op1481'
[dc2_node2] Preference list for 'item:0333': ['localhost:50153', 'localhost:50081', 'localhost:50113']
[dc2_node2] Coordinator NOT in preference list, forwarding only
[dc2_node2] CONFLICT: 26 sibling versions for 'item:2516'
[dc2_node2] Replicated to localhost:50113
[dc2_node2] Replicated to localhost:50081
[dc2_node2] W-quorum achieved (2 writes), returning to client
[dc2_node2] Background replication continues for remaining nodes
[dc2_node2] Successful writes: 2/3
[dc2_node2] Replicated to localhost:50153
[dc2_node2] Client PUT: key='item:1990', value='value_1990_client31_op1433'
[dc2_node2] Preference list for 'item:1990': ['localhost:50108', 'localhost:50186', 'localhost:50159']
[dc2_node2] Coordinator NOT in preference list, forwarding only
[dc2_node2] Replicated to localhost:50159
[dc2_node2] Replicated to localhost:50186
[dc2_node2] W-quorum achieved (2 writes), returning to client
[dc2_node2] Background replication continues for remaining nodes
[dc2_node2] Successful writes: 2/3
[dc2_node2] Replicated to localhost:50108
[dc2_node2] Retrieved key='item:1387', versions=9
[dc2_node2] Internal PUT (replication): key='item:2507'
[dc2_node2] CONFLICT detected for key='item:2507', siblings=13
[dc2_node2] Client PUT: key='item:4725', value='value_4725_client2_op1447'
[dc2_node2] Preference list for 'item:4725': ['localhost:50074', 'localhost:50147', 'localhost:50116']
[dc2_node2] Coordinator NOT in preference list, forwarding only
[dc2_node2] Replicated to localhost:50147
[dc2_node2] Replicated to localhost:50116
[dc2_node2] Saved 78 keys to disk
[dc2_node2] W-quorum achieved (2 writes), returning to client
[dc2_node2] Background replication continues for remaining nodes
[dc2_node2] Successful writes: 2/3
[dc2_node2] Internal PUT (replication): key='item:1590'
[dc2_node2] CONFLICT detected for key='item:1590', siblings=6
[dc2_node2] Saved 78 keys to disk
[dc2_node2] Replicated to localhost:50074
[dc2_node2] Internal PUT (replication): key='item:0136'
[dc2_node2] CONFLICT detected for key='item:0136', siblings=8
[dc2_node2] Saved 78 keys to disk
[dc2_node2] Client PUT: key='item:1046', value='value_1046_client0_op1445'
[dc2_node2] Preference list for 'item:1046': ['localhost:50169', 'localhost:50102', 'localhost:50248']
[dc2_node2] Coordinator NOT in preference list, forwarding only
[dc2_node2] Replicated to localhost:50102
[dc2_node2] Replicated to localhost:50248
[dc2_node2] W-quorum achieved (2 writes), returning to client
[dc2_node2] Background replication continues for remaining nodes
[dc2_node2] Successful writes: 2/3
[dc2_node2] Replicated to localhost:50169
[dc2_node2] Retrieved key='item:2058', versions=6
[dc2_node2] Internal PUT (replication): key='item:2598'
[dc2_node2] CONFLICT detected for key='item:2598', siblings=6
[dc2_node2] Saved 78 keys to disk
[dc2_node2] Internal PUT (replication): key='item:2929'
[dc2_node2] CONFLICT detected for key='item:2929', siblings=15
[dc2_node2] Saved 78 keys to disk
[dc2_node2] Client PUT: key='item:1937', value='value_1937_client26_op1440'
[dc2_node2] Preference list for 'item:1937': ['localhost:50079', 'localhost:50135', 'localhost:50229']
[dc2_node2] Coordinator NOT in preference list, forwarding only
[dc2_node2] Replicated to localhost:50135
[dc2_node2] Replicated to localhost:50229
[dc2_node2] W-quorum achieved (2 writes), returning to client
[dc2_node2] Background replication continues for remaining nodes
[dc2_node2] Successful writes: 2/3
[dc2_node2] Replicated to localhost:50079
[dc2_node2] Internal PUT (replication): key='item:0571'
[dc2_node2] CONFLICT detected for key='item:0571', siblings=7
[dc2_node2] Saved 78 keys to disk
[dc2_node2] Internal PUT (replication): key='item:4109'
[dc2_node2] CONFLICT detected for key='item:4109', siblings=8
[dc2_node2] Saved 78 keys to disk
[dc2_node2] Retrieved key='item:1468', versions=11
[dc2_node2] Internal PUT (replication): key='item:0722'
[dc2_node2] CONFLICT detected for key='item:0722', siblings=8
[dc2_node2] Saved 78 keys to disk
[dc2_node2] Client GET: key='item:4653'
[dc2_node2] Reading from preference list: ['localhost:50207', 'localhost:50141']
[dc2_node2] Key='item:4653' not found
[dc2_node2] CONFLICT: 16 sibling versions for 'item:4653'
[dc2_node2] Client PUT: key='item:3267', value='value_3267_client48_op1485'
[dc2_node2] Preference list for 'item:3267': ['localhost:50053', 'localhost:50174', 'localhost:50233']
[dc2_node2] Coordinator NOT in preference list, forwarding only
[dc2_node2] Replicated to localhost:50233
[dc2_node2] Internal PUT (replication): key='item:2507'
[dc2_node2] CONFLICT detected for key='item:2507', siblings=13
[dc2_node2] Saved 78 keys to disk
[dc2_node2] Replicated to localhost:50053
[dc2_node2] W-quorum achieved (2 writes), returning to client
[dc2_node2] Background replication continues for remaining nodes
[dc2_node2] Successful writes: 2/3
[dc2_node2] Replicated to localhost:50174
[dc2_node2] Client GET: key='item:2482'
[dc2_node2] Reading from preference list: ['localhost:50098', 'localhost:50052']
[dc2_node2] Key='item:2482' not found
[dc2_node2] CONFLICT: 10 sibling versions for 'item:2482'
[dc2_node2] Retrieved key='item:4998', versions=7
[dc2_node2] Internal PUT (replication): key='item:2078'
[dc2_node2] CONFLICT detected for key='item:2078', siblings=11
[dc2_node2] Saved 78 keys to disk
[dc2_node2] Internal PUT (replication): key='item:4569'
[dc2_node2] CONFLICT detected for key='item:4569', siblings=8
[dc2_node2] Saved 78 keys to disk
[dc2_node2] Internal PUT (replication): key='item:0062'
[dc2_node2] CONFLICT detected for key='item:0062', siblings=13
[dc2_node2] Saved 78 keys to disk
[dc2_node2] Internal PUT (replication): key='item:3356'
[dc2_node2] CONFLICT detected for key='item:3356', siblings=9
[dc2_node2] Saved 78 keys to disk
[dc2_node2] Client PUT: key='item:1675', value='value_1675_update_client25_op1504'
[dc2_node2] Preference list for 'item:1675': ['localhost:50053', 'localhost:50206', 'localhost:50250']
[dc2_node2] Coordinator NOT in preference list, forwarding only
[dc2_node2] Replicated to localhost:50053
[dc2_node2] Replicated to localhost:50206
[dc2_node2] W-quorum achieved (2 writes), returning to client
[dc2_node2] Background replication continues for remaining nodes
[dc2_node2] Successful writes: 2/3
[dc2_node2] Internal PUT (replication): key='item:0062'
[dc2_node2] CONFLICT detected for key='item:0062', siblings=14
[dc2_node2] Replicated to localhost:50250
[dc2_node2] Saved 78 keys to disk
[dc2_node2] Client GET: key='item:2827'
[dc2_node2] Reading from preference list: ['localhost:50215', 'localhost:50145']
[dc2_node2] Key='item:2827' not found
[dc2_node2] Client GET: key='item:4625'
[dc2_node2] Reading from preference list: ['localhost:50170', 'localhost:50060']
[dc2_node2] Key='item:4625' not found
[dc2_node2] CONFLICT: 23 sibling versions for 'item:2827'
[dc2_node2] CONFLICT: 29 sibling versions for 'item:4625'
[dc2_node2] Internal PUT (replication): key='item:3022'
[dc2_node2] CONFLICT detected for key='item:3022', siblings=7
[dc2_node2] Internal PUT (replication): key='item:0943'
[dc2_node2] Saved 78 keys to disk
[dc2_node2] CONFLICT detected for key='item:0943', siblings=15
[dc2_node2] Saved 78 keys to disk
[dc2_node2] Internal PUT (replication): key='item:2939'
[dc2_node2] CONFLICT detected for key='item:2939', siblings=11
[dc2_node2] Saved 78 keys to disk
[dc2_node2] Retrieved key='item:2565', versions=12
[dc2_node2] Internal PUT (replication): key='item:1164'
[dc2_node2] CONFLICT detected for key='item:1164', siblings=13
[dc2_node2] Internal PUT (replication): key='item:2507'
[dc2_node2] Saved 78 keys to disk
[dc2_node2] CONFLICT detected for key='item:2507', siblings=14
[dc2_node2] Client PUT: key='item:1548', value='value_1548_update_client2_op1487'
[dc2_node2] Preference list for 'item:1548': ['localhost:50058', 'localhost:50150', 'localhost:50166']
[dc2_node2] Coordinator NOT in preference list, forwarding only
[dc2_node2] Internal PUT (replication): key='item:0457'
[dc2_node2] Replicated to localhost:50058
[dc2_node2] Replicated to localhost:50150
[dc2_node2] W-quorum achieved (2 writes), returning to client
[dc2_node2] Background replication continues for remaining nodes
[dc2_node2] Successful writes: 2/3
[dc2_node2] Client PUT: key='item:2774', value='value_2774_update_client2_op1488'
[dc2_node2] Preference list for 'item:2774': ['localhost:50165', 'localhost:50230', 'localhost:50094']
[dc2_node2] Coordinator NOT in preference list, forwarding only
[dc2_node2] Saved 78 keys to disk
[dc2_node2] CONFLICT detected for key='item:0457', siblings=11
[dc2_node2] Saved 78 keys to disk
[dc2_node2] Retrieved key='item:2058', versions=6
[dc2_node2] Replicated to localhost:50166
[dc2_node2] Retrieved key='item:3490', versions=10
[dc2_node2] Client PUT: key='item:2690', value='value_2690_client31_op1472'
[dc2_node2] Preference list for 'item:2690': ['localhost:50060', 'localhost:50225', 'localhost:50246']
[dc2_node2] Coordinator NOT in preference list, forwarding only
[dc2_node2] Replicated to localhost:50165
[dc2_node2] Replicated to localhost:50230
[dc2_node2] W-quorum achieved (2 writes), returning to client
[dc2_node2] Background replication continues for remaining nodes
[dc2_node2] Successful writes: 2/3
[dc2_node2] Replicated to localhost:50246
[dc2_node2] Replicated to localhost:50060
[dc2_node2] W-quorum achieved (2 writes), returning to client
[dc2_node2] Background replication continues for remaining nodes
[dc2_node2] Successful writes: 2/3
[dc2_node2] Replicated to localhost:50225
[dc2_node2] Replicated to localhost:50094
[dc2_node2] Client PUT: key='item:2400', value='value_2400_update_client1_op1504'
[dc2_node2] Preference list for 'item:2400': ['localhost:50150', 'localhost:50111', 'localhost:50244']
[dc2_node2] Coordinator NOT in preference list, forwarding only
[dc2_node2] Replicated to localhost:50150
[dc2_node2] Replicated to localhost:50111
[dc2_node2] W-quorum achieved (2 writes), returning to client
[dc2_node2] Background replication continues for remaining nodes
[dc2_node2] Successful writes: 2/3
[dc2_node2] Replicated to localhost:50244
[dc2_node2] Internal PUT (replication): key='item:1340'
[dc2_node2] CONFLICT detected for key='item:1340', siblings=11
[dc2_node2] Saved 78 keys to disk
[dc2_node2] Client PUT: key='item:0651', value='value_651_update_client49_op1524'
[dc2_node2] Preference list for 'item:0651': ['localhost:50225', 'localhost:50091', 'localhost:50210']
[dc2_node2] Coordinator NOT in preference list, forwarding only
[dc2_node2] Client PUT: key='item:2949', value='value_2949_client38_op1508'
[dc2_node2] Preference list for 'item:2949': ['localhost:50205', 'localhost:50250', 'localhost:50078']
[dc2_node2] Coordinator NOT in preference list, forwarding only
[dc2_node2] Replicated to localhost:50091
[dc2_node2] Replicated to localhost:50225
[dc2_node2] Replicated to localhost:50205
[dc2_node2] W-quorum achieved (2 writes), returning to client
[dc2_node2] Background replication continues for remaining nodes
[dc2_node2] Successful writes: 2/3
[dc2_node2] Replicated to localhost:50250
[dc2_node2] W-quorum achieved (2 writes), returning to client
[dc2_node2] Background replication continues for remaining nodes
[dc2_node2] Successful writes: 2/3
[dc2_node2] Replicated to localhost:50210
[dc2_node2] Replicated to localhost:50078
[dc2_node2] Internal PUT (replication): key='item:1785'
[dc2_node2] CONFLICT detected for key='item:1785', siblings=16
[dc2_node2] Saved 78 keys to disk
[dc2_node2] Client PUT: key='item:0445', value='value_445_update_client45_op1508'
[dc2_node2] Preference list for 'item:0445': ['localhost:50164', 'localhost:50102', 'localhost:50124']
[dc2_node2] Coordinator NOT in preference list, forwarding only
[dc2_node2] Replicated to localhost:50124
[dc2_node2] Replicated to localhost:50164
[dc2_node2] W-quorum achieved (2 writes), returning to client
[dc2_node2] Background replication continues for remaining nodes
[dc2_node2] Successful writes: 2/3
[dc2_node2] Client GET: key='item:1889'
[dc2_node2] Reading from preference list: ['localhost:50189', 'localhost:50060']
[dc2_node2] Key='item:1889' not found
[dc2_node2] Replicated to localhost:50102
[dc2_node2] CONFLICT: 22 sibling versions for 'item:1889'
[dc2_node2] Client PUT: key='item:2692', value='value_2692_client33_op1481'
[dc2_node2] Preference list for 'item:2692': ['localhost:50173', 'localhost:50227', 'localhost:50245']
[dc2_node2] Coordinator NOT in preference list, forwarding only
[dc2_node2] Replicated to localhost:50227
[dc2_node2] Replicated to localhost:50245
[dc2_node2] W-quorum achieved (2 writes), returning to client
[dc2_node2] Background replication continues for remaining nodes
[dc2_node2] Successful writes: 2/3
[dc2_node2] Replicated to localhost:50173
[dc2_node2] Internal PUT (replication): key='item:1340'
[dc2_node2] CONFLICT detected for key='item:1340', siblings=12
[dc2_node2] Saved 78 keys to disk
[dc2_node2] Internal PUT (replication): key='item:1164'
[dc2_node2] CONFLICT detected for key='item:1164', siblings=14
[dc2_node2] Saved 78 keys to disk
[dc2_node2] Retrieved key='item:1578', versions=14
[dc2_node2] Internal PUT (replication): key='item:4794'
[dc2_node2] CONFLICT detected for key='item:4794', siblings=12
[dc2_node2] Saved 78 keys to disk
[dc2_node2] Client PUT: key='item:2924', value='value_2924_update_client47_op1502'
[dc2_node2] Preference list for 'item:2924': ['localhost:50245', 'localhost:50059', 'localhost:50168']
[dc2_node2] Coordinator NOT in preference list, forwarding only
[dc2_node2] Replicated to localhost:50168
[dc2_node2] Replicated to localhost:50245
[dc2_node2] W-quorum achieved (2 writes), returning to client
[dc2_node2] Background replication continues for remaining nodes
[dc2_node2] Successful writes: 2/3
[dc2_node2] Internal PUT (replication): key='item:0768'
[dc2_node2] CONFLICT detected for key='item:0768', siblings=12
[dc2_node2] Replicated to localhost:50059
[dc2_node2] Saved 78 keys to disk
[dc2_node2] Internal PUT (replication): key='item:4381'
[dc2_node2] CONFLICT detected for key='item:4381', siblings=7
[dc2_node2] Saved 78 keys to disk
[dc2_node2] Internal PUT (replication): key='item:2869'
[dc2_node2] CONFLICT detected for key='item:2869', siblings=15
[dc2_node2] Saved 78 keys to disk
[dc2_node2] Internal PUT (replication): key='item:1175'
[dc2_node2] CONFLICT detected for key='item:1175', siblings=11
[dc2_node2] Internal PUT (replication): key='item:1175'
[dc2_node2] Saved 78 keys to disk
[dc2_node2] CONFLICT detected for key='item:1175', siblings=12
[dc2_node2] Saved 78 keys to disk
[dc2_node2] Client GET: key='item:4504'
[dc2_node2] Reading from preference list: ['localhost:50107', 'localhost:50197']
[dc2_node2] Key='item:4504' not found
[dc2_node2] CONFLICT: 20 sibling versions for 'item:4504'
[dc2_node2] Internal PUT (replication): key='item:3007'
[dc2_node2] CONFLICT detected for key='item:3007', siblings=15
[dc2_node2] Saved 78 keys to disk
[dc2_node2] Internal PUT (replication): key='item:4118'
[dc2_node2] CONFLICT detected for key='item:4118', siblings=11
[dc2_node2] Saved 78 keys to disk
[dc2_node2] Client PUT: key='item:1184', value='value_1184_update_client15_op1521'
[dc2_node2] Preference list for 'item:1184': ['localhost:50113', 'localhost:50245', 'localhost:50143']
[dc2_node2] Coordinator NOT in preference list, forwarding only
[dc2_node2] Replicated to localhost:50245
[dc2_node2] Replicated to localhost:50143
[dc2_node2] W-quorum achieved (2 writes), returning to client
[dc2_node2] Background replication continues for remaining nodes
[dc2_node2] Successful writes: 2/3
[dc2_node2] Replicated to localhost:50113
[dc2_node2] Internal PUT (replication): key='item:0382'
[dc2_node2] CONFLICT detected for key='item:0382', siblings=10
[dc2_node2] Saved 78 keys to disk
[dc2_node2] Internal PUT (replication): key='item:1458'
[dc2_node2] CONFLICT detected for key='item:1458', siblings=8
[dc2_node2] Client PUT: key='item:2972', value='value_2972_update_client46_op1513'
[dc2_node2] Preference list for 'item:2972': ['localhost:50158', 'localhost:50122', 'localhost:50059']
[dc2_node2] Coordinator NOT in preference list, forwarding only
[dc2_node2] Saved 78 keys to disk
[dc2_node2] Replicated to localhost:50122
[dc2_node2] Replicated to localhost:50158
[dc2_node2] W-quorum achieved (2 writes), returning to client
[dc2_node2] Background replication continues for remaining nodes
[dc2_node2] Successful writes: 2/3
[dc2_node2] Internal PUT (replication): key='item:4689'
[dc2_node2] CONFLICT detected for key='item:4689', siblings=18
[dc2_node2] Saved 78 keys to disk
[dc2_node2] Internal PUT (replication): key='item:3222'
[dc2_node2] CONFLICT detected for key='item:3222', siblings=11
[dc2_node2] Saved 78 keys to disk
[dc2_node2] Replicated to localhost:50059
[dc2_node2] Client PUT: key='item:0070', value='value_70_update_client49_op1560'
[dc2_node2] Preference list for 'item:0070': ['localhost:50240', 'localhost:50135', 'localhost:50219']
[dc2_node2] Coordinator NOT in preference list, forwarding only
[dc2_node2] Replicated to localhost:50135
[dc2_node2] Replicated to localhost:50240
[dc2_node2] Client PUT: key='item:3677', value='value_3677_update_client47_op1526'
[dc2_node2] Preference list for 'item:3677': ['localhost:50077', 'localhost:50242', 'localhost:50184']
[dc2_node2] Coordinator NOT in preference list, forwarding only
[dc2_node2] W-quorum achieved (2 writes), returning to client
[dc2_node2] Background replication continues for remaining nodes
[dc2_node2] Successful writes: 2/3
[dc2_node2] Replicated to localhost:50077
[dc2_node2] Replicated to localhost:50184
[dc2_node2] W-quorum achieved (2 writes), returning to client
[dc2_node2] Background replication continues for remaining nodes
[dc2_node2] Successful writes: 2/3
[dc2_node2] Replicated to localhost:50219
[dc2_node2] Internal PUT (replication): key='item:2527'
[dc2_node2] CONFLICT detected for key='item:2527', siblings=11
[dc2_node2] Internal PUT (replication): key='item:1468'
[dc2_node2] Replicated to localhost:50242
[dc2_node2] Saved 78 keys to disk
[dc2_node2] CONFLICT detected for key='item:1468', siblings=12
[dc2_node2] Saved 78 keys to disk
[dc2_node2] Internal PUT (replication): key='item:0818'
[dc2_node2] CONFLICT detected for key='item:0818', siblings=11
[dc2_node2] Internal PUT (replication): key='item:0462'
[dc2_node2] Saved 78 keys to disk
[dc2_node2] CONFLICT detected for key='item:0462', siblings=8
[dc2_node2] Saved 78 keys to disk
[dc2_node2] Retrieved key='item:2939', versions=11
[dc2_node2] Internal PUT (replication): key='item:0818'
[dc2_node2] CONFLICT detected for key='item:0818', siblings=12
[dc2_node2] Saved 78 keys to disk
[dc2_node2] Internal PUT (replication): key='item:0091'
[dc2_node2] CONFLICT detected for key='item:0091', siblings=12
[dc2_node2] Saved 78 keys to disk
[dc2_node2] Internal PUT (replication): key='item:1165'
[dc2_node2] CONFLICT detected for key='item:1165', siblings=10
[dc2_node2] Saved 78 keys to disk
[dc2_node2] Client PUT: key='item:4783', value='value_4783_client44_op1544'
[dc2_node2] Preference list for 'item:4783': ['localhost:50108', 'localhost:50121', 'localhost:50077']
[dc2_node2] Coordinator NOT in preference list, forwarding only
[dc2_node2] Replicated to localhost:50121
[dc2_node2] Replicated to localhost:50077
[dc2_node2] W-quorum achieved (2 writes), returning to client
[dc2_node2] Background replication continues for remaining nodes
[dc2_node2] Successful writes: 2/3
[dc2_node2] Internal PUT (replication): key='item:0062'
[dc2_node2] CONFLICT detected for key='item:0062', siblings=15
[dc2_node2] Saved 78 keys to disk
[dc2_node2] Replicated to localhost:50108
[dc2_node2] Internal PUT (replication): key='item:4205'
[dc2_node2] CONFLICT detected for key='item:4205', siblings=10
[dc2_node2] Saved 78 keys to disk
[dc2_node2] Internal PUT (replication): key='item:1735'
[dc2_node2] CONFLICT detected for key='item:1735', siblings=9
[dc2_node2] Saved 78 keys to disk
[dc2_node2] Internal PUT (replication): key='item:0462'
[dc2_node2] CONFLICT detected for key='item:0462', siblings=9
[dc2_node2] Saved 78 keys to disk
[dc2_node2] Client PUT: key='item:3811', value='value_3811_update_client24_op1594'
[dc2_node2] Preference list for 'item:3811': ['localhost:50088', 'localhost:50145', 'localhost:50095']
[dc2_node2] Coordinator NOT in preference list, forwarding only
[dc2_node2] Replicated to localhost:50095
[dc2_node2] Replicated to localhost:50088
[dc2_node2] W-quorum achieved (2 writes), returning to client
[dc2_node2] Background replication continues for remaining nodes
[dc2_node2] Successful writes: 2/3
[dc2_node2] Replicated to localhost:50145
[dc2_node2] Internal PUT (replication): key='item:4568'
[dc2_node2] CONFLICT detected for key='item:4568', siblings=11
[dc2_node2] Saved 78 keys to disk
[dc2_node2] Internal PUT (replication): key='item:4855'
[dc2_node2] CONFLICT detected for key='item:4855', siblings=14
[dc2_node2] Saved 78 keys to disk
[dc2_node2] Internal PUT (replication): key='item:1387'
[dc2_node2] CONFLICT detected for key='item:1387', siblings=10
[dc2_node2] Internal PUT (replication): key='item:4205'
[dc2_node2] Saved 78 keys to disk
[dc2_node2] CONFLICT detected for key='item:4205', siblings=11
[dc2_node2] Internal PUT (replication): key='item:4165'
[dc2_node2] Saved 78 keys to disk
[dc2_node2] CONFLICT detected for key='item:4165', siblings=11
[dc2_node2] Saved 78 keys to disk
[dc2_node2] Internal PUT (replication): key='item:3586'
[dc2_node2] CONFLICT detected for key='item:3586', siblings=8
[dc2_node2] Internal PUT (replication): key='item:2869'
[dc2_node2] Saved 78 keys to disk
[dc2_node2] Retrieved key='item:1340', versions=12
[dc2_node2] CONFLICT detected for key='item:2869', siblings=16
[dc2_node2] Internal PUT (replication): key='item:1458'
[dc2_node2] Saved 78 keys to disk
[dc2_node2] CONFLICT detected for key='item:1458', siblings=9
[dc2_node2] Saved 78 keys to disk
[dc2_node2] Client GET: key='item:1880'
[dc2_node2] Reading from preference list: ['localhost:50242', 'localhost:50126']
[dc2_node2] Key='item:1880' not found
[dc2_node2] CONFLICT: 24 sibling versions for 'item:1880'
[dc2_node2] Client GET: key='item:4713'
[dc2_node2] Reading from preference list: ['localhost:50070', 'localhost:50157']
[dc2_node2] Key='item:4713' not found
[dc2_node2] CONFLICT: 26 sibling versions for 'item:4713'
[dc2_node2] Retrieved key='item:0091', versions=12
[dc2_node2] Internal PUT (replication): key='item:3890'
[dc2_node2] CONFLICT detected for key='item:3890', siblings=16
[dc2_node2] Saved 78 keys to disk
[dc2_node2] Client PUT: key='item:0031', value='value_31_update_client17_op1613'
[dc2_node2] Preference list for 'item:0031': ['localhost:50131', 'localhost:50103', 'localhost:50068']
[dc2_node2] Coordinator NOT in preference list, forwarding only
[dc2_node2] Replicated to localhost:50131
[dc2_node2] Replicated to localhost:50103
[dc2_node2] W-quorum achieved (2 writes), returning to client
[dc2_node2] Background replication continues for remaining nodes
[dc2_node2] Successful writes: 2/3
[dc2_node2] Client PUT: key='item:3142', value='value_3142_client20_op1593'
[dc2_node2] Preference list for 'item:3142': ['localhost:50118', 'localhost:50144', 'localhost:50105']
[dc2_node2] Coordinator NOT in preference list, forwarding only
[dc2_node2] Replicated to localhost:50068
[dc2_node2] Replicated to localhost:50105
[dc2_node2] Replicated to localhost:50144
[dc2_node2] W-quorum achieved (2 writes), returning to client
[dc2_node2] Background replication continues for remaining nodes
[dc2_node2] Successful writes: 2/3
[dc2_node2] Replicated to localhost:50118
[dc2_node2] Internal PUT (replication): key='item:1387'
[dc2_node2] CONFLICT detected for key='item:1387', siblings=11
[dc2_node2] Saved 78 keys to disk
[dc2_node2] Internal PUT (replication): key='item:1468'
[dc2_node2] CONFLICT detected for key='item:1468', siblings=13
[dc2_node2] Internal PUT (replication): key='item:4569'
[dc2_node2] Saved 78 keys to disk
[dc2_node2] CONFLICT detected for key='item:4569', siblings=9
[dc2_node2] Internal PUT (replication): key='item:3022'
[dc2_node2] Saved 78 keys to disk
[dc2_node2] CONFLICT detected for key='item:3022', siblings=8
[dc2_node2] Saved 78 keys to disk
[dc2_node2] Retrieved key='item:1340', versions=12
[dc2_node2] Retrieved key='item:4689', versions=18
[dc2_node2] Internal PUT (replication): key='item:0768'
[dc2_node2] CONFLICT detected for key='item:0768', siblings=13
[dc2_node2] Saved 78 keys to disk
[dc2_node2] Internal PUT (replication): key='item:2104'
[dc2_node2] CONFLICT detected for key='item:2104', siblings=14
[dc2_node2] Internal PUT (replication): key='item:1165'
[dc2_node2] Internal PUT (replication): key='item:2565'
[dc2_node2] Internal PUT (replication): key='item:2371'
[dc2_node2] Saved 78 keys to disk
[dc2_node2] CONFLICT detected for key='item:1165', siblings=11
[dc2_node2] Saved 78 keys to disk
[dc2_node2] CONFLICT detected for key='item:2565', siblings=13
[dc2_node2] Saved 78 keys to disk
[dc2_node2] CONFLICT detected for key='item:2371', siblings=14
[dc2_node2] Saved 78 keys to disk
[dc2_node2] Client PUT: key='item:0383', value='value_383_update_client0_op1575'
[dc2_node2] Preference list for 'item:0383': ['localhost:50223', 'localhost:50242', 'localhost:50066']
[dc2_node2] Coordinator NOT in preference list, forwarding only
[dc2_node2] Internal PUT (replication): key='item:1578'
[dc2_node2] CONFLICT detected for key='item:1578', siblings=15
[dc2_node2] Replicated to localhost:50242
[dc2_node2] Saved 78 keys to disk
[dc2_node2] Internal PUT (replication): key='item:1164'
[dc2_node2] CONFLICT detected for key='item:1164', siblings=15
[dc2_node2] Replicated to localhost:50223
[dc2_node2] Saved 78 keys to disk
[dc2_node2] W-quorum achieved (2 writes), returning to client
[dc2_node2] Background replication continues for remaining nodes
[dc2_node2] Successful writes: 2/3
[dc2_node2] Replicated to localhost:50066
[dc2_node2] Internal PUT (replication): key='item:0943'
[dc2_node2] CONFLICT detected for key='item:0943', siblings=16
[dc2_node2] Saved 78 keys to disk
[dc2_node2] Internal PUT (replication): key='item:4205'
[dc2_node2] CONFLICT detected for key='item:4205', siblings=12
[dc2_node2] Internal PUT (replication): key='item:3178'
[dc2_node2] Saved 78 keys to disk
[dc2_node2] CONFLICT detected for key='item:3178', siblings=12
[dc2_node2] Saved 78 keys to disk
[dc2_node2] Client PUT: key='item:3866', value='value_3866_client13_op1626'
[dc2_node2] Preference list for 'item:3866': ['localhost:50052', 'localhost:50149', 'localhost:50099']
[dc2_node2] Coordinator NOT in preference list, forwarding only
[dc2_node2] Replicated to localhost:50052
[dc2_node2] Replicated to localhost:50099
[dc2_node2] Replicated to localhost:50149
[dc2_node2] W-quorum achieved (2 writes), returning to client
[dc2_node2] Background replication continues for remaining nodes
[dc2_node2] Successful writes: 3/3
[dc2_node2] Internal PUT (replication): key='item:1468'
[dc2_node2] CONFLICT detected for key='item:1468', siblings=14
[dc2_node2] Saved 78 keys to disk
[dc2_node2] Retrieved key='item:0217', versions=12
[dc2_node2] Client PUT: key='item:0942', value='value_942_update_client2_op1589'
[dc2_node2] Preference list for 'item:0942': ['localhost:50054', 'localhost:50171', 'localhost:50248']
[dc2_node2] Coordinator NOT in preference list, forwarding only
[dc2_node2] Replicated to localhost:50248
[dc2_node2] Replicated to localhost:50054
[dc2_node2] W-quorum achieved (2 writes), returning to client
[dc2_node2] Background replication continues for remaining nodes
[dc2_node2] Successful writes: 2/3
[dc2_node2] Replicated to localhost:50171
[dc2_node2] Internal PUT (replication): key='item:1387'
[dc2_node2] CONFLICT detected for key='item:1387', siblings=12
[dc2_node2] Internal PUT (replication): key='item:1165'
[dc2_node2] Saved 78 keys to disk
[dc2_node2] CONFLICT detected for key='item:1165', siblings=12
[dc2_node2] Saved 78 keys to disk
[dc2_node2] Internal PUT (replication): key='item:1578'
[dc2_node2] CONFLICT detected for key='item:1578', siblings=16
[dc2_node2] Saved 78 keys to disk
[dc2_node2] Client PUT: key='item:4667', value='value_4667_update_client7_op1639'
[dc2_node2] Preference list for 'item:4667': ['localhost:50095', 'localhost:50165', 'localhost:50202']
[dc2_node2] Coordinator NOT in preference list, forwarding only
[dc2_node2] Replicated to localhost:50095
[dc2_node2] Replicated to localhost:50165
[dc2_node2] Replicated to localhost:50202
[dc2_node2] W-quorum achieved (2 writes), returning to client
[dc2_node2] Background replication continues for remaining nodes
[dc2_node2] Successful writes: 3/3
[dc2_node2] Internal PUT (replication): key='item:2527'
[dc2_node2] CONFLICT detected for key='item:2527', siblings=12
[dc2_node2] Internal PUT (replication): key='item:1175'
[dc2_node2] Saved 78 keys to disk
[dc2_node2] CONFLICT detected for key='item:1175', siblings=13
[dc2_node2] Saved 78 keys to disk
[dc2_node2] Internal PUT (replication): key='item:2058'
[dc2_node2] CONFLICT detected for key='item:2058', siblings=7
[dc2_node2] Internal PUT (replication): key='item:0136'
[dc2_node2] Internal PUT (replication): key='item:0722'
[dc2_node2] Saved 78 keys to disk
[dc2_node2] CONFLICT detected for key='item:0136', siblings=9
[dc2_node2] Saved 78 keys to disk
[dc2_node2] Retrieved key='item:3222', versions=11
[dc2_node2] CONFLICT detected for key='item:0722', siblings=9
[dc2_node2] Saved 78 keys to disk
[dc2_node2] Retrieved key='item:1387', versions=12
[dc2_node2] Internal PUT (replication): key='item:3890'
[dc2_node2] CONFLICT detected for key='item:3890', siblings=17
[dc2_node2] Client PUT: key='item:4953', value='value_4953_client26_op1589'
[dc2_node2] Preference list for 'item:4953': ['localhost:50140', 'localhost:50184', 'localhost:50244']
[dc2_node2] Coordinator NOT in preference list, forwarding only
[dc2_node2] Saved 78 keys to disk
[dc2_node2] Replicated to localhost:50244
[dc2_node2] Replicated to localhost:50184
[dc2_node2] W-quorum achieved (2 writes), returning to client
[dc2_node2] Background replication continues for remaining nodes
[dc2_node2] Successful writes: 2/3
[dc2_node2] Replicated to localhost:50140
[dc2_node2] Internal PUT (replication): key='item:2371'
[dc2_node2] CONFLICT detected for key='item:2371', siblings=15
[dc2_node2] Saved 78 keys to disk
[dc2_node2] Retrieved key='item:1392', versions=9
[dc2_node2] Retrieved key='item:0382', versions=10
[dc2_node2] Client PUT: key='item:3388', value='value_3388_update_client35_op1602'
[dc2_node2] Preference list for 'item:3388': ['localhost:50189', 'localhost:50069', 'localhost:50139']
[dc2_node2] Coordinator NOT in preference list, forwarding only
[dc2_node2] Client PUT: key='item:3456', value='value_3456_client28_op1635'
[dc2_node2] Preference list for 'item:3456': ['localhost:50106', 'localhost:50209', 'localhost:50122']
[dc2_node2] Coordinator NOT in preference list, forwarding only
[dc2_node2] Replicated to localhost:50139
[dc2_node2] Replicated to localhost:50069
[dc2_node2] W-quorum achieved (2 writes), returning to client
[dc2_node2] Background replication continues for remaining nodes
[dc2_node2] Successful writes: 2/3
[dc2_node2] Replicated to localhost:50122
[dc2_node2] Replicated to localhost:50106
[dc2_node2] W-quorum achieved (2 writes), returning to client
[dc2_node2] Background replication continues for remaining nodes
[dc2_node2] Successful writes: 2/3
[dc2_node2] Replicated to localhost:50209
[dc2_node2] Replicated to localhost:50189
[dc2_node2] Internal PUT (replication): key='item:2662'
[dc2_node2] CONFLICT detected for key='item:2662', siblings=4
[dc2_node2] Saved 78 keys to disk
[dc2_node2] Retrieved key='item:2527', versions=12
[dc2_node2] Client GET: key='item:4215'
[dc2_node2] Reading from preference list: ['localhost:50104', 'localhost:50113']
[dc2_node2] Key='item:4215' not found
[dc2_node2] Internal PUT (replication): key='item:0091'
[dc2_node2] CONFLICT detected for key='item:0091', siblings=13
[dc2_node2] Saved 78 keys to disk
[dc2_node2] Internal PUT (replication): key='item:2348'
[dc2_node2] CONFLICT detected for key='item:2348', siblings=13
[dc2_node2] CONFLICT: 22 sibling versions for 'item:4215'
[dc2_node2] Saved 78 keys to disk
[dc2_node2] Internal PUT (replication): key='item:1340'
[dc2_node2] CONFLICT detected for key='item:1340', siblings=13
[dc2_node2] Internal PUT (replication): key='item:4052'
[dc2_node2] Saved 78 keys to disk
[dc2_node2] CONFLICT detected for key='item:4052', siblings=13
[dc2_node2] Client PUT: key='item:2247', value='value_2247_client31_op1598'
[dc2_node2] Preference list for 'item:2247': ['localhost:50052', 'localhost:50148', 'localhost:50097']
[dc2_node2] Coordinator NOT in preference list, forwarding only
[dc2_node2] Replicated to localhost:50097
[dc2_node2] Internal PUT (replication): key='item:3534'
[dc2_node2] Replicated to localhost:50052
[dc2_node2] W-quorum achieved (2 writes), returning to client
[dc2_node2] Background replication continues for remaining nodes
[dc2_node2] Successful writes: 2/3
[dc2_node2] Saved 78 keys to disk
[dc2_node2] CONFLICT detected for key='item:3534', siblings=2
[dc2_node2] Saved 78 keys to disk
[dc2_node2] Replicated to localhost:50148
[dc2_node2] Retrieved key='item:2565', versions=13
[dc2_node2] Retrieved key='item:2942', versions=10
[dc2_node2] Internal PUT (replication): key='item:4794'
[dc2_node2] CONFLICT detected for key='item:4794', siblings=13
[dc2_node2] Client GET: key='item:1617'
[dc2_node2] Reading from preference list: ['localhost:50095', 'localhost:50058']
[dc2_node2] Saved 78 keys to disk
[dc2_node2] Retrieved key='item:2371', versions=15
[dc2_node2] Key='item:1617' not found
[dc2_node2] Internal PUT (replication): key='item:2929'
[dc2_node2] CONFLICT detected for key='item:2929', siblings=15
[dc2_node2] Saved 78 keys to disk
[dc2_node2] Client PUT: key='item:0286', value='value_286_client9_op1638'
[dc2_node2] Preference list for 'item:0286': ['localhost:50118', 'localhost:50215', 'localhost:50234']
[dc2_node2] Coordinator NOT in preference list, forwarding only
[dc2_node2] Replicated to localhost:50118
[dc2_node2] CONFLICT: 32 sibling versions for 'item:1617'
[dc2_node2] Client GET: key='item:3773'
[dc2_node2] Reading from preference list: ['localhost:50071', 'localhost:50105']
[dc2_node2] Key='item:3773' not found
[dc2_node2] Replicated to localhost:50234
[dc2_node2] W-quorum achieved (2 writes), returning to client
[dc2_node2] Background replication continues for remaining nodes
[dc2_node2] Successful writes: 2/3
[dc2_node2] CONFLICT: 26 sibling versions for 'item:3773'
[dc2_node2] Replicated to localhost:50215
[dc2_node2] Internal PUT (replication): key='item:1785'
[dc2_node2] CONFLICT detected for key='item:1785', siblings=17
[dc2_node2] Saved 78 keys to disk
[dc2_node2] Retrieved key='item:0091', versions=13
[dc2_node2] Client PUT: key='item:1760', value='value_1760_client5_op1672'
[dc2_node2] Preference list for 'item:1760': ['localhost:50245', 'localhost:50062', 'localhost:50081']
[dc2_node2] Coordinator NOT in preference list, forwarding only
[dc2_node2] Internal PUT (replication): key='item:0484'
[dc2_node2] CONFLICT detected for key='item:0484', siblings=14
[dc2_node2] Replicated to localhost:50245
[dc2_node2] Replicated to localhost:50062
[dc2_node2] W-quorum achieved (2 writes), returning to client
[dc2_node2] Background replication continues for remaining nodes
[dc2_node2] Successful writes: 2/3
[dc2_node2] Replicated to localhost:50081
[dc2_node2] Saved 78 keys to disk
[dc2_node2] Retrieved key='item:4165', versions=11
[dc2_node2] Client GET: key='item:2830'
[dc2_node2] Reading from preference list: ['localhost:50095', 'localhost:50133']
[dc2_node2] Key='item:2830' not found
[dc2_node2] CONFLICT: 26 sibling versions for 'item:2830'
[dc2_node2] Retrieved key='item:3356', versions=9
[dc2_node2] Client PUT: key='item:2007', value='value_2007_update_client36_op1657'
[dc2_node2] Preference list for 'item:2007': ['localhost:50205', 'localhost:50063', 'localhost:50098']
[dc2_node2] Coordinator NOT in preference list, forwarding only
[dc2_node2] Client PUT: key='item:4688', value='value_4688_client39_op1688'
[dc2_node2] Preference list for 'item:4688': ['localhost:50176', 'localhost:50098', 'localhost:50167']
[dc2_node2] Coordinator NOT in preference list, forwarding only
[dc2_node2] Replicated to localhost:50205
[dc2_node2] Replicated to localhost:50098
[dc2_node2] W-quorum achieved (2 writes), returning to client
[dc2_node2] Background replication continues for remaining nodes
[dc2_node2] Successful writes: 2/3
[dc2_node2] Replicated to localhost:50176
[dc2_node2] Client GET: key='item:3681'
[dc2_node2] Reading from preference list: ['localhost:50108', 'localhost:50200']
[dc2_node2] Key='item:3681' not found
[dc2_node2] Client PUT: key='item:4244', value='value_4244_client40_op1634'
[dc2_node2] Preference list for 'item:4244': ['localhost:50203', 'localhost:50222', 'localhost:50064']
[dc2_node2] Coordinator NOT in preference list, forwarding only
[dc2_node2] Replicated to localhost:50167
[dc2_node2] W-quorum achieved (2 writes), returning to client
[dc2_node2] Background replication continues for remaining nodes
[dc2_node2] Successful writes: 2/3
[dc2_node2] Replicated to localhost:50098
[dc2_node2] Replicated to localhost:50064
[dc2_node2] Replicated to localhost:50203
[dc2_node2] W-quorum achieved (2 writes), returning to client
[dc2_node2] Background replication continues for remaining nodes
[dc2_node2] Successful writes: 2/3
[dc2_node2] Internal PUT (replication): key='item:0062'
[dc2_node2] CONFLICT detected for key='item:0062', siblings=16
[dc2_node2] CONFLICT: 28 sibling versions for 'item:3681'
[dc2_node2] Saved 78 keys to disk
[dc2_node2] Replicated to localhost:50222
[dc2_node2] Retrieved key='item:4998', versions=7
[dc2_node2] Client GET: key='item:4963'
[dc2_node2] Reading from preference list: ['localhost:50099', 'localhost:50055']
[dc2_node2] Key='item:4963' not found
[dc2_node2] Replicated to localhost:50063
[dc2_node2] Internal PUT (replication): key='item:4052'
[dc2_node2] CONFLICT detected for key='item:4052', siblings=14
[dc2_node2] Client GET: key='item:2468'
[dc2_node2] Reading from preference list: ['localhost:50168', 'localhost:50099']
[dc2_node2] Saved 78 keys to disk
[dc2_node2] Key='item:2468' not found
[dc2_node2] CONFLICT: 16 sibling versions for 'item:2468'
[dc2_node2] CONFLICT: 20 sibling versions for 'item:4963'
[dc2_node2] Internal PUT (replication): key='item:0217'
[dc2_node2] CONFLICT detected for key='item:0217', siblings=13
[dc2_node2] Saved 78 keys to disk
[dc2_node2] Client GET: key='item:1011'
[dc2_node2] Reading from preference list: ['localhost:50094', 'localhost:50119']
[dc2_node2] Key='item:1011' not found
[dc2_node2] Internal PUT (replication): key='item:0484'
[dc2_node2] CONFLICT detected for key='item:0484', siblings=15
[dc2_node2] Internal PUT (replication): key='item:0091'
[dc2_node2] CONFLICT: 22 sibling versions for 'item:1011'
[dc2_node2] Internal PUT (replication): key='item:4689'
[dc2_node2] Saved 78 keys to disk
[dc2_node2] CONFLICT detected for key='item:0091', siblings=14
[dc2_node2] Saved 78 keys to disk
[dc2_node2] CONFLICT detected for key='item:4689', siblings=19
[dc2_node2] Saved 78 keys to disk
[dc2_node2] Retrieved key='item:3191', versions=8
[dc2_node2] Client PUT: key='item:1010', value='value_1010_update_client8_op1668'
[dc2_node2] Preference list for 'item:1010': ['localhost:50223', 'localhost:50053', 'localhost:50243']
[dc2_node2] Coordinator NOT in preference list, forwarding only
[dc2_node2] Replicated to localhost:50223
[dc2_node2] Replicated to localhost:50243
[dc2_node2] W-quorum achieved (2 writes), returning to client
[dc2_node2] Background replication continues for remaining nodes
[dc2_node2] Successful writes: 2/3
[dc2_node2] Replicated to localhost:50053
[dc2_node2] Retrieved key='item:1458', versions=9
[dc2_node2] Retrieved key='item:1340', versions=13
[dc2_node2] Retrieved key='item:1578', versions=16
[dc2_node2] Internal PUT (replication): key='item:3222'
[dc2_node2] CONFLICT detected for key='item:3222', siblings=12
[dc2_node2] Internal PUT (replication): key='item:2016'
[dc2_node2] Saved 78 keys to disk
[dc2_node2] CONFLICT detected for key='item:2016', siblings=13
[dc2_node2] Saved 78 keys to disk
[dc2_node2] Internal PUT (replication): key='item:2770'
[dc2_node2] CONFLICT detected for key='item:2770', siblings=8
[dc2_node2] Saved 78 keys to disk
[dc2_node2] Internal PUT (replication): key='item:1175'
[dc2_node2] CONFLICT detected for key='item:1175', siblings=14
[dc2_node2] Saved 78 keys to disk
[dc2_node2] Client PUT: key='item:1343', value='value_1343_client11_op1674'
[dc2_node2] Preference list for 'item:1343': ['localhost:50103', 'localhost:50223', 'localhost:50143']
[dc2_node2] Coordinator NOT in preference list, forwarding only
[dc2_node2] Replicated to localhost:50103
[dc2_node2] Replicated to localhost:50223
[dc2_node2] W-quorum achieved (2 writes), returning to client
[dc2_node2] Background replication continues for remaining nodes
[dc2_node2] Successful writes: 2/3
[dc2_node2] Retrieved key='item:0571', versions=7
[dc2_node2] Retrieved key='item:4998', versions=7
[dc2_node2] Replicated to localhost:50143
[dc2_node2] Internal PUT (replication): key='item:2527'
[dc2_node2] CONFLICT detected for key='item:2527', siblings=13
[dc2_node2] Saved 78 keys to disk
[dc2_node2] Internal PUT (replication): key='item:2371'
[dc2_node2] CONFLICT detected for key='item:2371', siblings=16
[dc2_node2] Saved 78 keys to disk
[dc2_node2] Internal PUT (replication): key='item:0484'
[dc2_node2] CONFLICT detected for key='item:0484', siblings=16
[dc2_node2] Saved 78 keys to disk
[dc2_node2] Internal PUT (replication): key='item:3356'
[dc2_node2] CONFLICT detected for key='item:3356', siblings=10
[dc2_node2] Saved 78 keys to disk
[dc2_node2] Retrieved key='item:3222', versions=12
[dc2_node2] Internal PUT (replication): key='item:3838'
[dc2_node2] CONFLICT detected for key='item:3838', siblings=9
[dc2_node2] Internal PUT (replication): key='item:1387'
[dc2_node2] Saved 78 keys to disk
[dc2_node2] CONFLICT detected for key='item:1387', siblings=13
[dc2_node2] Saved 78 keys to disk
[dc2_node2] Internal PUT (replication): key='item:1175'
[dc2_node2] CONFLICT detected for key='item:1175', siblings=15
[dc2_node2] Internal PUT (replication): key='item:3356'
[dc2_node2] Saved 78 keys to disk
[dc2_node2] CONFLICT detected for key='item:3356', siblings=11
[dc2_node2] Saved 78 keys to disk
[dc2_node2] Client PUT: key='item:3917', value='value_3917_client6_op1702'
[dc2_node2] Preference list for 'item:3917': ['localhost:50082', 'localhost:50127', 'localhost:50210']
[dc2_node2] Coordinator NOT in preference list, forwarding only
[dc2_node2] Replicated to localhost:50082
[dc2_node2] Internal PUT (replication): key='item:1129'
[dc2_node2] CONFLICT detected for key='item:1129', siblings=10
[dc2_node2] Replicated to localhost:50210
[dc2_node2] W-quorum achieved (2 writes), returning to client
[dc2_node2] Background replication continues for remaining nodes
[dc2_node2] Successful writes: 2/3
[dc2_node2] Replicated to localhost:50127
[dc2_node2] Client GET: key='item:3674'
[dc2_node2] Reading from preference list: ['localhost:50056', 'localhost:50125']
[dc2_node2] Saved 78 keys to disk
[dc2_node2] Key='item:3674' not found
[dc2_node2] Internal PUT (replication): key='item:1578'
[dc2_node2] CONFLICT detected for key='item:1578', siblings=17
[dc2_node2] Saved 78 keys to disk
[dc2_node2] CONFLICT: 18 sibling versions for 'item:3674'
[dc2_node2] Retrieved key='item:1785', versions=17
[dc2_node2] Internal PUT (replication): key='item:1578'
[dc2_node2] CONFLICT detected for key='item:1578', siblings=18
[dc2_node2] Saved 78 keys to disk
[dc2_node2] Retrieved key='item:0484', versions=16
[dc2_node2] Client PUT: key='item:2680', value='value_2680_update_client0_op1695'
[dc2_node2] Preference list for 'item:2680': ['localhost:50100', 'localhost:50055', 'localhost:50240']
[dc2_node2] Coordinator NOT in preference list, forwarding only
[dc2_node2] Replicated to localhost:50100
[dc2_node2] Replicated to localhost:50240
[dc2_node2] W-quorum achieved (2 writes), returning to client
[dc2_node2] Background replication continues for remaining nodes
[dc2_node2] Successful writes: 2/3
[dc2_node2] Retrieved key='item:3022', versions=8
[dc2_node2] Replicated to localhost:50055
[dc2_node2] Client GET: key='item:1989'
[dc2_node2] Reading from preference list: ['localhost:50063', 'localhost:50148']
[dc2_node2] Key='item:1989' not found
[dc2_node2] CONFLICT: 26 sibling versions for 'item:1989'
[dc2_node2] Internal PUT (replication): key='item:0457'
[dc2_node2] CONFLICT detected for key='item:0457', siblings=12
[dc2_node2] Saved 78 keys to disk
[dc2_node2] Retrieved key='item:0091', versions=14
[dc2_node2] Client PUT: key='item:1001', value='value_1001_client47_op1690'
[dc2_node2] Preference list for 'item:1001': ['localhost:50087', 'localhost:50170', 'localhost:50217']
[dc2_node2] Coordinator NOT in preference list, forwarding only
[dc2_node2] Replicated to localhost:50170
[dc2_node2] Retrieved key='item:0484', versions=16
[dc2_node2] Replicated to localhost:50087
[dc2_node2] W-quorum achieved (2 writes), returning to client
[dc2_node2] Background replication continues for remaining nodes
[dc2_node2] Successful writes: 2/3
[dc2_node2] Internal PUT (replication): key='item:1578'
[dc2_node2] CONFLICT detected for key='item:1578', siblings=19
[dc2_node2] Replicated to localhost:50217
[dc2_node2] Client GET: key='item:4591'
[dc2_node2] Reading from preference list: ['localhost:50119', 'localhost:50146']
[dc2_node2] Saved 78 keys to disk
[dc2_node2] Key='item:4591' not found
[dc2_node2] CONFLICT: 22 sibling versions for 'item:4591'
[dc2_node2] Internal PUT (replication): key='item:1193'
[dc2_node2] CONFLICT detected for key='item:1193', siblings=16
[dc2_node2] Saved 78 keys to disk
[dc2_node2] Retrieved key='item:0484', versions=16
[dc2_node2] Internal PUT (replication): key='item:2125'
[dc2_node2] CONFLICT detected for key='item:2125', siblings=12
[dc2_node2] Internal PUT (replication): key='item:1387'
[dc2_node2] Client GET: key='item:1958'
[dc2_node2] Reading from preference list: ['localhost:50211', 'localhost:50102']
[dc2_node2] Saved 78 keys to disk
[dc2_node2] CONFLICT detected for key='item:1387', siblings=14
[dc2_node2] Saved 78 keys to disk
[dc2_node2] Key='item:1958' not found
[dc2_node2] CONFLICT: 27 sibling versions for 'item:1958'
[dc2_node2] Client PUT: key='item:3547', value='value_3547_client9_op1712'
[dc2_node2] Preference list for 'item:3547': ['localhost:50131', 'localhost:50183', 'localhost:50076']
[dc2_node2] Coordinator NOT in preference list, forwarding only
[dc2_node2] Replicated to localhost:50183
[dc2_node2] Replicated to localhost:50076
[dc2_node2] W-quorum achieved (2 writes), returning to client
[dc2_node2] Background replication continues for remaining nodes
[dc2_node2] Successful writes: 2/3
[dc2_node2] Internal PUT (replication): key='item:4689'
[dc2_node2] CONFLICT detected for key='item:4689', siblings=20
[dc2_node2] Internal PUT (replication): key='item:1164'
[dc2_node2] Client GET: key='item:2409'
[dc2_node2] Reading from preference list: ['localhost:50192', 'localhost:50177']
[dc2_node2] Saved 78 keys to disk
[dc2_node2] CONFLICT detected for key='item:1164', siblings=16
[dc2_node2] Replicated to localhost:50131
[dc2_node2] Saved 78 keys to disk
[dc2_node2] Key='item:2409' not found
[dc2_node2] CONFLICT: 20 sibling versions for 'item:2409'
[dc2_node2] Internal PUT (replication): key='item:4568'
[dc2_node2] CONFLICT detected for key='item:4568', siblings=12
[dc2_node2] Saved 78 keys to disk
[dc2_node2] Internal PUT (replication): key='item:4165'
[dc2_node2] CONFLICT detected for key='item:4165', siblings=11
[dc2_node2] Saved 78 keys to disk
[dc2_node2] Retrieved key='item:0457', versions=12
[dc2_node2] Client GET: key='item:1424'
[dc2_node2] Reading from preference list: ['localhost:50136', 'localhost:50077']
[dc2_node2] Key='item:1424' not found
[dc2_node2] CONFLICT: 26 sibling versions for 'item:1424'
[dc2_node2] Internal PUT (replication): key='item:3022'
[dc2_node2] CONFLICT detected for key='item:3022', siblings=9
[dc2_node2] Internal PUT (replication): key='item:2770'
[dc2_node2] Saved 78 keys to disk
[dc2_node2] CONFLICT detected for key='item:2770', siblings=9
[dc2_node2] Saved 78 keys to disk
[dc2_node2] Retrieved key='item:4689', versions=20
[dc2_node2] Client PUT: key='item:2239', value='value_2239_client22_op1733'
[dc2_node2] Preference list for 'item:2239': ['localhost:50147', 'localhost:50077', 'localhost:50061']
[dc2_node2] Coordinator NOT in preference list, forwarding only
[dc2_node2] Replicated to localhost:50147
[dc2_node2] Replicated to localhost:50061
[dc2_node2] W-quorum achieved (2 writes), returning to client
[dc2_node2] Background replication continues for remaining nodes
[dc2_node2] Successful writes: 2/3
[dc2_node2] Client PUT: key='item:4623', value='value_4623_client48_op1746'
[dc2_node2] Preference list for 'item:4623': ['localhost:50136', 'localhost:50128', 'localhost:50063']
[dc2_node2] Coordinator NOT in preference list, forwarding only
[dc2_node2] Replicated to localhost:50128
[dc2_node2] Replicated to localhost:50136
[dc2_node2] W-quorum achieved (2 writes), returning to client
[dc2_node2] Background replication continues for remaining nodes
[dc2_node2] Successful writes: 2/3
[dc2_node2] Replicated to localhost:50077
[dc2_node2] Internal PUT (replication): key='item:2348'
[dc2_node2] CONFLICT detected for key='item:2348', siblings=14
[dc2_node2] Saved 78 keys to disk
[dc2_node2] Internal PUT (replication): key='item:4998'
[dc2_node2] CONFLICT detected for key='item:4998', siblings=8
[dc2_node2] Replicated to localhost:50063
[dc2_node2] Saved 78 keys to disk
[dc2_node2] Retrieved key='item:0818', versions=12
[dc2_node2] Client GET: key='item:3826'
[dc2_node2] Reading from preference list: ['localhost:50170', 'localhost:50087']
[dc2_node2] Key='item:3826' not found
[dc2_node2] CONFLICT: 26 sibling versions for 'item:3826'
[dc2_node2] Client GET: key='item:0507'
[dc2_node2] Reading from preference list: ['localhost:50229', 'localhost:50203']
[dc2_node2] Key='item:0507' not found
[dc2_node2] Client GET: key='item:2104'
[dc2_node2] Reading from preference list: ['localhost:50072', 'localhost:50173']
[dc2_node2] Retrieved key='item:2104', versions=14
[dc2_node2] CONFLICT: 22 sibling versions for 'item:0507'
[dc2_node2] Client PUT: key='item:2296', value='value_2296_client37_op1747'
[dc2_node2] Preference list for 'item:2296': ['localhost:50102', 'localhost:50238', 'localhost:50158']
[dc2_node2] Coordinator NOT in preference list, forwarding only
[dc2_node2] Replicated to localhost:50238
[dc2_node2] Retrieved key='item:3022', versions=9
[dc2_node2] Replicated to localhost:50158
[dc2_node2] W-quorum achieved (2 writes), returning to client
[dc2_node2] Background replication continues for remaining nodes
[dc2_node2] Successful writes: 2/3
[dc2_node2] Internal PUT (replication): key='item:3890'
[dc2_node2] CONFLICT detected for key='item:3890', siblings=18
[dc2_node2] CONFLICT: 27 sibling versions for 'item:2104'
[dc2_node2] Replicated to localhost:50102
[dc2_node2] Internal PUT (replication): key='item:1468'
[dc2_node2] Saved 78 keys to disk
[dc2_node2] CONFLICT detected for key='item:1468', siblings=15
[dc2_node2] Saved 78 keys to disk
[dc2_node2] Retrieved key='item:4118', versions=11
[dc2_node2] Internal PUT (replication): key='item:2869'
[dc2_node2] CONFLICT detected for key='item:2869', siblings=17
[dc2_node2] Client PUT: key='item:3337', value='value_3337_update_client32_op1774'
[dc2_node2] Preference list for 'item:3337': ['localhost:50199', 'localhost:50121', 'localhost:50103']
[dc2_node2] Coordinator NOT in preference list, forwarding only
[dc2_node2] Saved 78 keys to disk
[dc2_node2] Replicated to localhost:50121
[dc2_node2] Replicated to localhost:50199
[dc2_node2] Replicated to localhost:50103
[dc2_node2] W-quorum achieved (2 writes), returning to client
[dc2_node2] Background replication continues for remaining nodes
[dc2_node2] Successful writes: 3/3
[dc2_node2] Internal PUT (replication): key='item:4998'
[dc2_node2] CONFLICT detected for key='item:4998', siblings=9
[dc2_node2] Saved 78 keys to disk
[dc2_node2] Client PUT: key='item:1533', value='value_1533_update_client18_op1750'
[dc2_node2] Preference list for 'item:1533': ['localhost:50190', 'localhost:50090', 'localhost:50168']
[dc2_node2] Coordinator NOT in preference list, forwarding only
[dc2_node2] Client PUT: key='item:1115', value='value_1115_client48_op1758'
[dc2_node2] Preference list for 'item:1115': ['localhost:50058', 'localhost:50138', 'localhost:50102']
[dc2_node2] Coordinator NOT in preference list, forwarding only
[dc2_node2] Replicated to localhost:50168
[dc2_node2] Replicated to localhost:50190
[dc2_node2] W-quorum achieved (2 writes), returning to client
[dc2_node2] Background replication continues for remaining nodes
[dc2_node2] Successful writes: 2/3
[dc2_node2] Replicated to localhost:50138
[dc2_node2] Replicated to localhost:50102
[dc2_node2] W-quorum achieved (2 writes), returning to client
[dc2_node2] Background replication continues for remaining nodes
[dc2_node2] Successful writes: 2/3
[dc2_node2] Retrieved key='item:2869', versions=17
[dc2_node2] Replicated to localhost:50058
[dc2_node2] Replicated to localhost:50090
[dc2_node2] Retrieved key='item:1156', versions=17
[dc2_node2] Internal PUT (replication): key='item:2078'
[dc2_node2] CONFLICT detected for key='item:2078', siblings=12
[dc2_node2] Saved 78 keys to disk
[dc2_node2] Internal PUT (replication): key='item:1236'
[dc2_node2] CONFLICT detected for key='item:1236', siblings=10
[dc2_node2] Saved 78 keys to disk
[dc2_node2] Retrieved key='item:3791', versions=8
[dc2_node2] Client PUT: key='item:4121', value='value_4121_client25_op1765'
[dc2_node2] Preference list for 'item:4121': ['localhost:50162', 'localhost:50219', 'localhost:50124']
[dc2_node2] Coordinator NOT in preference list, forwarding only
[dc2_node2] Replicated to localhost:50219
[dc2_node2] Retrieved key='item:1156', versions=17
[dc2_node2] Internal PUT (replication): key='item:4689'
[dc2_node2] CONFLICT detected for key='item:4689', siblings=21
[dc2_node2] Saved 78 keys to disk
[dc2_node2] Replicated to localhost:50162
[dc2_node2] W-quorum achieved (2 writes), returning to client
[dc2_node2] Background replication continues for remaining nodes
[dc2_node2] Successful writes: 2/3
[dc2_node2] Replicated to localhost:50124
[dc2_node2] Client PUT: key='item:2467', value='value_2467_update_client1_op1777'
[dc2_node2] Preference list for 'item:2467': ['localhost:50167', 'localhost:50104', 'localhost:50058']
[dc2_node2] Coordinator NOT in preference list, forwarding only
[dc2_node2] Replicated to localhost:50058
[dc2_node2] Replicated to localhost:50167
[dc2_node2] W-quorum achieved (2 writes), returning to client
[dc2_node2] Background replication continues for remaining nodes
[dc2_node2] Successful writes: 2/3
[dc2_node2] Retrieved key='item:2565', versions=13
[dc2_node2] Client PUT: key='item:3657', value='value_3657_client33_op1734'
[dc2_node2] Preference list for 'item:3657': ['localhost:50086', 'localhost:50148', 'localhost:50227']
[dc2_node2] Coordinator NOT in preference list, forwarding only
[dc2_node2] Internal PUT (replication): key='item:4689'
[dc2_node2] CONFLICT detected for key='item:4689', siblings=22
[dc2_node2] Replicated to localhost:50104
[dc2_node2] Saved 78 keys to disk
[dc2_node2] Retrieved key='item:4794', versions=13
[dc2_node2] Replicated to localhost:50086
[dc2_node2] Client GET: key='item:2126'
[dc2_node2] Reading from preference list: ['localhost:50173', 'localhost:50117']
[dc2_node2] Key='item:2126' not found
[dc2_node2] CONFLICT: 34 sibling versions for 'item:2126'
[dc2_node2] Replicated to localhost:50148
[dc2_node2] Replicated to localhost:50227
[dc2_node2] W-quorum achieved (2 writes), returning to client
[dc2_node2] Background replication continues for remaining nodes
[dc2_node2] Successful writes: 3/3
[dc2_node2] Client PUT: key='item:3972', value='value_3972_client39_op1802'
[dc2_node2] Preference list for 'item:3972': ['localhost:50233', 'localhost:50098', 'localhost:50146']
[dc2_node2] Coordinator NOT in preference list, forwarding only
[dc2_node2] Replicated to localhost:50098
[dc2_node2] Replicated to localhost:50233
[dc2_node2] W-quorum achieved (2 writes), returning to client
[dc2_node2] Background replication continues for remaining nodes
[dc2_node2] Successful writes: 2/3
[dc2_node2] Replicated to localhost:50146
[dc2_node2] Internal PUT (replication): key='item:4568'
[dc2_node2] CONFLICT detected for key='item:4568', siblings=13
[dc2_node2] Saved 78 keys to disk
[dc2_node2] Internal PUT (replication): key='item:1340'
[dc2_node2] CONFLICT detected for key='item:1340', siblings=14
[dc2_node2] Saved 78 keys to disk
[dc2_node2] Internal PUT (replication): key='item:0818'
[dc2_node2] CONFLICT detected for key='item:0818', siblings=13
[dc2_node2] Saved 78 keys to disk
[dc2_node2] Internal PUT (replication): key='item:2104'
[dc2_node2] CONFLICT detected for key='item:2104', siblings=15
[dc2_node2] Client PUT: key='item:2520', value='value_2520_client0_op1761'
[dc2_node2] Preference list for 'item:2520': ['localhost:50219', 'localhost:50094', 'localhost:50138']
[dc2_node2] Coordinator NOT in preference list, forwarding only
[dc2_node2] Replicated to localhost:50219
[dc2_node2] Saved 78 keys to disk
[dc2_node2] Replicated to localhost:50138
[dc2_node2] W-quorum achieved (2 writes), returning to client
[dc2_node2] Background replication continues for remaining nodes
[dc2_node2] Successful writes: 2/3
[dc2_node2] Replicated to localhost:50094
[dc2_node2] Client GET: key='item:1766'
[dc2_node2] Reading from preference list: ['localhost:50171', 'localhost:50132']
[dc2_node2] Key='item:1766' not found
[dc2_node2] CONFLICT: 34 sibling versions for 'item:1766'
[dc2_node2] Internal PUT (replication): key='item:0382'
[dc2_node2] CONFLICT detected for key='item:0382', siblings=11
[dc2_node2] Client PUT: key='item:1046', value='value_1046_update_client9_op1771'
[dc2_node2] Preference list for 'item:1046': ['localhost:50169', 'localhost:50102', 'localhost:50248']
[dc2_node2] Coordinator NOT in preference list, forwarding only
[dc2_node2] Saved 78 keys to disk
[dc2_node2] Retrieved key='item:3191', versions=8
[dc2_node2] Retrieved key='item:2078', versions=12
[dc2_node2] Replicated to localhost:50169
[dc2_node2] Replicated to localhost:50248
[dc2_node2] W-quorum achieved (2 writes), returning to client
[dc2_node2] Background replication continues for remaining nodes
[dc2_node2] Successful writes: 2/3
[dc2_node2] Replicated to localhost:50102
[dc2_node2] Internal PUT (replication): key='item:3890'
[dc2_node2] CONFLICT detected for key='item:3890', siblings=19
[dc2_node2] Saved 78 keys to disk
[dc2_node2] Client PUT: key='item:2585', value='value_2585_update_client47_op1771'
[dc2_node2] Preference list for 'item:2585': ['localhost:50095', 'localhost:50169', 'localhost:50135']
[dc2_node2] Coordinator NOT in preference list, forwarding only
[dc2_node2] Replicated to localhost:50169
[dc2_node2] Internal PUT (replication): key='item:3586'
[dc2_node2] CONFLICT detected for key='item:3586', siblings=9
[dc2_node2] Client PUT: key='item:3471', value='value_3471_client33_op1745'
[dc2_node2] Preference list for 'item:3471': ['localhost:50115', 'localhost:50207', 'localhost:50165']
[dc2_node2] Coordinator NOT in preference list, forwarding only
[dc2_node2] Replicated to localhost:50135
[dc2_node2] Replicated to localhost:50207
[dc2_node2] Replicated to localhost:50095
[dc2_node2] W-quorum achieved (2 writes), returning to client
[dc2_node2] Background replication continues for remaining nodes
[dc2_node2] Successful writes: 3/3
[dc2_node2] Replicated to localhost:50115
[dc2_node2] W-quorum achieved (2 writes), returning to client
[dc2_node2] Background replication continues for remaining nodes
[dc2_node2] Successful writes: 2/3
[dc2_node2] Saved 78 keys to disk
[dc2_node2] Replicated to localhost:50165
[dc2_node2] Internal PUT (replication): key='item:2058'
[dc2_node2] CONFLICT detected for key='item:2058', siblings=8
[dc2_node2] Internal PUT (replication): key='item:3222'
[dc2_node2] Saved 78 keys to disk
[dc2_node2] CONFLICT detected for key='item:3222', siblings=13
[dc2_node2] Client GET: key='item:0624'
[dc2_node2] Reading from preference list: ['localhost:50150', 'localhost:50170']
[dc2_node2] Internal PUT (replication): key='item:3838'
[dc2_node2] Saved 78 keys to disk
[dc2_node2] Key='item:0624' not found
[dc2_node2] CONFLICT detected for key='item:3838', siblings=10
[dc2_node2] CONFLICT: 28 sibling versions for 'item:0624'
[dc2_node2] Saved 78 keys to disk
[dc2_node2] Internal PUT (replication): key='item:4381'
[dc2_node2] CONFLICT detected for key='item:4381', siblings=8
[dc2_node2] Saved 78 keys to disk
[dc2_node2] Internal PUT (replication): key='item:1276'
[dc2_node2] CONFLICT detected for key='item:1276', siblings=13
[dc2_node2] Internal PUT (replication): key='item:2058'
[dc2_node2] Saved 78 keys to disk
[dc2_node2] CONFLICT detected for key='item:2058', siblings=9
[dc2_node2] Internal PUT (replication): key='item:2565'
[dc2_node2] Saved 78 keys to disk
[dc2_node2] CONFLICT detected for key='item:2565', siblings=14
[dc2_node2] Internal PUT (replication): key='item:3791'
[dc2_node2] Saved 78 keys to disk
[dc2_node2] CONFLICT detected for key='item:3791', siblings=9
[dc2_node2] Saved 78 keys to disk
[dc2_node2] Retrieved key='item:2527', versions=13
[dc2_node2] Client PUT: key='item:2531', value='value_2531_update_client35_op1767'
[dc2_node2] Preference list for 'item:2531': ['localhost:50197', 'localhost:50218', 'localhost:50107']
[dc2_node2] Coordinator NOT in preference list, forwarding only
[dc2_node2] Replicated to localhost:50197
[dc2_node2] Replicated to localhost:50107
[dc2_node2] W-quorum achieved (2 writes), returning to client
[dc2_node2] Background replication continues for remaining nodes
[dc2_node2] Successful writes: 2/3
[dc2_node2] Replicated to localhost:50218
[dc2_node2] Retrieved key='item:2104', versions=15
[dc2_node2] Internal PUT (replication): key='item:4205'
[dc2_node2] CONFLICT detected for key='item:4205', siblings=13
[dc2_node2] Saved 78 keys to disk
[dc2_node2] Internal PUT (replication): key='item:0136'
[dc2_node2] CONFLICT detected for key='item:0136', siblings=10
[dc2_node2] Saved 78 keys to disk
[dc2_node2] Internal PUT (replication): key='item:2770'
[dc2_node2] CONFLICT detected for key='item:2770', siblings=10
[dc2_node2] Saved 78 keys to disk
[dc2_node2] Retrieved key='item:4855', versions=14
[dc2_node2] Internal PUT (replication): key='item:0457'
[dc2_node2] CONFLICT detected for key='item:0457', siblings=13
[dc2_node2] Saved 78 keys to disk
[dc2_node2] Client PUT: key='item:1494', value='value_1494_client48_op1801'
[dc2_node2] Preference list for 'item:1494': ['localhost:50116', 'localhost:50103', 'localhost:50234']
[dc2_node2] Coordinator NOT in preference list, forwarding only
[dc2_node2] Client PUT: key='item:4797', value='value_4797_update_client9_op1789'
[dc2_node2] Preference list for 'item:4797': ['localhost:50103', 'localhost:50161', 'localhost:50057']
[dc2_node2] Coordinator NOT in preference list, forwarding only
[dc2_node2] Replicated to localhost:50161
[dc2_node2] Replicated to localhost:50234
[dc2_node2] Replicated to localhost:50116
[dc2_node2] W-quorum achieved (2 writes), returning to client
[dc2_node2] Background replication continues for remaining nodes
[dc2_node2] Successful writes: 2/3
[dc2_node2] Internal PUT (replication): key='item:1590'
[dc2_node2] CONFLICT detected for key='item:1590', siblings=7
[dc2_node2] Saved 78 keys to disk
[dc2_node2] Replicated to localhost:50103
[dc2_node2] Replicated to localhost:50057
[dc2_node2] W-quorum achieved (2 writes), returning to client
[dc2_node2] Background replication continues for remaining nodes
[dc2_node2] Successful writes: 2/3
[dc2_node2] Replicated to localhost:50103
[dc2_node2] Internal PUT (replication): key='item:2869'
[dc2_node2] CONFLICT detected for key='item:2869', siblings=18
[dc2_node2] Saved 78 keys to disk
[dc2_node2] Internal PUT (replication): key='item:0136'
[dc2_node2] CONFLICT detected for key='item:0136', siblings=11
[dc2_node2] Saved 78 keys to disk
[dc2_node2] Internal PUT (replication): key='item:2016'
[dc2_node2] CONFLICT detected for key='item:2016', siblings=14
[dc2_node2] Internal PUT (replication): key='item:4676'
[dc2_node2] Internal PUT (replication): key='item:3007'
[dc2_node2] Internal PUT (replication): key='item:2527'
[dc2_node2] Internal PUT (replication): key='item:4381'
[dc2_node2] Saved 78 keys to disk
[dc2_node2] Stored NEW key='item:4676', value='value_4676_update_client45_op1800', clock={dc1_node6:1}
[dc2_node2] Saved 79 keys to disk
[dc2_node2] CONFLICT detected for key='item:3007', siblings=16
[dc2_node2] Client GET: key='item:3202'
[dc2_node2] Reading from preference list: ['localhost:50114', 'localhost:50162']
[dc2_node2] Internal PUT (replication): key='item:2770'
[dc2_node2] Saved 79 keys to disk
[dc2_node2] CONFLICT detected for key='item:2527', siblings=14
[dc2_node2] Saved 79 keys to disk
[dc2_node2] CONFLICT detected for key='item:4381', siblings=8
[dc2_node2] Client PUT: key='item:2177', value='value_2177_update_client3_op1858'
[dc2_node2] Preference list for 'item:2177': ['localhost:50148', 'localhost:50061', 'localhost:50233']
[dc2_node2] Coordinator NOT in preference list, forwarding only
[dc2_node2] Internal PUT (replication): key='item:3191'
[dc2_node2] Replicated to localhost:50148
[dc2_node2] Saved 79 keys to disk
[dc2_node2] Key='item:3202' not found
[dc2_node2] CONFLICT detected for key='item:2770', siblings=11
[dc2_node2] Internal PUT (replication): key='item:0571'
[dc2_node2] CONFLICT: 36 sibling versions for 'item:3202'
[dc2_node2] Saved 79 keys to disk
[dc2_node2] CONFLICT detected for key='item:3191', siblings=9
[dc2_node2] Replicated to localhost:50061
[dc2_node2] W-quorum achieved (2 writes), returning to client
[dc2_node2] Background replication continues for remaining nodes
[dc2_node2] Successful writes: 2/3
[dc2_node2] Saved 79 keys to disk
[dc2_node2] CONFLICT detected for key='item:0571', siblings=8
[dc2_node2] Saved 79 keys to disk
[dc2_node2] Retrieved key='item:2565', versions=14
[dc2_node2] Retrieved key='item:2058', versions=9
[dc2_node2] Replicated to localhost:50233
[dc2_node2] Retrieved key='item:3191', versions=9
[dc2_node2] Internal PUT (replication): key='item:2942'
[dc2_node2] CONFLICT detected for key='item:2942', siblings=11
[dc2_node2] Saved 79 keys to disk
[dc2_node2] Retrieved key='item:3356', versions=11
[dc2_node2] Client PUT: key='item:1447', value='value_1447_update_client48_op1828'
[dc2_node2] Preference list for 'item:1447': ['localhost:50228', 'localhost:50136', 'localhost:50153']
[dc2_node2] Coordinator NOT in preference list, forwarding only
[dc2_node2] Client PUT: key='item:1140', value='value_1140_client28_op1835'
[dc2_node2] Preference list for 'item:1140': ['localhost:50245', 'localhost:50097', 'localhost:50078']
[dc2_node2] Coordinator NOT in preference list, forwarding only
[dc2_node2] Replicated to localhost:50078
[dc2_node2] Replicated to localhost:50153
[dc2_node2] Replicated to localhost:50228
[dc2_node2] W-quorum achieved (2 writes), returning to client
[dc2_node2] Background replication continues for remaining nodes
[dc2_node2] Successful writes: 2/3
[dc2_node2] Replicated to localhost:50245
[dc2_node2] Replicated to localhost:50136
[dc2_node2] W-quorum achieved (2 writes), returning to client
[dc2_node2] Background replication continues for remaining nodes
[dc2_node2] Successful writes: 2/3
[dc2_node2] Replicated to localhost:50097
[dc2_node2] Retrieved key='item:2929', versions=15
[dc2_node2] Retrieved key='item:4118', versions=11
[dc2_node2] Retrieved key='item:1129', versions=10
[dc2_node2] Internal PUT (replication): key='item:1735'
[dc2_node2] CONFLICT detected for key='item:1735', siblings=10
[dc2_node2] Internal PUT (replication): key='item:3356'
[dc2_node2] Saved 79 keys to disk
[dc2_node2] CONFLICT detected for key='item:3356', siblings=12
[dc2_node2] Saved 79 keys to disk
[dc2_node2] Client PUT: key='item:4153', value='value_4153_client34_op1776'
[dc2_node2] Preference list for 'item:4153': ['localhost:50222', 'localhost:50136', 'localhost:50169']
[dc2_node2] Coordinator NOT in preference list, forwarding only
[dc2_node2] Replicated to localhost:50136
[dc2_node2] Replicated to localhost:50222
[dc2_node2] W-quorum achieved (2 writes), returning to client
[dc2_node2] Background replication continues for remaining nodes
[dc2_node2] Successful writes: 2/3
[dc2_node2] Replicated to localhost:50169
[dc2_node2] Internal PUT (replication): key='item:1164'
[dc2_node2] CONFLICT detected for key='item:1164', siblings=17
[dc2_node2] Saved 79 keys to disk
[dc2_node2] Internal PUT (replication): key='item:3490'
[dc2_node2] CONFLICT detected for key='item:3490', siblings=11
[dc2_node2] Saved 79 keys to disk
[dc2_node2] Retrieved key='item:1785', versions=17
[dc2_node2] Internal PUT (replication): key='item:1165'
[dc2_node2] CONFLICT detected for key='item:1165', siblings=13
[dc2_node2] Internal PUT (replication): key='item:1387'
[dc2_node2] Saved 79 keys to disk
[dc2_node2] CONFLICT detected for key='item:1387', siblings=15
[dc2_node2] Saved 79 keys to disk
[dc2_node2] Retrieved key='item:0818', versions=13
[dc2_node2] Internal PUT (replication): key='item:4109'
[dc2_node2] CONFLICT detected for key='item:4109', siblings=9
[dc2_node2] Saved 79 keys to disk
[dc2_node2] Internal PUT (replication): key='item:2125'
[dc2_node2] CONFLICT detected for key='item:2125', siblings=13
[dc2_node2] Saved 79 keys to disk
[dc2_node2] Client GET: key='item:4382'
[dc2_node2] Reading from preference list: ['localhost:50238', 'localhost:50200']
[dc2_node2] Key='item:4382' not found
[dc2_node2] Internal PUT (replication): key='item:1578'
[dc2_node2] CONFLICT detected for key='item:1578', siblings=19
[dc2_node2] Saved 79 keys to disk
[dc2_node2] CONFLICT: 14 sibling versions for 'item:4382'
[dc2_node2] Retrieved key='item:4109', versions=9
[dc2_node2] Internal PUT (replication): key='item:3356'
[dc2_node2] CONFLICT detected for key='item:3356', siblings=13
[dc2_node2] Internal PUT (replication): key='item:0457'
[dc2_node2] Saved 79 keys to disk
[dc2_node2] CONFLICT detected for key='item:0457', siblings=14
[dc2_node2] Client PUT: key='item:4576', value='value_4576_update_client9_op1837'
[dc2_node2] Preference list for 'item:4576': ['localhost:50178', 'localhost:50116', 'localhost:50220']
[dc2_node2] Coordinator NOT in preference list, forwarding only
[dc2_node2] Saved 79 keys to disk
[dc2_node2] Replicated to localhost:50116
[dc2_node2] Replicated to localhost:50178
[dc2_node2] W-quorum achieved (2 writes), returning to client
[dc2_node2] Background replication continues for remaining nodes
[dc2_node2] Successful writes: 2/3
[dc2_node2] Internal PUT (replication): key='item:0818'
[dc2_node2] CONFLICT detected for key='item:0818', siblings=14
[dc2_node2] Saved 79 keys to disk
[dc2_node2] Replicated to localhost:50220
[dc2_node2] Internal PUT (replication): key='item:4568'
[dc2_node2] CONFLICT detected for key='item:4568', siblings=14
[dc2_node2] Saved 79 keys to disk
[dc2_node2] Internal PUT (replication): key='item:3222'
[dc2_node2] CONFLICT detected for key='item:3222', siblings=14
[dc2_node2] Saved 79 keys to disk
[dc2_node2] Retrieved key='item:2929', versions=15
[dc2_node2] Internal PUT (replication): key='item:2929'
[dc2_node2] CONFLICT detected for key='item:2929', siblings=16
[dc2_node2] Saved 79 keys to disk
[dc2_node2] Client PUT: key='item:1113', value='value_1113_client32_op1871'
[dc2_node2] Preference list for 'item:1113': ['localhost:50194', 'localhost:50212', 'localhost:50242']
[dc2_node2] Coordinator NOT in preference list, forwarding only
[dc2_node2] Replicated to localhost:50194
[dc2_node2] Replicated to localhost:50242
[dc2_node2] W-quorum achieved (2 writes), returning to client
[dc2_node2] Background replication continues for remaining nodes
[dc2_node2] Successful writes: 2/3
[dc2_node2] Retrieved key='item:2942', versions=11
[dc2_node2] Replicated to localhost:50212
[dc2_node2] Client PUT: key='item:1448', value='value_1448_client34_op1801'
[dc2_node2] Preference list for 'item:1448': ['localhost:50200', 'localhost:50109', 'localhost:50123']
[dc2_node2] Coordinator NOT in preference list, forwarding only
[dc2_node2] Replicated to localhost:50200
[dc2_node2] Replicated to localhost:50123
[dc2_node2] W-quorum achieved (2 writes), returning to client
[dc2_node2] Background replication continues for remaining nodes
[dc2_node2] Successful writes: 2/3
[dc2_node2] Replicated to localhost:50109
[dc2_node2] Internal PUT (replication): key='item:2942'
[dc2_node2] CONFLICT detected for key='item:2942', siblings=12
[dc2_node2] Saved 79 keys to disk
[dc2_node2] Internal PUT (replication): key='item:3838'
[dc2_node2] CONFLICT detected for key='item:3838', siblings=10
[dc2_node2] Saved 79 keys to disk
[dc2_node2] Internal PUT (replication): key='item:3178'
[dc2_node2] CONFLICT detected for key='item:3178', siblings=13
[dc2_node2] Saved 79 keys to disk
[dc2_node2] Internal PUT (replication): key='item:1387'
[dc2_node2] CONFLICT detected for key='item:1387', siblings=16
[dc2_node2] Internal PUT (replication): key='item:2869'
[dc2_node2] Saved 79 keys to disk
[dc2_node2] CONFLICT detected for key='item:2869', siblings=19
[dc2_node2] Saved 79 keys to disk
[dc2_node2] Internal PUT (replication): key='item:2929'
[dc2_node2] CONFLICT detected for key='item:2929', siblings=17
[dc2_node2] Saved 79 keys to disk
[dc2_node2] Internal PUT (replication): key='item:1276'
[dc2_node2] CONFLICT detected for key='item:1276', siblings=14
[dc2_node2] Saved 79 keys to disk
[dc2_node2] Client PUT: key='item:1332', value='value_1332_client5_op1886'
[dc2_node2] Preference list for 'item:1332': ['localhost:50196', 'localhost:50176', 'localhost:50156']
[dc2_node2] Coordinator NOT in preference list, forwarding only
[dc2_node2] Replicated to localhost:50176
[dc2_node2] Replicated to localhost:50156
[dc2_node2] Replicated to localhost:50196
[dc2_node2] W-quorum achieved (2 writes), returning to client
[dc2_node2] Background replication continues for remaining nodes
[dc2_node2] Successful writes: 3/3
[dc2_node2] Client PUT: key='item:4167', value='value_4167_client40_op1842'
[dc2_node2] Preference list for 'item:4167': ['localhost:50192', 'localhost:50162', 'localhost:50111']
[dc2_node2] Coordinator NOT in preference list, forwarding only
[dc2_node2] Replicated to localhost:50111
[dc2_node2] Replicated to localhost:50192
[dc2_node2] W-quorum achieved (2 writes), returning to client
[dc2_node2] Background replication continues for remaining nodes
[dc2_node2] Successful writes: 2/3
[dc2_node2] Replicated to localhost:50162
[dc2_node2] Client GET: key='item:2909'
[dc2_node2] Reading from preference list: ['localhost:50249', 'localhost:50147']
[dc2_node2] Key='item:2909' not found
[dc2_node2] CONFLICT: 12 sibling versions for 'item:2909'
[dc2_node2] Internal PUT (replication): key='item:1392'
[dc2_node2] CONFLICT detected for key='item:1392', siblings=10
[dc2_node2] Internal PUT (replication): key='item:3586'
[dc2_node2] Saved 79 keys to disk
[dc2_node2] CONFLICT detected for key='item:3586', siblings=10
[dc2_node2] Saved 79 keys to disk
[dc2_node2] Client PUT: key='item:3840', value='value_3840_update_client5_op1894'
[dc2_node2] Preference list for 'item:3840': ['localhost:50075', 'localhost:50146', 'localhost:50094']
[dc2_node2] Coordinator NOT in preference list, forwarding only
[dc2_node2] Replicated to localhost:50146
[dc2_node2] Replicated to localhost:50094
[dc2_node2] W-quorum achieved (2 writes), returning to client
[dc2_node2] Background replication continues for remaining nodes
[dc2_node2] Successful writes: 2/3
[dc2_node2] Internal PUT (replication): key='item:3838'
[dc2_node2] CONFLICT detected for key='item:3838', siblings=11
[dc2_node2] Replicated to localhost:50075
[dc2_node2] Saved 79 keys to disk
[dc2_node2] Client GET: key='item:0231'
[dc2_node2] Reading from preference list: ['localhost:50134', 'localhost:50240']
[dc2_node2] Key='item:0231' not found
[dc2_node2] Client GET: key='item:4244'
[dc2_node2] Reading from preference list: ['localhost:50203', 'localhost:50222']
[dc2_node2] Key='item:4244' not found
[dc2_node2] CONFLICT: 18 sibling versions for 'item:0231'
[dc2_node2] CONFLICT: 32 sibling versions for 'item:4244'
[dc2_node2] Internal PUT (replication): key='item:4456'
[dc2_node2] CONFLICT detected for key='item:4456', siblings=10
[dc2_node2] Saved 79 keys to disk
[dc2_node2] Internal PUT (replication): key='item:2016'
[dc2_node2] CONFLICT detected for key='item:2016', siblings=15
[dc2_node2] Saved 79 keys to disk
[dc2_node2] Internal PUT (replication): key='item:4794'
[dc2_node2] CONFLICT detected for key='item:4794', siblings=14
[dc2_node2] Saved 79 keys to disk
[dc2_node2] Internal PUT (replication): key='item:2598'
[dc2_node2] CONFLICT detected for key='item:2598', siblings=7
[dc2_node2] Saved 79 keys to disk
[dc2_node2] Retrieved key='item:3022', versions=9
[dc2_node2] Retrieved key='item:2527', versions=14
[dc2_node2] Retrieved key='item:4998', versions=9
[dc2_node2] Retrieved key='item:1578', versions=19
[dc2_node2] Internal PUT (replication): key='item:2770'
[dc2_node2] CONFLICT detected for key='item:2770', siblings=12
[dc2_node2] Internal PUT (replication): key='item:2942'
[dc2_node2] Saved 79 keys to disk
[dc2_node2] CONFLICT detected for key='item:2942', siblings=13
[dc2_node2] Client PUT: key='item:1576', value='value_1576_client30_op1879'
[dc2_node2] Preference list for 'item:1576': ['localhost:50115', 'localhost:50211', 'localhost:50250']
[dc2_node2] Coordinator NOT in preference list, forwarding only
[dc2_node2] Client PUT: key='item:0911', value='value_911_client45_op1877'
[dc2_node2] Preference list for 'item:0911': ['localhost:50211', 'localhost:50151', 'localhost:50137']
[dc2_node2] Coordinator NOT in preference list, forwarding only
[dc2_node2] Saved 79 keys to disk
[dc2_node2] Replicated to localhost:50211
[dc2_node2] Replicated to localhost:50151
[dc2_node2] Replicated to localhost:50211
[dc2_node2] W-quorum achieved (2 writes), returning to client
[dc2_node2] Background replication continues for remaining nodes
[dc2_node2] Successful writes: 2/3
[dc2_node2] Replicated to localhost:50250
[dc2_node2] Replicated to localhost:50115
[dc2_node2] W-quorum achieved (2 writes), returning to client
[dc2_node2] Background replication continues for remaining nodes
[dc2_node2] Successful writes: 3/3
[dc2_node2] Replicated to localhost:50137
[dc2_node2] Internal PUT (replication): key='item:4165'
[dc2_node2] CONFLICT detected for key='item:4165', siblings=12
[dc2_node2] Saved 79 keys to disk
[dc2_node2] Retrieved key='item:2078', versions=12
[dc2_node2] Client GET: key='item:2070'
[dc2_node2] Reading from preference list: ['localhost:50169', 'localhost:50051']
[dc2_node2] Key='item:2070' not found
[dc2_node2] CONFLICT: 28 sibling versions for 'item:2070'
[dc2_node2] Retrieved key='item:2565', versions=14
[dc2_node2] Internal PUT (replication): key='item:3222'
[dc2_node2] CONFLICT detected for key='item:3222', siblings=15
[dc2_node2] Internal PUT (replication): key='item:2058'
[dc2_node2] Internal PUT (replication): key='item:1735'
[dc2_node2] Saved 79 keys to disk
[dc2_node2] CONFLICT detected for key='item:2058', siblings=10
[dc2_node2] Internal PUT (replication): key='item:3838'
[dc2_node2] Saved 79 keys to disk
[dc2_node2] CONFLICT detected for key='item:1735', siblings=10
[dc2_node2] Saved 79 keys to disk
[dc2_node2] CONFLICT detected for key='item:3838', siblings=12
[dc2_node2] Saved 79 keys to disk
[dc2_node2] Internal PUT (replication): key='item:3007'
[dc2_node2] CONFLICT detected for key='item:3007', siblings=17
[dc2_node2] Saved 79 keys to disk
[dc2_node2] Internal PUT (replication): key='item:0382'
[dc2_node2] CONFLICT detected for key='item:0382', siblings=12
[dc2_node2] Client PUT: key='item:4429', value='value_4429_update_client45_op1894'
[dc2_node2] Preference list for 'item:4429': ['localhost:50119', 'localhost:50161', 'localhost:50183']
[dc2_node2] Coordinator NOT in preference list, forwarding only
[dc2_node2] Replicated to localhost:50119
[dc2_node2] Replicated to localhost:50183
[dc2_node2] W-quorum achieved (2 writes), returning to client
[dc2_node2] Background replication continues for remaining nodes
[dc2_node2] Successful writes: 2/3
[dc2_node2] Replicated to localhost:50161
[dc2_node2] Saved 79 keys to disk
[dc2_node2] Internal PUT (replication): key='item:4569'
[dc2_node2] CONFLICT detected for key='item:4569', siblings=10
[dc2_node2] Saved 79 keys to disk
[dc2_node2] Internal PUT (replication): key='item:1165'
[dc2_node2] CONFLICT detected for key='item:1165', siblings=14
[dc2_node2] Internal PUT (replication): key='item:3191'
[dc2_node2] Internal PUT (replication): key='item:0484'
[dc2_node2] Saved 79 keys to disk
[dc2_node2] CONFLICT detected for key='item:3191', siblings=10
[dc2_node2] Saved 79 keys to disk
[dc2_node2] CONFLICT detected for key='item:0484', siblings=17
[dc2_node2] Internal PUT (replication): key='item:4855'
[dc2_node2] Saved 79 keys to disk
[dc2_node2] CONFLICT detected for key='item:4855', siblings=15
[dc2_node2] Saved 79 keys to disk
[dc2_node2] Internal PUT (replication): key='item:1578'
[dc2_node2] CONFLICT detected for key='item:1578', siblings=20
[dc2_node2] Saved 79 keys to disk
[dc2_node2] Internal PUT (replication): key='item:4568'
[dc2_node2] CONFLICT detected for key='item:4568', siblings=15
[dc2_node2] Saved 79 keys to disk
[dc2_node2] Client PUT: key='item:2876', value='value_2876_update_client22_op1892'
[dc2_node2] Preference list for 'item:2876': ['localhost:50131', 'localhost:50130', 'localhost:50069']
[dc2_node2] Coordinator NOT in preference list, forwarding only
[dc2_node2] Retrieved key='item:3191', versions=10
[dc2_node2] Replicated to localhost:50131
[dc2_node2] Replicated to localhost:50069
[dc2_node2] W-quorum achieved (2 writes), returning to client
[dc2_node2] Background replication continues for remaining nodes
[dc2_node2] Successful writes: 2/3
[dc2_node2] Retrieved key='item:1236', versions=10
[dc2_node2] Replicated to localhost:50130
[dc2_node2] Internal PUT (replication): key='item:4568'
[dc2_node2] CONFLICT detected for key='item:4568', siblings=16
[dc2_node2] Saved 79 keys to disk
[dc2_node2] Client PUT: key='item:3725', value='value_3725_client31_op1871'
[dc2_node2] Preference list for 'item:3725': ['localhost:50167', 'localhost:50221', 'localhost:50108']
[dc2_node2] Coordinator NOT in preference list, forwarding only
[dc2_node2] Internal PUT (replication): key='item:4381'
[dc2_node2] CONFLICT detected for key='item:4381', siblings=9
[dc2_node2] Saved 79 keys to disk
[dc2_node2] Internal PUT (replication): key='item:3284'
[dc2_node2] CONFLICT detected for key='item:3284', siblings=14
[dc2_node2] Replicated to localhost:50108
[dc2_node2] Saved 79 keys to disk
[dc2_node2] Replicated to localhost:50221
[dc2_node2] W-quorum achieved (2 writes), returning to client
[dc2_node2] Background replication continues for remaining nodes
[dc2_node2] Successful writes: 2/3
[dc2_node2] Internal PUT (replication): key='item:1156'
[dc2_node2] CONFLICT detected for key='item:1156', siblings=18
[dc2_node2] Saved 79 keys to disk
[dc2_node2] Replicated to localhost:50167
[dc2_node2] Client PUT: key='item:1637', value='value_1637_client36_op1914'
[dc2_node2] Preference list for 'item:1637': ['localhost:50098', 'localhost:50081', 'localhost:50222']
[dc2_node2] Coordinator NOT in preference list, forwarding only
[dc2_node2] Replicated to localhost:50081
[dc2_node2] Replicated to localhost:50098
[dc2_node2] Retrieved key='item:2507', versions=14
[dc2_node2] W-quorum achieved (2 writes), returning to client
[dc2_node2] Background replication continues for remaining nodes
[dc2_node2] Successful writes: 2/3
[dc2_node2] Client PUT: key='item:0111', value='value_111_client45_op1917'
[dc2_node2] Preference list for 'item:0111': ['localhost:50119', 'localhost:50067', 'localhost:50173']
[dc2_node2] Coordinator NOT in preference list, forwarding only
[dc2_node2] Retrieved key='item:4165', versions=12
[dc2_node2] Replicated to localhost:50222
[dc2_node2] Retrieved key='item:4855', versions=15
[dc2_node2] Replicated to localhost:50067
[dc2_node2] Retrieved key='item:0217', versions=13
[dc2_node2] Replicated to localhost:50173
[dc2_node2] W-quorum achieved (2 writes), returning to client
[dc2_node2] Background replication continues for remaining nodes
[dc2_node2] Successful writes: 2/3
[dc2_node2] Replicated to localhost:50119
[dc2_node2] Internal PUT (replication): key='item:2078'
[dc2_node2] CONFLICT detected for key='item:2078', siblings=13
[dc2_node2] Saved 79 keys to disk
[dc2_node2] Client GET: key='item:1825'
[dc2_node2] Reading from preference list: ['localhost:50128', 'localhost:50176']
[dc2_node2] Key='item:1825' not found
[dc2_node2] CONFLICT: 26 sibling versions for 'item:1825'
[dc2_node2] Retrieved key='item:2078', versions=13
[dc2_node2] Client PUT: key='item:4893', value='value_4893_client46_op1896'
[dc2_node2] Preference list for 'item:4893': ['localhost:50189', 'localhost:50126', 'localhost:50202']
[dc2_node2] Coordinator NOT in preference list, forwarding only
[dc2_node2] Replicated to localhost:50189
[dc2_node2] Replicated to localhost:50202
[dc2_node2] W-quorum achieved (2 writes), returning to client
[dc2_node2] Background replication continues for remaining nodes
[dc2_node2] Successful writes: 2/3
[dc2_node2] Replicated to localhost:50126
[dc2_node2] Client PUT: key='item:1522', value='value_1522_client40_op1897'
[dc2_node2] Preference list for 'item:1522': ['localhost:50219', 'localhost:50099', 'localhost:50132']
[dc2_node2] Coordinator NOT in preference list, forwarding only
[dc2_node2] Retrieved key='item:1785', versions=17
[dc2_node2] Replicated to localhost:50219
[dc2_node2] Replicated to localhost:50099
[dc2_node2] W-quorum achieved (2 writes), returning to client
[dc2_node2] Background replication continues for remaining nodes
[dc2_node2] Successful writes: 2/3
[dc2_node2] Replicated to localhost:50132
[dc2_node2] Internal PUT (replication): key='item:2125'
[dc2_node2] CONFLICT detected for key='item:2125', siblings=14
[dc2_node2] Saved 79 keys to disk
[dc2_node2] Internal PUT (replication): key='item:4456'
[dc2_node2] CONFLICT detected for key='item:4456', siblings=11
[dc2_node2] Saved 79 keys to disk
[dc2_node2] Internal PUT (replication): key='item:2348'
[dc2_node2] CONFLICT detected for key='item:2348', siblings=15
[dc2_node2] Saved 79 keys to disk
[dc2_node2] Internal PUT (replication): key='item:3191'
[dc2_node2] CONFLICT detected for key='item:3191', siblings=11
[dc2_node2] Saved 79 keys to disk
[dc2_node2] Internal PUT (replication): key='item:1236'
[dc2_node2] CONFLICT detected for key='item:1236', siblings=10
[dc2_node2] Internal PUT (replication): key='item:2598'
[dc2_node2] Saved 79 keys to disk
[dc2_node2] CONFLICT detected for key='item:2598', siblings=8
[dc2_node2] Saved 79 keys to disk
[dc2_node2] Internal PUT (replication): key='item:1236'
[dc2_node2] CONFLICT detected for key='item:1236', siblings=11
[dc2_node2] Saved 79 keys to disk
[dc2_node2] Client GET: key='item:1824'
[dc2_node2] Reading from preference list: ['localhost:50152', 'localhost:50137']
[dc2_node2] Key='item:1824' not found
[dc2_node2] CONFLICT: 24 sibling versions for 'item:1824'
[dc2_node2] Internal PUT (replication): key='item:4109'
[dc2_node2] CONFLICT detected for key='item:4109', siblings=10
[dc2_node2] Internal PUT (replication): key='item:1156'
[dc2_node2] Saved 79 keys to disk
[dc2_node2] CONFLICT detected for key='item:1156', siblings=19
[dc2_node2] Internal PUT (replication): key='item:2104'
[dc2_node2] Saved 79 keys to disk
[dc2_node2] CONFLICT detected for key='item:2104', siblings=16
[dc2_node2] Internal PUT (replication): key='item:3791'
[dc2_node2] Saved 79 keys to disk
[dc2_node2] Client PUT: key='item:2382', value='value_2382_update_client40_op1922'
[dc2_node2] Preference list for 'item:2382': ['localhost:50141', 'localhost:50067', 'localhost:50238']
[dc2_node2] Coordinator NOT in preference list, forwarding only
[dc2_node2] CONFLICT detected for key='item:3791', siblings=10
[dc2_node2] Saved 79 keys to disk
[dc2_node2] Replicated to localhost:50141
[dc2_node2] Replicated to localhost:50238
[dc2_node2] W-quorum achieved (2 writes), returning to client
[dc2_node2] Background replication continues for remaining nodes
[dc2_node2] Successful writes: 2/3
[dc2_node2] Replicated to localhost:50067
[dc2_node2] Internal PUT (replication): key='item:0217'
[dc2_node2] CONFLICT detected for key='item:0217', siblings=14
[dc2_node2] Saved 79 keys to disk
[dc2_node2] Internal PUT (replication): key='item:3586'
[dc2_node2] CONFLICT detected for key='item:3586', siblings=11
[dc2_node2] Saved 79 keys to disk
[dc2_node2] Retrieved key='item:1340', versions=14
[dc2_node2] Retrieved key='item:3490', versions=11
[dc2_node2] Client GET: key='item:1944'
[dc2_node2] Reading from preference list: ['localhost:50181', 'localhost:50148']
[dc2_node2] Key='item:1944' not found
[dc2_node2] Retrieved key='item:2939', versions=11
[dc2_node2] CONFLICT: 25 sibling versions for 'item:1944'
[dc2_node2] Internal PUT (replication): key='item:0722'
[dc2_node2] CONFLICT detected for key='item:0722', siblings=9
[dc2_node2] Client PUT: key='item:3136', value='value_3136_client34_op1904'
[dc2_node2] Preference list for 'item:3136': ['localhost:50089', 'localhost:50096', 'localhost:50195']
[dc2_node2] Coordinator NOT in preference list, forwarding only
[dc2_node2] Replicated to localhost:50089
[dc2_node2] Replicated to localhost:50096
[dc2_node2] W-quorum achieved (2 writes), returning to client
[dc2_node2] Background replication continues for remaining nodes
[dc2_node2] Successful writes: 2/3
[dc2_node2] Replicated to localhost:50195
[dc2_node2] Saved 79 keys to disk
[dc2_node2] Internal PUT (replication): key='item:3178'
[dc2_node2] CONFLICT detected for key='item:3178', siblings=14
[dc2_node2] Saved 79 keys to disk
[dc2_node2] Client GET: key='item:0557'
[dc2_node2] Reading from preference list: ['localhost:50093', 'localhost:50229']
[dc2_node2] Key='item:0557' not found
[dc2_node2] CONFLICT: 20 sibling versions for 'item:0557'
[dc2_node2] Client PUT: key='item:0749', value='value_749_client43_op1956'
[dc2_node2] Preference list for 'item:0749': ['localhost:50138', 'localhost:50070', 'localhost:50123']
[dc2_node2] Coordinator NOT in preference list, forwarding only
[dc2_node2] Internal PUT (replication): key='item:2942'
[dc2_node2] CONFLICT detected for key='item:2942', siblings=14
[dc2_node2] Replicated to localhost:50138
[dc2_node2] Replicated to localhost:50070
[dc2_node2] W-quorum achieved (2 writes), returning to client
[dc2_node2] Background replication continues for remaining nodes
[dc2_node2] Successful writes: 2/3
[dc2_node2] Saved 79 keys to disk
[dc2_node2] Replicated to localhost:50123
[dc2_node2] Internal PUT (replication): key='item:1129'
[dc2_node2] CONFLICT detected for key='item:1129', siblings=11
[dc2_node2] Saved 79 keys to disk
[dc2_node2] Internal PUT (replication): key='item:4689'
[dc2_node2] CONFLICT detected for key='item:4689', siblings=23
[dc2_node2] Saved 79 keys to disk
[dc2_node2] Retrieved key='item:4794', versions=14
[dc2_node2] Internal PUT (replication): key='item:0571'
[dc2_node2] CONFLICT detected for key='item:0571', siblings=9
[dc2_node2] Saved 79 keys to disk
[dc2_node2] Internal PUT (replication): key='item:4568'
[dc2_node2] CONFLICT detected for key='item:4568', siblings=16
[dc2_node2] Saved 79 keys to disk
[dc2_node2] Internal PUT (replication): key='item:2371'
[dc2_node2] CONFLICT detected for key='item:2371', siblings=16
[dc2_node2] Saved 79 keys to disk
[dc2_node2] Client PUT: key='item:4488', value='value_4488_update_client11_op1960'
[dc2_node2] Preference list for 'item:4488': ['localhost:50081', 'localhost:50097', 'localhost:50055']
[dc2_node2] Coordinator NOT in preference list, forwarding only
[dc2_node2] Client PUT: key='item:0343', value='value_343_client27_op1995'
[dc2_node2] Preference list for 'item:0343': ['localhost:50199', 'localhost:50086', 'localhost:50070']
[dc2_node2] Coordinator NOT in preference list, forwarding only
[dc2_node2] Replicated to localhost:50097
[dc2_node2] Replicated to localhost:50086
[dc2_node2] Replicated to localhost:50055
[dc2_node2] W-quorum achieved (2 writes), returning to client
[dc2_node2] Background replication continues for remaining nodes
[dc2_node2] Successful writes: 2/3
[dc2_node2] Replicated to localhost:50081
[dc2_node2] Replicated to localhost:50199
[dc2_node2] W-quorum achieved (2 writes), returning to client
[dc2_node2] Background replication continues for remaining nodes
[dc2_node2] Successful writes: 2/3
[dc2_node2] Replicated to localhost:50070
[dc2_node2] Internal PUT (replication): key='item:3022'
[dc2_node2] CONFLICT detected for key='item:3022', siblings=10
[dc2_node2] Saved 79 keys to disk
[dc2_node2] Client PUT: key='item:2290', value='value_2290_client33_op1944'
[dc2_node2] Preference list for 'item:2290': ['localhost:50243', 'localhost:50159', 'localhost:50058']
[dc2_node2] Coordinator NOT in preference list, forwarding only
[dc2_node2] Replicated to localhost:50243
[dc2_node2] Replicated to localhost:50058
[dc2_node2] W-quorum achieved (2 writes), returning to client
[dc2_node2] Background replication continues for remaining nodes
[dc2_node2] Successful writes: 2/3
[dc2_node2] Replicated to localhost:50159
[dc2_node2] Retrieved key='item:3284', versions=14
[dc2_node2] Internal PUT (replication): key='item:2078'
[dc2_node2] CONFLICT detected for key='item:2078', siblings=14
[dc2_node2] Client PUT: key='item:0025', value='value_25_update_client47_op1962'
[dc2_node2] Preference list for 'item:0025': ['localhost:50159', 'localhost:50092', 'localhost:50074']
[dc2_node2] Coordinator NOT in preference list, forwarding only
[dc2_node2] Replicated to localhost:50159
[dc2_node2] Replicated to localhost:50074
[dc2_node2] W-quorum achieved (2 writes), returning to client
[dc2_node2] Background replication continues for remaining nodes
[dc2_node2] Successful writes: 2/3
[dc2_node2] Internal PUT (replication): key='item:4568'
[dc2_node2] Replicated to localhost:50092
[dc2_node2] Saved 79 keys to disk
[dc2_node2] CONFLICT detected for key='item:4568', siblings=17
[dc2_node2] Saved 79 keys to disk
[dc2_node2] Internal PUT (replication): key='item:0462'
[dc2_node2] CONFLICT detected for key='item:0462', siblings=10
[dc2_node2] Saved 79 keys to disk
[dc2_node2] Retrieved key='item:0136', versions=11
[dc2_node2] Internal PUT (replication): key='item:4569'
[dc2_node2] CONFLICT detected for key='item:4569', siblings=11
[dc2_node2] Client PUT: key='item:3371', value='value_3371_update_client26_op1947'
[dc2_node2] Preference list for 'item:3371': ['localhost:50109', 'localhost:50153', 'localhost:50222']
[dc2_node2] Coordinator NOT in preference list, forwarding only
[dc2_node2] Replicated to localhost:50222
[dc2_node2] Replicated to localhost:50109
[dc2_node2] W-quorum achieved (2 writes), returning to client
[dc2_node2] Background replication continues for remaining nodes
[dc2_node2] Successful writes: 2/3
[dc2_node2] Replicated to localhost:50153
[dc2_node2] Internal PUT (replication): key='item:1387'
[dc2_node2] Saved 79 keys to disk
[dc2_node2] CONFLICT detected for key='item:1387', siblings=17
[dc2_node2] Internal PUT (replication): key='item:2104'
[dc2_node2] Saved 79 keys to disk
[dc2_node2] CONFLICT detected for key='item:2104', siblings=17
[dc2_node2] Internal PUT (replication): key='item:3356'
[dc2_node2] Saved 79 keys to disk
[dc2_node2] CONFLICT detected for key='item:3356', siblings=14
[dc2_node2] Internal PUT (replication): key='item:2507'
[dc2_node2] Saved 79 keys to disk
[dc2_node2] Retrieved key='item:2929', versions=17
[dc2_node2] CONFLICT detected for key='item:2507', siblings=15
[dc2_node2] Saved 79 keys to disk
[dc2_node2] Retrieved key='item:2939', versions=11
[dc2_node2] Client PUT: key='item:2537', value='value_2537_client4_op1976'
[dc2_node2] Preference list for 'item:2537': ['localhost:50097', 'localhost:50183', 'localhost:50227']
[dc2_node2] Coordinator NOT in preference list, forwarding only
[dc2_node2] Replicated to localhost:50097
[dc2_node2] Replicated to localhost:50227
[dc2_node2] W-quorum achieved (2 writes), returning to client
[dc2_node2] Background replication continues for remaining nodes
[dc2_node2] Successful writes: 2/3
[dc2_node2] Replicated to localhost:50183
[dc2_node2] Retrieved key='item:1458', versions=9
[dc2_node2] Internal PUT (replication): key='item:2078'
[dc2_node2] CONFLICT detected for key='item:2078', siblings=15
[dc2_node2] Internal PUT (replication): key='item:3838'
[dc2_node2] Saved 79 keys to disk
[dc2_node2] CONFLICT detected for key='item:3838', siblings=13
[dc2_node2] Saved 79 keys to disk
[dc2_node2] Internal PUT (replication): key='item:0571'
[dc2_node2] CONFLICT detected for key='item:0571', siblings=10
[dc2_node2] Saved 79 keys to disk
[dc2_node2] Internal PUT (replication): key='item:3178'
[dc2_node2] CONFLICT detected for key='item:3178', siblings=15
[dc2_node2] Saved 79 keys to disk
[dc2_node2] Internal PUT (replication): key='item:2939'
[dc2_node2] CONFLICT detected for key='item:2939', siblings=12
[dc2_node2] Saved 79 keys to disk
[dc2_node2] Client PUT: key='item:0654', value='value_654_update_client6_op1980'
[dc2_node2] Preference list for 'item:0654': ['localhost:50081', 'localhost:50112', 'localhost:50092']
[dc2_node2] Coordinator NOT in preference list, forwarding only
[dc2_node2] Internal PUT (replication): key='item:2942'
[dc2_node2] CONFLICT detected for key='item:2942', siblings=15
[dc2_node2] Replicated to localhost:50081
[dc2_node2] Replicated to localhost:50112
[dc2_node2] W-quorum achieved (2 writes), returning to client
[dc2_node2] Background replication continues for remaining nodes
[dc2_node2] Successful writes: 2/3
[dc2_node2] Replicated to localhost:50092
[dc2_node2] Saved 79 keys to disk
[dc2_node2] Internal PUT (replication): key='item:0818'
[dc2_node2] CONFLICT detected for key='item:0818', siblings=15
[dc2_node2] Internal PUT (replication): key='item:4998'
[dc2_node2] Saved 79 keys to disk
[dc2_node2] CONFLICT detected for key='item:4998', siblings=10
[dc2_node2] Saved 79 keys to disk
[dc2_node2] Internal PUT (replication): key='item:2869'
[dc2_node2] CONFLICT detected for key='item:2869', siblings=19
[dc2_node2] Internal PUT (replication): key='item:4052'
[dc2_node2] Saved 79 keys to disk
[dc2_node2] CONFLICT detected for key='item:4052', siblings=15
[dc2_node2] Internal PUT (replication): key='item:3490'
[dc2_node2] Saved 79 keys to disk
[dc2_node2] Retrieved key='item:4998', versions=10
[dc2_node2] CONFLICT detected for key='item:3490', siblings=12
[dc2_node2] Saved 79 keys to disk
[dc2_node2] Retrieved key='item:4998', versions=10
[dc2_node2] Retrieved key='item:3222', versions=15
[dc2_node2] Retrieved key='item:2527', versions=14
[dc2_node2] Internal PUT (replication): key='item:3838'
[dc2_node2] CONFLICT detected for key='item:3838', siblings=14
[dc2_node2] Saved 79 keys to disk
[dc2_node2] Internal PUT (replication): key='item:2598'
[dc2_node2] CONFLICT detected for key='item:2598', siblings=9
[dc2_node2] Saved 79 keys to disk
[dc2_node2] Client GET: key='item:1224'
[dc2_node2] Reading from preference list: ['localhost:50068', 'localhost:50147']
[dc2_node2] Key='item:1224' not found
[dc2_node2] CONFLICT: 26 sibling versions for 'item:1224'
[dc2_node2] Retrieved key='item:0382', versions=12
[dc2_node2] Client PUT: key='item:0745', value='value_during_failure_19'
[dc2_node2] Preference list for 'item:0745': ['localhost:50201', 'localhost:50242', 'localhost:50164']
[dc2_node2] Coordinator NOT in preference list, forwarding only
[dc2_node2] Error replicating to localhost:50201: <_InactiveRpcError of RPC that terminated with:
	status = StatusCode.UNAVAILABLE
	details = "failed to connect to all addresses; last error: UNKNOWN: ipv4:127.0.0.1:50201: Failed to connect to remote host: Connection refused"
	debug_error_string = "UNKNOWN:Error received from peer  {grpc_message:"failed to connect to all addresses; last error: UNKNOWN: ipv4:127.0.0.1:50201: Failed to connect to remote host: Connection refused", grpc_status:14, created_time:"2025-11-29T21:08:42.493165352+05:30"}"
>
[dc2_node2] Replicated to localhost:50164
[dc2_node2] Replicated to localhost:50242
[dc2_node2] W-quorum achieved (2 writes), returning to client
[dc2_node2] Background replication continues for remaining nodes
[dc2_node2] Successful writes: 2/3
[dc2_node2] Client PUT: key='item:3393', value='value_during_failure_26'
[dc2_node2] Preference list for 'item:3393': ['localhost:50119', 'localhost:50084', 'localhost:50209']
[dc2_node2] Coordinator NOT in preference list, forwarding only
[dc2_node2] Replicated to localhost:50209
[dc2_node2] Replicated to localhost:50119
[dc2_node2] Replicated to localhost:50084
[dc2_node2] W-quorum achieved (2 writes), returning to client
[dc2_node2] Background replication continues for remaining nodes
[dc2_node2] Successful writes: 3/3
[dc2_node2] Retrieved key='item:1392', versions=10
[dc2_node2] Retrieved key='item:1392', versions=10
[dc2_node2] Retrieved key='item:1392', versions=10
[dc2_node2] Retrieved key='item:1392', versions=10
[dc2_node2] Retrieved key='item:1392', versions=10
[dc2_node2] Client GET: key='item:0405'
[dc2_node2] Reading from preference list: ['localhost:50189', 'localhost:50118']
[dc2_node2] Key='item:0405' not found
[dc2_node2] CONFLICT: 16 sibling versions for 'item:0405'
[dc2_node2] Client GET: key='item:3569'
[dc2_node2] Reading from preference list: ['localhost:50106', 'localhost:50138']
[dc2_node2] Key='item:3569' not found
[dc2_node2] CONFLICT: 34 sibling versions for 'item:3569'
[dc2_node2] Client GET: key='item:1103'
[dc2_node2] Reading from preference list: ['localhost:50198', 'localhost:50078']
[dc2_node2] Key='item:1103' not found
[dc2_node2] CONFLICT: 30 sibling versions for 'item:1103'
[dc2_node2] Retrieved key='item:2929', versions=17
[dc2_node2] Retrieved key='item:2929', versions=17
[dc2_node2] Retrieved key='item:2929', versions=17
[dc2_node2] Retrieved key='item:2929', versions=17
[dc2_node2] Retrieved key='item:2929', versions=17
[dc2_node2] Client GET: key='item:0941'
[dc2_node2] Reading from preference list: ['localhost:50116', 'localhost:50146']
[dc2_node2] Key='item:0941' not found
[dc2_node2] CONFLICT: 38 sibling versions for 'item:0941'
[dc2_node2] Client GET: key='item:3006'
[dc2_node2] Reading from preference list: ['localhost:50248', 'localhost:50189']
[dc2_node2] Key='item:3006' not found
[dc2_node2] CONFLICT: 24 sibling versions for 'item:3006'
[dc2_node2] Client GET: key='item:0524'
[dc2_node2] Reading from preference list: ['localhost:50184', 'localhost:50056']
[dc2_node2] Key='item:0524' not found
[dc2_node2] CONFLICT: 28 sibling versions for 'item:0524'
[dc2_node2] Client PUT: key='item:1285', value='stress_1_2'
[dc2_node2] Preference list for 'item:1285': ['localhost:50073', 'localhost:50116', 'localhost:50164']
[dc2_node2] Coordinator NOT in preference list, forwarding only
[dc2_node2] Replicated to localhost:50073
[dc2_node2] Replicated to localhost:50164
[dc2_node2] Replicated to localhost:50116
[dc2_node2] W-quorum achieved (2 writes), returning to client
[dc2_node2] Background replication continues for remaining nodes
[dc2_node2] Successful writes: 3/3
[dc2_node2] Client PUT: key='item:1530', value='stress_6_11'
[dc2_node2] Preference list for 'item:1530': ['localhost:50201', 'localhost:50144', 'localhost:50169']
[dc2_node2] Coordinator NOT in preference list, forwarding only
[dc2_node2] Replicated to localhost:50144
[dc2_node2] Replicated to localhost:50201
[dc2_node2] W-quorum achieved (2 writes), returning to client
[dc2_node2] Background replication continues for remaining nodes
[dc2_node2] Successful writes: 2/3
[dc2_node2] Replicated to localhost:50169
[dc2_node2] Retrieved key='item:0382', versions=12
[dc2_node2] Internal PUT (replication): key='item:3022'
[dc2_node2] CONFLICT detected for key='item:3022', siblings=11
[dc2_node2] Client GET: key='item:4939'
[dc2_node2] Reading from preference list: ['localhost:50069', 'localhost:50224']
[dc2_node2] Saved 79 keys to disk
[dc2_node2] Key='item:4939' not found
[dc2_node2] CONFLICT: 20 sibling versions for 'item:4939'
[dc2_node2] Internal PUT (replication): key='item:1236'
[dc2_node2] CONFLICT detected for key='item:1236', siblings=12
[dc2_node2] Saved 79 keys to disk
[dc2_node2] Client PUT: key='item:3877', value='stress_6_24'
[dc2_node2] Preference list for 'item:3877': ['localhost:50154', 'localhost:50075', 'localhost:50121']
[dc2_node2] Coordinator NOT in preference list, forwarding only
[dc2_node2] Replicated to localhost:50154
[dc2_node2] Replicated to localhost:50121
[dc2_node2] Replicated to localhost:50075
[dc2_node2] W-quorum achieved (2 writes), returning to client
[dc2_node2] Background replication continues for remaining nodes
[dc2_node2] Successful writes: 3/3
[dc2_node2] Internal PUT (replication): key='item:1468'
[dc2_node2] CONFLICT detected for key='item:1468', siblings=16
[dc2_node2] Saved 79 keys to disk
[dc2_node2] Client PUT: key='item:2305', value='stress_7_37'
[dc2_node2] Preference list for 'item:2305': ['localhost:50063', 'localhost:50073', 'localhost:50120']
[dc2_node2] Coordinator NOT in preference list, forwarding only
[dc2_node2] Replicated to localhost:50073
[dc2_node2] Replicated to localhost:50120
[dc2_node2] Replicated to localhost:50063
[dc2_node2] W-quorum achieved (2 writes), returning to client
[dc2_node2] Background replication continues for remaining nodes
[dc2_node2] Successful writes: 3/3
[dc2_node2] Retrieved key='item:2078', versions=15
[dc2_node2] Retrieved key='item:4855', versions=15
[dc2_node2] Retrieved key='item:0062', versions=16
[dc2_node2] Retrieved key='item:2104', versions=17
[dc2_node2] Client GET: key='item:2655'
[dc2_node2] Reading from preference list: ['localhost:50193', 'localhost:50158']
[dc2_node2] Key='item:2655' not found
[dc2_node2] CONFLICT: 22 sibling versions for 'item:2655'
[dc2_node2] Client PUT: key='item:2984', value='stress_7_52'
[dc2_node2] Preference list for 'item:2984': ['localhost:50154', 'localhost:50084', 'localhost:50221']
[dc2_node2] Coordinator NOT in preference list, forwarding only
[dc2_node2] Replicated to localhost:50154
[dc2_node2] Replicated to localhost:50221
[dc2_node2] W-quorum achieved (2 writes), returning to client
[dc2_node2] Background replication continues for remaining nodes
[dc2_node2] Successful writes: 2/3
[dc2_node2] Replicated to localhost:50084
[dc2_node2] Internal PUT (replication): key='item:2565'
[dc2_node2] CONFLICT detected for key='item:2565', siblings=15
[dc2_node2] Saved 79 keys to disk
[dc2_node2] Retrieved key='item:3222', versions=15
[dc2_node2] Internal PUT (replication): key='item:0091'
[dc2_node2] CONFLICT detected for key='item:0091', siblings=15
[dc2_node2] Saved 79 keys to disk
[dc2_node2] Client PUT: key='item:3629', value='stress_8_71'
[dc2_node2] Preference list for 'item:3629': ['localhost:50234', 'localhost:50153', 'localhost:50136']
[dc2_node2] Coordinator NOT in preference list, forwarding only
[dc2_node2] Replicated to localhost:50234
[dc2_node2] Replicated to localhost:50136
[dc2_node2] Replicated to localhost:50153
[dc2_node2] W-quorum achieved (2 writes), returning to client
[dc2_node2] Background replication continues for remaining nodes
[dc2_node2] Successful writes: 3/3
[dc2_node2] Client GET: key='item:4896'
[dc2_node2] Reading from preference list: ['localhost:50119', 'localhost:50207']
[dc2_node2] Key='item:4896' not found
[dc2_node2] CONFLICT: 28 sibling versions for 'item:4896'
[dc2_node2] Retrieved key='item:2598', versions=9
[dc2_node2] Internal PUT (replication): key='item:1340'
[dc2_node2] CONFLICT detected for key='item:1340', siblings=15
[dc2_node2] Saved 79 keys to disk
[dc2_node2] Client GET: key='item:0412'
[dc2_node2] Reading from preference list: ['localhost:50099', 'localhost:50198']
[dc2_node2] Key='item:0412' not found
[dc2_node2] CONFLICT: 21 sibling versions for 'item:0412'
[dc2_node2] Retrieved key='item:2058', versions=10
[dc2_node2] Internal PUT (replication): key='item:0484'
[dc2_node2] CONFLICT detected for key='item:0484', siblings=18
[dc2_node2] Saved 79 keys to disk
[dc2_node2] Client GET: key='item:0470'
[dc2_node2] Reading from preference list: ['localhost:50145', 'localhost:50240']
[dc2_node2] Key='item:0470' not found
[dc2_node2] CONFLICT: 24 sibling versions for 'item:0470'
[dc2_node2] Internal PUT (replication): key='item:4109'
[dc2_node2] CONFLICT detected for key='item:4109', siblings=11
[dc2_node2] Saved 79 keys to disk
[dc2_node2] Internal PUT (replication): key='item:4794'
[dc2_node2] CONFLICT detected for key='item:4794', siblings=15
[dc2_node2] Saved 79 keys to disk
[dc2_node2] Client PUT: key='item:0364', value='stress_7_130'
[dc2_node2] Preference list for 'item:0364': ['localhost:50167', 'localhost:50107', 'localhost:50123']
[dc2_node2] Coordinator NOT in preference list, forwarding only
[dc2_node2] Replicated to localhost:50107
[dc2_node2] Replicated to localhost:50167
[dc2_node2] Replicated to localhost:50123
[dc2_node2] W-quorum achieved (2 writes), returning to client
[dc2_node2] Background replication continues for remaining nodes
[dc2_node2] Successful writes: 3/3
[dc2_node2] Internal PUT (replication): key='item:0722'
[dc2_node2] CONFLICT detected for key='item:0722', siblings=10
[dc2_node2] Saved 79 keys to disk
[dc2_node2] Internal PUT (replication): key='item:0571'
[dc2_node2] CONFLICT detected for key='item:0571', siblings=10
[dc2_node2] Saved 79 keys to disk
[dc2_node2] Retrieved key='item:0136', versions=11
[dc2_node2] Retrieved key='item:2527', versions=14
[dc2_node2] Client GET: key='item:4817'
[dc2_node2] Reading from preference list: ['localhost:50097', 'localhost:50077']
[dc2_node2] Key='item:4817' not found
[dc2_node2] CONFLICT: 24 sibling versions for 'item:4817'
[dc2_node2] Client PUT: key='item:1477', value='stress_3_159'
[dc2_node2] Preference list for 'item:1477': ['localhost:50215', 'localhost:50115', 'localhost:50094']
[dc2_node2] Coordinator NOT in preference list, forwarding only
[dc2_node2] Replicated to localhost:50115
[dc2_node2] Replicated to localhost:50215
[dc2_node2] Replicated to localhost:50094
[dc2_node2] W-quorum achieved (2 writes), returning to client
[dc2_node2] Background replication continues for remaining nodes
[dc2_node2] Successful writes: 3/3
[dc2_node2] Internal PUT (replication): key='item:0062'
[dc2_node2] CONFLICT detected for key='item:0062', siblings=17
[dc2_node2] Saved 79 keys to disk
[dc2_node2] Retrieved key='item:2869', versions=19
[dc2_node2] Client PUT: key='item:0967', value='stress_1_189'
[dc2_node2] Preference list for 'item:0967': ['localhost:50178', 'localhost:50161', 'localhost:50140']
[dc2_node2] Coordinator NOT in preference list, forwarding only
[dc2_node2] Replicated to localhost:50178
[dc2_node2] Replicated to localhost:50140
[dc2_node2] Replicated to localhost:50161
[dc2_node2] W-quorum achieved (2 writes), returning to client
[dc2_node2] Background replication continues for remaining nodes
[dc2_node2] Successful writes: 3/3
[dc2_node2] Retrieved key='item:0217', versions=14
[dc2_node2] Internal PUT (replication): key='item:1164'
[dc2_node2] CONFLICT detected for key='item:1164', siblings=18
[dc2_node2] Saved 79 keys to disk
[dc2_node2] Retrieved key='item:3284', versions=14
[dc2_node2] Internal PUT (replication): key='item:3838'
[dc2_node2] CONFLICT detected for key='item:3838', siblings=15
[dc2_node2] Saved 79 keys to disk
[dc2_node2] Internal PUT (replication): key='item:4456'
[dc2_node2] CONFLICT detected for key='item:4456', siblings=12
[dc2_node2] Saved 79 keys to disk
[dc2_node2] Client PUT: key='item:4986', value='stress_1_220'
[dc2_node2] Preference list for 'item:4986': ['localhost:50170', 'localhost:50194', 'localhost:50080']
[dc2_node2] Coordinator NOT in preference list, forwarding only
[dc2_node2] Replicated to localhost:50080
[dc2_node2] Replicated to localhost:50194
[dc2_node2] Replicated to localhost:50170
[dc2_node2] W-quorum achieved (2 writes), returning to client
[dc2_node2] Background replication continues for remaining nodes
[dc2_node2] Successful writes: 3/3
[dc2_node2] Retrieved key='item:2929', versions=17
[dc2_node2] Retrieved key='item:0571', versions=10
[dc2_node2] Internal PUT (replication): key='item:2507'
[dc2_node2] CONFLICT detected for key='item:2507', siblings=16
[dc2_node2] Saved 79 keys to disk
[dc2_node2] Retrieved key='item:4118', versions=11
[dc2_node2] Client PUT: key='item:4353', value='stress_8_233'
[dc2_node2] Preference list for 'item:4353': ['localhost:50107', 'localhost:50054', 'localhost:50210']
[dc2_node2] Coordinator NOT in preference list, forwarding only
[dc2_node2] Replicated to localhost:50054
[dc2_node2] Replicated to localhost:50210
[dc2_node2] Replicated to localhost:50107
[dc2_node2] Internal PUT (replication): key='item:3191'
[dc2_node2] CONFLICT detected for key='item:3191', siblings=12
[dc2_node2] W-quorum achieved (2 writes), returning to client
[dc2_node2] Background replication continues for remaining nodes
[dc2_node2] Successful writes: 3/3
[dc2_node2] Saved 79 keys to disk
[dc2_node2] Client GET: key='item:2271'
[dc2_node2] Reading from preference list: ['localhost:50229', 'localhost:50122']
[dc2_node2] Key='item:2271' not found
[dc2_node2] CONFLICT: 23 sibling versions for 'item:2271'
[dc2_node2] Internal PUT (replication): key='item:4689'
[dc2_node2] CONFLICT detected for key='item:4689', siblings=24
[dc2_node2] Saved 79 keys to disk
[dc2_node2] Retrieved key='item:4109', versions=11
[dc2_node2] Retrieved key='item:4998', versions=10
[dc2_node2] Retrieved key='item:4165', versions=12
[dc2_node2] Client PUT: key='item:1050', value='stress_4_279'
[dc2_node2] Preference list for 'item:1050': ['localhost:50124', 'localhost:50110', 'localhost:50225']
[dc2_node2] Coordinator NOT in preference list, forwarding only
[dc2_node2] Replicated to localhost:50110
[dc2_node2] Replicated to localhost:50225
[dc2_node2] Replicated to localhost:50124
[dc2_node2] W-quorum achieved (2 writes), returning to client
[dc2_node2] Background replication continues for remaining nodes
[dc2_node2] Successful writes: 3/3
[dc2_node2] Retrieved key='item:4109', versions=11
[dc2_node2] Client PUT: key='item:4717', value='stress_0_270'
[dc2_node2] Preference list for 'item:4717': ['localhost:50120', 'localhost:50074', 'localhost:50132']
[dc2_node2] Coordinator NOT in preference list, forwarding only
[dc2_node2] Replicated to localhost:50074
[dc2_node2] Replicated to localhost:50132
[dc2_node2] Replicated to localhost:50120
[dc2_node2] W-quorum achieved (2 writes), returning to client
[dc2_node2] Background replication continues for remaining nodes
[dc2_node2] Successful writes: 3/3
[dc2_node2] Internal PUT (replication): key='item:2104'
[dc2_node2] CONFLICT detected for key='item:2104', siblings=18
[dc2_node2] Saved 79 keys to disk
[dc2_node2] Internal PUT (replication): key='item:1129'
[dc2_node2] CONFLICT detected for key='item:1129', siblings=12
[dc2_node2] Internal PUT (replication): key='item:3838'
[dc2_node2] Saved 79 keys to disk
[dc2_node2] CONFLICT detected for key='item:3838', siblings=16
[dc2_node2] Saved 79 keys to disk
[dc2_node2] Retrieved key='item:4998', versions=10
[dc2_node2] Client GET: key='item:4417'
[dc2_node2] Reading from preference list: ['localhost:50120', 'localhost:50090']
[dc2_node2] Key='item:4417' not found
[dc2_node2] CONFLICT: 38 sibling versions for 'item:4417'
[dc2_node2] Retrieved key='item:2869', versions=19
[dc2_node2] Client PUT: key='item:1815', value='stress_3_308'
[dc2_node2] Preference list for 'item:1815': ['localhost:50178', 'localhost:50095', 'localhost:50160']
[dc2_node2] Coordinator NOT in preference list, forwarding only
[dc2_node2] Replicated to localhost:50178
[dc2_node2] Replicated to localhost:50160
[dc2_node2] Replicated to localhost:50095
[dc2_node2] W-quorum achieved (2 writes), returning to client
[dc2_node2] Background replication continues for remaining nodes
[dc2_node2] Successful writes: 3/3
[dc2_node2] Internal PUT (replication): key='item:1164'
[dc2_node2] CONFLICT detected for key='item:1164', siblings=18
[dc2_node2] Saved 79 keys to disk
[dc2_node2] Internal PUT (replication): key='item:4052'
[dc2_node2] CONFLICT detected for key='item:4052', siblings=15
[dc2_node2] Saved 79 keys to disk
[dc2_node2] Retrieved key='item:0382', versions=12
[dc2_node2] Internal PUT (replication): key='item:4855'
[dc2_node2] CONFLICT detected for key='item:4855', siblings=16
[dc2_node2] Saved 79 keys to disk
[dc2_node2] Internal PUT (replication): key='item:1340'
[dc2_node2] CONFLICT detected for key='item:1340', siblings=16
[dc2_node2] Saved 79 keys to disk
[dc2_node2] Internal PUT (replication): key='item:0217'
[dc2_node2] CONFLICT detected for key='item:0217', siblings=15
[dc2_node2] Saved 79 keys to disk
[dc2_node2] Internal PUT (replication): key='item:2929'
[dc2_node2] CONFLICT detected for key='item:2929', siblings=18
[dc2_node2] Client PUT: key='item:0771', value='stress_6_337'
[dc2_node2] Preference list for 'item:0771': ['localhost:50086', 'localhost:50248', 'localhost:50186']
[dc2_node2] Coordinator NOT in preference list, forwarding only
[dc2_node2] Saved 79 keys to disk
[dc2_node2] Replicated to localhost:50086
[dc2_node2] Replicated to localhost:50248
[dc2_node2] W-quorum achieved (2 writes), returning to client
[dc2_node2] Background replication continues for remaining nodes
[dc2_node2] Successful writes: 2/3
[dc2_node2] Replicated to localhost:50186
[dc2_node2] Retrieved key='item:0217', versions=15
[dc2_node2] Retrieved key='item:4855', versions=16
[dc2_node2] Retrieved key='item:2942', versions=15
[dc2_node2] Internal PUT (replication): key='item:2058'
[dc2_node2] CONFLICT detected for key='item:2058', siblings=11
[dc2_node2] Saved 79 keys to disk
[dc2_node2] Internal PUT (replication): key='item:1193'
[dc2_node2] CONFLICT detected for key='item:1193', siblings=17
[dc2_node2] Saved 79 keys to disk
[dc2_node2] Retrieved key='item:1468', versions=16
[dc2_node2] Client PUT: key='item:1566', value='stress_6_361'
[dc2_node2] Preference list for 'item:1566': ['localhost:50221', 'localhost:50197', 'localhost:50146']
[dc2_node2] Coordinator NOT in preference list, forwarding only
[dc2_node2] Replicated to localhost:50197
[dc2_node2] Replicated to localhost:50146
[dc2_node2] Replicated to localhost:50221
[dc2_node2] W-quorum achieved (2 writes), returning to client
[dc2_node2] Background replication continues for remaining nodes
[dc2_node2] Successful writes: 3/3
[dc2_node2] Client GET: key='item:0805'
[dc2_node2] Reading from preference list: ['localhost:50178', 'localhost:50215']
[dc2_node2] Key='item:0805' not found
[dc2_node2] CONFLICT: 26 sibling versions for 'item:0805'
[dc2_node2] Client GET: key='item:2590'
[dc2_node2] Reading from preference list: ['localhost:50064', 'localhost:50090']
[dc2_node2] Key='item:2590' not found
[dc2_node2] CONFLICT: 20 sibling versions for 'item:2590'
[dc2_node2] Retrieved key='item:1340', versions=16
[dc2_node2] Internal PUT (replication): key='item:4118'
[dc2_node2] CONFLICT detected for key='item:4118', siblings=12
[dc2_node2] Saved 79 keys to disk
[dc2_node2] Retrieved key='item:3490', versions=12
[dc2_node2] Internal PUT (replication): key='item:3791'
[dc2_node2] CONFLICT detected for key='item:3791', siblings=11
[dc2_node2] Saved 79 keys to disk
[dc2_node2] Internal PUT (replication): key='item:4689'
[dc2_node2] CONFLICT detected for key='item:4689', siblings=24
[dc2_node2] Saved 79 keys to disk
[dc2_node2] Internal PUT (replication): key='item:2869'
[dc2_node2] CONFLICT detected for key='item:2869', siblings=20
[dc2_node2] Saved 79 keys to disk
[dc2_node2] Retrieved key='item:0818', versions=15
[dc2_node2] Internal PUT (replication): key='item:0136'
[dc2_node2] CONFLICT detected for key='item:0136', siblings=12
[dc2_node2] Saved 79 keys to disk
[dc2_node2] Retrieved key='item:0457', versions=14
[dc2_node2] Internal PUT (replication): key='item:0217'
[dc2_node2] CONFLICT detected for key='item:0217', siblings=16
[dc2_node2] Saved 79 keys to disk
[dc2_node2] Internal PUT (replication): key='item:4456'
[dc2_node2] CONFLICT detected for key='item:4456', siblings=13
[dc2_node2] Saved 79 keys to disk
[dc2_node2] Client PUT: key='item:4074', value='stress_7_469'
[dc2_node2] Preference list for 'item:4074': ['localhost:50085', 'localhost:50248', 'localhost:50145']
[dc2_node2] Coordinator NOT in preference list, forwarding only
[dc2_node2] Replicated to localhost:50085
[dc2_node2] Replicated to localhost:50248
[dc2_node2] W-quorum achieved (2 writes), returning to client
[dc2_node2] Background replication continues for remaining nodes
[dc2_node2] Successful writes: 2/3
[dc2_node2] Replicated to localhost:50145
[dc2_node2] Internal PUT (replication): key='item:2104'
[dc2_node2] CONFLICT detected for key='item:2104', siblings=19
[dc2_node2] Saved 79 keys to disk
[dc2_node2] Internal PUT (replication): key='item:1468'
[dc2_node2] CONFLICT detected for key='item:1468', siblings=17
[dc2_node2] Saved 79 keys to disk
[dc2_node2] Internal PUT (replication): key='item:3191'
[dc2_node2] CONFLICT detected for key='item:3191', siblings=13
[dc2_node2] Saved 79 keys to disk
[dc2_node2] Internal PUT (replication): key='item:0091'
[dc2_node2] CONFLICT detected for key='item:0091', siblings=16
[dc2_node2] Saved 79 keys to disk
[dc2_node2] Client GET: key='item:3581'
[dc2_node2] Reading from preference list: ['localhost:50051', 'localhost:50207']
[dc2_node2] Key='item:3581' not found
[dc2_node2] CONFLICT: 24 sibling versions for 'item:3581'
[dc2_node2] Retrieved key='item:4118', versions=12
[dc2_node2] Client GET: key='item:0684'
[dc2_node2] Reading from preference list: ['localhost:50151', 'localhost:50077']
[dc2_node2] Key='item:0684' not found
[dc2_node2] CONFLICT: 20 sibling versions for 'item:0684'
[dc2_node2] Internal PUT (replication): key='item:1458'
[dc2_node2] CONFLICT detected for key='item:1458', siblings=10
[dc2_node2] Saved 79 keys to disk
[dc2_node2] Client PUT: key='item:3172', value='stress_3_530'
[dc2_node2] Preference list for 'item:3172': ['localhost:50157', 'localhost:50173', 'localhost:50205']
[dc2_node2] Coordinator NOT in preference list, forwarding only
[dc2_node2] Replicated to localhost:50157
[dc2_node2] Replicated to localhost:50205
[dc2_node2] Replicated to localhost:50173
[dc2_node2] W-quorum achieved (2 writes), returning to client
[dc2_node2] Background replication continues for remaining nodes
[dc2_node2] Successful writes: 3/3
[dc2_node2] Client PUT: key='item:4048', value='stress_9_509'
[dc2_node2] Preference list for 'item:4048': ['localhost:50111', 'localhost:50187', 'localhost:50063']
[dc2_node2] Coordinator NOT in preference list, forwarding only
[dc2_node2] Replicated to localhost:50187
[dc2_node2] Replicated to localhost:50111
[dc2_node2] W-quorum achieved (2 writes), returning to client
[dc2_node2] Background replication continues for remaining nodes
[dc2_node2] Successful writes: 2/3
[dc2_node2] Replicated to localhost:50063
[dc2_node2] Client PUT: key='item:2945', value='stress_1_575'
[dc2_node2] Preference list for 'item:2945': ['localhost:50245', 'localhost:50225', 'localhost:50102']
[dc2_node2] Coordinator NOT in preference list, forwarding only
[dc2_node2] Replicated to localhost:50245
[dc2_node2] Replicated to localhost:50225
[dc2_node2] Replicated to localhost:50102
[dc2_node2] W-quorum achieved (2 writes), returning to client
[dc2_node2] Background replication continues for remaining nodes
[dc2_node2] Successful writes: 3/3
[dc2_node2] Internal PUT (replication): key='item:1193'
[dc2_node2] CONFLICT detected for key='item:1193', siblings=18
[dc2_node2] Saved 79 keys to disk
[dc2_node2] Client GET: key='item:4804'
[dc2_node2] Reading from preference list: ['localhost:50057', 'localhost:50121']
[dc2_node2] Key='item:4804' not found
[dc2_node2] CONFLICT: 26 sibling versions for 'item:4804'
[dc2_node2] Retrieved key='item:2371', versions=16
[dc2_node2] Retrieved key='item:4689', versions=24
[dc2_node2] Internal PUT (replication): key='item:1236'
[dc2_node2] CONFLICT detected for key='item:1236', siblings=13
[dc2_node2] Saved 79 keys to disk
[dc2_node2] Internal PUT (replication): key='item:1236'
[dc2_node2] CONFLICT detected for key='item:1236', siblings=14
[dc2_node2] Saved 79 keys to disk
[dc2_node2] Internal PUT (replication): key='item:2058'
[dc2_node2] CONFLICT detected for key='item:2058', siblings=12
[dc2_node2] Saved 79 keys to disk
[dc2_node2] Retrieved key='item:0382', versions=12
[dc2_node2] Client GET: key='item:1173'
[dc2_node2] Reading from preference list: ['localhost:50116', 'localhost:50084']
[dc2_node2] Key='item:1173' not found
[dc2_node2] CONFLICT: 22 sibling versions for 'item:1173'
[dc2_node2] Retrieved key='item:1578', versions=20
[dc2_node2] Internal PUT (replication): key='item:1165'
[dc2_node2] CONFLICT detected for key='item:1165', siblings=15
[dc2_node2] Saved 79 keys to disk
[dc2_node2] Client PUT: key='item:1117', value='stress_7_666'
[dc2_node2] Preference list for 'item:1117': ['localhost:50121', 'localhost:50249', 'localhost:50165']
[dc2_node2] Coordinator NOT in preference list, forwarding only
[dc2_node2] Replicated to localhost:50121
[dc2_node2] Replicated to localhost:50165
[dc2_node2] Replicated to localhost:50249
[dc2_node2] W-quorum achieved (2 writes), returning to client
[dc2_node2] Background replication continues for remaining nodes
[dc2_node2] Successful writes: 3/3
[dc2_node2] Retrieved key='item:3222', versions=15
[dc2_node2] Retrieved key='item:0484', versions=18
[dc2_node2] Retrieved key='item:2078', versions=15
[dc2_node2] Client PUT: key='item:4178', value='stress_9_668'
[dc2_node2] Preference list for 'item:4178': ['localhost:50127', 'localhost:50171', 'localhost:50063']
[dc2_node2] Coordinator NOT in preference list, forwarding only
[dc2_node2] Internal PUT (replication): key='item:2348'
[dc2_node2] CONFLICT detected for key='item:2348', siblings=16
[dc2_node2] Replicated to localhost:50171
[dc2_node2] Replicated to localhost:50127
[dc2_node2] Replicated to localhost:50063
[dc2_node2] Saved 79 keys to disk
[dc2_node2] W-quorum achieved (2 writes), returning to client
[dc2_node2] Background replication continues for remaining nodes
[dc2_node2] Successful writes: 3/3
[dc2_node2] Internal PUT (replication): key='item:2929'
[dc2_node2] CONFLICT detected for key='item:2929', siblings=19
[dc2_node2] Saved 79 keys to disk
[dc2_node2] Retrieved key='item:4109', versions=11
[dc2_node2] Retrieved key='item:2869', versions=20
[dc2_node2] Internal PUT (replication): key='item:4118'
[dc2_node2] CONFLICT detected for key='item:4118', siblings=13
[dc2_node2] Saved 79 keys to disk
[dc2_node2] Retrieved key='item:0484', versions=18
[dc2_node2] Retrieved key='item:2869', versions=20
[dc2_node2] Internal PUT (replication): key='item:2371'
[dc2_node2] CONFLICT detected for key='item:2371', siblings=17
[dc2_node2] Saved 79 keys to disk
[dc2_node2] Internal PUT (replication): key='item:2929'
[dc2_node2] CONFLICT detected for key='item:2929', siblings=20
[dc2_node2] Saved 79 keys to disk
[dc2_node2] Client PUT: key='item:1369', value='stress_4_757'
[dc2_node2] Preference list for 'item:1369': ['localhost:50126', 'localhost:50091', 'localhost:50066']
[dc2_node2] Coordinator NOT in preference list, forwarding only
[dc2_node2] Replicated to localhost:50126
[dc2_node2] Replicated to localhost:50091
[dc2_node2] Replicated to localhost:50066
[dc2_node2] W-quorum achieved (2 writes), returning to client
[dc2_node2] Background replication continues for remaining nodes
[dc2_node2] Successful writes: 3/3
[dc2_node2] Internal PUT (replication): key='item:4109'
[dc2_node2] CONFLICT detected for key='item:4109', siblings=12
[dc2_node2] Saved 79 keys to disk
[dc2_node2] Retrieved key='item:0091', versions=16
[dc2_node2] Internal PUT (replication): key='item:2125'
[dc2_node2] CONFLICT detected for key='item:2125', siblings=15
[dc2_node2] Saved 79 keys to disk
[dc2_node2] Internal PUT (replication): key='item:0943'
[dc2_node2] CONFLICT detected for key='item:0943', siblings=17
[dc2_node2] Saved 79 keys to disk
[dc2_node2] Client PUT: key='item:2546', value='stress_0_772'
[dc2_node2] Preference list for 'item:2546': ['localhost:50118', 'localhost:50077', 'localhost:50161']
[dc2_node2] Coordinator NOT in preference list, forwarding only
[dc2_node2] Replicated to localhost:50077
[dc2_node2] Replicated to localhost:50118
[dc2_node2] Replicated to localhost:50161
[dc2_node2] W-quorum achieved (2 writes), returning to client
[dc2_node2] Background replication continues for remaining nodes
[dc2_node2] Successful writes: 3/3
[dc2_node2] Client PUT: key='item:0470', value='stress_3_782'
[dc2_node2] Preference list for 'item:0470': ['localhost:50145', 'localhost:50240', 'localhost:50220']
[dc2_node2] Coordinator NOT in preference list, forwarding only
[dc2_node2] Replicated to localhost:50240
[dc2_node2] Replicated to localhost:50220
[dc2_node2] Replicated to localhost:50145
[dc2_node2] W-quorum achieved (2 writes), returning to client
[dc2_node2] Background replication continues for remaining nodes
[dc2_node2] Successful writes: 3/3
[dc2_node2] Retrieved key='item:2058', versions=12
[dc2_node2] Internal PUT (replication): key='item:4446'
[dc2_node2] CONFLICT detected for key='item:4446', siblings=2
[dc2_node2] Saved 79 keys to disk
[dc2_node2] Client GET: key='item:2302'
[dc2_node2] Reading from preference list: ['localhost:50211', 'localhost:50111']
[dc2_node2] Key='item:2302' not found
[dc2_node2] CONFLICT: 25 sibling versions for 'item:2302'
[dc2_node2] Client PUT: key='item:3603', value='stress_5_809'
[dc2_node2] Preference list for 'item:3603': ['localhost:50092', 'localhost:50202', 'localhost:50086']
[dc2_node2] Coordinator NOT in preference list, forwarding only
[dc2_node2] Replicated to localhost:50086
[dc2_node2] Replicated to localhost:50092
[dc2_node2] Replicated to localhost:50202
[dc2_node2] W-quorum achieved (2 writes), returning to client
[dc2_node2] Background replication continues for remaining nodes
[dc2_node2] Successful writes: 3/3
[dc2_node2] Client GET: key='item:2121'
[dc2_node2] Reading from preference list: ['localhost:50185', 'localhost:50113']
[dc2_node2] Key='item:2121' not found
[dc2_node2] CONFLICT: 29 sibling versions for 'item:2121'
[dc2_node2] Client PUT: key='item:4830', value='stress_7_802'
[dc2_node2] Preference list for 'item:4830': ['localhost:50066', 'localhost:50244', 'localhost:50144']
[dc2_node2] Coordinator NOT in preference list, forwarding only
[dc2_node2] Replicated to localhost:50144
[dc2_node2] Replicated to localhost:50066
[dc2_node2] Replicated to localhost:50244
[dc2_node2] W-quorum achieved (2 writes), returning to client
[dc2_node2] Background replication continues for remaining nodes
[dc2_node2] Successful writes: 3/3
[dc2_node2] Internal PUT (replication): key='item:2939'
[dc2_node2] CONFLICT detected for key='item:2939', siblings=13
[dc2_node2] Saved 79 keys to disk
[dc2_node2] Internal PUT (replication): key='item:3586'
[dc2_node2] CONFLICT detected for key='item:3586', siblings=12
[dc2_node2] Saved 79 keys to disk
[dc2_node2] Internal PUT (replication): key='item:1129'
[dc2_node2] CONFLICT detected for key='item:1129', siblings=13
[dc2_node2] Saved 79 keys to disk
[dc2_node2] Retrieved key='item:4998', versions=10
[dc2_node2] Retrieved key='item:2942', versions=15
[dc2_node2] Retrieved key='item:0062', versions=17
[dc2_node2] Client GET: key='item:4058'
[dc2_node2] Reading from preference list: ['localhost:50203', 'localhost:50092']
[dc2_node2] Key='item:4058' not found
[dc2_node2] CONFLICT: 24 sibling versions for 'item:4058'
[dc2_node2] Retrieved key='item:0484', versions=18
[dc2_node2] Client PUT: key='item:1632', value='stress_4_882'
[dc2_node2] Preference list for 'item:1632': ['localhost:50098', 'localhost:50215', 'localhost:50059']
[dc2_node2] Coordinator NOT in preference list, forwarding only
[dc2_node2] Replicated to localhost:50098
[dc2_node2] Replicated to localhost:50215
[dc2_node2] Replicated to localhost:50059
[dc2_node2] W-quorum achieved (2 writes), returning to client
[dc2_node2] Background replication continues for remaining nodes
[dc2_node2] Successful writes: 3/3
[dc2_node2] Client PUT: key='item:4824', value='stress_0_872'
[dc2_node2] Preference list for 'item:4824': ['localhost:50113', 'localhost:50187', 'localhost:50249']
[dc2_node2] Coordinator NOT in preference list, forwarding only
[dc2_node2] Replicated to localhost:50187
[dc2_node2] Replicated to localhost:50249
[dc2_node2] Replicated to localhost:50113
[dc2_node2] W-quorum achieved (2 writes), returning to client
[dc2_node2] Background replication continues for remaining nodes
[dc2_node2] Successful writes: 3/3
[dc2_node2] Internal PUT (replication): key='item:3890'
[dc2_node2] CONFLICT detected for key='item:3890', siblings=20
[dc2_node2] Saved 79 keys to disk
[dc2_node2] Client GET: key='item:2308'
[dc2_node2] Reading from preference list: ['localhost:50201', 'localhost:50176']
[dc2_node2] Key='item:2308' not found
[dc2_node2] CONFLICT: 12 sibling versions for 'item:2308'
[dc2_node2] Retrieved key='item:2527', versions=14
[dc2_node2] Internal PUT (replication): key='item:2770'
[dc2_node2] CONFLICT detected for key='item:2770', siblings=13
[dc2_node2] Saved 79 keys to disk
[dc2_node2] Client GET: key='item:4304'
[dc2_node2] Reading from preference list: ['localhost:50087', 'localhost:50127']
[dc2_node2] Key='item:4304' not found
[dc2_node2] CONFLICT: 32 sibling versions for 'item:4304'
[dc2_node2] Client GET: key='item:2920'
[dc2_node2] Reading from preference list: ['localhost:50084', 'localhost:50068']
[dc2_node2] Key='item:2920' not found
[dc2_node2] CONFLICT: 38 sibling versions for 'item:2920'
[dc2_node2] Internal PUT (replication): key='item:3222'
[dc2_node2] CONFLICT detected for key='item:3222', siblings=16
[dc2_node2] Saved 79 keys to disk
[dc2_node2] Internal PUT (replication): key='item:1156'
[dc2_node2] CONFLICT detected for key='item:1156', siblings=20
[dc2_node2] Saved 79 keys to disk
[dc2_node2] Internal PUT (replication): key='item:2942'
[dc2_node2] CONFLICT detected for key='item:2942', siblings=16
[dc2_node2] Saved 79 keys to disk
[dc2_node2] Internal PUT (replication): key='item:3791'
[dc2_node2] CONFLICT detected for key='item:3791', siblings=12
[dc2_node2] Saved 79 keys to disk
[dc2_node2] Internal PUT (replication): key='item:2527'
[dc2_node2] CONFLICT detected for key='item:2527', siblings=15
[dc2_node2] Saved 79 keys to disk
[dc2_node2] Internal PUT (replication): key='item:0818'
[dc2_node2] CONFLICT detected for key='item:0818', siblings=16
[dc2_node2] Saved 79 keys to disk
[dc2_node2] Retrieved key='item:2104', versions=19
[dc2_node2] Client PUT: key='item:1051', value='stress_0_989'
[dc2_node2] Preference list for 'item:1051': ['localhost:50189', 'localhost:50056', 'localhost:50244']
[dc2_node2] Coordinator NOT in preference list, forwarding only
[dc2_node2] Replicated to localhost:50056
[dc2_node2] Replicated to localhost:50189
[dc2_node2] Replicated to localhost:50244
[dc2_node2] W-quorum achieved (2 writes), returning to client
[dc2_node2] Background replication continues for remaining nodes
[dc2_node2] Successful writes: 3/3
[dc2_node2] Internal PUT (replication): key='item:2929'
[dc2_node2] CONFLICT detected for key='item:2929', siblings=21
[dc2_node2] Saved 79 keys to disk
[dc2_node2] Client GET: key='item:1115'
[dc2_node2] Reading from preference list: ['localhost:50058', 'localhost:50138']
[dc2_node2] Key='item:1115' not found
[dc2_node2] CONFLICT: 36 sibling versions for 'item:1115'
[dc2_node2] Internal PUT (replication): key='item:1193'
[dc2_node2] CONFLICT detected for key='item:1193', siblings=19
[dc2_node2] Saved 79 keys to disk
[dc2_node2] Internal PUT (replication): key='item:3191'
[dc2_node2] CONFLICT detected for key='item:3191', siblings=14
[dc2_node2] Saved 79 keys to disk
[dc2_node2] Internal PUT (replication): key='item:3191'
[dc2_node2] CONFLICT detected for key='item:3191', siblings=15
[dc2_node2] Saved 79 keys to disk
[dc2_node2] Internal PUT (replication): key='item:1236'
[dc2_node2] CONFLICT detected for key='item:1236', siblings=15
[dc2_node2] Saved 79 keys to disk
[dc2_node2] Retrieved key='item:4456', versions=13
[dc2_node2] Retrieved key='item:1468', versions=17
[dc2_node2] Client PUT: key='item:0026', value='stress_6_1014'
[dc2_node2] Preference list for 'item:0026': ['localhost:50203', 'localhost:50217', 'localhost:50095']
[dc2_node2] Coordinator NOT in preference list, forwarding only
[dc2_node2] Replicated to localhost:50217
[dc2_node2] Replicated to localhost:50203
[dc2_node2] Replicated to localhost:50095
[dc2_node2] W-quorum achieved (2 writes), returning to client
[dc2_node2] Background replication continues for remaining nodes
[dc2_node2] Successful writes: 3/3
[dc2_node2] Internal PUT (replication): key='item:1387'
[dc2_node2] CONFLICT detected for key='item:1387', siblings=18
[dc2_node2] Saved 79 keys to disk
[dc2_node2] Retrieved key='item:1578', versions=20
[dc2_node2] Retrieved key='item:1340', versions=16
[dc2_node2] Internal PUT (replication): key='item:0818'
[dc2_node2] CONFLICT detected for key='item:0818', siblings=17
[dc2_node2] Saved 79 keys to disk
[dc2_node2] Retrieved key='item:4165', versions=12
[dc2_node2] Internal PUT (replication): key='item:1164'
[dc2_node2] CONFLICT detected for key='item:1164', siblings=19
[dc2_node2] Saved 79 keys to disk
[dc2_node2] Client PUT: key='item:2975', value='stress_9_1026'
[dc2_node2] Preference list for 'item:2975': ['localhost:50074', 'localhost:50145', 'localhost:50095']
[dc2_node2] Coordinator NOT in preference list, forwarding only
[dc2_node2] Replicated to localhost:50145
[dc2_node2] Replicated to localhost:50074
[dc2_node2] Replicated to localhost:50095
[dc2_node2] W-quorum achieved (2 writes), returning to client
[dc2_node2] Background replication continues for remaining nodes
[dc2_node2] Successful writes: 3/3
[dc2_node2] Retrieved key='item:4998', versions=10
[dc2_node2] Internal PUT (replication): key='item:2770'
[dc2_node2] CONFLICT detected for key='item:2770', siblings=14
[dc2_node2] Saved 79 keys to disk
[dc2_node2] Internal PUT (replication): key='item:2565'
[dc2_node2] CONFLICT detected for key='item:2565', siblings=16
[dc2_node2] Saved 79 keys to disk
[dc2_node2] Internal PUT (replication): key='item:4381'
[dc2_node2] CONFLICT detected for key='item:4381', siblings=10
[dc2_node2] Saved 79 keys to disk
[dc2_node2] Internal PUT (replication): key='item:3586'
[dc2_node2] CONFLICT detected for key='item:3586', siblings=13
[dc2_node2] Saved 79 keys to disk
[dc2_node2] Internal PUT (replication): key='item:2371'
[dc2_node2] CONFLICT detected for key='item:2371', siblings=18
[dc2_node2] Client PUT: key='item:1944', value='stress_2_1075'
[dc2_node2] Preference list for 'item:1944': ['localhost:50181', 'localhost:50148', 'localhost:50118']
[dc2_node2] Coordinator NOT in preference list, forwarding only
[dc2_node2] Saved 79 keys to disk
[dc2_node2] Replicated to localhost:50181
[dc2_node2] Replicated to localhost:50118
[dc2_node2] Replicated to localhost:50148
[dc2_node2] W-quorum achieved (2 writes), returning to client
[dc2_node2] Background replication continues for remaining nodes
[dc2_node2] Successful writes: 3/3
[dc2_node2] Internal PUT (replication): key='item:2078'
[dc2_node2] CONFLICT detected for key='item:2078', siblings=16
[dc2_node2] Saved 79 keys to disk
[dc2_node2] Client GET: key='item:0328'
[dc2_node2] Reading from preference list: ['localhost:50177', 'localhost:50098']
[dc2_node2] Key='item:0328' not found
[dc2_node2] CONFLICT: 30 sibling versions for 'item:0328'
[dc2_node2] Retrieved key='item:0943', versions=17
[dc2_node2] Client GET: key='item:1880'
[dc2_node2] Reading from preference list: ['localhost:50242', 'localhost:50126']
[dc2_node2] Key='item:1880' not found
[dc2_node2] CONFLICT: 30 sibling versions for 'item:1880'
[dc2_node2] Client GET: key='item:2356'
[dc2_node2] Reading from preference list: ['localhost:50199', 'localhost:50156']
[dc2_node2] Key='item:2356' not found
[dc2_node2] CONFLICT: 40 sibling versions for 'item:2356'
[dc2_node2] Internal PUT (replication): key='item:2770'
[dc2_node2] CONFLICT detected for key='item:2770', siblings=15
[dc2_node2] Saved 79 keys to disk
[dc2_node2] Internal PUT (replication): key='item:1164'
[dc2_node2] CONFLICT detected for key='item:1164', siblings=20
[dc2_node2] Saved 79 keys to disk
[dc2_node2] Retrieved key='item:4794', versions=15
[dc2_node2] Retrieved key='item:0943', versions=17
[dc2_node2] Internal PUT (replication): key='item:2058'
[dc2_node2] CONFLICT detected for key='item:2058', siblings=13
[dc2_node2] Saved 79 keys to disk
[dc2_node2] Client GET: key='item:1395'
[dc2_node2] Reading from preference list: ['localhost:50101', 'localhost:50134']
[dc2_node2] Key='item:1395' not found
[dc2_node2] CONFLICT: 26 sibling versions for 'item:1395'
[dc2_node2] Client PUT: key='item:4520', value='stress_2_1130'
[dc2_node2] Preference list for 'item:4520': ['localhost:50150', 'localhost:50095', 'localhost:50186']
[dc2_node2] Coordinator NOT in preference list, forwarding only
[dc2_node2] Replicated to localhost:50095
[dc2_node2] Replicated to localhost:50150
[dc2_node2] Replicated to localhost:50186
[dc2_node2] W-quorum achieved (2 writes), returning to client
[dc2_node2] Background replication continues for remaining nodes
[dc2_node2] Successful writes: 3/3
[dc2_node2] Internal PUT (replication): key='item:4568'
[dc2_node2] CONFLICT detected for key='item:4568', siblings=18
[dc2_node2] Saved 79 keys to disk
[dc2_node2] Internal PUT (replication): key='item:2058'
[dc2_node2] CONFLICT detected for key='item:2058', siblings=14
[dc2_node2] Saved 79 keys to disk
[dc2_node2] Internal PUT (replication): key='item:3284'
[dc2_node2] CONFLICT detected for key='item:3284', siblings=15
[dc2_node2] Saved 79 keys to disk
[dc2_node2] Internal PUT (replication): key='item:1590'
[dc2_node2] CONFLICT detected for key='item:1590', siblings=8
[dc2_node2] Saved 79 keys to disk
[dc2_node2] Retrieved key='item:1129', versions=13
[dc2_node2] Internal PUT (replication): key='item:2942'
[dc2_node2] CONFLICT detected for key='item:2942', siblings=17
[dc2_node2] Saved 79 keys to disk
[dc2_node2] Retrieved key='item:4855', versions=16
[dc2_node2] Client GET: key='item:2521'
[dc2_node2] Reading from preference list: ['localhost:50233', 'localhost:50058']
[dc2_node2] Key='item:2521' not found
[dc2_node2] CONFLICT: 31 sibling versions for 'item:2521'
[dc2_node2] Retrieved key='item:3490', versions=12
[dc2_node2] Client GET: key='item:3473'
[dc2_node2] Reading from preference list: ['localhost:50140', 'localhost:50230']
[dc2_node2] Key='item:3473' not found
[dc2_node2] CONFLICT: 33 sibling versions for 'item:3473'
[dc2_node2] Retrieved key='item:2104', versions=19
[dc2_node2] Retrieved key='item:1175', versions=15
[dc2_node2] Retrieved key='item:3022', versions=11
[dc2_node2] Internal PUT (replication): key='item:3890'
[dc2_node2] CONFLICT detected for key='item:3890', siblings=21
[dc2_node2] Saved 79 keys to disk
[dc2_node2] Internal PUT (replication): key='item:1735'
[dc2_node2] CONFLICT detected for key='item:1735', siblings=11
[dc2_node2] Saved 79 keys to disk
[dc2_node2] Client PUT: key='item:1308', value='stress_2_1206'
[dc2_node2] Preference list for 'item:1308': ['localhost:50225', 'localhost:50243', 'localhost:50091']
[dc2_node2] Coordinator NOT in preference list, forwarding only
[dc2_node2] Replicated to localhost:50243
[dc2_node2] Replicated to localhost:50225
[dc2_node2] Replicated to localhost:50091
[dc2_node2] W-quorum achieved (2 writes), returning to client
[dc2_node2] Background replication continues for remaining nodes
[dc2_node2] Successful writes: 3/3
[dc2_node2] Client PUT: key='item:1762', value='stress_5_1252'
[dc2_node2] Preference list for 'item:1762': ['localhost:50242', 'localhost:50126', 'localhost:50070']
[dc2_node2] Coordinator NOT in preference list, forwarding only
[dc2_node2] Replicated to localhost:50242
[dc2_node2] Replicated to localhost:50126
[dc2_node2] Replicated to localhost:50070
[dc2_node2] W-quorum achieved (2 writes), returning to client
[dc2_node2] Background replication continues for remaining nodes
[dc2_node2] Successful writes: 3/3
[dc2_node2] Internal PUT (replication): key='item:1468'
[dc2_node2] CONFLICT detected for key='item:1468', siblings=18
[dc2_node2] Client PUT: key='item:4115', value='stress_6_1247'
[dc2_node2] Preference list for 'item:4115': ['localhost:50166', 'localhost:50131', 'localhost:50193']
[dc2_node2] Coordinator NOT in preference list, forwarding only
[dc2_node2] Saved 79 keys to disk
[dc2_node2] Replicated to localhost:50166
[dc2_node2] Replicated to localhost:50193
[dc2_node2] Replicated to localhost:50131
[dc2_node2] W-quorum achieved (2 writes), returning to client
[dc2_node2] Background replication continues for remaining nodes
[dc2_node2] Successful writes: 3/3
[dc2_node2] Client PUT: key='item:3520', value='stress_8_1247'
[dc2_node2] Preference list for 'item:3520': ['localhost:50067', 'localhost:50103', 'localhost:50171']
[dc2_node2] Coordinator NOT in preference list, forwarding only
[dc2_node2] Replicated to localhost:50067
[dc2_node2] Replicated to localhost:50103
[dc2_node2] Replicated to localhost:50171
[dc2_node2] W-quorum achieved (2 writes), returning to client
[dc2_node2] Background replication continues for remaining nodes
[dc2_node2] Successful writes: 3/3
[dc2_node2] Retrieved key='item:2507', versions=16
[dc2_node2] Retrieved key='item:3022', versions=11
[dc2_node2] Client GET: key='item:2283'
[dc2_node2] Reading from preference list: ['localhost:50083', 'localhost:50198']
[dc2_node2] Key='item:2283' not found
[dc2_node2] CONFLICT: 30 sibling versions for 'item:2283'
[dc2_node2] Client PUT: key='item:4359', value='stress_6_1280'
[dc2_node2] Preference list for 'item:4359': ['localhost:50113', 'localhost:50168', 'localhost:50065']
[dc2_node2] Coordinator NOT in preference list, forwarding only
[dc2_node2] Replicated to localhost:50065
[dc2_node2] Replicated to localhost:50168
[dc2_node2] Replicated to localhost:50113
[dc2_node2] W-quorum achieved (2 writes), returning to client
[dc2_node2] Background replication continues for remaining nodes
[dc2_node2] Successful writes: 3/3
[dc2_node2] Internal PUT (replication): key='item:3838'
[dc2_node2] CONFLICT detected for key='item:3838', siblings=17
[dc2_node2] Saved 79 keys to disk
[dc2_node2] Retrieved key='item:2662', versions=4
[dc2_node2] Client PUT: key='item:1367', value='stress_6_1288'
[dc2_node2] Preference list for 'item:1367': ['localhost:50107', 'localhost:50207', 'localhost:50123']
[dc2_node2] Coordinator NOT in preference list, forwarding only
[dc2_node2] Replicated to localhost:50123
[dc2_node2] Replicated to localhost:50207
[dc2_node2] Replicated to localhost:50107
[dc2_node2] W-quorum achieved (2 writes), returning to client
[dc2_node2] Background replication continues for remaining nodes
[dc2_node2] Successful writes: 3/3
[dc2_node2] Internal PUT (replication): key='item:4118'
[dc2_node2] CONFLICT detected for key='item:4118', siblings=14
[dc2_node2] Saved 79 keys to disk
[dc2_node2] Client GET: key='item:0345'
[dc2_node2] Reading from preference list: ['localhost:50081', 'localhost:50107']
[dc2_node2] Key='item:0345' not found
[dc2_node2] Retrieved key='item:1735', versions=11
[dc2_node2] CONFLICT: 36 sibling versions for 'item:0345'
[dc2_node2] Client GET: key='item:1729'
[dc2_node2] Reading from preference list: ['localhost:50178', 'localhost:50077']
[dc2_node2] Key='item:1729' not found
[dc2_node2] CONFLICT: 48 sibling versions for 'item:1729'
[dc2_node2] Internal PUT (replication): key='item:2058'
[dc2_node2] CONFLICT detected for key='item:2058', siblings=15
[dc2_node2] Saved 79 keys to disk
[dc2_node2] Internal PUT (replication): key='item:1129'
[dc2_node2] CONFLICT detected for key='item:1129', siblings=14
[dc2_node2] Saved 79 keys to disk
[dc2_node2] Internal PUT (replication): key='item:3178'
[dc2_node2] CONFLICT detected for key='item:3178', siblings=16
[dc2_node2] Saved 79 keys to disk
[dc2_node2] Client PUT: key='item:4848', value='stress_0_1328'
[dc2_node2] Preference list for 'item:4848': ['localhost:50076', 'localhost:50171', 'localhost:50229']
[dc2_node2] Coordinator NOT in preference list, forwarding only
[dc2_node2] Replicated to localhost:50229
[dc2_node2] Replicated to localhost:50171
[dc2_node2] Replicated to localhost:50076
[dc2_node2] W-quorum achieved (2 writes), returning to client
[dc2_node2] Background replication continues for remaining nodes
[dc2_node2] Successful writes: 3/3
[dc2_node2] Client PUT: key='item:1026', value='stress_3_1330'
[dc2_node2] Preference list for 'item:1026': ['localhost:50148', 'localhost:50246', 'localhost:50170']
[dc2_node2] Coordinator NOT in preference list, forwarding only
[dc2_node2] Replicated to localhost:50246
[dc2_node2] Replicated to localhost:50148
[dc2_node2] Replicated to localhost:50170
[dc2_node2] W-quorum achieved (2 writes), returning to client
[dc2_node2] Background replication continues for remaining nodes
[dc2_node2] Successful writes: 3/3
[dc2_node2] Internal PUT (replication): key='item:1193'
[dc2_node2] CONFLICT detected for key='item:1193', siblings=20
[dc2_node2] Saved 79 keys to disk
[dc2_node2] Internal PUT (replication): key='item:1387'
[dc2_node2] CONFLICT detected for key='item:1387', siblings=19
[dc2_node2] Saved 79 keys to disk
[dc2_node2] Internal PUT (replication): key='item:4109'
[dc2_node2] CONFLICT detected for key='item:4109', siblings=13
[dc2_node2] Saved 79 keys to disk
[dc2_node2] Retrieved key='item:2869', versions=20
[dc2_node2] Retrieved key='item:3356', versions=14
[dc2_node2] Internal PUT (replication): key='item:3178'
[dc2_node2] CONFLICT detected for key='item:3178', siblings=17
[dc2_node2] Saved 79 keys to disk
[dc2_node2] Internal PUT (replication): key='item:0462'
[dc2_node2] CONFLICT detected for key='item:0462', siblings=11
[dc2_node2] Saved 79 keys to disk
[dc2_node2] Internal PUT (replication): key='item:1392'
[dc2_node2] CONFLICT detected for key='item:1392', siblings=11
[dc2_node2] Saved 79 keys to disk
[dc2_node2] Internal PUT (replication): key='item:4998'
[dc2_node2] CONFLICT detected for key='item:4998', siblings=11
[dc2_node2] Saved 79 keys to disk
[dc2_node2] Client PUT: key='item:0427', value='stress_4_1396'
[dc2_node2] Preference list for 'item:0427': ['localhost:50222', 'localhost:50181', 'localhost:50141']
[dc2_node2] Coordinator NOT in preference list, forwarding only
[dc2_node2] Replicated to localhost:50222
[dc2_node2] Replicated to localhost:50181
[dc2_node2] Replicated to localhost:50141
[dc2_node2] W-quorum achieved (2 writes), returning to client
[dc2_node2] Background replication continues for remaining nodes
[dc2_node2] Successful writes: 3/3
[dc2_node2] Internal PUT (replication): key='item:4381'
[dc2_node2] CONFLICT detected for key='item:4381', siblings=11
[dc2_node2] Saved 79 keys to disk
[dc2_node2] Internal PUT (replication): key='item:3490'
[dc2_node2] CONFLICT detected for key='item:3490', siblings=13
[dc2_node2] Saved 79 keys to disk
[dc2_node2] Client PUT: key='item:3828', value='stress_8_1385'
[dc2_node2] Preference list for 'item:3828': ['localhost:50128', 'localhost:50186', 'localhost:50058']
[dc2_node2] Coordinator NOT in preference list, forwarding only
[dc2_node2] Retrieved key='item:3191', versions=15
[dc2_node2] Replicated to localhost:50186
[dc2_node2] Replicated to localhost:50128
[dc2_node2] Replicated to localhost:50058
[dc2_node2] W-quorum achieved (2 writes), returning to client
[dc2_node2] Background replication continues for remaining nodes
[dc2_node2] Successful writes: 3/3
[dc2_node2] Internal PUT (replication): key='item:3890'
[dc2_node2] CONFLICT detected for key='item:3890', siblings=22
[dc2_node2] Saved 79 keys to disk
[dc2_node2] Internal PUT (replication): key='item:0722'
[dc2_node2] CONFLICT detected for key='item:0722', siblings=11
[dc2_node2] Saved 79 keys to disk
[dc2_node2] Client GET: key='item:3822'
[dc2_node2] Reading from preference list: ['localhost:50187', 'localhost:50092']
[dc2_node2] Key='item:3822' not found
[dc2_node2] CONFLICT: 35 sibling versions for 'item:3822'
[dc2_node2] Retrieved key='item:2104', versions=19
[dc2_node2] Client GET: key='item:0372'
[dc2_node2] Reading from preference list: ['localhost:50096', 'localhost:50182']
[dc2_node2] Key='item:0372' not found
[dc2_node2] CONFLICT: 24 sibling versions for 'item:0372'
[dc2_node2] Internal PUT (replication): key='item:1578'
[dc2_node2] CONFLICT detected for key='item:1578', siblings=21
[dc2_node2] Saved 79 keys to disk
[dc2_node2] Client GET: key='item:3662'
[dc2_node2] Reading from preference list: ['localhost:50168', 'localhost:50186']
[dc2_node2] Key='item:3662' not found
[dc2_node2] CONFLICT: 20 sibling versions for 'item:3662'
[dc2_node2] Retrieved key='item:0484', versions=18
[dc2_node2] Internal PUT (replication): key='item:0457'
[dc2_node2] CONFLICT detected for key='item:0457', siblings=15
[dc2_node2] Saved 79 keys to disk
[dc2_node2] Client PUT: key='item:3626', value='stress_7_1421'
[dc2_node2] Preference list for 'item:3626': ['localhost:50203', 'localhost:50071', 'localhost:50211']
[dc2_node2] Coordinator NOT in preference list, forwarding only
[dc2_node2] Replicated to localhost:50071
[dc2_node2] Replicated to localhost:50211
[dc2_node2] W-quorum achieved (2 writes), returning to client
[dc2_node2] Background replication continues for remaining nodes
[dc2_node2] Successful writes: 2/3
[dc2_node2] Replicated to localhost:50203
[dc2_node2] Retrieved key='item:0136', versions=12
[dc2_node2] Internal PUT (replication): key='item:4205'
[dc2_node2] CONFLICT detected for key='item:4205', siblings=14
[dc2_node2] Saved 79 keys to disk
[dc2_node2] Internal PUT (replication): key='item:2104'
[dc2_node2] CONFLICT detected for key='item:2104', siblings=20
[dc2_node2] Internal PUT (replication): key='item:0091'
[dc2_node2] Saved 79 keys to disk
[dc2_node2] CONFLICT detected for key='item:0091', siblings=17
[dc2_node2] Saved 79 keys to disk
[dc2_node2] Retrieved key='item:2942', versions=17
[dc2_node2] Internal PUT (replication): key='item:4118'
[dc2_node2] CONFLICT detected for key='item:4118', siblings=15
[dc2_node2] Saved 79 keys to disk
[dc2_node2] Internal PUT (replication): key='item:2869'
[dc2_node2] CONFLICT detected for key='item:2869', siblings=21
[dc2_node2] Saved 79 keys to disk
[dc2_node2] Retrieved key='item:1392', versions=11
[dc2_node2] Client PUT: key='item:2750', value='stress_0_1486'
[dc2_node2] Preference list for 'item:2750': ['localhost:50068', 'localhost:50234', 'localhost:50218']
[dc2_node2] Coordinator NOT in preference list, forwarding only
[dc2_node2] Replicated to localhost:50068
[dc2_node2] Replicated to localhost:50218
[dc2_node2] Replicated to localhost:50234
[dc2_node2] W-quorum achieved (2 writes), returning to client
[dc2_node2] Background replication continues for remaining nodes
[dc2_node2] Successful writes: 3/3
[dc2_node2] Retrieved key='item:4855', versions=16
[dc2_node2] Client GET: key='item:2486'
[dc2_node2] Reading from preference list: ['localhost:50056', 'localhost:50230']
[dc2_node2] Key='item:2486' not found
[dc2_node2] CONFLICT: 18 sibling versions for 'item:2486'
[dc2_node2] Client GET: key='item:3860'
[dc2_node2] Reading from preference list: ['localhost:50119', 'localhost:50062']
[dc2_node2] Key='item:3860' not found
[dc2_node2] CONFLICT: 32 sibling versions for 'item:3860'
[dc2_node2] Client GET: key='item:2466'
[dc2_node2] Reading from preference list: ['localhost:50052', 'localhost:50233']
[dc2_node2] Key='item:2466' not found
[dc2_node2] CONFLICT: 27 sibling versions for 'item:2466'
[dc2_node2] Internal PUT (replication): key='item:0818'
[dc2_node2] CONFLICT detected for key='item:0818', siblings=18
[dc2_node2] Saved 79 keys to disk
[dc2_node2] Client GET: key='item:3370'
[dc2_node2] Reading from preference list: ['localhost:50228', 'localhost:50193']
[dc2_node2] Key='item:3370' not found
[dc2_node2] CONFLICT: 31 sibling versions for 'item:3370'
[dc2_node2] Retrieved key='item:3284', versions=15
[dc2_node2] Internal PUT (replication): key='item:4456'
[dc2_node2] CONFLICT detected for key='item:4456', siblings=14
[dc2_node2] Saved 79 keys to disk
[dc2_node2] Retrieved key='item:2565', versions=16
[dc2_node2] Retrieved key='item:0136', versions=12
[dc2_node2] Internal PUT (replication): key='item:4456'
[dc2_node2] CONFLICT detected for key='item:4456', siblings=15
[dc2_node2] Saved 79 keys to disk
[dc2_node2] Retrieved key='item:4689', versions=24
[dc2_node2] Internal PUT (replication): key='item:0457'
[dc2_node2] CONFLICT detected for key='item:0457', siblings=16
[dc2_node2] Saved 79 keys to disk
[dc2_node2] Internal PUT (replication): key='item:2016'
[dc2_node2] CONFLICT detected for key='item:2016', siblings=16
[dc2_node2] Saved 79 keys to disk
[dc2_node2] Internal PUT (replication): key='item:2371'
[dc2_node2] CONFLICT detected for key='item:2371', siblings=19
[dc2_node2] Saved 79 keys to disk
[dc2_node2] Internal PUT (replication): key='item:3586'
[dc2_node2] CONFLICT detected for key='item:3586', siblings=14
[dc2_node2] Saved 79 keys to disk
[dc2_node2] Retrieved key='item:0062', versions=17
[dc2_node2] Internal PUT (replication): key='item:3890'
[dc2_node2] CONFLICT detected for key='item:3890', siblings=23
[dc2_node2] Saved 79 keys to disk
[dc2_node2] Retrieved key='item:2662', versions=4
[dc2_node2] Internal PUT (replication): key='item:1578'
[dc2_node2] CONFLICT detected for key='item:1578', siblings=22
[dc2_node2] Saved 79 keys to disk
[dc2_node2] Internal PUT (replication): key='item:3586'
[dc2_node2] CONFLICT detected for key='item:3586', siblings=15
[dc2_node2] Saved 79 keys to disk
[dc2_node2] Internal PUT (replication): key='item:4165'
[dc2_node2] CONFLICT detected for key='item:4165', siblings=13
[dc2_node2] Saved 79 keys to disk
[dc2_node2] Retrieved key='item:3284', versions=15
[dc2_node2] Internal PUT (replication): key='item:3586'
[dc2_node2] CONFLICT detected for key='item:3586', siblings=16
[dc2_node2] Saved 79 keys to disk
[dc2_node2] Client GET: key='item:3170'
[dc2_node2] Reading from preference list: ['localhost:50062', 'localhost:50146']
[dc2_node2] Key='item:3170' not found
[dc2_node2] CONFLICT: 30 sibling versions for 'item:3170'
[dc2_node2] Retrieved key='item:0091', versions=17
[dc2_node2] Internal PUT (replication): key='item:0818'
[dc2_node2] CONFLICT detected for key='item:0818', siblings=19
[dc2_node2] Saved 79 keys to disk
[dc2_node2] Client PUT: key='item:1387', value='stress_5_1698'
[dc2_node2] Preference list for 'item:1387': ['localhost:50148', 'localhost:50072', 'localhost:50152']
[dc2_node2] CONFLICT detected for key='item:1387', siblings=20
[dc2_node2] Saved 79 keys to disk
[dc2_node2] Coordinator IS in preference list, stored locally
[dc2_node2] Replicated to localhost:50152
[dc2_node2] Replicated to localhost:50148
[dc2_node2] W-quorum achieved (2 writes), returning to client
[dc2_node2] Background replication continues for remaining nodes
[dc2_node2] Successful writes: 3/3
[dc2_node2] Retrieved key='item:4165', versions=13
[dc2_node2] Internal PUT (replication): key='item:2662'
[dc2_node2] CONFLICT detected for key='item:2662', siblings=5
[dc2_node2] Saved 79 keys to disk
[dc2_node2] Retrieved key='item:2058', versions=15
[dc2_node2] Retrieved key='item:2942', versions=17
[dc2_node2] Client GET: key='item:2674'
[dc2_node2] Reading from preference list: ['localhost:50162', 'localhost:50146']
[dc2_node2] Key='item:2674' not found
[dc2_node2] CONFLICT: 32 sibling versions for 'item:2674'
[dc2_node2] Internal PUT (replication): key='item:1458'
[dc2_node2] CONFLICT detected for key='item:1458', siblings=11
[dc2_node2] Saved 79 keys to disk
[dc2_node2] Client GET: key='item:4130'
[dc2_node2] Reading from preference list: ['localhost:50162', 'localhost:50075']
[dc2_node2] Key='item:4130' not found
[dc2_node2] Client GET: key='item:4558'
[dc2_node2] Reading from preference list: ['localhost:50054', 'localhost:50126']
[dc2_node2] Key='item:4558' not found
[dc2_node2] CONFLICT: 40 sibling versions for 'item:4130'
[dc2_node2] CONFLICT: 34 sibling versions for 'item:4558'
[dc2_node2] Client PUT: key='item:1053', value='stress_8_1702'
[dc2_node2] Preference list for 'item:1053': ['localhost:50140', 'localhost:50215', 'localhost:50176']
[dc2_node2] Coordinator NOT in preference list, forwarding only
[dc2_node2] Replicated to localhost:50215
[dc2_node2] Replicated to localhost:50140
[dc2_node2] Replicated to localhost:50176
[dc2_node2] W-quorum achieved (2 writes), returning to client
[dc2_node2] Background replication continues for remaining nodes
[dc2_node2] Successful writes: 3/3
[dc2_node2] Internal PUT (replication): key='item:2348'
[dc2_node2] CONFLICT detected for key='item:2348', siblings=17
[dc2_node2] Saved 79 keys to disk
[dc2_node2] Client GET: key='item:4019'
[dc2_node2] Reading from preference list: ['localhost:50100', 'localhost:50154']
[dc2_node2] Key='item:4019' not found
[dc2_node2] Retrieved key='item:4118', versions=15
[dc2_node2] CONFLICT: 40 sibling versions for 'item:4019'
[dc2_node2] Retrieved key='item:1387', versions=20
[dc2_node2] Internal PUT (replication): key='item:1175'
[dc2_node2] CONFLICT detected for key='item:1175', siblings=16
[dc2_node2] Saved 79 keys to disk
[dc2_node2] Retrieved key='item:3356', versions=14
[dc2_node2] Client GET: key='item:4074'
[dc2_node2] Reading from preference list: ['localhost:50085', 'localhost:50248']
[dc2_node2] Key='item:4074' not found
[dc2_node2] CONFLICT: 35 sibling versions for 'item:4074'
[dc2_node2] Client GET: key='item:0694'
[dc2_node2] Reading from preference list: ['localhost:50053', 'localhost:50156']
[dc2_node2] Key='item:0694' not found
[dc2_node2] CONFLICT: 44 sibling versions for 'item:0694'
[dc2_node2] Internal PUT (replication): key='item:2929'
[dc2_node2] CONFLICT detected for key='item:2929', siblings=22
[dc2_node2] Saved 79 keys to disk
[dc2_node2] Internal PUT (replication): key='item:4205'
[dc2_node2] CONFLICT detected for key='item:4205', siblings=15
[dc2_node2] Client PUT: key='item:3382', value='stress_7_1703'
[dc2_node2] Preference list for 'item:3382': ['localhost:50134', 'localhost:50240', 'localhost:50190']
[dc2_node2] Coordinator NOT in preference list, forwarding only
[dc2_node2] Saved 79 keys to disk
[dc2_node2] Replicated to localhost:50240
[dc2_node2] Replicated to localhost:50190
[dc2_node2] Replicated to localhost:50134
[dc2_node2] W-quorum achieved (2 writes), returning to client
[dc2_node2] Background replication continues for remaining nodes
[dc2_node2] Successful writes: 3/3
[dc2_node2] Retrieved key='item:3490', versions=13
[dc2_node2] Client PUT: key='item:1193', value='stress_9_1720'
[dc2_node2] Preference list for 'item:1193': ['localhost:50136', 'localhost:50117', 'localhost:50072']
[dc2_node2] CONFLICT detected for key='item:1193', siblings=21
[dc2_node2] Saved 79 keys to disk
[dc2_node2] Coordinator IS in preference list, stored locally
[dc2_node2] Replicated to localhost:50117
[dc2_node2] W-quorum achieved (2 writes), returning to client
[dc2_node2] Background replication continues for remaining nodes
[dc2_node2] Successful writes: 2/3
[dc2_node2] Replicated to localhost:50136
[dc2_node2] Internal PUT (replication): key='item:4855'
[dc2_node2] CONFLICT detected for key='item:4855', siblings=17
[dc2_node2] Saved 79 keys to disk
[dc2_node2] Internal PUT (replication): key='item:2507'
[dc2_node2] CONFLICT detected for key='item:2507', siblings=17
[dc2_node2] Saved 79 keys to disk
[dc2_node2] Client GET: key='item:2341'
[dc2_node2] Reading from preference list: ['localhost:50122', 'localhost:50159']
[dc2_node2] Key='item:2341' not found
[dc2_node2] CONFLICT: 26 sibling versions for 'item:2341'
[dc2_node2] Retrieved key='item:0136', versions=12
[dc2_node2] Internal PUT (replication): key='item:2942'
[dc2_node2] CONFLICT detected for key='item:2942', siblings=18
[dc2_node2] Internal PUT (replication): key='item:3356'
[dc2_node2] Saved 79 keys to disk
[dc2_node2] CONFLICT detected for key='item:3356', siblings=15
[dc2_node2] Saved 79 keys to disk
[dc2_node2] Internal PUT (replication): key='item:2942'
[dc2_node2] CONFLICT detected for key='item:2942', siblings=19
[dc2_node2] Saved 79 keys to disk
[dc2_node2] Client PUT: key='item:0177', value='stress_4_1865'
[dc2_node2] Preference list for 'item:0177': ['localhost:50154', 'localhost:50189', 'localhost:50220']
[dc2_node2] Coordinator NOT in preference list, forwarding only
[dc2_node2] Replicated to localhost:50154
[dc2_node2] Replicated to localhost:50220
[dc2_node2] Replicated to localhost:50189
[dc2_node2] W-quorum achieved (2 writes), returning to client
[dc2_node2] Background replication continues for remaining nodes
[dc2_node2] Successful writes: 3/3
[dc2_node2] Client GET: key='item:0651'
[dc2_node2] Reading from preference list: ['localhost:50225', 'localhost:50091']
[dc2_node2] Key='item:0651' not found
[dc2_node2] CONFLICT: 32 sibling versions for 'item:0651'
[dc2_node2] Internal PUT (replication): key='item:3222'
[dc2_node2] CONFLICT detected for key='item:3222', siblings=17
[dc2_node2] Saved 79 keys to disk
[dc2_node2] Client GET: key='item:0370'
[dc2_node2] Reading from preference list: ['localhost:50172', 'localhost:50223']
[dc2_node2] Key='item:0370' not found
[dc2_node2] CONFLICT: 32 sibling versions for 'item:0370'
[dc2_node2] Internal PUT (replication): key='item:1193'
[dc2_node2] CONFLICT detected for key='item:1193', siblings=22
[dc2_node2] Saved 79 keys to disk
[dc2_node2] Internal PUT (replication): key='item:1458'
[dc2_node2] CONFLICT detected for key='item:1458', siblings=12
[dc2_node2] Saved 79 keys to disk
[dc2_node2] Internal PUT (replication): key='item:4998'
[dc2_node2] CONFLICT detected for key='item:4998', siblings=12
[dc2_node2] Saved 79 keys to disk
[dc2_node2] Internal PUT (replication): key='item:0943'
[dc2_node2] CONFLICT detected for key='item:0943', siblings=18
[dc2_node2] Saved 79 keys to disk
[dc2_node2] Internal PUT (replication): key='item:2869'
[dc2_node2] CONFLICT detected for key='item:2869', siblings=22
[dc2_node2] Saved 79 keys to disk
[dc2_node2] Internal PUT (replication): key='item:1165'
[dc2_node2] CONFLICT detected for key='item:1165', siblings=16
[dc2_node2] Client PUT: key='item:4101', value='stress_6_1852'
[dc2_node2] Preference list for 'item:4101': ['localhost:50243', 'localhost:50176', 'localhost:50220']
[dc2_node2] Coordinator NOT in preference list, forwarding only
[dc2_node2] Saved 79 keys to disk
[dc2_node2] Client GET: key='item:3971'
[dc2_node2] Reading from preference list: ['localhost:50158', 'localhost:50173']
[dc2_node2] Key='item:3971' not found
[dc2_node2] CONFLICT: 44 sibling versions for 'item:3971'
[dc2_node2] Replicated to localhost:50243
[dc2_node2] Replicated to localhost:50176
[dc2_node2] Replicated to localhost:50220
[dc2_node2] W-quorum achieved (2 writes), returning to client
[dc2_node2] Background replication continues for remaining nodes
[dc2_node2] Successful writes: 3/3
[dc2_node2] Internal PUT (replication): key='item:3586'
[dc2_node2] CONFLICT detected for key='item:3586', siblings=17
[dc2_node2] Client GET: key='item:2685'
[dc2_node2] Reading from preference list: ['localhost:50162', 'localhost:50209']
[dc2_node2] Saved 79 keys to disk
[dc2_node2] Key='item:2685' not found
