[dc3_node1] No existing data file found, starting fresh
[dc3_node1] No existing hints file found, starting fresh
[ConsistentHash] No ring state file found for dc3_node1
Added node localhost:50091 with 150 virtual nodes
[Config] Added localhost:50091 to DC3
Added node localhost:50051 with 150 virtual nodes
[ConsistentHash] Saved ring state for dc3_node1
[dc3_node1] Hint delivery loop started
[dc3_node1] Started hint delivery thread
[dc3_node1] Initialized at localhost:50091 (DC: DC3)
[dc3_node1] Known nodes: ['localhost:50091', 'localhost:50051']
[dc3_node1] Replication: N=3, R=2, W=2
[dc3_node1] Datacenter-aware: True
[dc3_node1] Hinted handoff: True

======================================================================
DHT Node 'dc3_node1' started (Phase 2+3 Features)
Address: localhost:50091
Datacenter: DC3
Replication: N=3, R=2, W=2
======================================================================

[Config] Strong consistency: R + W > N ✓
[dc3_node1] Announcing presence to cluster...
[dc3_node1] Successfully announced to localhost:50051: Successfully joined cluster. Ring has 41 nodes
[dc3_node1] Discovering nodes from known nodes...
Added node localhost:50052 with 150 virtual nodes
[Config] Added localhost:50052 to DC1
Added node localhost:50053 with 150 virtual nodes
[Config] Added localhost:50053 to DC1
Added node localhost:50064 with 150 virtual nodes
[Config] Added localhost:50064 to DC1
Added node localhost:50090 with 150 virtual nodes
[Config] Added localhost:50090 to DC2
Added node localhost:50081 with 150 virtual nodes
[Config] Added localhost:50081 to DC2
Added node localhost:50068 with 150 virtual nodes
[Config] Added localhost:50068 to DC1
Added node localhost:50067 with 150 virtual nodes
[Config] Added localhost:50067 to DC1
Added node localhost:50054 with 150 virtual nodes
[Config] Added localhost:50054 to DC1
Added node localhost:50058 with 150 virtual nodes
[Config] Added localhost:50058 to DC1
Added node localhost:50055 with 150 virtual nodes
[Config] Added localhost:50055 to DC1
Added node localhost:50061 with 150 virtual nodes
[Config] Added localhost:50061 to DC1
Added node localhost:50069 with 150 virtual nodes
[Config] Added localhost:50069 to DC1
Added node localhost:50071 with 150 virtual nodes
[Config] Added localhost:50071 to DC2
Added node localhost:50086 with 150 virtual nodes
[Config] Added localhost:50086 to DC2
Added node localhost:50087 with 150 virtual nodes
[Config] Added localhost:50087 to DC2
Added node localhost:50082 with 150 virtual nodes
[Config] Added localhost:50082 to DC2
Added node localhost:50080 with 150 virtual nodes
[Config] Added localhost:50080 to DC2
Added node localhost:50060 with 150 virtual nodes
[Config] Added localhost:50060 to DC1
Added node localhost:50066 with 150 virtual nodes
[Config] Added localhost:50066 to DC1
Added node localhost:50070 with 150 virtual nodes
[Config] Added localhost:50070 to DC1
Added node localhost:50072 with 150 virtual nodes
[Config] Added localhost:50072 to DC2
Added node localhost:50073 with 150 virtual nodes
[Config] Added localhost:50073 to DC2
Added node localhost:50076 with 150 virtual nodes
[Config] Added localhost:50076 to DC2
Added node localhost:50074 with 150 virtual nodes
[Config] Added localhost:50074 to DC2
[Config] Added localhost:50051 to DC1
Added node localhost:50056 with 150 virtual nodes
[Config] Added localhost:50056 to DC1
Added node localhost:50085 with 150 virtual nodes
[Config] Added localhost:50085 to DC2
Added node localhost:50075 with 150 virtual nodes
[Config] Added localhost:50075 to DC2
Added node localhost:50063 with 150 virtual nodes
[Config] Added localhost:50063 to DC1
Added node localhost:50084 with 150 virtual nodes
[Config] Added localhost:50084 to DC2
Added node localhost:50062 with 150 virtual nodes
[Config] Added localhost:50062 to DC1
Added node localhost:50088 with 150 virtual nodes
[Config] Added localhost:50088 to DC2
Added node localhost:50079 with 150 virtual nodes
[Config] Added localhost:50079 to DC2
Added node localhost:50065 with 150 virtual nodes
[Config] Added localhost:50065 to DC1
Added node localhost:50078 with 150 virtual nodes
[Config] Added localhost:50078 to DC2
Added node localhost:50059 with 150 virtual nodes
[Config] Added localhost:50059 to DC1
Added node localhost:50083 with 150 virtual nodes
[Config] Added localhost:50083 to DC2
Added node localhost:50089 with 150 virtual nodes
[Config] Added localhost:50089 to DC2
Added node localhost:50057 with 150 virtual nodes
[Config] Added localhost:50057 to DC1
Added node localhost:50077 with 150 virtual nodes
[Config] Added localhost:50077 to DC2
[dc3_node1] Round 1: discovered 40 new nodes, ring now has 41 nodes
[dc3_node1] Join request from localhost:50092 (DC: DC3)
Added node localhost:50092 with 150 virtual nodes
[Config] Added localhost:50092 to DC3
[ConsistentHash] Saved ring state for dc3_node1
[dc3_node1] Added localhost:50092 to ring. Ring now has 42 nodes
[dc3_node1] Join request from localhost:50092 (DC: DC3)
[dc3_node1] Join request from localhost:50092 (DC: DC3)
[dc3_node1] Join request from localhost:50093 (DC: DC3)
Added node localhost:50093 with 150 virtual nodes
[Config] Added localhost:50093 to DC3
[ConsistentHash] Saved ring state for dc3_node1
[dc3_node1] Added localhost:50093 to ring. Ring now has 43 nodes
[dc3_node1] Join request from localhost:50093 (DC: DC3)
[dc3_node1] Join request from localhost:50094 (DC: DC3)
Added node localhost:50094 with 150 virtual nodes
[Config] Added localhost:50094 to DC3
[ConsistentHash] Saved ring state for dc3_node1
[dc3_node1] Added localhost:50094 to ring. Ring now has 44 nodes
[dc3_node1] Join request from localhost:50094 (DC: DC3)
[dc3_node1] Join request from localhost:50095 (DC: DC3)
Added node localhost:50095 with 150 virtual nodes
[Config] Added localhost:50095 to DC3
[dc3_node1] Join request from localhost:50095 (DC: DC3)
[ConsistentHash] Saved ring state for dc3_node1
[dc3_node1] Added localhost:50095 to ring. Ring now has 45 nodes
[dc3_node1] Join request from localhost:50096 (DC: DC3)
Added node localhost:50096 with 150 virtual nodes
[Config] Added localhost:50096 to DC3
[ConsistentHash] Saved ring state for dc3_node1
[dc3_node1] Added localhost:50096 to ring. Ring now has 46 nodes
[dc3_node1] Join request from localhost:50096 (DC: DC3)
[dc3_node1] Join request from localhost:50096 (DC: DC3)
[dc3_node1] Join request from localhost:50097 (DC: DC3)
Added node localhost:50097 with 150 virtual nodes
[Config] Added localhost:50097 to DC3
[dc3_node1] Join request from localhost:50097 (DC: DC3)
[ConsistentHash] Saved ring state for dc3_node1
[dc3_node1] Added localhost:50097 to ring. Ring now has 47 nodes
[dc3_node1] Join request from localhost:50097 (DC: DC3)
[dc3_node1] Join request from localhost:50097 (DC: DC3)
[dc3_node1] Join request from localhost:50097 (DC: DC3)
[dc3_node1] Join request from localhost:50098 (DC: DC3)
Added node localhost:50098 with 150 virtual nodes
[Config] Added localhost:50098 to DC3
[ConsistentHash] Saved ring state for dc3_node1
[dc3_node1] Added localhost:50098 to ring. Ring now has 48 nodes
[dc3_node1] Join request from localhost:50098 (DC: DC3)
[dc3_node1] Join request from localhost:50098 (DC: DC3)
[dc3_node1] Join request from localhost:50098 (DC: DC3)
[dc3_node1] Join request from localhost:50098 (DC: DC3)
[dc3_node1] Join request from localhost:50099 (DC: DC3)
Added node localhost:50099 with 150 virtual nodes
[Config] Added localhost:50099 to DC3
[ConsistentHash] Saved ring state for dc3_node1
[dc3_node1] Added localhost:50099 to ring. Ring now has 49 nodes
[dc3_node1] Join request from localhost:50099 (DC: DC3)
[dc3_node1] Join request from localhost:50099 (DC: DC3)
[dc3_node1] Join request from localhost:50099 (DC: DC3)
[dc3_node1] Join request from localhost:50100 (DC: DC3)
Added node localhost:50100 with 150 virtual nodes
[Config] Added localhost:50100 to DC3
[ConsistentHash] Saved ring state for dc3_node1
[dc3_node1] Added localhost:50100 to ring. Ring now has 50 nodes
[dc3_node1] Join request from localhost:50100 (DC: DC3)
[dc3_node1] Join request from localhost:50100 (DC: DC3)
[dc3_node1] Join request from localhost:50100 (DC: DC3)
[dc3_node1] Join request from localhost:50100 (DC: DC3)
[dc3_node1] Join request from localhost:50100 (DC: DC3)
[dc3_node1] Join request from localhost:50101 (DC: DC3)
Added node localhost:50101 with 150 virtual nodes
[Config] Added localhost:50101 to DC3
[ConsistentHash] Saved ring state for dc3_node1
[dc3_node1] Added localhost:50101 to ring. Ring now has 51 nodes
[dc3_node1] Join request from localhost:50102 (DC: DC3)
Added node localhost:50102 with 150 virtual nodes
[Config] Added localhost:50102 to DC3
[ConsistentHash] Saved ring state for dc3_node1
[dc3_node1] Added localhost:50102 to ring. Ring now has 52 nodes
[dc3_node1] Join request from localhost:50102 (DC: DC3)
[dc3_node1] Join request from localhost:50102 (DC: DC3)
[dc3_node1] Join request from localhost:50102 (DC: DC3)
[dc3_node1] GetRing request from dc1_node8
[dc3_node1] Join request from localhost:50104 (DC: DC3)
Added node localhost:50104 with 150 virtual nodes
[Config] Added localhost:50104 to DC3
[ConsistentHash] Saved ring state for dc3_node1
[dc3_node1] Added localhost:50104 to ring. Ring now has 53 nodes
[dc3_node1] Join request from localhost:50104 (DC: DC3)
[dc3_node1] Join request from localhost:50104 (DC: DC3)
[dc3_node1] Join request from localhost:50104 (DC: DC3)
[dc3_node1] Join request from localhost:50104 (DC: DC3)
[dc3_node1] Join request from localhost:50105 (DC: DC3)
Added node localhost:50105 with 150 virtual nodes
[Config] Added localhost:50105 to DC3
[ConsistentHash] Saved ring state for dc3_node1
[dc3_node1] Added localhost:50105 to ring. Ring now has 54 nodes
[dc3_node1] Join request from localhost:50105 (DC: DC3)
[dc3_node1] GetRing request from dc1_node11
[Config] Added localhost:50100 to DC3
[Config] Added localhost:50094 to DC3
[Config] Added localhost:50099 to DC3
[Config] Added localhost:50098 to DC3
[Config] Added localhost:50095 to DC3
Added node localhost:50106 with 150 virtual nodes
[Config] Added localhost:50106 to DC3
[Config] Added localhost:50096 to DC3
[Config] Added localhost:50104 to DC3
[Config] Added localhost:50102 to DC3
[Config] Added localhost:50101 to DC3
[Config] Added localhost:50093 to DC3
Added node localhost:50103 with 150 virtual nodes
[Config] Added localhost:50103 to DC3
[Config] Added localhost:50105 to DC3
[Config] Added localhost:50097 to DC3
[Config] Added localhost:50092 to DC3
[dc3_node1] Round 2: discovered 15 new nodes, ring now has 56 nodes
[dc3_node1] Join request from localhost:50106 (DC: DC3)
[dc3_node1] Join request from localhost:50106 (DC: DC3)
[dc3_node1] Join request from localhost:50106 (DC: DC3)
[dc3_node1] Join request from localhost:50106 (DC: DC3)
[dc3_node1] Join request from localhost:50106 (DC: DC3)
[dc3_node1] Join request from localhost:50106 (DC: DC3)
[dc3_node1] GetRing request from dc1_node12
[dc3_node1] Join request from localhost:50107 (DC: DC3)
Added node localhost:50107 with 150 virtual nodes
[Config] Added localhost:50107 to DC3
[ConsistentHash] Saved ring state for dc3_node1
[dc3_node1] Added localhost:50107 to ring. Ring now has 57 nodes
[dc3_node1] Join request from localhost:50108 (DC: DC3)
Added node localhost:50108 with 150 virtual nodes
[Config] Added localhost:50108 to DC3
[ConsistentHash] Saved ring state for dc3_node1
[dc3_node1] Added localhost:50108 to ring. Ring now has 58 nodes
[dc3_node1] Join request from localhost:50109 (DC: DC3)
Added node localhost:50109 with 150 virtual nodes
[Config] Added localhost:50109 to DC3
[ConsistentHash] Saved ring state for dc3_node1
[dc3_node1] Added localhost:50109 to ring. Ring now has 59 nodes
[dc3_node1] Join request from localhost:50109 (DC: DC3)
[dc3_node1] Join request from localhost:50110 (DC: DC3)
Added node localhost:50110 with 150 virtual nodes
[Config] Added localhost:50110 to DC3
[ConsistentHash] Saved ring state for dc3_node1
[dc3_node1] Added localhost:50110 to ring. Ring now has 60 nodes
[dc3_node1] Join request from localhost:50111 (DC: DC4)
Added node localhost:50111 with 150 virtual nodes
[Config] Added localhost:50111 to DC4
[ConsistentHash] Saved ring state for dc3_node1
[dc3_node1] Added localhost:50111 to ring. Ring now has 61 nodes
[dc3_node1] GetRing request from dc1_node17
[dc3_node1] Join request from localhost:50112 (DC: DC4)
Added node localhost:50112 with 150 virtual nodes
[Config] Added localhost:50112 to DC4
[dc3_node1] Join request from localhost:50112 (DC: DC4)
[ConsistentHash] Saved ring state for dc3_node1
[dc3_node1] Added localhost:50112 to ring. Ring now has 62 nodes
[dc3_node1] Join request from localhost:50112 (DC: DC4)
[dc3_node1] Join request from localhost:50112 (DC: DC4)
[dc3_node1] Join request from localhost:50112 (DC: DC4)
[dc3_node1] Join request from localhost:50113 (DC: DC4)
Added node localhost:50113 with 150 virtual nodes
[Config] Added localhost:50113 to DC4
[dc3_node1] Join request from localhost:50113 (DC: DC4)
[ConsistentHash] Saved ring state for dc3_node1
[dc3_node1] Added localhost:50113 to ring. Ring now has 63 nodes
[dc3_node1] Join request from localhost:50113 (DC: DC4)
[dc3_node1] Join request from localhost:50113 (DC: DC4)
[dc3_node1] Join request from localhost:50114 (DC: DC4)
Added node localhost:50114 with 150 virtual nodes
[Config] Added localhost:50114 to DC4
[ConsistentHash] Saved ring state for dc3_node1
[dc3_node1] Added localhost:50114 to ring. Ring now has 64 nodes
[dc3_node1] Join request from localhost:50114 (DC: DC4)
[dc3_node1] Join request from localhost:50114 (DC: DC4)
[dc3_node1] Join request from localhost:50115 (DC: DC4)
Added node localhost:50115 with 150 virtual nodes
[Config] Added localhost:50115 to DC4
[dc3_node1] Join request from localhost:50115 (DC: DC4)
[ConsistentHash] Saved ring state for dc3_node1
[dc3_node1] Added localhost:50115 to ring. Ring now has 65 nodes
[dc3_node1] Join request from localhost:50115 (DC: DC4)
[dc3_node1] Join request from localhost:50115 (DC: DC4)
[dc3_node1] Join request from localhost:50116 (DC: DC4)
Added node localhost:50116 with 150 virtual nodes
[Config] Added localhost:50116 to DC4
[dc3_node1] Join request from localhost:50116 (DC: DC4)
[dc3_node1] Join request from localhost:50116 (DC: DC4)
[ConsistentHash] Saved ring state for dc3_node1
[dc3_node1] Added localhost:50116 to ring. Ring now has 66 nodes
[dc3_node1] Join request from localhost:50116 (DC: DC4)
[dc3_node1] Join request from localhost:50116 (DC: DC4)
[dc3_node1] GetRing request from dc1_node7
[dc3_node1] Join request from localhost:50117 (DC: DC4)
Added node localhost:50117 with 150 virtual nodes
[Config] Added localhost:50117 to DC4
[dc3_node1] Join request from localhost:50117 (DC: DC4)
[ConsistentHash] Saved ring state for dc3_node1
[dc3_node1] Added localhost:50117 to ring. Ring now has 67 nodes
[dc3_node1] Join request from localhost:50117 (DC: DC4)
[dc3_node1] Join request from localhost:50118 (DC: DC4)
Added node localhost:50118 with 150 virtual nodes
[Config] Added localhost:50118 to DC4
[ConsistentHash] Saved ring state for dc3_node1
[dc3_node1] Added localhost:50118 to ring. Ring now has 68 nodes
[dc3_node1] Join request from localhost:50118 (DC: DC4)
[dc3_node1] Join request from localhost:50118 (DC: DC4)
[dc3_node1] Join request from localhost:50118 (DC: DC4)
[dc3_node1] Join request from localhost:50119 (DC: DC4)
Added node localhost:50119 with 150 virtual nodes
[Config] Added localhost:50119 to DC4
[ConsistentHash] Saved ring state for dc3_node1
[dc3_node1] Added localhost:50119 to ring. Ring now has 69 nodes
[dc3_node1] GetRing request from dc2_node20
[dc3_node1] Join request from localhost:50120 (DC: DC4)
Added node localhost:50120 with 150 virtual nodes
[Config] Added localhost:50120 to DC4
[dc3_node1] Join request from localhost:50120 (DC: DC4)
[ConsistentHash] Saved ring state for dc3_node1
[dc3_node1] Added localhost:50120 to ring. Ring now has 70 nodes
[dc3_node1] Join request from localhost:50120 (DC: DC4)
[Config] Added localhost:50120 to DC4
[Config] Added localhost:50108 to DC3
[Config] Added localhost:50111 to DC4
[Config] Added localhost:50118 to DC4
[Config] Added localhost:50117 to DC4
[Config] Added localhost:50113 to DC4
[Config] Added localhost:50109 to DC3
[Config] Added localhost:50114 to DC4
[Config] Added localhost:50116 to DC4
[Config] Added localhost:50119 to DC4
[Config] Added localhost:50107 to DC3
[Config] Added localhost:50112 to DC4
[Config] Added localhost:50110 to DC3
[Config] Added localhost:50115 to DC4
[dc3_node1] Round 3: discovered 14 new nodes, ring now has 70 nodes
[dc3_node1] Join request from localhost:50121 (DC: DC4)
Added node localhost:50121 with 150 virtual nodes
[Config] Added localhost:50121 to DC4
[ConsistentHash] Saved ring state for dc3_node1
[dc3_node1] Added localhost:50121 to ring. Ring now has 71 nodes
[dc3_node1] Join request from localhost:50121 (DC: DC4)
[dc3_node1] Join request from localhost:50122 (DC: DC4)
Added node localhost:50122 with 150 virtual nodes
[Config] Added localhost:50122 to DC4
[dc3_node1] Join request from localhost:50122 (DC: DC4)
[ConsistentHash] Saved ring state for dc3_node1
[dc3_node1] Added localhost:50122 to ring. Ring now has 72 nodes
[dc3_node1] Join request from localhost:50122 (DC: DC4)
[dc3_node1] Join request from localhost:50122 (DC: DC4)
[dc3_node1] Join request from localhost:50122 (DC: DC4)
[dc3_node1] Join request from localhost:50123 (DC: DC4)
Added node localhost:50123 with 150 virtual nodes
[Config] Added localhost:50123 to DC4
[dc3_node1] Join request from localhost:50123 (DC: DC4)
[ConsistentHash] Saved ring state for dc3_node1
[dc3_node1] Added localhost:50123 to ring. Ring now has 73 nodes
[dc3_node1] Join request from localhost:50124 (DC: DC4)
Added node localhost:50124 with 150 virtual nodes
[Config] Added localhost:50124 to DC4
[ConsistentHash] Saved ring state for dc3_node1
[dc3_node1] Added localhost:50124 to ring. Ring now has 74 nodes
[dc3_node1] Join request from localhost:50124 (DC: DC4)
[dc3_node1] Join request from localhost:50125 (DC: DC4)
Added node localhost:50125 with 150 virtual nodes
[Config] Added localhost:50125 to DC4
[ConsistentHash] Saved ring state for dc3_node1
[dc3_node1] Added localhost:50125 to ring. Ring now has 75 nodes
[dc3_node1] Join request from localhost:50125 (DC: DC4)
[dc3_node1] Join request from localhost:50126 (DC: DC4)
Added node localhost:50126 with 150 virtual nodes
[Config] Added localhost:50126 to DC4
[dc3_node1] Join request from localhost:50126 (DC: DC4)
[ConsistentHash] Saved ring state for dc3_node1
[dc3_node1] Added localhost:50126 to ring. Ring now has 76 nodes
[dc3_node1] Join request from localhost:50127 (DC: DC4)
Added node localhost:50127 with 150 virtual nodes
[Config] Added localhost:50127 to DC4
[ConsistentHash] Saved ring state for dc3_node1
[dc3_node1] Added localhost:50127 to ring. Ring now has 77 nodes
[dc3_node1] Join request from localhost:50127 (DC: DC4)
[dc3_node1] Join request from localhost:50128 (DC: DC4)
Added node localhost:50128 with 150 virtual nodes
[Config] Added localhost:50128 to DC4
[ConsistentHash] Saved ring state for dc3_node1
[dc3_node1] Added localhost:50128 to ring. Ring now has 78 nodes
[dc3_node1] Join request from localhost:50128 (DC: DC4)
[dc3_node1] Join request from localhost:50128 (DC: DC4)
[dc3_node1] Join request from localhost:50129 (DC: DC4)
Added node localhost:50129 with 150 virtual nodes
[Config] Added localhost:50129 to DC4
[ConsistentHash] Saved ring state for dc3_node1
[dc3_node1] Added localhost:50129 to ring. Ring now has 79 nodes
[dc3_node1] Join request from localhost:50129 (DC: DC4)
[dc3_node1] Join request from localhost:50129 (DC: DC4)
[dc3_node1] Join request from localhost:50130 (DC: DC4)
Added node localhost:50130 with 150 virtual nodes
[Config] Added localhost:50130 to DC4
[dc3_node1] Join request from localhost:50130 (DC: DC4)
[ConsistentHash] Saved ring state for dc3_node1
[dc3_node1] Added localhost:50130 to ring. Ring now has 80 nodes
[dc3_node1] GetRing request from dc2_node1
[dc3_node1] Join request from localhost:50131 (DC: DC5)
Added node localhost:50131 with 150 virtual nodes
[Config] Added localhost:50131 to DC5
[dc3_node1] Join request from localhost:50131 (DC: DC5)
[ConsistentHash] Saved ring state for dc3_node1
[dc3_node1] Added localhost:50131 to ring. Ring now has 81 nodes
[dc3_node1] Join request from localhost:50131 (DC: DC5)
[dc3_node1] Join request from localhost:50131 (DC: DC5)
[dc3_node1] Join request from localhost:50132 (DC: DC5)
Added node localhost:50132 with 150 virtual nodes
[Config] Added localhost:50132 to DC5
[ConsistentHash] Saved ring state for dc3_node1
[dc3_node1] Added localhost:50132 to ring. Ring now has 82 nodes
[dc3_node1] Join request from localhost:50132 (DC: DC5)
[dc3_node1] Join request from localhost:50133 (DC: DC5)
Added node localhost:50133 with 150 virtual nodes
[Config] Added localhost:50133 to DC5
[ConsistentHash] Saved ring state for dc3_node1
[dc3_node1] Added localhost:50133 to ring. Ring now has 83 nodes
[dc3_node1] GetRing request from dc1_node9
[dc3_node1] Join request from localhost:50134 (DC: DC5)
Added node localhost:50134 with 150 virtual nodes
[Config] Added localhost:50134 to DC5
[dc3_node1] Join request from localhost:50134 (DC: DC5)
[ConsistentHash] Saved ring state for dc3_node1
[dc3_node1] Added localhost:50134 to ring. Ring now has 84 nodes
[dc3_node1] Join request from localhost:50135 (DC: DC5)
Added node localhost:50135 with 150 virtual nodes
[Config] Added localhost:50135 to DC5
[dc3_node1] Join request from localhost:50135 (DC: DC5)
[Config] Added localhost:50133 to DC5
[Config] Added localhost:50126 to DC4
[Config] Added localhost:50128 to DC4
[Config] Added localhost:50121 to DC4
[Config] Added localhost:50129 to DC4
[Config] Added localhost:50132 to DC5
[Config] Added localhost:50125 to DC4
[Config] Added localhost:50131 to DC5
[Config] Added localhost:50123 to DC4
[Config] Added localhost:50135 to DC5
[Config] Added localhost:50134 to DC5
[Config] Added localhost:50124 to DC4
[Config] Added localhost:50127 to DC4
[Config] Added localhost:50122 to DC4
[Config] Added localhost:50130 to DC4
[dc3_node1] Round 4: discovered 15 new nodes, ring now has 85 nodes
[ConsistentHash] Saved ring state for dc3_node1
[dc3_node1] Added localhost:50135 to ring. Ring now has 85 nodes
[dc3_node1] Join request from localhost:50136 (DC: DC5)
Added node localhost:50136 with 150 virtual nodes
[Config] Added localhost:50136 to DC5
[ConsistentHash] Saved ring state for dc3_node1
[dc3_node1] Added localhost:50136 to ring. Ring now has 86 nodes
[dc3_node1] Join request from localhost:50136 (DC: DC5)
[dc3_node1] Join request from localhost:50136 (DC: DC5)
[dc3_node1] Join request from localhost:50137 (DC: DC5)
Added node localhost:50137 with 150 virtual nodes
[Config] Added localhost:50137 to DC5
[ConsistentHash] Saved ring state for dc3_node1
[dc3_node1] Added localhost:50137 to ring. Ring now has 87 nodes
[dc3_node1] Join request from localhost:50137 (DC: DC5)
[dc3_node1] GetRing request from dc3_node4
[dc3_node1] Join request from localhost:50138 (DC: DC5)
Added node localhost:50138 with 150 virtual nodes
[Config] Added localhost:50138 to DC5
[dc3_node1] Join request from localhost:50138 (DC: DC5)
[ConsistentHash] Saved ring state for dc3_node1
[dc3_node1] Added localhost:50138 to ring. Ring now has 88 nodes
[dc3_node1] Join request from localhost:50139 (DC: DC5)
Added node localhost:50139 with 150 virtual nodes
[Config] Added localhost:50139 to DC5
[ConsistentHash] Saved ring state for dc3_node1
[dc3_node1] Added localhost:50139 to ring. Ring now has 89 nodes
[dc3_node1] Join request from localhost:50139 (DC: DC5)
[dc3_node1] Join request from localhost:50139 (DC: DC5)
[dc3_node1] Join request from localhost:50140 (DC: DC5)
Added node localhost:50140 with 150 virtual nodes
[Config] Added localhost:50140 to DC5
[ConsistentHash] Saved ring state for dc3_node1
[dc3_node1] Added localhost:50140 to ring. Ring now has 90 nodes
[dc3_node1] Join request from localhost:50141 (DC: DC5)
Added node localhost:50141 with 150 virtual nodes
[Config] Added localhost:50141 to DC5
[dc3_node1] Join request from localhost:50141 (DC: DC5)
[ConsistentHash] Saved ring state for dc3_node1
[dc3_node1] Added localhost:50141 to ring. Ring now has 91 nodes
[dc3_node1] GetRing request from dc4_node3
[dc3_node1] Join request from localhost:50143 (DC: DC5)
Added node localhost:50143 with 150 virtual nodes
[Config] Added localhost:50143 to DC5
[ConsistentHash] Saved ring state for dc3_node1
[dc3_node1] Added localhost:50143 to ring. Ring now has 92 nodes
[dc3_node1] Join request from localhost:50143 (DC: DC5)
[dc3_node1] Join request from localhost:50144 (DC: DC5)
Added node localhost:50144 with 150 virtual nodes
[Config] Added localhost:50144 to DC5
[ConsistentHash] Saved ring state for dc3_node1
[dc3_node1] Added localhost:50144 to ring. Ring now has 93 nodes
[dc3_node1] Join request from localhost:50145 (DC: DC5)
Added node localhost:50145 with 150 virtual nodes
[Config] Added localhost:50145 to DC5
[ConsistentHash] Saved ring state for dc3_node1
[dc3_node1] Added localhost:50145 to ring. Ring now has 94 nodes
[dc3_node1] Join request from localhost:50145 (DC: DC5)
[dc3_node1] Join request from localhost:50146 (DC: DC5)
Added node localhost:50146 with 150 virtual nodes
[Config] Added localhost:50146 to DC5
[ConsistentHash] Saved ring state for dc3_node1
[dc3_node1] Added localhost:50146 to ring. Ring now has 95 nodes
[dc3_node1] GetRing request from dc2_node3
[dc3_node1] Join request from localhost:50147 (DC: DC5)
Added node localhost:50147 with 150 virtual nodes
[Config] Added localhost:50147 to DC5
[dc3_node1] Join request from localhost:50147 (DC: DC5)
[ConsistentHash] Saved ring state for dc3_node1
[dc3_node1] Added localhost:50147 to ring. Ring now has 96 nodes
[dc3_node1] Join request from localhost:50147 (DC: DC5)
[dc3_node1] Join request from localhost:50147 (DC: DC5)
[dc3_node1] Join request from localhost:50147 (DC: DC5)
[dc3_node1] Join request from localhost:50148 (DC: DC5)
Added node localhost:50148 with 150 virtual nodes
[Config] Added localhost:50148 to DC5
[dc3_node1] Join request from localhost:50148 (DC: DC5)
[ConsistentHash] Saved ring state for dc3_node1
[dc3_node1] Added localhost:50148 to ring. Ring now has 97 nodes
[dc3_node1] Join request from localhost:50148 (DC: DC5)
[dc3_node1] Join request from localhost:50149 (DC: DC5)
Added node localhost:50149 with 150 virtual nodes
[Config] Added localhost:50149 to DC5
[ConsistentHash] Saved ring state for dc3_node1
[dc3_node1] Added localhost:50149 to ring. Ring now has 98 nodes
[dc3_node1] Join request from localhost:50149 (DC: DC5)
[dc3_node1] Join request from localhost:50149 (DC: DC5)
[dc3_node1] Join request from localhost:50149 (DC: DC5)
[dc3_node1] Join request from localhost:50149 (DC: DC5)
[Config] Added localhost:50137 to DC5
[Config] Added localhost:50139 to DC5
[Config] Added localhost:50146 to DC5
[Config] Added localhost:50145 to DC5
[Config] Added localhost:50143 to DC5
Added node localhost:50142 with 150 virtual nodes
[Config] Added localhost:50142 to DC5
[Config] Added localhost:50148 to DC5
[Config] Added localhost:50149 to DC5
[Config] Added localhost:50144 to DC5
[Config] Added localhost:50140 to DC5
[Config] Added localhost:50138 to DC5
[Config] Added localhost:50147 to DC5
[Config] Added localhost:50141 to DC5
[Config] Added localhost:50136 to DC5
Added node localhost:50150 with 150 virtual nodes
[Config] Added localhost:50150 to DC5
[dc3_node1] Round 5: discovered 15 new nodes, ring now has 100 nodes
[dc3_node1] Join request from localhost:50150 (DC: DC5)
[dc3_node1] Join request from localhost:50150 (DC: DC5)
[dc3_node1] Join request from localhost:50150 (DC: DC5)
[dc3_node1] Join request from localhost:50150 (DC: DC5)
[dc3_node1] Join request from localhost:50150 (DC: DC5)
[dc3_node1] Join request from localhost:50150 (DC: DC5)
[dc3_node1] Join request from localhost:50151 (DC: DC6)
Added node localhost:50151 with 150 virtual nodes
[Config] Added localhost:50151 to DC6
[ConsistentHash] Saved ring state for dc3_node1
[dc3_node1] Added localhost:50151 to ring. Ring now has 101 nodes
[dc3_node1] Join request from localhost:50151 (DC: DC6)
[dc3_node1] Join request from localhost:50151 (DC: DC6)
[dc3_node1] Join request from localhost:50151 (DC: DC6)
[dc3_node1] Join request from localhost:50151 (DC: DC6)
[dc3_node1] Join request from localhost:50152 (DC: DC6)
Added node localhost:50152 with 150 virtual nodes
[Config] Added localhost:50152 to DC6
[dc3_node1] Join request from localhost:50152 (DC: DC6)
[ConsistentHash] Saved ring state for dc3_node1
[dc3_node1] Added localhost:50152 to ring. Ring now has 102 nodes
[dc3_node1] Join request from localhost:50152 (DC: DC6)
[dc3_node1] Join request from localhost:50153 (DC: DC6)
Added node localhost:50153 with 150 virtual nodes
[Config] Added localhost:50153 to DC6
[dc3_node1] Join request from localhost:50154 (DC: DC6)
Added node localhost:50154 with 150 virtual nodes
[Config] Added localhost:50154 to DC6
[ConsistentHash] Saved ring state for dc3_node1
[dc3_node1] Added localhost:50153 to ring. Ring now has 104 nodes
[ConsistentHash] Error saving ring state: [Errno 2] No such file or directory: 'data/dc3_node1_ring.json.tmp' -> 'data/dc3_node1_ring.json'
[dc3_node1] Added localhost:50154 to ring. Ring now has 104 nodes
[dc3_node1] GetRing request from dc1_node16
[dc3_node1] Join request from localhost:50153 (DC: DC6)
[dc3_node1] Join request from localhost:50154 (DC: DC6)
[dc3_node1] Join request from localhost:50154 (DC: DC6)
[dc3_node1] Join request from localhost:50155 (DC: DC6)
Added node localhost:50155 with 150 virtual nodes
[Config] Added localhost:50155 to DC6
[ConsistentHash] Saved ring state for dc3_node1
[dc3_node1] Added localhost:50155 to ring. Ring now has 105 nodes
[dc3_node1] Join request from localhost:50155 (DC: DC6)
[dc3_node1] GetRing request from dc1_node18
[dc3_node1] Join request from localhost:50155 (DC: DC6)
[dc3_node1] Join request from localhost:50157 (DC: DC6)
Added node localhost:50157 with 150 virtual nodes
[Config] Added localhost:50157 to DC6
[ConsistentHash] Saved ring state for dc3_node1
[dc3_node1] Added localhost:50157 to ring. Ring now has 106 nodes
[dc3_node1] Join request from localhost:50157 (DC: DC6)
[dc3_node1] Join request from localhost:50158 (DC: DC6)
Added node localhost:50158 with 150 virtual nodes
[Config] Added localhost:50158 to DC6
[dc3_node1] Join request from localhost:50158 (DC: DC6)
[ConsistentHash] Saved ring state for dc3_node1
[dc3_node1] Added localhost:50158 to ring. Ring now has 107 nodes
[dc3_node1] Join request from localhost:50157 (DC: DC6)
[dc3_node1] Join request from localhost:50158 (DC: DC6)
[dc3_node1] Join request from localhost:50160 (DC: DC6)
Added node localhost:50160 with 150 virtual nodes
[Config] Added localhost:50160 to DC6
[ConsistentHash] Saved ring state for dc3_node1
[dc3_node1] Added localhost:50160 to ring. Ring now has 108 nodes
[dc3_node1] Join request from localhost:50159 (DC: DC6)
Added node localhost:50159 with 150 virtual nodes
[Config] Added localhost:50159 to DC6
[dc3_node1] Join request from localhost:50158 (DC: DC6)
[dc3_node1] Join request from localhost:50159 (DC: DC6)
[ConsistentHash] Saved ring state for dc3_node1
[dc3_node1] Added localhost:50159 to ring. Ring now has 109 nodes
[dc3_node1] Join request from localhost:50159 (DC: DC6)
[dc3_node1] Join request from localhost:50160 (DC: DC6)
[dc3_node1] Join request from localhost:50160 (DC: DC6)
[dc3_node1] Join request from localhost:50160 (DC: DC6)
[dc3_node1] Join request from localhost:50160 (DC: DC6)
[dc3_node1] Join request from localhost:50160 (DC: DC6)
[dc3_node1] Join request from localhost:50162 (DC: DC6)
Added node localhost:50162 with 150 virtual nodes
[Config] Added localhost:50162 to DC6
[ConsistentHash] Saved ring state for dc3_node1
[dc3_node1] Added localhost:50162 to ring. Ring now has 110 nodes
[dc3_node1] Join request from localhost:50160 (DC: DC6)
[dc3_node1] Join request from localhost:50163 (DC: DC6)
Added node localhost:50163 with 150 virtual nodes
[Config] Added localhost:50163 to DC6
[dc3_node1] Join request from localhost:50160 (DC: DC6)
[ConsistentHash] Saved ring state for dc3_node1
[dc3_node1] Added localhost:50163 to ring. Ring now has 111 nodes
[dc3_node1] Join request from localhost:50163 (DC: DC6)
[Config] Added localhost:50151 to DC6
[Config] Added localhost:50160 to DC6
[Config] Added localhost:50152 to DC6
[Config] Added localhost:50159 to DC6
Added node localhost:50156 with 150 virtual nodes
[Config] Added localhost:50156 to DC6
[Config] Added localhost:50153 to DC6
[Config] Added localhost:50157 to DC6
[Config] Added localhost:50158 to DC6
[Config] Added localhost:50154 to DC6
[Config] Added localhost:50155 to DC6
Added node localhost:50161 with 150 virtual nodes
[Config] Added localhost:50161 to DC6
[Config] Added localhost:50163 to DC6
[Config] Added localhost:50162 to DC6
Added node localhost:50164 with 150 virtual nodes
[Config] Added localhost:50164 to DC6
[dc3_node1] Round 6: discovered 14 new nodes, ring now has 114 nodes
[dc3_node1] Join request from localhost:50162 (DC: DC6)
[dc3_node1] Join request from localhost:50163 (DC: DC6)
[dc3_node1] Join request from localhost:50163 (DC: DC6)
[dc3_node1] Join request from localhost:50162 (DC: DC6)
[dc3_node1] Join request from localhost:50163 (DC: DC6)
[dc3_node1] Join request from localhost:50163 (DC: DC6)
[dc3_node1] Join request from localhost:50165 (DC: DC6)
Added node localhost:50165 with 150 virtual nodes
[Config] Added localhost:50165 to DC6
[ConsistentHash] Saved ring state for dc3_node1
[dc3_node1] Added localhost:50165 to ring. Ring now has 115 nodes
[dc3_node1] Join request from localhost:50165 (DC: DC6)
[dc3_node1] Join request from localhost:50165 (DC: DC6)
[dc3_node1] GetRing request from dc5_node10
[dc3_node1] Join request from localhost:50167 (DC: DC6)
Added node localhost:50167 with 150 virtual nodes
[Config] Added localhost:50167 to DC6
[dc3_node1] Join request from localhost:50166 (DC: DC6)
Added node localhost:50166 with 150 virtual nodes
[Config] Added localhost:50166 to DC6
[ConsistentHash] Saved ring state for dc3_node1
[dc3_node1] Added localhost:50167 to ring. Ring now has 117 nodes
[ConsistentHash] Error saving ring state: [Errno 2] No such file or directory: 'data/dc3_node1_ring.json.tmp' -> 'data/dc3_node1_ring.json'
[dc3_node1] Added localhost:50166 to ring. Ring now has 117 nodes
[dc3_node1] Join request from localhost:50168 (DC: DC6)
Added node localhost:50168 with 150 virtual nodes
[Config] Added localhost:50168 to DC6
[ConsistentHash] Saved ring state for dc3_node1
[dc3_node1] Added localhost:50168 to ring. Ring now has 118 nodes
[dc3_node1] Join request from localhost:50170 (DC: DC6)
Added node localhost:50170 with 150 virtual nodes
[Config] Added localhost:50170 to DC6
[dc3_node1] GetRing request from dc5_node12
[ConsistentHash] Saved ring state for dc3_node1
[dc3_node1] Added localhost:50170 to ring. Ring now has 119 nodes
[dc3_node1] Join request from localhost:50168 (DC: DC6)
[dc3_node1] Join request from localhost:50167 (DC: DC6)
[dc3_node1] Join request from localhost:50172 (DC: DC7)
Added node localhost:50172 with 150 virtual nodes
[Config] Added localhost:50172 to DC7
[dc3_node1] Join request from localhost:50167 (DC: DC6)
[dc3_node1] Join request from localhost:50168 (DC: DC6)
[dc3_node1] Join request from localhost:50170 (DC: DC6)
[ConsistentHash] Saved ring state for dc3_node1
[dc3_node1] Added localhost:50172 to ring. Ring now has 120 nodes
[dc3_node1] GetRing request from dc5_node1
[dc3_node1] Join request from localhost:50168 (DC: DC6)
[dc3_node1] Join request from localhost:50169 (DC: DC6)
Added node localhost:50169 with 150 virtual nodes
[Config] Added localhost:50169 to DC6
[dc3_node1] Join request from localhost:50169 (DC: DC6)
[dc3_node1] Join request from localhost:50173 (DC: DC7)
Added node localhost:50173 with 150 virtual nodes
[Config] Added localhost:50173 to DC7
[ConsistentHash] Saved ring state for dc3_node1
[dc3_node1] Added localhost:50169 to ring. Ring now has 122 nodes
[dc3_node1] Join request from localhost:50172 (DC: DC7)
[dc3_node1] Join request from localhost:50171 (DC: DC7)
Added node localhost:50171 with 150 virtual nodes
[Config] Added localhost:50171 to DC7
[dc3_node1] Join request from localhost:50171 (DC: DC7)
[ConsistentHash] Saved ring state for dc3_node1
[dc3_node1] Added localhost:50173 to ring. Ring now has 123 nodes
[dc3_node1] Join request from localhost:50174 (DC: DC7)
Added node localhost:50174 with 150 virtual nodes
[Config] Added localhost:50174 to DC7
[dc3_node1] Join request from localhost:50170 (DC: DC6)
[ConsistentHash] Saved ring state for dc3_node1
[dc3_node1] Added localhost:50171 to ring. Ring now has 124 nodes
[ConsistentHash] Error saving ring state: [Errno 2] No such file or directory: 'data/dc3_node1_ring.json.tmp' -> 'data/dc3_node1_ring.json'
[dc3_node1] Added localhost:50174 to ring. Ring now has 124 nodes
[dc3_node1] Join request from localhost:50172 (DC: DC7)
[dc3_node1] GetRing request from dc5_node5
[Config] Added localhost:50167 to DC6
[Config] Added localhost:50169 to DC6
[Config] Added localhost:50166 to DC6
[Config] Added localhost:50172 to DC7
[Config] Added localhost:50170 to DC6
[Config] Added localhost:50168 to DC6
[Config] Added localhost:50171 to DC7
[Config] Added localhost:50165 to DC6
Added node localhost:50175 with 150 virtual nodes
[Config] Added localhost:50175 to DC7
[Config] Added localhost:50173 to DC7
Added node localhost:50179 with 150 virtual nodes
[Config] Added localhost:50179 to DC7
Added node localhost:50176 with 150 virtual nodes
[Config] Added localhost:50176 to DC7
Added node localhost:50178 with 150 virtual nodes
[Config] Added localhost:50178 to DC7
[Config] Added localhost:50174 to DC7
Added node localhost:50177 with 150 virtual nodes
[Config] Added localhost:50177 to DC7
[dc3_node1] Round 7: discovered 15 new nodes, ring now has 129 nodes
[dc3_node1] Join request from localhost:50176 (DC: DC7)
[dc3_node1] Join request from localhost:50170 (DC: DC6)
[dc3_node1] Join request from localhost:50174 (DC: DC7)
[dc3_node1] Join request from localhost:50174 (DC: DC7)
[dc3_node1] Join request from localhost:50177 (DC: DC7)
[dc3_node1] Join request from localhost:50176 (DC: DC7)
[dc3_node1] Join request from localhost:50176 (DC: DC7)
[dc3_node1] Join request from localhost:50178 (DC: DC7)
[dc3_node1] Join request from localhost:50183 (DC: DC7)
Added node localhost:50183 with 150 virtual nodes
[Config] Added localhost:50183 to DC7
[ConsistentHash] Saved ring state for dc3_node1
[dc3_node1] Added localhost:50183 to ring. Ring now has 130 nodes
[dc3_node1] Join request from localhost:50181 (DC: DC7)
Added node localhost:50181 with 150 virtual nodes
[Config] Added localhost:50181 to DC7
[ConsistentHash] Saved ring state for dc3_node1
[dc3_node1] Added localhost:50181 to ring. Ring now has 131 nodes
[dc3_node1] Join request from localhost:50184 (DC: DC7)
Added node localhost:50184 with 150 virtual nodes
[Config] Added localhost:50184 to DC7
[ConsistentHash] Saved ring state for dc3_node1
[dc3_node1] Added localhost:50184 to ring. Ring now has 132 nodes
[dc3_node1] Join request from localhost:50179 (DC: DC7)
[dc3_node1] Join request from localhost:50184 (DC: DC7)
[dc3_node1] Join request from localhost:50180 (DC: DC7)
Added node localhost:50180 with 150 virtual nodes
[Config] Added localhost:50180 to DC7
[Config] Added localhost:50183 to DC7
[Config] Added localhost:50180 to DC7
[Config] Added localhost:50181 to DC7
Added node localhost:50186 with 150 virtual nodes
[Config] Added localhost:50186 to DC7
Added node localhost:50182 with 150 virtual nodes
[Config] Added localhost:50182 to DC7
Added node localhost:50188 with 150 virtual nodes
[Config] Added localhost:50188 to DC7
Added node localhost:50185 with 150 virtual nodes
[Config] Added localhost:50185 to DC7
[Config] Added localhost:50184 to DC7
Added node localhost:50187 with 150 virtual nodes
[Config] Added localhost:50187 to DC7
[dc3_node1] Join request from localhost:50187 (DC: DC7)
[dc3_node1] Round 8: discovered 9 new nodes, ring now has 138 nodes
[dc3_node1] Join request from localhost:50189 (DC: DC7)
Added node localhost:50189 with 150 virtual nodes
[Config] Added localhost:50189 to DC7
[ConsistentHash] Saved ring state for dc3_node1
[dc3_node1] Added localhost:50180 to ring. Ring now has 139 nodes
[ConsistentHash] Error saving ring state: [Errno 2] No such file or directory: 'data/dc3_node1_ring.json.tmp' -> 'data/dc3_node1_ring.json'
[dc3_node1] Discovery complete: ring contains 139 nodes
[ConsistentHash] Error saving ring state: [Errno 2] No such file or directory: 'data/dc3_node1_ring.json.tmp' -> 'data/dc3_node1_ring.json'
[dc3_node1] Added localhost:50189 to ring. Ring now has 139 nodes
[dc3_node1] Join request from localhost:50188 (DC: DC7)
[dc3_node1] Join request from localhost:50186 (DC: DC7)
[dc3_node1] Join request from localhost:50186 (DC: DC7)
[dc3_node1] Join request from localhost:50189 (DC: DC7)
[dc3_node1] Join request from localhost:50195 (DC: DC8)
Added node localhost:50195 with 150 virtual nodes
[Config] Added localhost:50195 to DC8
[dc3_node1] Join request from localhost:50190 (DC: DC7)
Added node localhost:50190 with 150 virtual nodes
[Config] Added localhost:50190 to DC7
[ConsistentHash] Saved ring state for dc3_node1
[dc3_node1] Added localhost:50190 to ring. Ring now has 141 nodes
[ConsistentHash] Saved ring state for dc3_node1
[dc3_node1] Added localhost:50195 to ring. Ring now has 141 nodes
[dc3_node1] Join request from localhost:50192 (DC: DC8)
Added node localhost:50192 with 150 virtual nodes
[Config] Added localhost:50192 to DC8
[ConsistentHash] Saved ring state for dc3_node1
[dc3_node1] Added localhost:50192 to ring. Ring now has 142 nodes
[dc3_node1] Join request from localhost:50194 (DC: DC8)
Added node localhost:50194 with 150 virtual nodes
[Config] Added localhost:50194 to DC8
[dc3_node1] Join request from localhost:50195 (DC: DC8)
[ConsistentHash] Saved ring state for dc3_node1
[dc3_node1] Added localhost:50194 to ring. Ring now has 143 nodes
[dc3_node1] GetRing request from dc4_node5
[dc3_node1] Join request from localhost:50188 (DC: DC7)
[dc3_node1] Join request from localhost:50192 (DC: DC8)
[dc3_node1] Join request from localhost:50195 (DC: DC8)
[dc3_node1] Join request from localhost:50189 (DC: DC7)
[dc3_node1] Join request from localhost:50194 (DC: DC8)
[dc3_node1] Join request from localhost:50193 (DC: DC8)
Added node localhost:50193 with 150 virtual nodes
[Config] Added localhost:50193 to DC8
[dc3_node1] Join request from localhost:50200 (DC: DC8)
Added node localhost:50200 with 150 virtual nodes
[Config] Added localhost:50200 to DC8
[dc3_node1] Join request from localhost:50199 (DC: DC8)
Added node localhost:50199 with 150 virtual nodes
[Config] Added localhost:50199 to DC8
[dc3_node1] Join request from localhost:50192 (DC: DC8)
[dc3_node1] GetRing request from dc5_node5
[dc3_node1] Join request from localhost:50194 (DC: DC8)
[dc3_node1] Join request from localhost:50195 (DC: DC8)
[dc3_node1] Join request from localhost:50197 (DC: DC8)
Added node localhost:50197 with 150 virtual nodes
[Config] Added localhost:50197 to DC8
[dc3_node1] Join request from localhost:50198 (DC: DC8)
Added node localhost:50198 with 150 virtual nodes
[Config] Added localhost:50198 to DC8
[ConsistentHash] Saved ring state for dc3_node1
[dc3_node1] Added localhost:50200 to ring. Ring now has 148 nodes
[dc3_node1] Join request from localhost:50195 (DC: DC8)
[ConsistentHash] Saved ring state for dc3_node1
[dc3_node1] Added localhost:50193 to ring. Ring now has 148 nodes
[dc3_node1] Join request from localhost:50198 (DC: DC8)
[ConsistentHash] Error saving ring state: [Errno 2] No such file or directory: 'data/dc3_node1_ring.json.tmp' -> 'data/dc3_node1_ring.json'
[dc3_node1] Added localhost:50198 to ring. Ring now has 148 nodes
[ConsistentHash] Error saving ring state: [Errno 2] No such file or directory: 'data/dc3_node1_ring.json.tmp' -> 'data/dc3_node1_ring.json'
[dc3_node1] Added localhost:50199 to ring. Ring now has 148 nodes
[ConsistentHash] Error saving ring state: [Errno 2] No such file or directory: 'data/dc3_node1_ring.json.tmp' -> 'data/dc3_node1_ring.json'
[dc3_node1] Added localhost:50197 to ring. Ring now has 148 nodes
[dc3_node1] Join request from localhost:50208 (DC: DC8)
Added node localhost:50208 with 150 virtual nodes
[Config] Added localhost:50208 to DC8
[ConsistentHash] Saved ring state for dc3_node1
[dc3_node1] Added localhost:50208 to ring. Ring now has 149 nodes
[dc3_node1] Join request from localhost:50200 (DC: DC8)
[dc3_node1] Join request from localhost:50201 (DC: DC8)
Added node localhost:50201 with 150 virtual nodes
[Config] Added localhost:50201 to DC8
[dc3_node1] Join request from localhost:50208 (DC: DC8)
[dc3_node1] Join request from localhost:50201 (DC: DC8)
[ConsistentHash] Saved ring state for dc3_node1
[dc3_node1] Added localhost:50201 to ring. Ring now has 150 nodes
[dc3_node1] Join request from localhost:50211 (DC: DC9)
Added node localhost:50211 with 150 virtual nodes
[Config] Added localhost:50211 to DC9
[dc3_node1] Join request from localhost:50203 (DC: DC8)
Added node localhost:50203 with 150 virtual nodes
[Config] Added localhost:50203 to DC8
[dc3_node1] Join request from localhost:50207 (DC: DC8)
Added node localhost:50207 with 150 virtual nodes
[Config] Added localhost:50207 to DC8
[ConsistentHash] Error saving ring state: dictionary changed size during iteration
[dc3_node1] Added localhost:50203 to ring. Ring now has 153 nodes
[dc3_node1] Join request from localhost:50201 (DC: DC8)
[dc3_node1] GetRing request from dc5_node17
[dc3_node1] Join request from localhost:50209 (DC: DC8)
Added node localhost:50209 with 150 virtual nodes
[Config] Added localhost:50209 to DC8
[ConsistentHash] Saved ring state for dc3_node1
[dc3_node1] Added localhost:50211 to ring. Ring now has 154 nodes
[ConsistentHash] Saved ring state for dc3_node1
[dc3_node1] Added localhost:50207 to ring. Ring now has 154 nodes
[dc3_node1] Join request from localhost:50215 (DC: DC9)
Added node localhost:50215 with 150 virtual nodes
[Config] Added localhost:50215 to DC9
[ConsistentHash] Saved ring state for dc3_node1
[dc3_node1] Added localhost:50209 to ring. Ring now has 155 nodes
[dc3_node1] Join request from localhost:50213 (DC: DC9)
Added node localhost:50213 with 150 virtual nodes
[Config] Added localhost:50213 to DC9
[dc3_node1] GetRing request from dc4_node13
[dc3_node1] GetRing request from dc6_node17
[dc3_node1] GetRing request from dc5_node9
[dc3_node1] Join request from localhost:50210 (DC: DC8)
Added node localhost:50210 with 150 virtual nodes
[Config] Added localhost:50210 to DC8
[ConsistentHash] Saved ring state for dc3_node1
[dc3_node1] Added localhost:50213 to ring. Ring now has 157 nodes
[dc3_node1] Join request from localhost:50216 (DC: DC9)
Added node localhost:50216 with 150 virtual nodes
[Config] Added localhost:50216 to DC9
[ConsistentHash] Error saving ring state: [Errno 2] No such file or directory: 'data/dc3_node1_ring.json.tmp' -> 'data/dc3_node1_ring.json'
[dc3_node1] Added localhost:50210 to ring. Ring now has 158 nodes
[dc3_node1] Join request from localhost:50213 (DC: DC9)
[ConsistentHash] Error saving ring state: [Errno 2] No such file or directory: 'data/dc3_node1_ring.json.tmp' -> 'data/dc3_node1_ring.json'
[dc3_node1] Added localhost:50215 to ring. Ring now has 158 nodes
[dc3_node1] Join request from localhost:50218 (DC: DC9)
Added node localhost:50218 with 150 virtual nodes
[Config] Added localhost:50218 to DC9
[dc3_node1] Join request from localhost:50223 (DC: DC9)
Added node localhost:50223 with 150 virtual nodes
[Config] Added localhost:50223 to DC9
[dc3_node1] Join request from localhost:50215 (DC: DC9)
[ConsistentHash] Saved ring state for dc3_node1
[dc3_node1] Added localhost:50216 to ring. Ring now has 160 nodes
[dc3_node1] GetRing request from dc8_node14
[dc3_node1] Join request from localhost:50221 (DC: DC9)
Added node localhost:50221 with 150 virtual nodes
[Config] Added localhost:50221 to DC9
[ConsistentHash] Saved ring state for dc3_node1
[dc3_node1] Added localhost:50218 to ring. Ring now has 161 nodes
[ConsistentHash] Error saving ring state: [Errno 2] No such file or directory: 'data/dc3_node1_ring.json.tmp' -> 'data/dc3_node1_ring.json'
[dc3_node1] Added localhost:50223 to ring. Ring now has 161 nodes
[dc3_node1] Join request from localhost:50216 (DC: DC9)
[dc3_node1] Join request from localhost:50221 (DC: DC9)
[dc3_node1] Join request from localhost:50214 (DC: DC9)
Added node localhost:50214 with 150 virtual nodes
[Config] Added localhost:50214 to DC9
[dc3_node1] Join request from localhost:50221 (DC: DC9)
[dc3_node1] Join request from localhost:50218 (DC: DC9)
[dc3_node1] Join request from localhost:50220 (DC: DC9)
Added node localhost:50220 with 150 virtual nodes
[Config] Added localhost:50220 to DC9
[ConsistentHash] Saved ring state for dc3_node1
[dc3_node1] Added localhost:50221 to ring. Ring now has 163 nodes
[dc3_node1] Join request from localhost:50226 (DC: DC9)
Added node localhost:50226 with 150 virtual nodes
[Config] Added localhost:50226 to DC9
[ConsistentHash] Error saving ring state: [Errno 2] No such file or directory: 'data/dc3_node1_ring.json.tmp' -> 'data/dc3_node1_ring.json'
[dc3_node1] Added localhost:50220 to ring. Ring now has 164 nodes
[dc3_node1] Join request from localhost:50223 (DC: DC9)
[ConsistentHash] Error saving ring state: [Errno 2] No such file or directory: 'data/dc3_node1_ring.json.tmp' -> 'data/dc3_node1_ring.json'
[dc3_node1] Added localhost:50214 to ring. Ring now has 164 nodes
[dc3_node1] Join request from localhost:50236 (DC: DC10)
Added node localhost:50236 with 150 virtual nodes
[Config] Added localhost:50236 to DC10
[dc3_node1] Join request from localhost:50225 (DC: DC9)
Added node localhost:50225 with 150 virtual nodes
[Config] Added localhost:50225 to DC9
[dc3_node1] Join request from localhost:50222 (DC: DC9)
Added node localhost:50222 with 150 virtual nodes
[Config] Added localhost:50222 to DC9
[dc3_node1] Join request from localhost:50221 (DC: DC9)
[ConsistentHash] Saved ring state for dc3_node1
[dc3_node1] Added localhost:50226 to ring. Ring now has 167 nodes
[dc3_node1] Join request from localhost:50225 (DC: DC9)
[dc3_node1] Join request from localhost:50227 (DC: DC9)
Added node localhost:50227 with 150 virtual nodes
[Config] Added localhost:50227 to DC9
[dc3_node1] GetRing request from dc7_node1
[ConsistentHash] Saved ring state for dc3_node1
[dc3_node1] Added localhost:50225 to ring. Ring now has 168 nodes
[ConsistentHash] Error saving ring state: [Errno 2] No such file or directory: 'data/dc3_node1_ring.json.tmp' -> 'data/dc3_node1_ring.json'
[dc3_node1] Added localhost:50222 to ring. Ring now has 168 nodes
[dc3_node1] Join request from localhost:50225 (DC: DC9)
[dc3_node1] Join request from localhost:50229 (DC: DC9)
Added node localhost:50229 with 150 virtual nodes
[Config] Added localhost:50229 to DC9
[dc3_node1] GetRing request from dc7_node4
[dc3_node1] GetRing request from dc8_node14
[ConsistentHash] Error saving ring state: [Errno 2] No such file or directory: 'data/dc3_node1_ring.json.tmp' -> 'data/dc3_node1_ring.json'
[dc3_node1] Added localhost:50236 to ring. Ring now has 169 nodes
[ConsistentHash] Error saving ring state: [Errno 2] No such file or directory: 'data/dc3_node1_ring.json.tmp' -> 'data/dc3_node1_ring.json'
[dc3_node1] Added localhost:50227 to ring. Ring now has 169 nodes
[dc3_node1] Join request from localhost:50226 (DC: DC9)
[dc3_node1] Join request from localhost:50232 (DC: DC10)
Added node localhost:50232 with 150 virtual nodes
[Config] Added localhost:50232 to DC10
[dc3_node1] Join request from localhost:50234 (DC: DC10)
Added node localhost:50234 with 150 virtual nodes
[Config] Added localhost:50234 to DC10
[dc3_node1] Join request from localhost:50236 (DC: DC10)
[dc3_node1] Join request from localhost:50229 (DC: DC9)
[ConsistentHash] Saved ring state for dc3_node1
[dc3_node1] Added localhost:50229 to ring. Ring now has 171 nodes
[dc3_node1] GetRing request from dc9_node11
[ConsistentHash] Error saving ring state: [Errno 2] No such file or directory: 'data/dc3_node1_ring.json.tmp' -> 'data/dc3_node1_ring.json'
[dc3_node1] Added localhost:50234 to ring. Ring now has 171 nodes
[ConsistentHash] Error saving ring state: [Errno 2] No such file or directory: 'data/dc3_node1_ring.json.tmp' -> 'data/dc3_node1_ring.json'
[dc3_node1] Added localhost:50232 to ring. Ring now has 171 nodes
[dc3_node1] Join request from localhost:50241 (DC: DC10)
Added node localhost:50241 with 150 virtual nodes
[Config] Added localhost:50241 to DC10
[dc3_node1] Join request from localhost:50230 (DC: DC9)
Added node localhost:50230 with 150 virtual nodes
[Config] Added localhost:50230 to DC9
[ConsistentHash] Saved ring state for dc3_node1
[dc3_node1] Added localhost:50241 to ring. Ring now has 173 nodes
[ConsistentHash] Error saving ring state: [Errno 2] No such file or directory: 'data/dc3_node1_ring.json.tmp' -> 'data/dc3_node1_ring.json'
[dc3_node1] Added localhost:50230 to ring. Ring now has 173 nodes
[dc3_node1] Join request from localhost:50226 (DC: DC9)
[dc3_node1] Join request from localhost:50237 (DC: DC10)
Added node localhost:50237 with 150 virtual nodes
[Config] Added localhost:50237 to DC10
[dc3_node1] Join request from localhost:50236 (DC: DC10)
[dc3_node1] Join request from localhost:50247 (DC: DC10)
Added node localhost:50247 with 150 virtual nodes
[Config] Added localhost:50247 to DC10
[dc3_node1] GetRing request from dc9_node3
[dc3_node1] Join request from localhost:50230 (DC: DC9)
[ConsistentHash] Saved ring state for dc3_node1
[dc3_node1] Added localhost:50247 to ring. Ring now has 175 nodes
[dc3_node1] Join request from localhost:50230 (DC: DC9)
[dc3_node1] Join request from localhost:50246 (DC: DC10)
Added node localhost:50246 with 150 virtual nodes
[Config] Added localhost:50246 to DC10
[ConsistentHash] Saved ring state for dc3_node1
[dc3_node1] Added localhost:50237 to ring. Ring now has 176 nodes
[dc3_node1] Join request from localhost:50234 (DC: DC10)
[ConsistentHash] Error saving ring state: [Errno 2] No such file or directory: 'data/dc3_node1_ring.json.tmp' -> 'data/dc3_node1_ring.json'
[dc3_node1] Added localhost:50246 to ring. Ring now has 176 nodes
[dc3_node1] Join request from localhost:50249 (DC: DC10)
Added node localhost:50249 with 150 virtual nodes
[Config] Added localhost:50249 to DC10
[dc3_node1] Join request from localhost:50249 (DC: DC10)
[dc3_node1] Join request from localhost:50223 (DC: DC9)
[dc3_node1] Join request from localhost:50246 (DC: DC10)
[dc3_node1] Join request from localhost:50242 (DC: DC10)
Added node localhost:50242 with 150 virtual nodes
[Config] Added localhost:50242 to DC10
[dc3_node1] Join request from localhost:50224 (DC: DC9)
Added node localhost:50224 with 150 virtual nodes
[Config] Added localhost:50224 to DC9
[ConsistentHash] Saved ring state for dc3_node1
[dc3_node1] Added localhost:50249 to ring. Ring now has 179 nodes
[ConsistentHash] Saved ring state for dc3_node1
[dc3_node1] Added localhost:50224 to ring. Ring now has 179 nodes
[dc3_node1] GetRing request from dc8_node11
[ConsistentHash] Error saving ring state: [Errno 2] No such file or directory: 'data/dc3_node1_ring.json.tmp' -> 'data/dc3_node1_ring.json'
[dc3_node1] Added localhost:50242 to ring. Ring now has 179 nodes
[dc3_node1] Join request from localhost:50246 (DC: DC10)
[dc3_node1] Join request from localhost:50242 (DC: DC10)
[dc3_node1] Join request from localhost:50242 (DC: DC10)
[dc3_node1] GetRing request from dc9_node12
[dc3_node1] Join request from localhost:50245 (DC: DC10)
Added node localhost:50245 with 150 virtual nodes
[Config] Added localhost:50245 to DC10
[dc3_node1] Join request from localhost:50244 (DC: DC10)
Added node localhost:50244 with 150 virtual nodes
[Config] Added localhost:50244 to DC10
[dc3_node1] Join request from localhost:50245 (DC: DC10)
[dc3_node1] Join request from localhost:50248 (DC: DC10)
Added node localhost:50248 with 150 virtual nodes
[Config] Added localhost:50248 to DC10
[dc3_node1] GetRing request from dc8_node5
[ConsistentHash] Saved ring state for dc3_node1
[dc3_node1] Added localhost:50244 to ring. Ring now has 182 nodes
[ConsistentHash] Error saving ring state: [Errno 2] No such file or directory: 'data/dc3_node1_ring.json.tmp' -> 'data/dc3_node1_ring.json'
[dc3_node1] Added localhost:50245 to ring. Ring now has 182 nodes
[ConsistentHash] Saved ring state for dc3_node1
[dc3_node1] Added localhost:50248 to ring. Ring now has 182 nodes
[dc3_node1] Join request from localhost:50242 (DC: DC10)
[dc3_node1] Join request from localhost:50250 (DC: DC10)
Added node localhost:50250 with 150 virtual nodes
[Config] Added localhost:50250 to DC10
[ConsistentHash] Saved ring state for dc3_node1
[dc3_node1] Added localhost:50250 to ring. Ring now has 183 nodes
[dc3_node1] GetRing request from dc7_node14
[dc3_node1] Join request from localhost:50248 (DC: DC10)
[dc3_node1] Join request from localhost:50248 (DC: DC10)
[dc3_node1] Join request from localhost:50245 (DC: DC10)
[dc3_node1] GetRing request from dc8_node15
[dc3_node1] Internal PUT (replication): key='item:0044'
[dc3_node1] Stored NEW key='item:0044', value='value_44_initial', clock={dc2_node6:1}
[dc3_node1] Saved 1 keys to disk
[dc3_node1] Internal PUT (replication): key='item:0063'
[dc3_node1] Stored NEW key='item:0063', value='value_63_initial', clock={dc10_node2:1}
[dc3_node1] Saved 2 keys to disk
[dc3_node1] Internal PUT (replication): key='item:0106'
[dc3_node1] Stored NEW key='item:0106', value='value_106_initial', clock={dc6_node7:1}
[dc3_node1] Saved 3 keys to disk
[dc3_node1] Internal PUT (replication): key='item:0131'
[dc3_node1] Stored NEW key='item:0131', value='value_131_initial', clock={dc7_node8:1}
[dc3_node1] Saved 4 keys to disk
[dc3_node1] Internal PUT (replication): key='item:0148'
[dc3_node1] Stored NEW key='item:0148', value='value_148_initial', clock={dc4_node4:1}
[dc3_node1] Saved 5 keys to disk
[dc3_node1] Internal PUT (replication): key='item:0150'
[dc3_node1] Stored NEW key='item:0150', value='value_150_initial', clock={dc4_node11:1}
[dc3_node1] Saved 6 keys to disk
[dc3_node1] Internal PUT (replication): key='item:0274'
[dc3_node1] Stored NEW key='item:0274', value='value_274_initial', clock={dc7_node9:1}
[dc3_node1] Saved 7 keys to disk
[dc3_node1] Client PUT: key='item:0288', value='value_288_initial'
[dc3_node1] Preference list for 'item:0288': ['localhost:50082', 'localhost:50058', 'localhost:50139']
[dc3_node1] Coordinator NOT in preference list, forwarding only
[dc3_node1] Replicated to localhost:50082
[dc3_node1] Replicated to localhost:50058
[dc3_node1] Replicated to localhost:50139
[dc3_node1] W-quorum achieved (2 writes), returning to client
[dc3_node1] Background replication continues for remaining nodes
[dc3_node1] Successful writes: 3/3
[dc3_node1] Internal PUT (replication): key='item:0330'
[dc3_node1] Stored NEW key='item:0330', value='value_330_initial', clock={dc5_node12:1}
[dc3_node1] Saved 8 keys to disk
[dc3_node1] Internal PUT (replication): key='item:0387'
[dc3_node1] Stored NEW key='item:0387', value='value_387_initial', clock={dc7_node7:1}
[dc3_node1] Saved 9 keys to disk
[dc3_node1] Internal PUT (replication): key='item:0392'
[dc3_node1] Stored NEW key='item:0392', value='value_392_initial', clock={dc7_node9:1}
[dc3_node1] Saved 10 keys to disk
[dc3_node1] Client PUT: key='item:0551', value='value_551_initial'
[dc3_node1] Preference list for 'item:0551': ['localhost:50128', 'localhost:50056', 'localhost:50176']
[dc3_node1] Coordinator NOT in preference list, forwarding only
[dc3_node1] Replicated to localhost:50128
[dc3_node1] Replicated to localhost:50056
[dc3_node1] Replicated to localhost:50176
[dc3_node1] W-quorum achieved (2 writes), returning to client
[dc3_node1] Background replication continues for remaining nodes
[dc3_node1] Successful writes: 3/3
[dc3_node1] Internal PUT (replication): key='item:0604'
[dc3_node1] Stored NEW key='item:0604', value='value_604_initial', clock={dc6_node7:1}
[dc3_node1] Saved 11 keys to disk
[dc3_node1] Internal PUT (replication): key='item:0627'
[dc3_node1] Stored NEW key='item:0627', value='value_627_initial', clock={dc1_node2:1}
[dc3_node1] Saved 12 keys to disk
[dc3_node1] Internal PUT (replication): key='item:0651'
[dc3_node1] Stored NEW key='item:0651', value='value_651_initial', clock={dc10_node8:1}
[dc3_node1] Saved 13 keys to disk
[dc3_node1] Internal PUT (replication): key='item:0674'
[dc3_node1] Stored NEW key='item:0674', value='value_674_initial', clock={dc1_node2:1}
[dc3_node1] Saved 14 keys to disk
[dc3_node1] Internal PUT (replication): key='item:0767'
[dc3_node1] Stored NEW key='item:0767', value='value_767_initial', clock={dc5_node18:1}
[dc3_node1] Saved 15 keys to disk
[dc3_node1] Internal PUT (replication): key='item:0836'
[dc3_node1] Stored NEW key='item:0836', value='value_836_initial', clock={dc9_node12:1}
[dc3_node1] Saved 16 keys to disk
[dc3_node1] Client PUT: key='item:0863', value='value_863_initial'
[dc3_node1] Preference list for 'item:0863': ['localhost:50092', 'localhost:50182', 'localhost:50214']
[dc3_node1] Coordinator NOT in preference list, forwarding only
[dc3_node1] Replicated to localhost:50092
[dc3_node1] Replicated to localhost:50182
[dc3_node1] Replicated to localhost:50214
[dc3_node1] W-quorum achieved (2 writes), returning to client
[dc3_node1] Background replication continues for remaining nodes
[dc3_node1] Successful writes: 3/3
[dc3_node1] Client PUT: key='item:0865', value='value_865_initial'
[dc3_node1] Preference list for 'item:0865': ['localhost:50085', 'localhost:50150', 'localhost:50173']
[dc3_node1] Coordinator NOT in preference list, forwarding only
[dc3_node1] Replicated to localhost:50085
[dc3_node1] Replicated to localhost:50150
[dc3_node1] Replicated to localhost:50173
[dc3_node1] W-quorum achieved (2 writes), returning to client
[dc3_node1] Background replication continues for remaining nodes
[dc3_node1] Successful writes: 3/3
[dc3_node1] Internal PUT (replication): key='item:0869'
[dc3_node1] Stored NEW key='item:0869', value='value_869_initial', clock={dc8_node14:1}
[dc3_node1] Saved 17 keys to disk
[dc3_node1] Internal PUT (replication): key='item:0893'
[dc3_node1] Stored NEW key='item:0893', value='value_893_initial', clock={dc2_node5:1}
[dc3_node1] Saved 18 keys to disk
[dc3_node1] Internal PUT (replication): key='item:0915'
[dc3_node1] Stored NEW key='item:0915', value='value_915_initial', clock={dc7_node2:1}
[dc3_node1] Saved 19 keys to disk
[dc3_node1] Internal PUT (replication): key='item:0970'
[dc3_node1] Stored NEW key='item:0970', value='value_970_initial', clock={dc2_node5:1}
[dc3_node1] Saved 20 keys to disk
[dc3_node1] Internal PUT (replication): key='item:1069'
[dc3_node1] Stored NEW key='item:1069', value='value_1069_initial', clock={dc7_node7:1}
[dc3_node1] Saved 21 keys to disk
[dc3_node1] Internal PUT (replication): key='item:1084'
[dc3_node1] Stored NEW key='item:1084', value='value_1084_initial', clock={dc3_node15:1}
[dc3_node1] Saved 22 keys to disk
[dc3_node1] Internal PUT (replication): key='item:1088'
[dc3_node1] Stored NEW key='item:1088', value='value_1088_initial', clock={dc2_node9:1}
[dc3_node1] Saved 23 keys to disk
[dc3_node1] Client PUT: key='item:1095', value='value_1095_initial'
[dc3_node1] Preference list for 'item:1095': ['localhost:50075', 'localhost:50162', 'localhost:50054']
[dc3_node1] Coordinator NOT in preference list, forwarding only
[dc3_node1] Replicated to localhost:50075
[dc3_node1] Replicated to localhost:50054
[dc3_node1] Replicated to localhost:50162
[dc3_node1] W-quorum achieved (2 writes), returning to client
[dc3_node1] Background replication continues for remaining nodes
[dc3_node1] Successful writes: 3/3
[dc3_node1] Client PUT: key='item:1126', value='value_1126_initial'
[dc3_node1] Preference list for 'item:1126': ['localhost:50057', 'localhost:50156', 'localhost:50126']
[dc3_node1] Coordinator NOT in preference list, forwarding only
[dc3_node1] Replicated to localhost:50057
[dc3_node1] Replicated to localhost:50126
[dc3_node1] Replicated to localhost:50156
[dc3_node1] W-quorum achieved (2 writes), returning to client
[dc3_node1] Background replication continues for remaining nodes
[dc3_node1] Successful writes: 3/3
[dc3_node1] Internal PUT (replication): key='item:1130'
[dc3_node1] Stored NEW key='item:1130', value='value_1130_initial', clock={dc2_node3:1}
[dc3_node1] Saved 24 keys to disk
[dc3_node1] Internal PUT (replication): key='item:1308'
[dc3_node1] Stored NEW key='item:1308', value='value_1308_initial', clock={dc6_node3:1}
[dc3_node1] Saved 25 keys to disk
[dc3_node1] Internal PUT (replication): key='item:1317'
[dc3_node1] Stored NEW key='item:1317', value='value_1317_initial', clock={dc1_node5:1}
[dc3_node1] Saved 26 keys to disk
[dc3_node1] Internal PUT (replication): key='item:1325'
[dc3_node1] Stored NEW key='item:1325', value='value_1325_initial', clock={dc7_node13:1}
[dc3_node1] Saved 27 keys to disk
[dc3_node1] Internal PUT (replication): key='item:1352'
[dc3_node1] Stored NEW key='item:1352', value='value_1352_initial', clock={dc5_node15:1}
[dc3_node1] Saved 28 keys to disk
[dc3_node1] Internal PUT (replication): key='item:1365'
[dc3_node1] Stored NEW key='item:1365', value='value_1365_initial', clock={dc5_node2:1}
[dc3_node1] Saved 29 keys to disk
[dc3_node1] Internal PUT (replication): key='item:1369'
[dc3_node1] Stored NEW key='item:1369', value='value_1369_initial', clock={dc9_node5:1}
[dc3_node1] Saved 30 keys to disk
[dc3_node1] Client PUT: key='item:1419', value='value_1419_initial'
[dc3_node1] Preference list for 'item:1419': ['localhost:50188', 'localhost:50223', 'localhost:50115']
[dc3_node1] Coordinator NOT in preference list, forwarding only
[dc3_node1] Replicated to localhost:50188
[dc3_node1] Replicated to localhost:50115
[dc3_node1] Replicated to localhost:50223
[dc3_node1] W-quorum achieved (2 writes), returning to client
[dc3_node1] Background replication continues for remaining nodes
[dc3_node1] Successful writes: 3/3
[dc3_node1] Client PUT: key='item:1422', value='value_1422_initial'
[dc3_node1] Preference list for 'item:1422': ['localhost:50173', 'localhost:50088', 'localhost:50234']
[dc3_node1] Coordinator NOT in preference list, forwarding only
[dc3_node1] Replicated to localhost:50088
[dc3_node1] Replicated to localhost:50173
[dc3_node1] Replicated to localhost:50234
[dc3_node1] W-quorum achieved (2 writes), returning to client
[dc3_node1] Background replication continues for remaining nodes
[dc3_node1] Successful writes: 3/3
[dc3_node1] Client PUT: key='item:1486', value='value_1486_initial'
[dc3_node1] Preference list for 'item:1486': ['localhost:50221', 'localhost:50138', 'localhost:50112']
[dc3_node1] Coordinator NOT in preference list, forwarding only
[dc3_node1] Replicated to localhost:50138
[dc3_node1] Replicated to localhost:50112
[dc3_node1] Replicated to localhost:50221
[dc3_node1] W-quorum achieved (2 writes), returning to client
[dc3_node1] Background replication continues for remaining nodes
[dc3_node1] Successful writes: 3/3
[dc3_node1] Internal PUT (replication): key='item:1513'
[dc3_node1] Stored NEW key='item:1513', value='value_1513_initial', clock={dc6_node13:1}
[dc3_node1] Saved 31 keys to disk
[dc3_node1] Internal PUT (replication): key='item:1559'
[dc3_node1] Stored NEW key='item:1559', value='value_1559_initial', clock={dc7_node5:1}
[dc3_node1] Saved 32 keys to disk
[dc3_node1] Internal PUT (replication): key='item:1561'
[dc3_node1] Stored NEW key='item:1561', value='value_1561_initial', clock={dc1_node10:1}
[dc3_node1] Saved 33 keys to disk
[dc3_node1] Internal PUT (replication): key='item:1624'
[dc3_node1] Stored NEW key='item:1624', value='value_1624_initial', clock={dc2_node12:1}
[dc3_node1] Saved 34 keys to disk
[dc3_node1] Internal PUT (replication): key='item:1663'
[dc3_node1] Stored NEW key='item:1663', value='value_1663_initial', clock={dc2_node15:1}
[dc3_node1] Saved 35 keys to disk
[dc3_node1] Internal PUT (replication): key='item:1683'
[dc3_node1] Stored NEW key='item:1683', value='value_1683_initial', clock={dc7_node8:1}
[dc3_node1] Saved 36 keys to disk
[dc3_node1] Client PUT: key='item:1693', value='value_1693_initial'
[dc3_node1] Preference list for 'item:1693': ['localhost:50056', 'localhost:50093', 'localhost:50250']
[dc3_node1] Coordinator NOT in preference list, forwarding only
[dc3_node1] Replicated to localhost:50056
[dc3_node1] Replicated to localhost:50093
[dc3_node1] Replicated to localhost:50250
[dc3_node1] W-quorum achieved (2 writes), returning to client
[dc3_node1] Background replication continues for remaining nodes
[dc3_node1] Successful writes: 3/3
[dc3_node1] Internal PUT (replication): key='item:1706'
[dc3_node1] Stored NEW key='item:1706', value='value_1706_initial', clock={dc9_node16:1}
[dc3_node1] Saved 37 keys to disk
[dc3_node1] Internal PUT (replication): key='item:1749'
[dc3_node1] Stored NEW key='item:1749', value='value_1749_initial', clock={dc2_node19:1}
[dc3_node1] Saved 38 keys to disk
[dc3_node1] Internal PUT (replication): key='item:1763'
[dc3_node1] Stored NEW key='item:1763', value='value_1763_initial', clock={dc5_node2:1}
[dc3_node1] Saved 39 keys to disk
[dc3_node1] Internal PUT (replication): key='item:1820'
[dc3_node1] Stored NEW key='item:1820', value='value_1820_initial', clock={dc6_node19:1}
[dc3_node1] Saved 40 keys to disk
[dc3_node1] Internal PUT (replication): key='item:1822'
[dc3_node1] Stored NEW key='item:1822', value='value_1822_initial', clock={dc8_node12:1}
[dc3_node1] Saved 41 keys to disk
[dc3_node1] Internal PUT (replication): key='item:1832'
[dc3_node1] Stored NEW key='item:1832', value='value_1832_initial', clock={dc4_node2:1}
[dc3_node1] Saved 42 keys to disk
[dc3_node1] Internal PUT (replication): key='item:1883'
[dc3_node1] Stored NEW key='item:1883', value='value_1883_initial', clock={dc6_node16:1}
[dc3_node1] Saved 43 keys to disk
[dc3_node1] Internal PUT (replication): key='item:1965'
[dc3_node1] Stored NEW key='item:1965', value='value_1965_initial', clock={dc5_node11:1}
[dc3_node1] Saved 44 keys to disk
[dc3_node1] Internal PUT (replication): key='item:1982'
[dc3_node1] Stored NEW key='item:1982', value='value_1982_initial', clock={dc3_node14:1}
[dc3_node1] Saved 45 keys to disk
[dc3_node1] Internal PUT (replication): key='item:2006'
[dc3_node1] Stored NEW key='item:2006', value='value_2006_initial', clock={dc3_node11:1}
[dc3_node1] Saved 46 keys to disk
[dc3_node1] Internal PUT (replication): key='item:2049'
[dc3_node1] Stored NEW key='item:2049', value='value_2049_initial', clock={dc8_node13:1}
[dc3_node1] Saved 47 keys to disk
[dc3_node1] Internal PUT (replication): key='item:2083'
[dc3_node1] Stored NEW key='item:2083', value='value_2083_initial', clock={dc10_node10:1}
[dc3_node1] Saved 48 keys to disk
[dc3_node1] Internal PUT (replication): key='item:2196'
[dc3_node1] Stored NEW key='item:2196', value='value_2196_initial', clock={dc8_node10:1}
[dc3_node1] Saved 49 keys to disk
[dc3_node1] Client PUT: key='item:2206', value='value_2206_initial'
[dc3_node1] Preference list for 'item:2206': ['localhost:50173', 'localhost:50222', 'localhost:50054']
[dc3_node1] Coordinator NOT in preference list, forwarding only
[dc3_node1] Replicated to localhost:50173
[dc3_node1] Replicated to localhost:50054
[dc3_node1] Replicated to localhost:50222
[dc3_node1] W-quorum achieved (2 writes), returning to client
[dc3_node1] Background replication continues for remaining nodes
[dc3_node1] Successful writes: 3/3
[dc3_node1] Client PUT: key='item:2329', value='value_2329_initial'
[dc3_node1] Preference list for 'item:2329': ['localhost:50102', 'localhost:50144', 'localhost:50189']
[dc3_node1] Coordinator NOT in preference list, forwarding only
[dc3_node1] Replicated to localhost:50102
[dc3_node1] Replicated to localhost:50144
[dc3_node1] Replicated to localhost:50189
[dc3_node1] W-quorum achieved (2 writes), returning to client
[dc3_node1] Background replication continues for remaining nodes
[dc3_node1] Successful writes: 3/3
[dc3_node1] Internal PUT (replication): key='item:2345'
[dc3_node1] Stored NEW key='item:2345', value='value_2345_initial', clock={dc4_node11:1}
[dc3_node1] Saved 50 keys to disk
[dc3_node1] Client PUT: key='item:2357', value='value_2357_initial'
[dc3_node1] Preference list for 'item:2357': ['localhost:50123', 'localhost:50198', 'localhost:50101']
[dc3_node1] Coordinator NOT in preference list, forwarding only
[dc3_node1] Replicated to localhost:50123
[dc3_node1] Replicated to localhost:50101
[dc3_node1] Replicated to localhost:50198
[dc3_node1] W-quorum achieved (2 writes), returning to client
[dc3_node1] Background replication continues for remaining nodes
[dc3_node1] Successful writes: 3/3
[dc3_node1] Internal PUT (replication): key='item:2418'
[dc3_node1] Stored NEW key='item:2418', value='value_2418_initial', clock={dc6_node20:1}
[dc3_node1] Saved 51 keys to disk
[dc3_node1] Internal PUT (replication): key='item:2423'
[dc3_node1] Stored NEW key='item:2423', value='value_2423_initial', clock={dc3_node8:1}
[dc3_node1] Saved 52 keys to disk
[dc3_node1] Client PUT: key='item:2459', value='value_2459_initial'
[dc3_node1] Preference list for 'item:2459': ['localhost:50109', 'localhost:50153', 'localhost:50222']
[dc3_node1] Coordinator NOT in preference list, forwarding only
[dc3_node1] Replicated to localhost:50109
[dc3_node1] Replicated to localhost:50222
[dc3_node1] Replicated to localhost:50153
[dc3_node1] W-quorum achieved (2 writes), returning to client
[dc3_node1] Background replication continues for remaining nodes
[dc3_node1] Successful writes: 3/3
[dc3_node1] Internal PUT (replication): key='item:2529'
[dc3_node1] Stored NEW key='item:2529', value='value_2529_initial', clock={dc9_node5:1}
[dc3_node1] Saved 53 keys to disk
[dc3_node1] Client PUT: key='item:2552', value='value_2552_initial'
[dc3_node1] Preference list for 'item:2552': ['localhost:50155', 'localhost:50179', 'localhost:50137']
[dc3_node1] Coordinator NOT in preference list, forwarding only
[dc3_node1] Replicated to localhost:50155
[dc3_node1] Replicated to localhost:50179
[dc3_node1] Replicated to localhost:50137
[dc3_node1] W-quorum achieved (2 writes), returning to client
[dc3_node1] Background replication continues for remaining nodes
[dc3_node1] Successful writes: 3/3
[dc3_node1] Internal PUT (replication): key='item:2607'
[dc3_node1] Stored NEW key='item:2607', value='value_2607_initial', clock={dc7_node10:1}
[dc3_node1] Saved 54 keys to disk
[dc3_node1] Internal PUT (replication): key='item:2619'
[dc3_node1] Stored NEW key='item:2619', value='value_2619_initial', clock={dc5_node11:1}
[dc3_node1] Saved 55 keys to disk
[dc3_node1] Client PUT: key='item:2724', value='value_2724_initial'
[dc3_node1] Preference list for 'item:2724': ['localhost:50147', 'localhost:50225', 'localhost:50085']
[dc3_node1] Coordinator NOT in preference list, forwarding only
[dc3_node1] Replicated to localhost:50147
[dc3_node1] Replicated to localhost:50085
[dc3_node1] Replicated to localhost:50225
[dc3_node1] W-quorum achieved (2 writes), returning to client
[dc3_node1] Background replication continues for remaining nodes
[dc3_node1] Successful writes: 3/3
[dc3_node1] Internal PUT (replication): key='item:2779'
[dc3_node1] Stored NEW key='item:2779', value='value_2779_initial', clock={dc2_node13:1}
[dc3_node1] Saved 56 keys to disk
[dc3_node1] Client PUT: key='item:2830', value='value_2830_initial'
[dc3_node1] Preference list for 'item:2830': ['localhost:50095', 'localhost:50133', 'localhost:50076']
[dc3_node1] Coordinator NOT in preference list, forwarding only
[dc3_node1] Replicated to localhost:50133
[dc3_node1] Replicated to localhost:50095
[dc3_node1] Replicated to localhost:50076
[dc3_node1] W-quorum achieved (2 writes), returning to client
[dc3_node1] Background replication continues for remaining nodes
[dc3_node1] Successful writes: 3/3
[dc3_node1] Internal PUT (replication): key='item:2840'
[dc3_node1] Stored NEW key='item:2840', value='value_2840_initial', clock={dc6_node5:1}
[dc3_node1] Saved 57 keys to disk
[dc3_node1] Internal PUT (replication): key='item:2871'
[dc3_node1] Stored NEW key='item:2871', value='value_2871_initial', clock={dc1_node9:1}
[dc3_node1] Saved 58 keys to disk
[dc3_node1] Internal PUT (replication): key='item:2897'
[dc3_node1] Stored NEW key='item:2897', value='value_2897_initial', clock={dc10_node16:1}
[dc3_node1] Saved 59 keys to disk
[dc3_node1] Internal PUT (replication): key='item:3019'
[dc3_node1] Stored NEW key='item:3019', value='value_3019_initial', clock={dc1_node11:1}
[dc3_node1] Saved 60 keys to disk
[dc3_node1] Client PUT: key='item:3050', value='value_3050_initial'
[dc3_node1] Preference list for 'item:3050': ['localhost:50062', 'localhost:50118', 'localhost:50214']
[dc3_node1] Coordinator NOT in preference list, forwarding only
[dc3_node1] Replicated to localhost:50062
[dc3_node1] Replicated to localhost:50214
[dc3_node1] Replicated to localhost:50118
[dc3_node1] W-quorum achieved (2 writes), returning to client
[dc3_node1] Background replication continues for remaining nodes
[dc3_node1] Successful writes: 3/3
[dc3_node1] Internal PUT (replication): key='item:3230'
[dc3_node1] Stored NEW key='item:3230', value='value_3230_initial', clock={dc9_node19:1}
[dc3_node1] Saved 61 keys to disk
[dc3_node1] Internal PUT (replication): key='item:3246'
[dc3_node1] Stored NEW key='item:3246', value='value_3246_initial', clock={dc8_node5:1}
[dc3_node1] Saved 62 keys to disk
[dc3_node1] Internal PUT (replication): key='item:3295'
[dc3_node1] Stored NEW key='item:3295', value='value_3295_initial', clock={dc9_node15:1}
[dc3_node1] Saved 63 keys to disk
[dc3_node1] Internal PUT (replication): key='item:3404'
[dc3_node1] Stored NEW key='item:3404', value='value_3404_initial', clock={dc4_node6:1}
[dc3_node1] Saved 64 keys to disk
[dc3_node1] Internal PUT (replication): key='item:3413'
[dc3_node1] Stored NEW key='item:3413', value='value_3413_initial', clock={dc10_node20:1}
[dc3_node1] Saved 65 keys to disk
[dc3_node1] Internal PUT (replication): key='item:3527'
[dc3_node1] Stored NEW key='item:3527', value='value_3527_initial', clock={dc6_node1:1}
[dc3_node1] Saved 66 keys to disk
[dc3_node1] Internal PUT (replication): key='item:3689'
[dc3_node1] Stored NEW key='item:3689', value='value_3689_initial', clock={dc10_node16:1}
[dc3_node1] Saved 67 keys to disk
[dc3_node1] Internal PUT (replication): key='item:3726'
[dc3_node1] Stored NEW key='item:3726', value='value_3726_initial', clock={dc4_node1:1}
[dc3_node1] Saved 68 keys to disk
[dc3_node1] Internal PUT (replication): key='item:3796'
[dc3_node1] Stored NEW key='item:3796', value='value_3796_initial', clock={dc9_node10:1}
[dc3_node1] Saved 69 keys to disk
[dc3_node1] Internal PUT (replication): key='item:3823'
[dc3_node1] Stored NEW key='item:3823', value='value_3823_initial', clock={dc2_node11:1}
[dc3_node1] Saved 70 keys to disk
[dc3_node1] Client PUT: key='item:3948', value='value_3948_initial'
[dc3_node1] Preference list for 'item:3948': ['localhost:50182', 'localhost:50116', 'localhost:50065']
[dc3_node1] Coordinator NOT in preference list, forwarding only
[dc3_node1] Replicated to localhost:50116
[dc3_node1] Replicated to localhost:50182
[dc3_node1] Replicated to localhost:50065
[dc3_node1] W-quorum achieved (2 writes), returning to client
[dc3_node1] Background replication continues for remaining nodes
[dc3_node1] Successful writes: 3/3
[dc3_node1] Internal PUT (replication): key='item:3969'
[dc3_node1] Stored NEW key='item:3969', value='value_3969_initial', clock={dc9_node3:1}
[dc3_node1] Saved 71 keys to disk
[dc3_node1] Client PUT: key='item:4094', value='value_4094_initial'
[dc3_node1] Preference list for 'item:4094': ['localhost:50227', 'localhost:50116', 'localhost:50197']
[dc3_node1] Coordinator NOT in preference list, forwarding only
[dc3_node1] Replicated to localhost:50227
[dc3_node1] Replicated to localhost:50116
[dc3_node1] Replicated to localhost:50197
[dc3_node1] W-quorum achieved (2 writes), returning to client
[dc3_node1] Background replication continues for remaining nodes
[dc3_node1] Successful writes: 3/3
[dc3_node1] Client PUT: key='item:4132', value='value_4132_initial'
[dc3_node1] Preference list for 'item:4132': ['localhost:50090', 'localhost:50154', 'localhost:50108']
[dc3_node1] Coordinator NOT in preference list, forwarding only
[dc3_node1] Replicated to localhost:50090
[dc3_node1] Replicated to localhost:50108
[dc3_node1] Replicated to localhost:50154
[dc3_node1] W-quorum achieved (2 writes), returning to client
[dc3_node1] Background replication continues for remaining nodes
[dc3_node1] Successful writes: 3/3
[dc3_node1] Client PUT: key='item:4160', value='value_4160_initial'
[dc3_node1] Preference list for 'item:4160': ['localhost:50168', 'localhost:50056', 'localhost:50140']
[dc3_node1] Coordinator NOT in preference list, forwarding only
[dc3_node1] Replicated to localhost:50056
[dc3_node1] Replicated to localhost:50140
[dc3_node1] W-quorum achieved (2 writes), returning to client
[dc3_node1] Background replication continues for remaining nodes
[dc3_node1] Successful writes: 2/3
[dc3_node1] Replicated to localhost:50168
[dc3_node1] Internal PUT (replication): key='item:4301'
[dc3_node1] Stored NEW key='item:4301', value='value_4301_initial', clock={dc9_node5:1}
[dc3_node1] Saved 72 keys to disk
[dc3_node1] Internal PUT (replication): key='item:4335'
[dc3_node1] Stored NEW key='item:4335', value='value_4335_initial', clock={dc2_node11:1}
[dc3_node1] Saved 73 keys to disk
[dc3_node1] Internal PUT (replication): key='item:4339'
[dc3_node1] Stored NEW key='item:4339', value='value_4339_initial', clock={dc8_node18:1}
[dc3_node1] Saved 74 keys to disk
[dc3_node1] Internal PUT (replication): key='item:4403'
[dc3_node1] Stored NEW key='item:4403', value='value_4403_initial', clock={dc9_node5:1}
[dc3_node1] Saved 75 keys to disk
[dc3_node1] Internal PUT (replication): key='item:4467'
[dc3_node1] Stored NEW key='item:4467', value='value_4467_initial', clock={dc1_node3:1}
[dc3_node1] Saved 76 keys to disk
[dc3_node1] Internal PUT (replication): key='item:4490'
[dc3_node1] Stored NEW key='item:4490', value='value_4490_initial', clock={dc7_node15:1}
[dc3_node1] Saved 77 keys to disk
[dc3_node1] Internal PUT (replication): key='item:4586'
[dc3_node1] Stored NEW key='item:4586', value='value_4586_initial', clock={dc1_node6:1}
[dc3_node1] Saved 78 keys to disk
[dc3_node1] Internal PUT (replication): key='item:4620'
[dc3_node1] Stored NEW key='item:4620', value='value_4620_initial', clock={dc9_node5:1}
[dc3_node1] Saved 79 keys to disk
[dc3_node1] Internal PUT (replication): key='item:4710'
[dc3_node1] Stored NEW key='item:4710', value='value_4710_initial', clock={dc2_node3:1}
[dc3_node1] Saved 80 keys to disk
[dc3_node1] Internal PUT (replication): key='item:4720'
[dc3_node1] Stored NEW key='item:4720', value='value_4720_initial', clock={dc9_node5:1}
[dc3_node1] Saved 81 keys to disk
[dc3_node1] Internal PUT (replication): key='item:4732'
[dc3_node1] Stored NEW key='item:4732', value='value_4732_initial', clock={dc2_node15:1}
[dc3_node1] Saved 82 keys to disk
[dc3_node1] Internal PUT (replication): key='item:4738'
[dc3_node1] Stored NEW key='item:4738', value='value_4738_initial', clock={dc5_node20:1}
[dc3_node1] Saved 83 keys to disk
[dc3_node1] Internal PUT (replication): key='item:4771'
[dc3_node1] Stored NEW key='item:4771', value='value_4771_initial', clock={dc2_node4:1}
[dc3_node1] Saved 84 keys to disk
[dc3_node1] Internal PUT (replication): key='item:4879'
[dc3_node1] Stored NEW key='item:4879', value='value_4879_initial', clock={dc10_node17:1}
[dc3_node1] Saved 85 keys to disk
[dc3_node1] Internal PUT (replication): key='item:4949'
[dc3_node1] Stored NEW key='item:4949', value='value_4949_initial', clock={dc7_node3:1}
[dc3_node1] Saved 86 keys to disk
[dc3_node1] Internal PUT (replication): key='item:0148'
[dc3_node1] CONFLICT detected for key='item:0148', siblings=2
[dc3_node1] Saved 86 keys to disk
[dc3_node1] Client GET: key='item:2535'
[dc3_node1] Reading from preference list: ['localhost:50166', 'localhost:50101']
[dc3_node1] Key='item:2535' not found
[dc3_node1] Performing read repair for key='item:2535'
[dc3_node1] Read repair to localhost:50166 succeeded
[dc3_node1] Read repair to localhost:50101 succeeded
[dc3_node1] Read repair to localhost:50149 succeeded
[dc3_node1] Internal PUT (replication): key='item:2345'
[dc3_node1] CONFLICT detected for key='item:2345', siblings=2
[dc3_node1] Saved 86 keys to disk
[dc3_node1] Internal PUT (replication): key='item:1624'
[dc3_node1] CONFLICT detected for key='item:1624', siblings=2
[dc3_node1] Saved 86 keys to disk
[dc3_node1] Internal PUT (replication): key='item:2006'
[dc3_node1] CONFLICT detected for key='item:2006', siblings=2
[dc3_node1] Saved 86 keys to disk
[dc3_node1] Internal PUT (replication): key='item:0651'
[dc3_node1] CONFLICT detected for key='item:0651', siblings=2
[dc3_node1] Saved 86 keys to disk
[dc3_node1] Merged versions for key='item:1308', result=1 versions
[dc3_node1] Internal PUT (replication): key='item:1130'
[dc3_node1] Saved 86 keys to disk
[dc3_node1] CONFLICT detected for key='item:1130', siblings=2
[dc3_node1] Saved 86 keys to disk
[dc3_node1] Internal PUT (replication): key='item:1348'
[dc3_node1] Stored NEW key='item:1348', value='value_1348_update_client1_op7', clock={dc1_node10:1}
[dc3_node1] Saved 87 keys to disk
[dc3_node1] Internal PUT (replication): key='item:3527'
[dc3_node1] CONFLICT detected for key='item:3527', siblings=2
[dc3_node1] Saved 87 keys to disk
[dc3_node1] Client GET: key='item:1906'
[dc3_node1] Reading from preference list: ['localhost:50068', 'localhost:50208']
[dc3_node1] Key='item:1906' not found
[dc3_node1] Performing read repair for key='item:1906'
[dc3_node1] Read repair to localhost:50068 succeeded
[dc3_node1] Internal PUT (replication): key='item:3726'
[dc3_node1] CONFLICT detected for key='item:3726', siblings=2
[dc3_node1] Saved 87 keys to disk
[dc3_node1] Read repair to localhost:50208 succeeded
[dc3_node1] Read repair to localhost:50118 succeeded
[dc3_node1] Merged versions for key='item:0131', result=1 versions
[dc3_node1] Saved 87 keys to disk
[dc3_node1] Client PUT: key='item:4273', value='value_4273_update_client3_op14'
[dc3_node1] Preference list for 'item:4273': ['localhost:50174', 'localhost:50067', 'localhost:50245']
[dc3_node1] Coordinator NOT in preference list, forwarding only
[dc3_node1] Replicated to localhost:50067
[dc3_node1] Replicated to localhost:50174
[dc3_node1] Replicated to localhost:50245
[dc3_node1] Internal PUT (replication): key='item:0767'
[dc3_node1] CONFLICT detected for key='item:0767', siblings=2
[dc3_node1] W-quorum achieved (2 writes), returning to client
[dc3_node1] Background replication continues for remaining nodes
[dc3_node1] Successful writes: 3/3
[dc3_node1] Saved 87 keys to disk
[dc3_node1] Retrieved key='item:1559', versions=1
[dc3_node1] Merged versions for key='item:1559', result=1 versions
[dc3_node1] Saved 87 keys to disk
[dc3_node1] Client PUT: key='item:2703', value='value_2703_client12_op14'
[dc3_node1] Preference list for 'item:2703': ['localhost:50120', 'localhost:50175', 'localhost:50143']
[dc3_node1] Coordinator NOT in preference list, forwarding only
[dc3_node1] Replicated to localhost:50175
[dc3_node1] Replicated to localhost:50120
[dc3_node1] Replicated to localhost:50143
[dc3_node1] W-quorum achieved (2 writes), returning to client
[dc3_node1] Background replication continues for remaining nodes
[dc3_node1] Successful writes: 3/3
[dc3_node1] Internal PUT (replication): key='item:1088'
[dc3_node1] CONFLICT detected for key='item:1088', siblings=2
[dc3_node1] Saved 87 keys to disk
[dc3_node1] Internal PUT (replication): key='item:1982'
[dc3_node1] CONFLICT detected for key='item:1982', siblings=2
[dc3_node1] Saved 87 keys to disk
[dc3_node1] Retrieved key='item:4301', versions=1
[dc3_node1] Merged versions for key='item:4301', result=1 versions
[dc3_node1] Saved 87 keys to disk
[dc3_node1] Internal PUT (replication): key='item:1763'
[dc3_node1] CONFLICT detected for key='item:1763', siblings=2
[dc3_node1] Saved 87 keys to disk
[dc3_node1] Internal PUT (replication): key='item:4710'
[dc3_node1] CONFLICT detected for key='item:4710', siblings=2
[dc3_node1] Saved 87 keys to disk
[dc3_node1] Retrieved key='item:3969', versions=1
[dc3_node1] Internal PUT (replication): key='item:2897'
[dc3_node1] CONFLICT detected for key='item:2897', siblings=2
[dc3_node1] Saved 87 keys to disk
[dc3_node1] Merged versions for key='item:3969', result=1 versions
[dc3_node1] Saved 87 keys to disk
[dc3_node1] Retrieved key='item:3413', versions=1
[dc3_node1] Merged versions for key='item:3413', result=1 versions
[dc3_node1] Internal PUT (replication): key='item:0063'
[dc3_node1] Saved 87 keys to disk
[dc3_node1] CONFLICT detected for key='item:0063', siblings=2
[dc3_node1] Saved 87 keys to disk
[dc3_node1] Internal PUT (replication): key='item:1683'
[dc3_node1] CONFLICT detected for key='item:1683', siblings=2
[dc3_node1] Internal PUT (replication): key='item:2779'
[dc3_node1] Saved 87 keys to disk
[dc3_node1] CONFLICT detected for key='item:2779', siblings=2
[dc3_node1] Saved 87 keys to disk
[dc3_node1] Retrieved key='item:3969', versions=1
[dc3_node1] Internal PUT (replication): key='item:0893'
[dc3_node1] CONFLICT detected for key='item:0893', siblings=2
[dc3_node1] Saved 87 keys to disk
[dc3_node1] Merged versions for key='item:3969', result=1 versions
[dc3_node1] Saved 87 keys to disk
[dc3_node1] Merged versions for key='item:1820', result=1 versions
[dc3_node1] Saved 87 keys to disk
[dc3_node1] Internal PUT (replication): key='item:2418'
[dc3_node1] CONFLICT detected for key='item:2418', siblings=2
[dc3_node1] Saved 87 keys to disk
[dc3_node1] Client PUT: key='item:2582', value='value_2582_client11_op26'
[dc3_node1] Preference list for 'item:2582': ['localhost:50127', 'localhost:50058', 'localhost:50138']
[dc3_node1] Coordinator NOT in preference list, forwarding only
[dc3_node1] Replicated to localhost:50058
[dc3_node1] Replicated to localhost:50138
[dc3_node1] Replicated to localhost:50127
[dc3_node1] W-quorum achieved (2 writes), returning to client
[dc3_node1] Background replication continues for remaining nodes
[dc3_node1] Successful writes: 3/3
[dc3_node1] Client PUT: key='item:4402', value='value_4402_client33_op28'
[dc3_node1] Preference list for 'item:4402': ['localhost:50075', 'localhost:50210', 'localhost:50246']
[dc3_node1] Coordinator NOT in preference list, forwarding only
[dc3_node1] Replicated to localhost:50246
[dc3_node1] Replicated to localhost:50210
[dc3_node1] Replicated to localhost:50075
[dc3_node1] W-quorum achieved (2 writes), returning to client
[dc3_node1] Background replication continues for remaining nodes
[dc3_node1] Successful writes: 3/3
[dc3_node1] Client PUT: key='item:2032', value='value_2032_client35_op28'
[dc3_node1] Preference list for 'item:2032': ['localhost:50111', 'localhost:50061', 'localhost:50171']
[dc3_node1] Coordinator NOT in preference list, forwarding only
[dc3_node1] Replicated to localhost:50171
[dc3_node1] Replicated to localhost:50061
[dc3_node1] Replicated to localhost:50111
[dc3_node1] W-quorum achieved (2 writes), returning to client
[dc3_node1] Background replication continues for remaining nodes
[dc3_node1] Successful writes: 3/3
[dc3_node1] Internal PUT (replication): key='item:0150'
[dc3_node1] CONFLICT detected for key='item:0150', siblings=2
[dc3_node1] Internal PUT (replication): key='item:1683'
[dc3_node1] Saved 87 keys to disk
[dc3_node1] CONFLICT detected for key='item:1683', siblings=3
[dc3_node1] Saved 87 keys to disk
[dc3_node1] Internal PUT (replication): key='item:4301'
[dc3_node1] CONFLICT detected for key='item:4301', siblings=2
[dc3_node1] Saved 87 keys to disk
[dc3_node1] Internal PUT (replication): key='item:0627'
[dc3_node1] CONFLICT detected for key='item:0627', siblings=2
[dc3_node1] Saved 87 keys to disk
[dc3_node1] Internal PUT (replication): key='item:1663'
[dc3_node1] CONFLICT detected for key='item:1663', siblings=2
[dc3_node1] Saved 87 keys to disk
[dc3_node1] Internal PUT (replication): key='item:3246'
[dc3_node1] CONFLICT detected for key='item:3246', siblings=2
[dc3_node1] Saved 87 keys to disk
[dc3_node1] Client PUT: key='item:4283', value='value_4283_update_client13_op38'
[dc3_node1] Preference list for 'item:4283': ['localhost:50173', 'localhost:50215', 'localhost:50170']
[dc3_node1] Coordinator NOT in preference list, forwarding only
[dc3_node1] Replicated to localhost:50173
[dc3_node1] Replicated to localhost:50170
[dc3_node1] Replicated to localhost:50215
[dc3_node1] W-quorum achieved (2 writes), returning to client
[dc3_node1] Background replication continues for remaining nodes
[dc3_node1] Successful writes: 3/3
[dc3_node1] Internal PUT (replication): key='item:2423'
[dc3_node1] CONFLICT detected for key='item:2423', siblings=2
[dc3_node1] Saved 87 keys to disk
[dc3_node1] Internal PUT (replication): key='item:4738'
[dc3_node1] CONFLICT detected for key='item:4738', siblings=2
[dc3_node1] Saved 87 keys to disk
[dc3_node1] Internal PUT (replication): key='item:0627'
[dc3_node1] CONFLICT detected for key='item:0627', siblings=3
[dc3_node1] Saved 87 keys to disk
[dc3_node1] Internal PUT (replication): key='item:0392'
[dc3_node1] CONFLICT detected for key='item:0392', siblings=2
[dc3_node1] Saved 87 keys to disk
[dc3_node1] Client PUT: key='item:3650', value='value_3650_client42_op32'
[dc3_node1] Preference list for 'item:3650': ['localhost:50234', 'localhost:50087', 'localhost:50059']
[dc3_node1] Coordinator NOT in preference list, forwarding only
[dc3_node1] Replicated to localhost:50234
[dc3_node1] Replicated to localhost:50059
[dc3_node1] Replicated to localhost:50087
[dc3_node1] Retrieved key='item:1069', versions=1
[dc3_node1] Merged versions for key='item:1069', result=1 versions
[dc3_node1] Saved 87 keys to disk
[dc3_node1] W-quorum achieved (2 writes), returning to client
[dc3_node1] Background replication continues for remaining nodes
[dc3_node1] Successful writes: 3/3
[dc3_node1] Internal PUT (replication): key='item:0063'
[dc3_node1] CONFLICT detected for key='item:0063', siblings=3
[dc3_node1] Saved 87 keys to disk
[dc3_node1] Client PUT: key='item:2903', value='value_2903_client44_op37'
[dc3_node1] Preference list for 'item:2903': ['localhost:50171', 'localhost:50210', 'localhost:50074']
[dc3_node1] Coordinator NOT in preference list, forwarding only
[dc3_node1] Replicated to localhost:50210
[dc3_node1] Replicated to localhost:50171
[dc3_node1] Replicated to localhost:50074
[dc3_node1] W-quorum achieved (2 writes), returning to client
[dc3_node1] Background replication continues for remaining nodes
[dc3_node1] Successful writes: 3/3
[dc3_node1] Internal PUT (replication): key='item:0387'
[dc3_node1] CONFLICT detected for key='item:0387', siblings=2
[dc3_node1] Saved 87 keys to disk
[dc3_node1] Client PUT: key='item:2239', value='value_2239_client0_op39'
[dc3_node1] Preference list for 'item:2239': ['localhost:50147', 'localhost:50077', 'localhost:50061']
[dc3_node1] Coordinator NOT in preference list, forwarding only
[dc3_node1] Replicated to localhost:50147
[dc3_node1] Replicated to localhost:50061
[dc3_node1] Replicated to localhost:50077
[dc3_node1] W-quorum achieved (2 writes), returning to client
[dc3_node1] Background replication continues for remaining nodes
[dc3_node1] Successful writes: 3/3
[dc3_node1] Retrieved key='item:1513', versions=1
[dc3_node1] Merged versions for key='item:1513', result=1 versions
[dc3_node1] Saved 87 keys to disk
[dc3_node1] Internal PUT (replication): key='item:4403'
[dc3_node1] CONFLICT detected for key='item:4403', siblings=2
[dc3_node1] Saved 87 keys to disk
[dc3_node1] Client PUT: key='item:1185', value='value_1185_client37_op41'
[dc3_node1] Preference list for 'item:1185': ['localhost:50075', 'localhost:50101', 'localhost:50193']
[dc3_node1] Coordinator NOT in preference list, forwarding only
[dc3_node1] Replicated to localhost:50075
[dc3_node1] Replicated to localhost:50101
[dc3_node1] Replicated to localhost:50193
[dc3_node1] W-quorum achieved (2 writes), returning to client
[dc3_node1] Background replication continues for remaining nodes
[dc3_node1] Successful writes: 3/3
[dc3_node1] Internal PUT (replication): key='item:0392'
[dc3_node1] CONFLICT detected for key='item:0392', siblings=3
[dc3_node1] Saved 87 keys to disk
[dc3_node1] Internal PUT (replication): key='item:4403'
[dc3_node1] CONFLICT detected for key='item:4403', siblings=3
[dc3_node1] Saved 87 keys to disk
[dc3_node1] Internal PUT (replication): key='item:0063'
[dc3_node1] CONFLICT detected for key='item:0063', siblings=4
[dc3_node1] Saved 87 keys to disk
[dc3_node1] Client PUT: key='item:1862', value='value_1862_client20_op45'
[dc3_node1] Preference list for 'item:1862': ['localhost:50215', 'localhost:50198', 'localhost:50121']
[dc3_node1] Coordinator NOT in preference list, forwarding only
[dc3_node1] Replicated to localhost:50215
[dc3_node1] Replicated to localhost:50198
[dc3_node1] Client GET: key='item:4818'
[dc3_node1] Reading from preference list: ['localhost:50053', 'localhost:50220']
[dc3_node1] Key='item:4818' not found
[dc3_node1] Performing read repair for key='item:4818'
[dc3_node1] Replicated to localhost:50121
[dc3_node1] Read repair to localhost:50053 succeeded
[dc3_node1] W-quorum achieved (2 writes), returning to client
[dc3_node1] Background replication continues for remaining nodes
[dc3_node1] Successful writes: 3/3
[dc3_node1] Read repair to localhost:50220 succeeded
[dc3_node1] Read repair to localhost:50161 succeeded
[dc3_node1] Merged versions for key='item:1820', result=1 versions
[dc3_node1] Saved 87 keys to disk
[dc3_node1] Client PUT: key='item:4829', value='value_4829_update_client6_op52'
[dc3_node1] Preference list for 'item:4829': ['localhost:50105', 'localhost:50157', 'localhost:50112']
[dc3_node1] Coordinator NOT in preference list, forwarding only
[dc3_node1] Replicated to localhost:50105
[dc3_node1] Replicated to localhost:50112
[dc3_node1] Replicated to localhost:50157
[dc3_node1] W-quorum achieved (2 writes), returning to client
[dc3_node1] Background replication continues for remaining nodes
[dc3_node1] Successful writes: 3/3
[dc3_node1] Client PUT: key='item:3189', value='value_3189_client37_op48'
[dc3_node1] Preference list for 'item:3189': ['localhost:50076', 'localhost:50189', 'localhost:50070']
[dc3_node1] Coordinator NOT in preference list, forwarding only
[dc3_node1] Replicated to localhost:50076
[dc3_node1] Replicated to localhost:50189
[dc3_node1] Replicated to localhost:50070
[dc3_node1] W-quorum achieved (2 writes), returning to client
[dc3_node1] Background replication continues for remaining nodes
[dc3_node1] Successful writes: 3/3
[dc3_node1] Retrieved key='item:3527', versions=2
[dc3_node1] Internal PUT (replication): key='item:1365'
[dc3_node1] CONFLICT detected for key='item:1365', siblings=2
[dc3_node1] Saved 87 keys to disk
[dc3_node1] Internal PUT (replication): key='item:3448'
[dc3_node1] Stored NEW key='item:3448', value='value_3448_client14_op51', clock={dc2_node16:1}
[dc3_node1] Saved 88 keys to disk
[dc3_node1] Internal PUT (replication): key='item:2345'
[dc3_node1] CONFLICT detected for key='item:2345', siblings=3
[dc3_node1] Saved 88 keys to disk
[dc3_node1] Client PUT: key='item:0320', value='value_320_update_client26_op51'
[dc3_node1] Preference list for 'item:0320': ['localhost:50062', 'localhost:50090', 'localhost:50115']
[dc3_node1] Coordinator NOT in preference list, forwarding only
[dc3_node1] Replicated to localhost:50115
[dc3_node1] Replicated to localhost:50062
[dc3_node1] Replicated to localhost:50090
[dc3_node1] W-quorum achieved (2 writes), returning to client
[dc3_node1] Background replication continues for remaining nodes
[dc3_node1] Successful writes: 3/3
[dc3_node1] Internal PUT (replication): key='item:3689'
[dc3_node1] CONFLICT detected for key='item:3689', siblings=2
[dc3_node1] Saved 88 keys to disk
[dc3_node1] Internal PUT (replication): key='item:1084'
[dc3_node1] CONFLICT detected for key='item:1084', siblings=2
[dc3_node1] Saved 88 keys to disk
[dc3_node1] Internal PUT (replication): key='item:2345'
[dc3_node1] CONFLICT detected for key='item:2345', siblings=4
[dc3_node1] Saved 88 keys to disk
[dc3_node1] Retrieved key='item:4771', versions=1
[dc3_node1] Merged versions for key='item:4771', result=1 versions
[dc3_node1] Saved 88 keys to disk
[dc3_node1] Internal PUT (replication): key='item:1749'
[dc3_node1] CONFLICT detected for key='item:1749', siblings=2
[dc3_node1] Saved 88 keys to disk
[dc3_node1] Client GET: key='item:0540'
[dc3_node1] Reading from preference list: ['localhost:50120', 'localhost:50108']
[dc3_node1] Key='item:0540' not found
[dc3_node1] Performing read repair for key='item:0540'
[dc3_node1] Read repair to localhost:50120 succeeded
[dc3_node1] Read repair to localhost:50108 succeeded
[dc3_node1] Read repair to localhost:50232 succeeded
[dc3_node1] Internal PUT (replication): key='item:2607'
[dc3_node1] CONFLICT detected for key='item:2607', siblings=2
[dc3_node1] Saved 88 keys to disk
[dc3_node1] Internal PUT (replication): key='item:1883'
[dc3_node1] CONFLICT detected for key='item:1883', siblings=2
[dc3_node1] Saved 88 keys to disk
[dc3_node1] Merged versions for key='item:0674', result=1 versions
[dc3_node1] Saved 88 keys to disk
[dc3_node1] Internal PUT (replication): key='item:3019'
[dc3_node1] CONFLICT detected for key='item:3019', siblings=2
[dc3_node1] Saved 88 keys to disk
[dc3_node1] Internal PUT (replication): key='item:2871'
[dc3_node1] CONFLICT detected for key='item:2871', siblings=2
[dc3_node1] Saved 88 keys to disk
[dc3_node1] Client PUT: key='item:3557', value='value_3557_client22_op74'
[dc3_node1] Preference list for 'item:3557': ['localhost:50117', 'localhost:50101', 'localhost:50075']
[dc3_node1] Coordinator NOT in preference list, forwarding only
[dc3_node1] Replicated to localhost:50101
[dc3_node1] Replicated to localhost:50075
[dc3_node1] Replicated to localhost:50117
[dc3_node1] W-quorum achieved (2 writes), returning to client
[dc3_node1] Background replication continues for remaining nodes
[dc3_node1] Successful writes: 3/3
[dc3_node1] Internal PUT (replication): key='item:4949'
[dc3_node1] CONFLICT detected for key='item:4949', siblings=2
[dc3_node1] Saved 88 keys to disk
[dc3_node1] Retrieved key='item:2418', versions=2
[dc3_node1] Internal PUT (replication): key='item:2897'
[dc3_node1] CONFLICT detected for key='item:2897', siblings=3
[dc3_node1] Saved 88 keys to disk
[dc3_node1] Internal PUT (replication): key='item:0392'
[dc3_node1] CONFLICT detected for key='item:0392', siblings=4
[dc3_node1] Saved 88 keys to disk
[dc3_node1] Internal PUT (replication): key='item:4301'
[dc3_node1] CONFLICT detected for key='item:4301', siblings=3
[dc3_node1] Saved 88 keys to disk
[dc3_node1] Client GET: key='item:3568'
[dc3_node1] Reading from preference list: ['localhost:50165', 'localhost:50074']
[dc3_node1] Key='item:3568' not found
[dc3_node1] CONFLICT: 7 sibling versions for 'item:3568'
[dc3_node1] Internal PUT (replication): key='item:4949'
[dc3_node1] CONFLICT detected for key='item:4949', siblings=3
[dc3_node1] Saved 88 keys to disk
[dc3_node1] Retrieved key='item:2006', versions=2
[dc3_node1] Internal PUT (replication): key='item:4879'
[dc3_node1] CONFLICT detected for key='item:4879', siblings=2
[dc3_node1] Saved 88 keys to disk
[dc3_node1] Internal PUT (replication): key='item:3295'
[dc3_node1] CONFLICT detected for key='item:3295', siblings=2
[dc3_node1] Saved 88 keys to disk
[dc3_node1] Internal PUT (replication): key='item:2049'
[dc3_node1] CONFLICT detected for key='item:2049', siblings=2
[dc3_node1] Saved 88 keys to disk
[dc3_node1] Internal PUT (replication): key='item:0627'
[dc3_node1] CONFLICT detected for key='item:0627', siblings=4
[dc3_node1] Client PUT: key='item:0445', value='value_445_update_client5_op84'
[dc3_node1] Preference list for 'item:0445': ['localhost:50164', 'localhost:50102', 'localhost:50124']
[dc3_node1] Coordinator NOT in preference list, forwarding only
[dc3_node1] Client PUT: key='item:0824', value='value_824_update_client9_op79'
[dc3_node1] Preference list for 'item:0824': ['localhost:50085', 'localhost:50108', 'localhost:50125']
[dc3_node1] Coordinator NOT in preference list, forwarding only
[dc3_node1] Saved 88 keys to disk
[dc3_node1] Replicated to localhost:50164
[dc3_node1] Replicated to localhost:50124
[dc3_node1] Replicated to localhost:50085
[dc3_node1] Replicated to localhost:50108
[dc3_node1] Replicated to localhost:50102
[dc3_node1] Replicated to localhost:50125
[dc3_node1] W-quorum achieved (2 writes), returning to client
[dc3_node1] Background replication continues for remaining nodes
[dc3_node1] Successful writes: 3/3
[dc3_node1] W-quorum achieved (2 writes), returning to client
[dc3_node1] Background replication continues for remaining nodes
[dc3_node1] Successful writes: 3/3
[dc3_node1] Internal PUT (replication): key='item:1683'
[dc3_node1] CONFLICT detected for key='item:1683', siblings=4
[dc3_node1] Saved 88 keys to disk
[dc3_node1] Client PUT: key='item:4163', value='value_4163_update_client38_op76'
[dc3_node1] Preference list for 'item:4163': ['localhost:50169', 'localhost:50203', 'localhost:50133']
[dc3_node1] Coordinator NOT in preference list, forwarding only
[dc3_node1] Replicated to localhost:50169
[dc3_node1] Replicated to localhost:50203
[dc3_node1] Replicated to localhost:50133
[dc3_node1] W-quorum achieved (2 writes), returning to client
[dc3_node1] Background replication continues for remaining nodes
[dc3_node1] Successful writes: 3/3
[dc3_node1] Internal PUT (replication): key='item:3527'
[dc3_node1] CONFLICT detected for key='item:3527', siblings=3
[dc3_node1] Saved 88 keys to disk
[dc3_node1] Client PUT: key='item:4754', value='value_4754_client4_op89'
[dc3_node1] Preference list for 'item:4754': ['localhost:50096', 'localhost:50075', 'localhost:50221']
[dc3_node1] Coordinator NOT in preference list, forwarding only
[dc3_node1] Replicated to localhost:50075
[dc3_node1] Replicated to localhost:50096
[dc3_node1] W-quorum achieved (2 writes), returning to client
[dc3_node1] Background replication continues for remaining nodes
[dc3_node1] Successful writes: 2/3
[dc3_node1] Replicated to localhost:50221
[dc3_node1] Retrieved key='item:1559', versions=1
[dc3_node1] Merged versions for key='item:1559', result=1 versions
[dc3_node1] Saved 88 keys to disk
[dc3_node1] Retrieved key='item:0604', versions=1
[dc3_node1] Merged versions for key='item:0604', result=1 versions
[dc3_node1] Saved 88 keys to disk
[dc3_node1] Merged versions for key='item:0330', result=1 versions
[dc3_node1] Saved 88 keys to disk
[dc3_node1] Internal PUT (replication): key='item:4586'
[dc3_node1] CONFLICT detected for key='item:4586', siblings=2
[dc3_node1] Saved 88 keys to disk
[dc3_node1] Internal PUT (replication): key='item:0106'
[dc3_node1] CONFLICT detected for key='item:0106', siblings=2
[dc3_node1] Saved 88 keys to disk
[dc3_node1] Internal PUT (replication): key='item:0392'
[dc3_node1] CONFLICT detected for key='item:0392', siblings=4
[dc3_node1] Saved 88 keys to disk
[dc3_node1] Internal PUT (replication): key='item:3413'
[dc3_node1] CONFLICT detected for key='item:3413', siblings=2
[dc3_node1] Saved 88 keys to disk
[dc3_node1] Retrieved key='item:2418', versions=2
[dc3_node1] Internal PUT (replication): key='item:1559'
[dc3_node1] CONFLICT detected for key='item:1559', siblings=2
[dc3_node1] Saved 88 keys to disk
[dc3_node1] Client PUT: key='item:2545', value='value_2545_update_client1_op102'
[dc3_node1] Preference list for 'item:2545': ['localhost:50208', 'localhost:50244', 'localhost:50087']
[dc3_node1] Coordinator NOT in preference list, forwarding only
[dc3_node1] Replicated to localhost:50244
[dc3_node1] Replicated to localhost:50208
[dc3_node1] Replicated to localhost:50087
[dc3_node1] W-quorum achieved (2 writes), returning to client
[dc3_node1] Background replication continues for remaining nodes
[dc3_node1] Successful writes: 3/3
[dc3_node1] Internal PUT (replication): key='item:4879'
[dc3_node1] CONFLICT detected for key='item:4879', siblings=3
[dc3_node1] Saved 88 keys to disk
[dc3_node1] Internal PUT (replication): key='item:4738'
[dc3_node1] CONFLICT detected for key='item:4738', siblings=3
[dc3_node1] Saved 88 keys to disk
[dc3_node1] Client PUT: key='item:3854', value='value_3854_update_client5_op100'
[dc3_node1] Preference list for 'item:3854': ['localhost:50052', 'localhost:50234', 'localhost:50183']
[dc3_node1] Coordinator NOT in preference list, forwarding only
[dc3_node1] Replicated to localhost:50052
[dc3_node1] Replicated to localhost:50234
[dc3_node1] W-quorum achieved (2 writes), returning to client
[dc3_node1] Background replication continues for remaining nodes
[dc3_node1] Successful writes: 2/3
[dc3_node1] Replicated to localhost:50183
[dc3_node1] Retrieved key='item:1683', versions=4
[dc3_node1] Internal PUT (replication): key='item:1069'
[dc3_node1] CONFLICT detected for key='item:1069', siblings=2
[dc3_node1] Saved 88 keys to disk
[dc3_node1] Internal PUT (replication): key='item:0970'
[dc3_node1] CONFLICT detected for key='item:0970', siblings=2
[dc3_node1] Saved 88 keys to disk
[dc3_node1] Retrieved key='item:2871', versions=2
[dc3_node1] Client PUT: key='item:1931', value='value_1931_update_client46_op97'
[dc3_node1] Preference list for 'item:1931': ['localhost:50200', 'localhost:50141', 'localhost:50108']
[dc3_node1] Coordinator NOT in preference list, forwarding only
[dc3_node1] Replicated to localhost:50141
[dc3_node1] Replicated to localhost:50108
[dc3_node1] Replicated to localhost:50200
[dc3_node1] W-quorum achieved (2 writes), returning to client
[dc3_node1] Background replication continues for remaining nodes
[dc3_node1] Successful writes: 3/3
[dc3_node1] Internal PUT (replication): key='item:0604'
[dc3_node1] CONFLICT detected for key='item:0604', siblings=2
[dc3_node1] Internal PUT (replication): key='item:1822'
[dc3_node1] Saved 88 keys to disk
[dc3_node1] CONFLICT detected for key='item:1822', siblings=2
[dc3_node1] Saved 88 keys to disk
[dc3_node1] Internal PUT (replication): key='item:0063'
[dc3_node1] CONFLICT detected for key='item:0063', siblings=5
[dc3_node1] Saved 88 keys to disk
[dc3_node1] Internal PUT (replication): key='item:3689'
[dc3_node1] CONFLICT detected for key='item:3689', siblings=3
[dc3_node1] Saved 88 keys to disk
[dc3_node1] Internal PUT (replication): key='item:2871'
[dc3_node1] CONFLICT detected for key='item:2871', siblings=3
[dc3_node1] Saved 88 keys to disk
[dc3_node1] Internal PUT (replication): key='item:2607'
[dc3_node1] CONFLICT detected for key='item:2607', siblings=3
[dc3_node1] Saved 88 keys to disk
[dc3_node1] Internal PUT (replication): key='item:1088'
[dc3_node1] CONFLICT detected for key='item:1088', siblings=2
[dc3_node1] Saved 88 keys to disk
[dc3_node1] Internal PUT (replication): key='item:4620'
[dc3_node1] CONFLICT detected for key='item:4620', siblings=2
[dc3_node1] Saved 88 keys to disk
[dc3_node1] Client PUT: key='item:1323', value='value_1323_client44_op122'
[dc3_node1] Preference list for 'item:1323': ['localhost:50208', 'localhost:50087', 'localhost:50190']
[dc3_node1] Coordinator NOT in preference list, forwarding only
[dc3_node1] Replicated to localhost:50087
[dc3_node1] Replicated to localhost:50190
[dc3_node1] Replicated to localhost:50208
[dc3_node1] W-quorum achieved (2 writes), returning to client
[dc3_node1] Background replication continues for remaining nodes
[dc3_node1] Successful writes: 3/3
[dc3_node1] Internal PUT (replication): key='item:3527'
[dc3_node1] CONFLICT detected for key='item:3527', siblings=4
[dc3_node1] Saved 88 keys to disk
[dc3_node1] Client PUT: key='item:0713', value='value_713_client19_op116'
[dc3_node1] Preference list for 'item:0713': ['localhost:50105', 'localhost:50157', 'localhost:50112']
[dc3_node1] Coordinator NOT in preference list, forwarding only
[dc3_node1] Replicated to localhost:50105
[dc3_node1] Replicated to localhost:50112
[dc3_node1] Replicated to localhost:50157
[dc3_node1] W-quorum achieved (2 writes), returning to client
[dc3_node1] Background replication continues for remaining nodes
[dc3_node1] Successful writes: 3/3
[dc3_node1] Internal PUT (replication): key='item:1965'
[dc3_node1] CONFLICT detected for key='item:1965', siblings=2
[dc3_node1] Saved 88 keys to disk
[dc3_node1] Client PUT: key='item:2116', value='value_2116_client11_op109'
[dc3_node1] Preference list for 'item:2116': ['localhost:50105', 'localhost:50071', 'localhost:50064']
[dc3_node1] Coordinator NOT in preference list, forwarding only
[dc3_node1] Replicated to localhost:50105
[dc3_node1] Replicated to localhost:50071
[dc3_node1] Replicated to localhost:50064
[dc3_node1] W-quorum achieved (2 writes), returning to client
[dc3_node1] Background replication continues for remaining nodes
[dc3_node1] Successful writes: 3/3
[dc3_node1] Retrieved key='item:2345', versions=4
[dc3_node1] Internal PUT (replication): key='item:1663'
[dc3_node1] CONFLICT detected for key='item:1663', siblings=3
[dc3_node1] Saved 88 keys to disk
[dc3_node1] Internal PUT (replication): key='item:1084'
[dc3_node1] CONFLICT detected for key='item:1084', siblings=3
[dc3_node1] Saved 88 keys to disk
[dc3_node1] Internal PUT (replication): key='item:2840'
[dc3_node1] CONFLICT detected for key='item:2840', siblings=2
[dc3_node1] Saved 88 keys to disk
[dc3_node1] Retrieved key='item:0106', versions=2
[dc3_node1] Retrieved key='item:3246', versions=2
[dc3_node1] Internal PUT (replication): key='item:0387'
[dc3_node1] CONFLICT detected for key='item:0387', siblings=3
[dc3_node1] Saved 88 keys to disk
[dc3_node1] Retrieved key='item:1832', versions=1
[dc3_node1] Merged versions for key='item:1832', result=1 versions
[dc3_node1] Saved 88 keys to disk
[dc3_node1] Client PUT: key='item:2129', value='value_2129_client34_op119'
[dc3_node1] Preference list for 'item:2129': ['localhost:50075', 'localhost:50230', 'localhost:50193']
[dc3_node1] Coordinator NOT in preference list, forwarding only
[dc3_node1] Replicated to localhost:50075
[dc3_node1] Replicated to localhost:50193
[dc3_node1] Replicated to localhost:50230
[dc3_node1] W-quorum achieved (2 writes), returning to client
[dc3_node1] Background replication continues for remaining nodes
[dc3_node1] Successful writes: 3/3
[dc3_node1] Merged versions for key='item:0674', result=1 versions
[dc3_node1] Saved 88 keys to disk
[dc3_node1] Internal PUT (replication): key='item:4467'
[dc3_node1] CONFLICT detected for key='item:4467', siblings=2
[dc3_node1] Saved 88 keys to disk
[dc3_node1] Client GET: key='item:3459'
[dc3_node1] Reading from preference list: ['localhost:50226', 'localhost:50180']
[dc3_node1] Key='item:3459' not found
[dc3_node1] CONFLICT: 4 sibling versions for 'item:3459'
[dc3_node1] Internal PUT (replication): key='item:1820'
[dc3_node1] CONFLICT detected for key='item:1820', siblings=2
[dc3_node1] Saved 88 keys to disk
[dc3_node1] Internal PUT (replication): key='item:1365'
[dc3_node1] CONFLICT detected for key='item:1365', siblings=3
[dc3_node1] Saved 88 keys to disk
[dc3_node1] Internal PUT (replication): key='item:4335'
[dc3_node1] CONFLICT detected for key='item:4335', siblings=2
[dc3_node1] Saved 88 keys to disk
[dc3_node1] Client PUT: key='item:2429', value='value_2429_update_client33_op133'
[dc3_node1] Preference list for 'item:2429': ['localhost:50168', 'localhost:50083', 'localhost:50220']
[dc3_node1] Coordinator NOT in preference list, forwarding only
[dc3_node1] Replicated to localhost:50083
[dc3_node1] Replicated to localhost:50168
[dc3_node1] Replicated to localhost:50220
[dc3_node1] W-quorum achieved (2 writes), returning to client
[dc3_node1] Background replication continues for remaining nodes
[dc3_node1] Successful writes: 3/3
[dc3_node1] Retrieved key='item:1883', versions=2
[dc3_node1] Retrieved key='item:3019', versions=2
[dc3_node1] Internal PUT (replication): key='item:0387'
[dc3_node1] CONFLICT detected for key='item:0387', siblings=4
[dc3_node1] Saved 88 keys to disk
[dc3_node1] Internal PUT (replication): key='item:4335'
[dc3_node1] CONFLICT detected for key='item:4335', siblings=3
[dc3_node1] Saved 88 keys to disk
[dc3_node1] Retrieved key='item:0063', versions=5
[dc3_node1] Internal PUT (replication): key='item:0651'
[dc3_node1] CONFLICT detected for key='item:0651', siblings=3
[dc3_node1] Saved 88 keys to disk
[dc3_node1] Internal PUT (replication): key='item:1308'
[dc3_node1] CONFLICT detected for key='item:1308', siblings=2
[dc3_node1] Saved 88 keys to disk
[dc3_node1] Client PUT: key='item:0093', value='value_93_update_client19_op141'
[dc3_node1] Preference list for 'item:0093': ['localhost:50105', 'localhost:50115', 'localhost:50088']
[dc3_node1] Coordinator NOT in preference list, forwarding only
[dc3_node1] Replicated to localhost:50115
[dc3_node1] Replicated to localhost:50105
[dc3_node1] Replicated to localhost:50088
[dc3_node1] W-quorum achieved (2 writes), returning to client
[dc3_node1] Background replication continues for remaining nodes
[dc3_node1] Successful writes: 3/3
[dc3_node1] Internal PUT (replication): key='item:4732'
[dc3_node1] CONFLICT detected for key='item:4732', siblings=2
[dc3_node1] Saved 88 keys to disk
[dc3_node1] Retrieved key='item:4403', versions=3
[dc3_node1] Retrieved key='item:1706', versions=1
[dc3_node1] Internal PUT (replication): key='item:2897'
[dc3_node1] CONFLICT detected for key='item:2897', siblings=4
[dc3_node1] Saved 88 keys to disk
[dc3_node1] Merged versions for key='item:1706', result=1 versions
[dc3_node1] Saved 88 keys to disk
[dc3_node1] Internal PUT (replication): key='item:1369'
[dc3_node1] CONFLICT detected for key='item:1369', siblings=2
[dc3_node1] Saved 88 keys to disk
[dc3_node1] Retrieved key='item:1513', versions=1
[dc3_node1] Merged versions for key='item:1513', result=1 versions
[dc3_node1] Saved 88 keys to disk
[dc3_node1] Internal PUT (replication): key='item:0627'
[dc3_node1] CONFLICT detected for key='item:0627', siblings=5
[dc3_node1] Saved 88 keys to disk
[dc3_node1] Retrieved key='item:3527', versions=4
[dc3_node1] Merged 2 versions for new key='item:3975'
[dc3_node1] Internal PUT (replication): key='item:0392'
[dc3_node1] CONFLICT detected for key='item:0392', siblings=5
[dc3_node1] Saved 89 keys to disk
[dc3_node1] Internal PUT (replication): key='item:3726'
[dc3_node1] CONFLICT detected for key='item:3726', siblings=3
[dc3_node1] Internal PUT (replication): key='item:1130'
[dc3_node1] Saved 89 keys to disk
[dc3_node1] CONFLICT detected for key='item:1130', siblings=3
[dc3_node1] Saved 89 keys to disk
[dc3_node1] Retrieved key='item:2607', versions=3
[dc3_node1] Internal PUT (replication): key='item:0330'
[dc3_node1] CONFLICT detected for key='item:0330', siblings=2
[dc3_node1] Saved 89 keys to disk
[dc3_node1] Internal PUT (replication): key='item:1352'
[dc3_node1] CONFLICT detected for key='item:1352', siblings=2
[dc3_node1] Internal PUT (replication): key='item:0970'
[dc3_node1] Saved 89 keys to disk
[dc3_node1] CONFLICT detected for key='item:0970', siblings=3
[dc3_node1] Saved 89 keys to disk
[dc3_node1] Internal PUT (replication): key='item:4586'
[dc3_node1] CONFLICT detected for key='item:4586', siblings=3
[dc3_node1] Saved 89 keys to disk
[dc3_node1] Internal PUT (replication): key='item:4403'
[dc3_node1] CONFLICT detected for key='item:4403', siblings=4
[dc3_node1] Saved 89 keys to disk
[dc3_node1] Internal PUT (replication): key='item:2365'
[dc3_node1] Stored NEW key='item:2365', value='value_2365_update_client29_op159', clock={dc2_node2:1}
[dc3_node1] Saved 90 keys to disk
[dc3_node1] Internal PUT (replication): key='item:2779'
[dc3_node1] CONFLICT detected for key='item:2779', siblings=3
[dc3_node1] Saved 90 keys to disk
[dc3_node1] Internal PUT (replication): key='item:2049'
[dc3_node1] CONFLICT detected for key='item:2049', siblings=3
[dc3_node1] Saved 90 keys to disk
[dc3_node1] Internal PUT (replication): key='item:0063'
[dc3_node1] CONFLICT detected for key='item:0063', siblings=6
[dc3_node1] Saved 90 keys to disk
[dc3_node1] Client PUT: key='item:2129', value='value_2129_client22_op160'
[dc3_node1] Preference list for 'item:2129': ['localhost:50075', 'localhost:50230', 'localhost:50193']
[dc3_node1] Coordinator NOT in preference list, forwarding only
[dc3_node1] Replicated to localhost:50230
[dc3_node1] Replicated to localhost:50193
[dc3_node1] Replicated to localhost:50075
[dc3_node1] W-quorum achieved (2 writes), returning to client
[dc3_node1] Background replication continues for remaining nodes
[dc3_node1] Successful writes: 3/3
[dc3_node1] Client PUT: key='item:2212', value='value_2212_client46_op159'
[dc3_node1] Preference list for 'item:2212': ['localhost:50115', 'localhost:50094', 'localhost:50087']
[dc3_node1] Coordinator NOT in preference list, forwarding only
[dc3_node1] Replicated to localhost:50087
[dc3_node1] Replicated to localhost:50115
[dc3_node1] Replicated to localhost:50094
[dc3_node1] W-quorum achieved (2 writes), returning to client
[dc3_node1] Background replication continues for remaining nodes
[dc3_node1] Successful writes: 3/3
[dc3_node1] Retrieved key='item:3796', versions=1
[dc3_node1] Merged versions for key='item:3796', result=1 versions
[dc3_node1] Saved 90 keys to disk
[dc3_node1] Client GET: key='item:3403'
[dc3_node1] Reading from preference list: ['localhost:50114', 'localhost:50237']
[dc3_node1] Key='item:3403' not found
[dc3_node1] CONFLICT: 6 sibling versions for 'item:3403'
[dc3_node1] Retrieved key='item:1822', versions=2
[dc3_node1] Internal PUT (replication): key='item:1832'
[dc3_node1] CONFLICT detected for key='item:1832', siblings=2
[dc3_node1] Saved 90 keys to disk
[dc3_node1] Internal PUT (replication): key='item:1965'
[dc3_node1] CONFLICT detected for key='item:1965', siblings=3
[dc3_node1] Saved 90 keys to disk
[dc3_node1] Internal PUT (replication): key='item:1982'
[dc3_node1] CONFLICT detected for key='item:1982', siblings=3
[dc3_node1] Saved 90 keys to disk
[dc3_node1] Internal PUT (replication): key='item:1832'
[dc3_node1] CONFLICT detected for key='item:1832', siblings=3
[dc3_node1] Saved 90 keys to disk
[dc3_node1] Client PUT: key='item:3350', value='value_3350_client28_op182'
[dc3_node1] Preference list for 'item:3350': ['localhost:50241', 'localhost:50104', 'localhost:50065']
[dc3_node1] Coordinator NOT in preference list, forwarding only
[dc3_node1] Replicated to localhost:50104
[dc3_node1] Replicated to localhost:50241
[dc3_node1] Replicated to localhost:50065
[dc3_node1] Internal PUT (replication): key='item:4710'
[dc3_node1] CONFLICT detected for key='item:4710', siblings=3
[dc3_node1] W-quorum achieved (2 writes), returning to client
[dc3_node1] Background replication continues for remaining nodes
[dc3_node1] Successful writes: 3/3
[dc3_node1] Saved 90 keys to disk
[dc3_node1] Internal PUT (replication): key='item:1982'
[dc3_node1] CONFLICT detected for key='item:1982', siblings=4
[dc3_node1] Saved 90 keys to disk
[dc3_node1] Client GET: key='item:1393'
[dc3_node1] Reading from preference list: ['localhost:50161', 'localhost:50074']
[dc3_node1] Key='item:1393' not found
[dc3_node1] CONFLICT: 8 sibling versions for 'item:1393'
[dc3_node1] Internal PUT (replication): key='item:3527'
[dc3_node1] CONFLICT detected for key='item:3527', siblings=5
[dc3_node1] Saved 90 keys to disk
[dc3_node1] Internal PUT (replication): key='item:2897'
[dc3_node1] CONFLICT detected for key='item:2897', siblings=5
[dc3_node1] Saved 90 keys to disk
[dc3_node1] Retrieved key='item:4720', versions=1
[dc3_node1] Client PUT: key='item:0706', value='value_706_update_client40_op174'
[dc3_node1] Preference list for 'item:0706': ['localhost:50084', 'localhost:50211', 'localhost:50133']
[dc3_node1] Coordinator NOT in preference list, forwarding only
[dc3_node1] Merged versions for key='item:4720', result=1 versions
[dc3_node1] Saved 90 keys to disk
[dc3_node1] Replicated to localhost:50133
[dc3_node1] Replicated to localhost:50211
[dc3_node1] Replicated to localhost:50084
[dc3_node1] W-quorum achieved (2 writes), returning to client
[dc3_node1] Background replication continues for remaining nodes
[dc3_node1] Successful writes: 3/3
[dc3_node1] Internal PUT (replication): key='item:1749'
[dc3_node1] CONFLICT detected for key='item:1749', siblings=3
[dc3_node1] Saved 90 keys to disk
[dc3_node1] Internal PUT (replication): key='item:4738'
[dc3_node1] CONFLICT detected for key='item:4738', siblings=4
[dc3_node1] Client GET: key='item:2952'
[dc3_node1] Reading from preference list: ['localhost:50209', 'localhost:50108']
[dc3_node1] Saved 90 keys to disk
[dc3_node1] Key='item:2952' not found
[dc3_node1] CONFLICT: 6 sibling versions for 'item:2952'
[dc3_node1] Internal PUT (replication): key='item:3413'
[dc3_node1] CONFLICT detected for key='item:3413', siblings=3
[dc3_node1] Saved 90 keys to disk
[dc3_node1] Retrieved key='item:1822', versions=2
[dc3_node1] Internal PUT (replication): key='item:1084'
[dc3_node1] CONFLICT detected for key='item:1084', siblings=4
[dc3_node1] Saved 90 keys to disk
[dc3_node1] Internal PUT (replication): key='item:0150'
[dc3_node1] CONFLICT detected for key='item:0150', siblings=3
[dc3_node1] Saved 90 keys to disk
[dc3_node1] Internal PUT (replication): key='item:4467'
[dc3_node1] CONFLICT detected for key='item:4467', siblings=3
[dc3_node1] Saved 90 keys to disk
[dc3_node1] Retrieved key='item:2006', versions=2
[dc3_node1] Internal PUT (replication): key='item:4710'
[dc3_node1] CONFLICT detected for key='item:4710', siblings=4
[dc3_node1] Saved 90 keys to disk
[dc3_node1] Client PUT: key='item:1192', value='value_1192_update_client47_op180'
[dc3_node1] Preference list for 'item:1192': ['localhost:50067', 'localhost:50242', 'localhost:50127']
[dc3_node1] Coordinator NOT in preference list, forwarding only
[dc3_node1] Replicated to localhost:50067
[dc3_node1] Replicated to localhost:50127
[dc3_node1] Replicated to localhost:50242
[dc3_node1] W-quorum achieved (2 writes), returning to client
[dc3_node1] Background replication continues for remaining nodes
[dc3_node1] Successful writes: 3/3
[dc3_node1] Retrieved key='item:3527', versions=5
[dc3_node1] Client PUT: key='item:1851', value='value_1851_update_client15_op199'
[dc3_node1] Preference list for 'item:1851': ['localhost:50069', 'localhost:50214', 'localhost:50083']
[dc3_node1] Coordinator NOT in preference list, forwarding only
[dc3_node1] Replicated to localhost:50083
[dc3_node1] Replicated to localhost:50214
[dc3_node1] Replicated to localhost:50069
[dc3_node1] Internal PUT (replication): key='item:1763'
[dc3_node1] CONFLICT detected for key='item:1763', siblings=3
[dc3_node1] W-quorum achieved (2 writes), returning to client
[dc3_node1] Background replication continues for remaining nodes
[dc3_node1] Successful writes: 3/3
[dc3_node1] Saved 90 keys to disk
[dc3_node1] Internal PUT (replication): key='item:4738'
[dc3_node1] CONFLICT detected for key='item:4738', siblings=5
[dc3_node1] Saved 90 keys to disk
[dc3_node1] Client GET: key='item:2332'
[dc3_node1] Reading from preference list: ['localhost:50146', 'localhost:50181']
[dc3_node1] Key='item:2332' not found
[dc3_node1] Performing read repair for key='item:2332'
[dc3_node1] Merged versions for key='item:0674', result=1 versions
[dc3_node1] Saved 90 keys to disk
[dc3_node1] Read repair to localhost:50146 succeeded
[dc3_node1] Read repair to localhost:50181 succeeded
[dc3_node1] Read repair to localhost:50125 succeeded
[dc3_node1] Client PUT: key='item:1691', value='value_1691_update_client19_op190'
[dc3_node1] Preference list for 'item:1691': ['localhost:50079', 'localhost:50215', 'localhost:50101']
[dc3_node1] Coordinator NOT in preference list, forwarding only
[dc3_node1] Replicated to localhost:50101
[dc3_node1] Replicated to localhost:50079
[dc3_node1] Replicated to localhost:50215
[dc3_node1] W-quorum achieved (2 writes), returning to client
[dc3_node1] Background replication continues for remaining nodes
[dc3_node1] Successful writes: 3/3
[dc3_node1] Retrieved key='item:0387', versions=4
[dc3_node1] Internal PUT (replication): key='item:0063'
[dc3_node1] CONFLICT detected for key='item:0063', siblings=7
[dc3_node1] Saved 90 keys to disk
[dc3_node1] Internal PUT (replication): key='item:0627'
[dc3_node1] CONFLICT detected for key='item:0627', siblings=6
[dc3_node1] Saved 90 keys to disk
[dc3_node1] Internal PUT (replication): key='item:0392'
[dc3_node1] CONFLICT detected for key='item:0392', siblings=6
[dc3_node1] Saved 90 keys to disk
[dc3_node1] Client PUT: key='item:1582', value='value_1582_client8_op202'
[dc3_node1] Preference list for 'item:1582': ['localhost:50107', 'localhost:50071', 'localhost:50224']
[dc3_node1] Coordinator NOT in preference list, forwarding only
[dc3_node1] Replicated to localhost:50107
[dc3_node1] Replicated to localhost:50071
[dc3_node1] Replicated to localhost:50224
[dc3_node1] W-quorum achieved (2 writes), returning to client
[dc3_node1] Background replication continues for remaining nodes
[dc3_node1] Successful writes: 3/3
[dc3_node1] Internal PUT (replication): key='item:4467'
[dc3_node1] CONFLICT detected for key='item:4467', siblings=4
[dc3_node1] Saved 90 keys to disk
[dc3_node1] Client PUT: key='item:1044', value='value_1044_client14_op197'
[dc3_node1] Preference list for 'item:1044': ['localhost:50174', 'localhost:50214', 'localhost:50153']
[dc3_node1] Coordinator NOT in preference list, forwarding only
[dc3_node1] Replicated to localhost:50214
[dc3_node1] Replicated to localhost:50153
[dc3_node1] Replicated to localhost:50174
[dc3_node1] Internal PUT (replication): key='item:2083'
[dc3_node1] CONFLICT detected for key='item:2083', siblings=2
[dc3_node1] Saved 90 keys to disk
[dc3_node1] Internal PUT (replication): key='item:1348'
[dc3_node1] CONFLICT detected for key='item:1348', siblings=2
[dc3_node1] W-quorum achieved (2 writes), returning to client
[dc3_node1] Background replication continues for remaining nodes
[dc3_node1] Successful writes: 3/3
[dc3_node1] Saved 90 keys to disk
[dc3_node1] Internal PUT (replication): key='item:2196'
[dc3_node1] CONFLICT detected for key='item:2196', siblings=2
[dc3_node1] Saved 90 keys to disk
[dc3_node1] Internal PUT (replication): key='item:0893'
[dc3_node1] CONFLICT detected for key='item:0893', siblings=3
[dc3_node1] Saved 90 keys to disk
[dc3_node1] Internal PUT (replication): key='item:4732'
[dc3_node1] CONFLICT detected for key='item:4732', siblings=3
[dc3_node1] Saved 90 keys to disk
[dc3_node1] Internal PUT (replication): key='item:0063'
[dc3_node1] CONFLICT detected for key='item:0063', siblings=8
[dc3_node1] Saved 90 keys to disk
[dc3_node1] Client GET: key='item:0334'
[dc3_node1] Reading from preference list: ['localhost:50223', 'localhost:50094']
[dc3_node1] Key='item:0334' not found
[dc3_node1] CONFLICT: 5 sibling versions for 'item:0334'
[dc3_node1] Client PUT: key='item:0195', value='value_195_update_client15_op216'
[dc3_node1] Preference list for 'item:0195': ['localhost:50164', 'localhost:50221', 'localhost:50102']
[dc3_node1] Coordinator NOT in preference list, forwarding only
[dc3_node1] Internal PUT (replication): key='item:1069'
[dc3_node1] CONFLICT detected for key='item:1069', siblings=3
[dc3_node1] Replicated to localhost:50164
[dc3_node1] Saved 90 keys to disk
[dc3_node1] Replicated to localhost:50221
[dc3_node1] Replicated to localhost:50102
[dc3_node1] W-quorum achieved (2 writes), returning to client
[dc3_node1] Background replication continues for remaining nodes
[dc3_node1] Successful writes: 3/3
[dc3_node1] Internal PUT (replication): key='item:4301'
[dc3_node1] CONFLICT detected for key='item:4301', siblings=4
[dc3_node1] Saved 90 keys to disk
[dc3_node1] Internal PUT (replication): key='item:1084'
[dc3_node1] CONFLICT detected for key='item:1084', siblings=5
[dc3_node1] Saved 90 keys to disk
[dc3_node1] Client PUT: key='item:4499', value='value_4499_update_client29_op225'
[dc3_node1] Preference list for 'item:4499': ['localhost:50236', 'localhost:50211', 'localhost:50105']
[dc3_node1] Coordinator NOT in preference list, forwarding only
[dc3_node1] Replicated to localhost:50211
[dc3_node1] Replicated to localhost:50105
[dc3_node1] Replicated to localhost:50236
[dc3_node1] W-quorum achieved (2 writes), returning to client
[dc3_node1] Background replication continues for remaining nodes
[dc3_node1] Successful writes: 3/3
[dc3_node1] Internal PUT (replication): key='item:4949'
[dc3_node1] CONFLICT detected for key='item:4949', siblings=4
[dc3_node1] Saved 90 keys to disk
[dc3_node1] Internal PUT (replication): key='item:0063'
[dc3_node1] CONFLICT detected for key='item:0063', siblings=9
[dc3_node1] Internal PUT (replication): key='item:2840'
[dc3_node1] Saved 90 keys to disk
[dc3_node1] CONFLICT detected for key='item:2840', siblings=3
[dc3_node1] Saved 90 keys to disk
[dc3_node1] Internal PUT (replication): key='item:4339'
[dc3_node1] CONFLICT detected for key='item:4339', siblings=2
[dc3_node1] Internal PUT (replication): key='item:0869'
[dc3_node1] Saved 90 keys to disk
[dc3_node1] CONFLICT detected for key='item:0869', siblings=2
[dc3_node1] Saved 90 keys to disk
[dc3_node1] Internal PUT (replication): key='item:0604'
[dc3_node1] CONFLICT detected for key='item:0604', siblings=3
[dc3_node1] Client PUT: key='item:0353', value='value_353_update_client18_op227'
[dc3_node1] Preference list for 'item:0353': ['localhost:50149', 'localhost:50121', 'localhost:50090']
[dc3_node1] Coordinator NOT in preference list, forwarding only
[dc3_node1] Saved 90 keys to disk
[dc3_node1] Replicated to localhost:50149
[dc3_node1] Replicated to localhost:50121
[dc3_node1] Replicated to localhost:50090
[dc3_node1] W-quorum achieved (2 writes), returning to client
[dc3_node1] Background replication continues for remaining nodes
[dc3_node1] Successful writes: 3/3
[dc3_node1] Internal PUT (replication): key='item:2006'
[dc3_node1] CONFLICT detected for key='item:2006', siblings=3
[dc3_node1] Saved 90 keys to disk
[dc3_node1] Retrieved key='item:2006', versions=3
[dc3_node1] Retrieved key='item:0387', versions=4
[dc3_node1] Internal PUT (replication): key='item:2529'
[dc3_node1] CONFLICT detected for key='item:2529', siblings=2
[dc3_node1] Saved 90 keys to disk
[dc3_node1] Internal PUT (replication): key='item:4620'
[dc3_node1] CONFLICT detected for key='item:4620', siblings=3
[dc3_node1] Saved 90 keys to disk
[dc3_node1] Internal PUT (replication): key='item:1559'
[dc3_node1] CONFLICT detected for key='item:1559', siblings=3
[dc3_node1] Saved 90 keys to disk
[dc3_node1] Internal PUT (replication): key='item:1965'
[dc3_node1] CONFLICT detected for key='item:1965', siblings=4
[dc3_node1] Saved 90 keys to disk
[dc3_node1] Retrieved key='item:1832', versions=3
[dc3_node1] Internal PUT (replication): key='item:1561'
[dc3_node1] CONFLICT detected for key='item:1561', siblings=2
[dc3_node1] Saved 90 keys to disk
[dc3_node1] Client PUT: key='item:4586', value='value_4586_update_client27_op227'
[dc3_node1] Preference list for 'item:4586': ['localhost:50166', 'localhost:50091', 'localhost:50067']
[dc3_node1] CONFLICT detected for key='item:4586', siblings=4
[dc3_node1] Saved 90 keys to disk
[dc3_node1] Coordinator IS in preference list, stored locally
[dc3_node1] Retrieved key='item:2607', versions=3
[dc3_node1] Replicated to localhost:50166
[dc3_node1] Replicated to localhost:50067
[dc3_node1] W-quorum achieved (2 writes), returning to client
[dc3_node1] Background replication continues for remaining nodes
[dc3_node1] Successful writes: 3/3
[dc3_node1] Internal PUT (replication): key='item:1982'
[dc3_node1] CONFLICT detected for key='item:1982', siblings=5
[dc3_node1] Saved 90 keys to disk
[dc3_node1] Internal PUT (replication): key='item:2423'
[dc3_node1] CONFLICT detected for key='item:2423', siblings=3
[dc3_node1] Saved 90 keys to disk
[dc3_node1] Internal PUT (replication): key='item:3969'
[dc3_node1] CONFLICT detected for key='item:3969', siblings=2
[dc3_node1] Saved 90 keys to disk
[dc3_node1] Internal PUT (replication): key='item:1624'
[dc3_node1] CONFLICT detected for key='item:1624', siblings=3
[dc3_node1] Saved 90 keys to disk
[dc3_node1] Client PUT: key='item:3026', value='value_3026_update_client16_op240'
[dc3_node1] Preference list for 'item:3026': ['localhost:50097', 'localhost:50209', 'localhost:50246']
[dc3_node1] Coordinator NOT in preference list, forwarding only
[dc3_node1] Replicated to localhost:50246
[dc3_node1] Replicated to localhost:50097
[dc3_node1] Replicated to localhost:50209
[dc3_node1] Internal PUT (replication): key='item:3527'
[dc3_node1] CONFLICT detected for key='item:3527', siblings=6
[dc3_node1] Saved 90 keys to disk
[dc3_node1] W-quorum achieved (2 writes), returning to client
[dc3_node1] Background replication continues for remaining nodes
[dc3_node1] Successful writes: 3/3
[dc3_node1] Internal PUT (replication): key='item:0893'
[dc3_node1] CONFLICT detected for key='item:0893', siblings=4
[dc3_node1] Saved 90 keys to disk
[dc3_node1] Internal PUT (replication): key='item:4732'
[dc3_node1] CONFLICT detected for key='item:4732', siblings=4
[dc3_node1] Saved 90 keys to disk
[dc3_node1] Internal PUT (replication): key='item:0701'
[dc3_node1] Stored NEW key='item:0701', value='value_701_update_client49_op226', clock={dc1_node5:1}
[dc3_node1] Saved 91 keys to disk
[dc3_node1] Retrieved key='item:4403', versions=4
[dc3_node1] Internal PUT (replication): key='item:3796'
[dc3_node1] CONFLICT detected for key='item:3796', siblings=2
[dc3_node1] Saved 91 keys to disk
[dc3_node1] Internal PUT (replication): key='item:3726'
[dc3_node1] CONFLICT detected for key='item:3726', siblings=4
[dc3_node1] Saved 91 keys to disk
[dc3_node1] Internal PUT (replication): key='item:0970'
[dc3_node1] CONFLICT detected for key='item:0970', siblings=4
[dc3_node1] Saved 91 keys to disk
[dc3_node1] Merged versions for key='item:0674', result=1 versions
[dc3_node1] Saved 91 keys to disk
[dc3_node1] Merged versions for key='item:0674', result=1 versions
[dc3_node1] Saved 91 keys to disk
[dc3_node1] Internal PUT (replication): key='item:2779'
[dc3_node1] CONFLICT detected for key='item:2779', siblings=4
[dc3_node1] Saved 91 keys to disk
[dc3_node1] Client PUT: key='item:4696', value='value_4696_client5_op239'
[dc3_node1] Preference list for 'item:4696': ['localhost:50086', 'localhost:50126', 'localhost:50180']
[dc3_node1] Coordinator NOT in preference list, forwarding only
[dc3_node1] Replicated to localhost:50086
[dc3_node1] Replicated to localhost:50126
[dc3_node1] Replicated to localhost:50180
[dc3_node1] W-quorum achieved (2 writes), returning to client
[dc3_node1] Background replication continues for remaining nodes
[dc3_node1] Successful writes: 3/3
[dc3_node1] Retrieved key='item:1559', versions=3
[dc3_node1] Retrieved key='item:1130', versions=3
[dc3_node1] Retrieved key='item:3796', versions=2
[dc3_node1] Client PUT: key='item:3058', value='value_3058_client41_op242'
[dc3_node1] Preference list for 'item:3058': ['localhost:50218', 'localhost:50117', 'localhost:50060']
[dc3_node1] Coordinator NOT in preference list, forwarding only
[dc3_node1] Replicated to localhost:50218
[dc3_node1] Replicated to localhost:50060
[dc3_node1] Replicated to localhost:50117
[dc3_node1] Internal PUT (replication): key='item:3726'
[dc3_node1] CONFLICT detected for key='item:3726', siblings=5
[dc3_node1] W-quorum achieved (2 writes), returning to client
[dc3_node1] Background replication continues for remaining nodes
[dc3_node1] Successful writes: 3/3
[dc3_node1] Saved 91 keys to disk
[dc3_node1] Retrieved key='item:3019', versions=2
[dc3_node1] Merged versions for key='item:0915', result=1 versions
[dc3_node1] Saved 91 keys to disk
[dc3_node1] Internal PUT (replication): key='item:0392'
[dc3_node1] CONFLICT detected for key='item:0392', siblings=6
[dc3_node1] Saved 91 keys to disk
[dc3_node1] Internal PUT (replication): key='item:3689'
[dc3_node1] CONFLICT detected for key='item:3689', siblings=4
[dc3_node1] Saved 91 keys to disk
[dc3_node1] Internal PUT (replication): key='item:1317'
[dc3_node1] CONFLICT detected for key='item:1317', siblings=2
[dc3_node1] Saved 91 keys to disk
[dc3_node1] Internal PUT (replication): key='item:1088'
[dc3_node1] CONFLICT detected for key='item:1088', siblings=3
[dc3_node1] Saved 91 keys to disk
[dc3_node1] Client GET: key='item:4481'
[dc3_node1] Reading from preference list: ['localhost:50186', 'localhost:50128']
[dc3_node1] Key='item:4481' not found
[dc3_node1] CONFLICT: 4 sibling versions for 'item:4481'
[dc3_node1] Internal PUT (replication): key='item:4586'
[dc3_node1] CONFLICT detected for key='item:4586', siblings=5
[dc3_node1] Saved 91 keys to disk
[dc3_node1] Retrieved key='item:0063', versions=9
[dc3_node1] Client PUT: key='item:2448', value='value_2448_update_client17_op258'
[dc3_node1] Preference list for 'item:2448': ['localhost:50215', 'localhost:50188', 'localhost:50159']
[dc3_node1] Coordinator NOT in preference list, forwarding only
[dc3_node1] Replicated to localhost:50215
[dc3_node1] Replicated to localhost:50188
[dc3_node1] Replicated to localhost:50159
[dc3_node1] W-quorum achieved (2 writes), returning to client
[dc3_node1] Background replication continues for remaining nodes
[dc3_node1] Successful writes: 3/3
[dc3_node1] Internal PUT (replication): key='item:2196'
[dc3_node1] CONFLICT detected for key='item:2196', siblings=3
[dc3_node1] Saved 91 keys to disk
[dc3_node1] Internal PUT (replication): key='item:4879'
[dc3_node1] CONFLICT detected for key='item:4879', siblings=4
[dc3_node1] Saved 91 keys to disk
[dc3_node1] Internal PUT (replication): key='item:2619'
[dc3_node1] CONFLICT detected for key='item:2619', siblings=2
[dc3_node1] Saved 91 keys to disk
[dc3_node1] Client PUT: key='item:0887', value='value_887_client47_op254'
[dc3_node1] Preference list for 'item:0887': ['localhost:50182', 'localhost:50086', 'localhost:50163']
[dc3_node1] Coordinator NOT in preference list, forwarding only
[dc3_node1] Replicated to localhost:50182
[dc3_node1] Replicated to localhost:50086
[dc3_node1] Replicated to localhost:50163
[dc3_node1] W-quorum achieved (2 writes), returning to client
[dc3_node1] Background replication continues for remaining nodes
[dc3_node1] Successful writes: 3/3
[dc3_node1] Internal PUT (replication): key='item:1749'
[dc3_node1] CONFLICT detected for key='item:1749', siblings=4
[dc3_node1] Saved 91 keys to disk
[dc3_node1] Internal PUT (replication): key='item:3246'
[dc3_node1] CONFLICT detected for key='item:3246', siblings=3
[dc3_node1] Saved 91 keys to disk
[dc3_node1] Internal PUT (replication): key='item:0274'
[dc3_node1] CONFLICT detected for key='item:0274', siblings=2
[dc3_node1] Saved 91 keys to disk
[dc3_node1] Internal PUT (replication): key='item:3823'
[dc3_node1] CONFLICT detected for key='item:3823', siblings=2
[dc3_node1] Saved 91 keys to disk
[dc3_node1] Internal PUT (replication): key='item:1663'
[dc3_node1] CONFLICT detected for key='item:1663', siblings=4
[dc3_node1] Saved 91 keys to disk
[dc3_node1] Internal PUT (replication): key='item:2049'
[dc3_node1] CONFLICT detected for key='item:2049', siblings=4
[dc3_node1] Saved 91 keys to disk
[dc3_node1] Internal PUT (replication): key='item:4620'
[dc3_node1] CONFLICT detected for key='item:4620', siblings=4
[dc3_node1] Saved 91 keys to disk
[dc3_node1] Internal PUT (replication): key='item:2779'
[dc3_node1] CONFLICT detected for key='item:2779', siblings=5
[dc3_node1] Saved 91 keys to disk
[dc3_node1] Client PUT: key='item:3862', value='value_3862_client21_op271'
[dc3_node1] Preference list for 'item:3862': ['localhost:50185', 'localhost:50108', 'localhost:50090']
[dc3_node1] Coordinator NOT in preference list, forwarding only
[dc3_node1] Replicated to localhost:50108
[dc3_node1] Replicated to localhost:50185
[dc3_node1] Replicated to localhost:50090
[dc3_node1] W-quorum achieved (2 writes), returning to client
[dc3_node1] Background replication continues for remaining nodes
[dc3_node1] Successful writes: 3/3
[dc3_node1] Internal PUT (replication): key='item:2049'
[dc3_node1] CONFLICT detected for key='item:2049', siblings=5
[dc3_node1] Saved 91 keys to disk
[dc3_node1] Client PUT: key='item:2040', value='value_2040_client6_op272'
[dc3_node1] Preference list for 'item:2040': ['localhost:50249', 'localhost:50141', 'localhost:50160']
[dc3_node1] Coordinator NOT in preference list, forwarding only
[dc3_node1] Replicated to localhost:50141
[dc3_node1] Replicated to localhost:50249
[dc3_node1] Replicated to localhost:50160
[dc3_node1] W-quorum achieved (2 writes), returning to client
[dc3_node1] Background replication continues for remaining nodes
[dc3_node1] Successful writes: 3/3
[dc3_node1] Internal PUT (replication): key='item:1317'
[dc3_node1] CONFLICT detected for key='item:1317', siblings=3
[dc3_node1] Saved 91 keys to disk
[dc3_node1] Internal PUT (replication): key='item:0627'
[dc3_node1] CONFLICT detected for key='item:0627', siblings=7
[dc3_node1] Saved 91 keys to disk
[dc3_node1] Internal PUT (replication): key='item:0063'
[dc3_node1] CONFLICT detected for key='item:0063', siblings=10
[dc3_node1] Saved 91 keys to disk
[dc3_node1] Retrieved key='item:0106', versions=2
[dc3_node1] Internal PUT (replication): key='item:1822'
[dc3_node1] CONFLICT detected for key='item:1822', siblings=3
[dc3_node1] Saved 91 keys to disk
[dc3_node1] Retrieved key='item:1706', versions=1
[dc3_node1] Merged versions for key='item:1706', result=1 versions
[dc3_node1] Saved 91 keys to disk
[dc3_node1] Client PUT: key='item:0979', value='value_979_client23_op271'
[dc3_node1] Preference list for 'item:0979': ['localhost:50114', 'localhost:50146', 'localhost:50193']
[dc3_node1] Coordinator NOT in preference list, forwarding only
[dc3_node1] Replicated to localhost:50114
[dc3_node1] Replicated to localhost:50146
[dc3_node1] Replicated to localhost:50193
[dc3_node1] W-quorum achieved (2 writes), returning to client
[dc3_node1] Background replication continues for remaining nodes
[dc3_node1] Successful writes: 3/3
[dc3_node1] Internal PUT (replication): key='item:2619'
[dc3_node1] CONFLICT detected for key='item:2619', siblings=3
[dc3_node1] Saved 91 keys to disk
[dc3_node1] Internal PUT (replication): key='item:3689'
[dc3_node1] CONFLICT detected for key='item:3689', siblings=4
[dc3_node1] Saved 91 keys to disk
[dc3_node1] Internal PUT (replication): key='item:3739'
[dc3_node1] Stored NEW key='item:3739', value='value_3739_update_client37_op284', clock={dc1_node8:1}
[dc3_node1] Saved 92 keys to disk
[dc3_node1] Internal PUT (replication): key='item:3689'
[dc3_node1] CONFLICT detected for key='item:3689', siblings=5
[dc3_node1] Saved 92 keys to disk
[dc3_node1] Internal PUT (replication): key='item:2196'
[dc3_node1] CONFLICT detected for key='item:2196', siblings=4
[dc3_node1] Saved 92 keys to disk
[dc3_node1] Internal PUT (replication): key='item:1365'
[dc3_node1] CONFLICT detected for key='item:1365', siblings=3
[dc3_node1] Saved 92 keys to disk
[dc3_node1] Internal PUT (replication): key='item:0767'
[dc3_node1] CONFLICT detected for key='item:0767', siblings=3
[dc3_node1] Saved 92 keys to disk
[dc3_node1] Internal PUT (replication): key='item:0651'
[dc3_node1] CONFLICT detected for key='item:0651', siblings=4
[dc3_node1] Saved 92 keys to disk
[dc3_node1] Retrieved key='item:1325', versions=1
[dc3_node1] Merged versions for key='item:1325', result=1 versions
[dc3_node1] Saved 92 keys to disk
[dc3_node1] Internal PUT (replication): key='item:3527'
[dc3_node1] CONFLICT detected for key='item:3527', siblings=7
[dc3_node1] Saved 92 keys to disk
[dc3_node1] Internal PUT (replication): key='item:1559'
[dc3_node1] CONFLICT detected for key='item:1559', siblings=4
[dc3_node1] Saved 92 keys to disk
[dc3_node1] Retrieved key='item:0651', versions=4
[dc3_node1] Internal PUT (replication): key='item:1820'
[dc3_node1] CONFLICT detected for key='item:1820', siblings=3
[dc3_node1] Saved 92 keys to disk
[dc3_node1] Client PUT: key='item:4458', value='value_4458_update_client2_op287'
[dc3_node1] Preference list for 'item:4458': ['localhost:50199', 'localhost:50124', 'localhost:50226']
[dc3_node1] Coordinator NOT in preference list, forwarding only
[dc3_node1] Replicated to localhost:50226
[dc3_node1] Replicated to localhost:50199
[dc3_node1] Replicated to localhost:50124
[dc3_node1] W-quorum achieved (2 writes), returning to client
[dc3_node1] Background replication continues for remaining nodes
[dc3_node1] Successful writes: 3/3
[dc3_node1] Internal PUT (replication): key='item:0274'
[dc3_node1] CONFLICT detected for key='item:0274', siblings=3
[dc3_node1] Saved 92 keys to disk
[dc3_node1] Internal PUT (replication): key='item:1069'
[dc3_node1] CONFLICT detected for key='item:1069', siblings=4
[dc3_node1] Saved 92 keys to disk
[dc3_node1] Retrieved key='item:4301', versions=4
[dc3_node1] Internal PUT (replication): key='item:1348'
[dc3_node1] CONFLICT detected for key='item:1348', siblings=3
[dc3_node1] Saved 92 keys to disk
[dc3_node1] Internal PUT (replication): key='item:4467'
[dc3_node1] CONFLICT detected for key='item:4467', siblings=5
[dc3_node1] Saved 92 keys to disk
[dc3_node1] Internal PUT (replication): key='item:1683'
[dc3_node1] CONFLICT detected for key='item:1683', siblings=5
[dc3_node1] Saved 92 keys to disk
[dc3_node1] Internal PUT (replication): key='item:4720'
[dc3_node1] CONFLICT detected for key='item:4720', siblings=2
[dc3_node1] Saved 92 keys to disk
[dc3_node1] Client GET: key='item:1037'
[dc3_node1] Reading from preference list: ['localhost:50052', 'localhost:50077']
[dc3_node1] Key='item:1037' not found
[dc3_node1] CONFLICT: 6 sibling versions for 'item:1037'
[dc3_node1] Internal PUT (replication): key='item:0387'
[dc3_node1] CONFLICT detected for key='item:0387', siblings=5
[dc3_node1] Saved 92 keys to disk
[dc3_node1] Internal PUT (replication): key='item:1749'
[dc3_node1] CONFLICT detected for key='item:1749', siblings=5
[dc3_node1] Saved 92 keys to disk
[dc3_node1] Internal PUT (replication): key='item:2607'
[dc3_node1] CONFLICT detected for key='item:2607', siblings=4
[dc3_node1] Internal PUT (replication): key='item:3823'
[dc3_node1] Saved 92 keys to disk
[dc3_node1] CONFLICT detected for key='item:3823', siblings=3
[dc3_node1] Saved 92 keys to disk
[dc3_node1] Internal PUT (replication): key='item:0063'
[dc3_node1] CONFLICT detected for key='item:0063', siblings=11
[dc3_node1] Saved 92 keys to disk
[dc3_node1] Internal PUT (replication): key='item:0274'
[dc3_node1] CONFLICT detected for key='item:0274', siblings=4
[dc3_node1] Saved 92 keys to disk
[dc3_node1] Internal PUT (replication): key='item:1883'
[dc3_node1] CONFLICT detected for key='item:1883', siblings=3
[dc3_node1] Saved 92 keys to disk
[dc3_node1] Internal PUT (replication): key='item:0392'
[dc3_node1] CONFLICT detected for key='item:0392', siblings=7
[dc3_node1] Saved 92 keys to disk
[dc3_node1] Internal PUT (replication): key='item:3527'
[dc3_node1] CONFLICT detected for key='item:3527', siblings=8
[dc3_node1] Saved 92 keys to disk
[dc3_node1] Internal PUT (replication): key='item:4467'
[dc3_node1] CONFLICT detected for key='item:4467', siblings=6
[dc3_node1] Saved 92 keys to disk
[dc3_node1] Client GET: key='item:2198'
[dc3_node1] Reading from preference list: ['localhost:50155', 'localhost:50127']
[dc3_node1] Key='item:2198' not found
[dc3_node1] CONFLICT: 4 sibling versions for 'item:2198'
[dc3_node1] Retrieved key='item:0893', versions=4
[dc3_node1] Client PUT: key='item:1203', value='value_1203_update_client27_op307'
[dc3_node1] Preference list for 'item:1203': ['localhost:50166', 'localhost:50131', 'localhost:50193']
[dc3_node1] Coordinator NOT in preference list, forwarding only
[dc3_node1] Replicated to localhost:50131
[dc3_node1] Replicated to localhost:50166
[dc3_node1] Replicated to localhost:50193
[dc3_node1] Client PUT: key='item:3984', value='value_3984_update_client30_op313'
[dc3_node1] Preference list for 'item:3984': ['localhost:50195', 'localhost:50119', 'localhost:50211']
[dc3_node1] Coordinator NOT in preference list, forwarding only
[dc3_node1] W-quorum achieved (2 writes), returning to client
[dc3_node1] Background replication continues for remaining nodes
[dc3_node1] Successful writes: 3/3
[dc3_node1] Replicated to localhost:50119
[dc3_node1] Replicated to localhost:50195
[dc3_node1] W-quorum achieved (2 writes), returning to client
[dc3_node1] Background replication continues for remaining nodes
[dc3_node1] Successful writes: 2/3
[dc3_node1] Replicated to localhost:50211
[dc3_node1] Internal PUT (replication): key='item:1325'
[dc3_node1] CONFLICT detected for key='item:1325', siblings=2
[dc3_node1] Saved 92 keys to disk
[dc3_node1] Retrieved key='item:3969', versions=2
[dc3_node1] Client PUT: key='item:3772', value='value_3772_client34_op302'
[dc3_node1] Preference list for 'item:3772': ['localhost:50054', 'localhost:50222', 'localhost:50102']
[dc3_node1] Coordinator NOT in preference list, forwarding only
[dc3_node1] Internal PUT (replication): key='item:2196'
[dc3_node1] CONFLICT detected for key='item:2196', siblings=5
[dc3_node1] Replicated to localhost:50054
[dc3_node1] Replicated to localhost:50102
[dc3_node1] Replicated to localhost:50222
[dc3_node1] Internal PUT (replication): key='item:0604'
[dc3_node1] Saved 92 keys to disk
[dc3_node1] CONFLICT detected for key='item:0604', siblings=4
[dc3_node1] Internal PUT (replication): key='item:3969'
[dc3_node1] Saved 92 keys to disk
[dc3_node1] CONFLICT detected for key='item:3969', siblings=3
[dc3_node1] W-quorum achieved (2 writes), returning to client
[dc3_node1] Background replication continues for remaining nodes
[dc3_node1] Successful writes: 3/3
[dc3_node1] Saved 92 keys to disk
[dc3_node1] Internal PUT (replication): key='item:4490'
[dc3_node1] CONFLICT detected for key='item:4490', siblings=2
[dc3_node1] Saved 92 keys to disk
[dc3_node1] Client GET: key='item:4727'
[dc3_node1] Reading from preference list: ['localhost:50149', 'localhost:50067']
[dc3_node1] Key='item:4727' not found
[dc3_node1] CONFLICT: 6 sibling versions for 'item:4727'
[dc3_node1] Client PUT: key='item:4263', value='value_4263_client47_op303'
[dc3_node1] Preference list for 'item:4263': ['localhost:50216', 'localhost:50236', 'localhost:50062']
[dc3_node1] Coordinator NOT in preference list, forwarding only
[dc3_node1] Replicated to localhost:50216
[dc3_node1] Replicated to localhost:50062
[dc3_node1] Replicated to localhost:50236
[dc3_node1] W-quorum achieved (2 writes), returning to client
[dc3_node1] Background replication continues for remaining nodes
[dc3_node1] Successful writes: 3/3
[dc3_node1] Internal PUT (replication): key='item:0330'
[dc3_node1] CONFLICT detected for key='item:0330', siblings=3
[dc3_node1] Saved 92 keys to disk
[dc3_node1] Client GET: key='item:4060'
[dc3_node1] Reading from preference list: ['localhost:50226', 'localhost:50184']
[dc3_node1] Key='item:4060' not found
[dc3_node1] CONFLICT: 8 sibling versions for 'item:4060'
[dc3_node1] Internal PUT (replication): key='item:0330'
[dc3_node1] CONFLICT detected for key='item:0330', siblings=4
[dc3_node1] Saved 92 keys to disk
[dc3_node1] Internal PUT (replication): key='item:1513'
[dc3_node1] CONFLICT detected for key='item:1513', siblings=2
[dc3_node1] Saved 92 keys to disk
[dc3_node1] Internal PUT (replication): key='item:0106'
[dc3_node1] CONFLICT detected for key='item:0106', siblings=3
[dc3_node1] Saved 92 keys to disk
[dc3_node1] Internal PUT (replication): key='item:2423'
[dc3_node1] CONFLICT detected for key='item:2423', siblings=4
[dc3_node1] Saved 92 keys to disk
[dc3_node1] Internal PUT (replication): key='item:1706'
[dc3_node1] CONFLICT detected for key='item:1706', siblings=2
[dc3_node1] Saved 92 keys to disk
[dc3_node1] Client PUT: key='item:2195', value='value_2195_update_client31_op326'
[dc3_node1] Preference list for 'item:2195': ['localhost:50162', 'localhost:50089', 'localhost:50224']
[dc3_node1] Coordinator NOT in preference list, forwarding only
[dc3_node1] Client PUT: key='item:0440', value='value_440_update_client14_op314'
[dc3_node1] Preference list for 'item:0440': ['localhost:50166', 'localhost:50213', 'localhost:50110']
[dc3_node1] Coordinator NOT in preference list, forwarding only
[dc3_node1] Replicated to localhost:50224
[dc3_node1] Replicated to localhost:50089
[dc3_node1] Replicated to localhost:50162
[dc3_node1] Replicated to localhost:50166
[dc3_node1] Replicated to localhost:50213
[dc3_node1] Replicated to localhost:50110
[dc3_node1] W-quorum achieved (2 writes), returning to client
[dc3_node1] Background replication continues for remaining nodes
[dc3_node1] Successful writes: 3/3
[dc3_node1] W-quorum achieved (2 writes), returning to client
[dc3_node1] Background replication continues for remaining nodes
[dc3_node1] Successful writes: 3/3
[dc3_node1] Internal PUT (replication): key='item:0274'
[dc3_node1] CONFLICT detected for key='item:0274', siblings=5
[dc3_node1] Saved 92 keys to disk
[dc3_node1] Internal PUT (replication): key='item:4620'
[dc3_node1] CONFLICT detected for key='item:4620', siblings=5
[dc3_node1] Saved 92 keys to disk
[dc3_node1] Retrieved key='item:4720', versions=2
[dc3_node1] Internal PUT (replication): key='item:1365'
[dc3_node1] CONFLICT detected for key='item:1365', siblings=4
[dc3_node1] Saved 92 keys to disk
[dc3_node1] Internal PUT (replication): key='item:1559'
[dc3_node1] CONFLICT detected for key='item:1559', siblings=5
[dc3_node1] Saved 92 keys to disk
[dc3_node1] Internal PUT (replication): key='item:1352'
[dc3_node1] CONFLICT detected for key='item:1352', siblings=3
[dc3_node1] Saved 92 keys to disk
[dc3_node1] Internal PUT (replication): key='item:1308'
[dc3_node1] CONFLICT detected for key='item:1308', siblings=3
[dc3_node1] Saved 92 keys to disk
[dc3_node1] Internal PUT (replication): key='item:2083'
[dc3_node1] CONFLICT detected for key='item:2083', siblings=3
[dc3_node1] Saved 92 keys to disk
[dc3_node1] Internal PUT (replication): key='item:3823'
[dc3_node1] CONFLICT detected for key='item:3823', siblings=4
[dc3_node1] Saved 92 keys to disk
[dc3_node1] Retrieved key='item:0063', versions=11
[dc3_node1] Client PUT: key='item:3521', value='value_3521_update_client30_op339'
[dc3_node1] Preference list for 'item:3521': ['localhost:50203', 'localhost:50052', 'localhost:50162']
[dc3_node1] Coordinator NOT in preference list, forwarding only
[dc3_node1] Replicated to localhost:50203
[dc3_node1] Replicated to localhost:50052
[dc3_node1] W-quorum achieved (2 writes), returning to client
[dc3_node1] Background replication continues for remaining nodes
[dc3_node1] Successful writes: 2/3
[dc3_node1] Replicated to localhost:50162
[dc3_node1] Internal PUT (replication): key='item:4771'
[dc3_node1] CONFLICT detected for key='item:4771', siblings=2
[dc3_node1] Saved 92 keys to disk
[dc3_node1] Internal PUT (replication): key='item:1513'
[dc3_node1] CONFLICT detected for key='item:1513', siblings=3
[dc3_node1] Saved 92 keys to disk
[dc3_node1] Internal PUT (replication): key='item:4586'
[dc3_node1] CONFLICT detected for key='item:4586', siblings=6
[dc3_node1] Saved 92 keys to disk
[dc3_node1] Internal PUT (replication): key='item:1706'
[dc3_node1] CONFLICT detected for key='item:1706', siblings=3
[dc3_node1] Saved 92 keys to disk
[dc3_node1] Internal PUT (replication): key='item:3796'
[dc3_node1] CONFLICT detected for key='item:3796', siblings=3
[dc3_node1] Saved 92 keys to disk
[dc3_node1] Internal PUT (replication): key='item:2501'
[dc3_node1] Stored NEW key='item:2501', value='value_2501_client28_op353', clock={dc1_node14:1}
[dc3_node1] Saved 93 keys to disk
[dc3_node1] Internal PUT (replication): key='item:1624'
[dc3_node1] CONFLICT detected for key='item:1624', siblings=4
[dc3_node1] Saved 93 keys to disk
[dc3_node1] Client GET: key='item:2592'
[dc3_node1] Reading from preference list: ['localhost:50054', 'localhost:50207']
[dc3_node1] Key='item:2592' not found
[dc3_node1] Client PUT: key='item:3750', value='value_3750_client44_op352'
[dc3_node1] Preference list for 'item:3750': ['localhost:50250', 'localhost:50117', 'localhost:50088']
[dc3_node1] Coordinator NOT in preference list, forwarding only
[dc3_node1] CONFLICT: 14 sibling versions for 'item:2592'
[dc3_node1] Replicated to localhost:50117
[dc3_node1] Replicated to localhost:50250
[dc3_node1] Retrieved key='item:2006', versions=3
[dc3_node1] Replicated to localhost:50088
[dc3_node1] W-quorum achieved (2 writes), returning to client
[dc3_node1] Background replication continues for remaining nodes
[dc3_node1] Successful writes: 3/3
[dc3_node1] Retrieved key='item:0106', versions=3
[dc3_node1] Internal PUT (replication): key='item:2529'
[dc3_node1] CONFLICT detected for key='item:2529', siblings=3
[dc3_node1] Saved 93 keys to disk
[dc3_node1] Client PUT: key='item:0877', value='value_877_update_client47_op328'
[dc3_node1] Preference list for 'item:0877': ['localhost:50119', 'localhost:50157', 'localhost:50244']
[dc3_node1] Coordinator NOT in preference list, forwarding only
[dc3_node1] Replicated to localhost:50119
[dc3_node1] Replicated to localhost:50157
[dc3_node1] Replicated to localhost:50244
[dc3_node1] W-quorum achieved (2 writes), returning to client
[dc3_node1] Background replication continues for remaining nodes
[dc3_node1] Successful writes: 3/3
[dc3_node1] Internal PUT (replication): key='item:0274'
[dc3_node1] CONFLICT detected for key='item:0274', siblings=6
[dc3_node1] Saved 93 keys to disk
[dc3_node1] Client PUT: key='item:2140', value='value_2140_client45_op338'
[dc3_node1] Preference list for 'item:2140': ['localhost:50120', 'localhost:50222', 'localhost:50136']
[dc3_node1] Coordinator NOT in preference list, forwarding only
[dc3_node1] Replicated to localhost:50120
[dc3_node1] Replicated to localhost:50222
[dc3_node1] Replicated to localhost:50136
[dc3_node1] W-quorum achieved (2 writes), returning to client
[dc3_node1] Background replication continues for remaining nodes
[dc3_node1] Successful writes: 3/3
[dc3_node1] Retrieved key='item:1683', versions=5
[dc3_node1] Internal PUT (replication): key='item:2083'
[dc3_node1] CONFLICT detected for key='item:2083', siblings=4
[dc3_node1] Saved 93 keys to disk
[dc3_node1] Internal PUT (replication): key='item:0150'
[dc3_node1] CONFLICT detected for key='item:0150', siblings=4
[dc3_node1] Saved 93 keys to disk
[dc3_node1] Internal PUT (replication): key='item:0627'
[dc3_node1] CONFLICT detected for key='item:0627', siblings=8
[dc3_node1] Saved 93 keys to disk
[dc3_node1] Client GET: key='item:3690'
[dc3_node1] Reading from preference list: ['localhost:50170', 'localhost:50147']
[dc3_node1] Key='item:3690' not found
[dc3_node1] CONFLICT: 4 sibling versions for 'item:3690'
[dc3_node1] Client PUT: key='item:0176', value='value_176_update_client16_op353'
[dc3_node1] Preference list for 'item:0176': ['localhost:50227', 'localhost:50075', 'localhost:50120']
[dc3_node1] Coordinator NOT in preference list, forwarding only
[dc3_node1] Internal PUT (replication): key='item:2196'
[dc3_node1] CONFLICT detected for key='item:2196', siblings=6
[dc3_node1] Replicated to localhost:50120
[dc3_node1] Replicated to localhost:50075
[dc3_node1] Replicated to localhost:50227
[dc3_node1] Saved 93 keys to disk
[dc3_node1] W-quorum achieved (2 writes), returning to client
[dc3_node1] Background replication continues for remaining nodes
[dc3_node1] Successful writes: 3/3
[dc3_node1] Retrieved key='item:1325', versions=2
[dc3_node1] Internal PUT (replication): key='item:3246'
[dc3_node1] CONFLICT detected for key='item:3246', siblings=4
[dc3_node1] Saved 93 keys to disk
[dc3_node1] Retrieved key='item:0604', versions=4
[dc3_node1] Internal PUT (replication): key='item:0970'
[dc3_node1] CONFLICT detected for key='item:0970', siblings=5
[dc3_node1] Saved 93 keys to disk
[dc3_node1] Internal PUT (replication): key='item:1084'
[dc3_node1] CONFLICT detected for key='item:1084', siblings=6
[dc3_node1] Saved 93 keys to disk
[dc3_node1] Internal PUT (replication): key='item:4335'
[dc3_node1] CONFLICT detected for key='item:4335', siblings=4
[dc3_node1] Client PUT: key='item:3871', value='value_3871_update_client11_op345'
[dc3_node1] Preference list for 'item:3871': ['localhost:50086', 'localhost:50070', 'localhost:50151']
[dc3_node1] Coordinator NOT in preference list, forwarding only
[dc3_node1] Saved 93 keys to disk
[dc3_node1] Replicated to localhost:50086
[dc3_node1] Replicated to localhost:50070
[dc3_node1] W-quorum achieved (2 writes), returning to client
[dc3_node1] Background replication continues for remaining nodes
[dc3_node1] Successful writes: 2/3
[dc3_node1] Replicated to localhost:50151
[dc3_node1] Client PUT: key='item:2659', value='value_2659_client25_op359'
[dc3_node1] Preference list for 'item:2659': ['localhost:50244', 'localhost:50214', 'localhost:50183']
[dc3_node1] Coordinator NOT in preference list, forwarding only
[dc3_node1] Replicated to localhost:50214
[dc3_node1] Replicated to localhost:50183
[dc3_node1] Replicated to localhost:50244
[dc3_node1] W-quorum achieved (2 writes), returning to client
[dc3_node1] Background replication continues for remaining nodes
[dc3_node1] Successful writes: 3/3
[dc3_node1] Client GET: key='item:3084'
[dc3_node1] Reading from preference list: ['localhost:50248', 'localhost:50176']
[dc3_node1] Key='item:3084' not found
[dc3_node1] CONFLICT: 4 sibling versions for 'item:3084'
[dc3_node1] Client GET: key='item:3513'
[dc3_node1] Reading from preference list: ['localhost:50135', 'localhost:50102']
[dc3_node1] Key='item:3513' not found
[dc3_node1] CONFLICT: 8 sibling versions for 'item:3513'
[dc3_node1] Internal PUT (replication): key='item:1130'
[dc3_node1] CONFLICT detected for key='item:1130', siblings=4
[dc3_node1] Saved 93 keys to disk
[dc3_node1] Client PUT: key='item:2930', value='value_2930_client31_op357'
[dc3_node1] Preference list for 'item:2930': ['localhost:50138', 'localhost:50063', 'localhost:50209']
[dc3_node1] Coordinator NOT in preference list, forwarding only
[dc3_node1] Replicated to localhost:50063
[dc3_node1] Replicated to localhost:50138
[dc3_node1] W-quorum achieved (2 writes), returning to client
[dc3_node1] Background replication continues for remaining nodes
[dc3_node1] Successful writes: 2/3
[dc3_node1] Internal PUT (replication): key='item:0150'
[dc3_node1] CONFLICT detected for key='item:0150', siblings=5
[dc3_node1] Saved 93 keys to disk
[dc3_node1] Replicated to localhost:50209
[dc3_node1] Retrieved key='item:3019', versions=2
[dc3_node1] Client PUT: key='item:1585', value='value_1585_client30_op377'
[dc3_node1] Preference list for 'item:1585': ['localhost:50220', 'localhost:50082', 'localhost:50151']
[dc3_node1] Coordinator NOT in preference list, forwarding only
[dc3_node1] Replicated to localhost:50082
[dc3_node1] Replicated to localhost:50220
[dc3_node1] Replicated to localhost:50151
[dc3_node1] W-quorum achieved (2 writes), returning to client
[dc3_node1] Background replication continues for remaining nodes
[dc3_node1] Successful writes: 3/3
[dc3_node1] Merged versions for key='item:0674', result=1 versions
[dc3_node1] Saved 93 keys to disk
[dc3_node1] Merged versions for key='item:0836', result=1 versions
[dc3_node1] Saved 93 keys to disk
[dc3_node1] Internal PUT (replication): key='item:0581'
[dc3_node1] Stored NEW key='item:0581', value='value_581_client6_op367', clock={dc3_node2:1}
[dc3_node1] Saved 94 keys to disk
[dc3_node1] Retrieved key='item:1513', versions=3
[dc3_node1] Internal PUT (replication): key='item:0604'
[dc3_node1] CONFLICT detected for key='item:0604', siblings=4
[dc3_node1] Saved 94 keys to disk
[dc3_node1] Retrieved key='item:3019', versions=2
[dc3_node1] Client GET: key='item:3518'
[dc3_node1] Reading from preference list: ['localhost:50151', 'localhost:50094']
[dc3_node1] Key='item:3518' not found
[dc3_node1] Performing read repair for key='item:3518'
[dc3_node1] Read repair to localhost:50151 succeeded
[dc3_node1] Read repair to localhost:50094 succeeded
[dc3_node1] Read repair to localhost:50057 succeeded
[dc3_node1] Internal PUT (replication): key='item:1352'
[dc3_node1] CONFLICT detected for key='item:1352', siblings=4
[dc3_node1] Saved 94 keys to disk
[dc3_node1] Internal PUT (replication): key='item:2423'
[dc3_node1] CONFLICT detected for key='item:2423', siblings=5
[dc3_node1] Saved 94 keys to disk
[dc3_node1] Internal PUT (replication): key='item:1982'
[dc3_node1] CONFLICT detected for key='item:1982', siblings=6
[dc3_node1] Saved 94 keys to disk
[dc3_node1] Retrieved key='item:1069', versions=4
[dc3_node1] Internal PUT (replication): key='item:1763'
[dc3_node1] CONFLICT detected for key='item:1763', siblings=4
[dc3_node1] Client PUT: key='item:3871', value='value_3871_client19_op382'
[dc3_node1] Preference list for 'item:3871': ['localhost:50086', 'localhost:50070', 'localhost:50151']
[dc3_node1] Coordinator NOT in preference list, forwarding only
[dc3_node1] Saved 94 keys to disk
[dc3_node1] Client PUT: key='item:1516', value='value_1516_update_client31_op372'
[dc3_node1] Preference list for 'item:1516': ['localhost:50123', 'localhost:50093', 'localhost:50187']
[dc3_node1] Coordinator NOT in preference list, forwarding only
[dc3_node1] Replicated to localhost:50086
[dc3_node1] Client PUT: key='item:3592', value='value_3592_client20_op382'
[dc3_node1] Preference list for 'item:3592': ['localhost:50051', 'localhost:50223', 'localhost:50076']
[dc3_node1] Coordinator NOT in preference list, forwarding only
[dc3_node1] Replicated to localhost:50070
[dc3_node1] Replicated to localhost:50151
[dc3_node1] Replicated to localhost:50051
[dc3_node1] Replicated to localhost:50223
[dc3_node1] W-quorum achieved (2 writes), returning to client
[dc3_node1] Background replication continues for remaining nodes
[dc3_node1] Successful writes: 3/3
[dc3_node1] Replicated to localhost:50123
[dc3_node1] Replicated to localhost:50187
[dc3_node1] W-quorum achieved (2 writes), returning to client
[dc3_node1] Background replication continues for remaining nodes
[dc3_node1] Successful writes: 2/3
[dc3_node1] W-quorum achieved (2 writes), returning to client
[dc3_node1] Background replication continues for remaining nodes
[dc3_node1] Successful writes: 2/3
[dc3_node1] Replicated to localhost:50093
[dc3_node1] Replicated to localhost:50076
[dc3_node1] Client PUT: key='item:0316', value='value_316_client5_op375'
[dc3_node1] Preference list for 'item:0316': ['localhost:50116', 'localhost:50137', 'localhost:50195']
[dc3_node1] Coordinator NOT in preference list, forwarding only
[dc3_node1] Replicated to localhost:50195
[dc3_node1] Replicated to localhost:50137
[dc3_node1] Replicated to localhost:50116
[dc3_node1] W-quorum achieved (2 writes), returning to client
[dc3_node1] Background replication continues for remaining nodes
[dc3_node1] Successful writes: 3/3
[dc3_node1] Client PUT: key='item:1530', value='value_1530_update_client31_op375'
[dc3_node1] Preference list for 'item:1530': ['localhost:50201', 'localhost:50144', 'localhost:50169']
[dc3_node1] Coordinator NOT in preference list, forwarding only
[dc3_node1] Replicated to localhost:50201
[dc3_node1] Replicated to localhost:50144
[dc3_node1] Replicated to localhost:50169
[dc3_node1] W-quorum achieved (2 writes), returning to client
[dc3_node1] Background replication continues for remaining nodes
[dc3_node1] Successful writes: 3/3
[dc3_node1] Client PUT: key='item:0273', value='value_273_client15_op388'
[dc3_node1] Preference list for 'item:0273': ['localhost:50090', 'localhost:50211', 'localhost:50123']
[dc3_node1] Coordinator NOT in preference list, forwarding only
[dc3_node1] Replicated to localhost:50123
[dc3_node1] Replicated to localhost:50090
[dc3_node1] Replicated to localhost:50211
[dc3_node1] W-quorum achieved (2 writes), returning to client
[dc3_node1] Background replication continues for remaining nodes
[dc3_node1] Successful writes: 3/3
[dc3_node1] Internal PUT (replication): key='item:1822'
[dc3_node1] CONFLICT detected for key='item:1822', siblings=4
[dc3_node1] Saved 94 keys to disk
[dc3_node1] Internal PUT (replication): key='item:4586'
[dc3_node1] CONFLICT detected for key='item:4586', siblings=7
[dc3_node1] Saved 94 keys to disk
[dc3_node1] Internal PUT (replication): key='item:1883'
[dc3_node1] CONFLICT detected for key='item:1883', siblings=4
[dc3_node1] Saved 94 keys to disk
[dc3_node1] Client PUT: key='item:1878', value='value_1878_client5_op381'
[dc3_node1] Preference list for 'item:1878': ['localhost:50161', 'localhost:50060', 'localhost:50225']
[dc3_node1] Coordinator NOT in preference list, forwarding only
[dc3_node1] Replicated to localhost:50225
[dc3_node1] Replicated to localhost:50161
[dc3_node1] W-quorum achieved (2 writes), returning to client
[dc3_node1] Background replication continues for remaining nodes
[dc3_node1] Successful writes: 2/3
[dc3_node1] Internal PUT (replication): key='item:1749'
[dc3_node1] CONFLICT detected for key='item:1749', siblings=6
[dc3_node1] Replicated to localhost:50060
[dc3_node1] Saved 94 keys to disk
[dc3_node1] Internal PUT (replication): key='item:2196'
[dc3_node1] CONFLICT detected for key='item:2196', siblings=7
[dc3_node1] Saved 94 keys to disk
[dc3_node1] Retrieved key='item:4335', versions=4
[dc3_node1] Internal PUT (replication): key='item:1706'
[dc3_node1] CONFLICT detected for key='item:1706', siblings=4
[dc3_node1] Saved 94 keys to disk
[dc3_node1] Retrieved key='item:3527', versions=8
[dc3_node1] Client PUT: key='item:1501', value='value_1501_client17_op386'
[dc3_node1] Preference list for 'item:1501': ['localhost:50094', 'localhost:50162', 'localhost:50115']
[dc3_node1] Coordinator NOT in preference list, forwarding only
[dc3_node1] Replicated to localhost:50115
[dc3_node1] Replicated to localhost:50094
[dc3_node1] W-quorum achieved (2 writes), returning to client
[dc3_node1] Background replication continues for remaining nodes
[dc3_node1] Successful writes: 2/3
[dc3_node1] Replicated to localhost:50162
[dc3_node1] Retrieved key='item:3796', versions=3
[dc3_node1] Retrieved key='item:2840', versions=3
[dc3_node1] Retrieved key='item:0651', versions=4
[dc3_node1] Internal PUT (replication): key='item:1369'
[dc3_node1] CONFLICT detected for key='item:1369', siblings=3
[dc3_node1] Saved 94 keys to disk
[dc3_node1] Internal PUT (replication): key='item:0651'
[dc3_node1] CONFLICT detected for key='item:0651', siblings=5
[dc3_node1] Saved 94 keys to disk
[dc3_node1] Retrieved key='item:1069', versions=4
[dc3_node1] Client GET: key='item:2671'
[dc3_node1] Reading from preference list: ['localhost:50176', 'localhost:50117']
[dc3_node1] Key='item:2671' not found
[dc3_node1] CONFLICT: 8 sibling versions for 'item:2671'
[dc3_node1] Internal PUT (replication): key='item:3246'
[dc3_node1] CONFLICT detected for key='item:3246', siblings=5
[dc3_node1] Client GET: key='item:2371'
[dc3_node1] Reading from preference list: ['localhost:50072', 'localhost:50060']
[dc3_node1] Saved 94 keys to disk
[dc3_node1] Key='item:2371' not found
[dc3_node1] CONFLICT: 4 sibling versions for 'item:2371'
[dc3_node1] Merged versions for key='item:0836', result=1 versions
[dc3_node1] Saved 94 keys to disk
[dc3_node1] Client PUT: key='item:3123', value='value_3123_client37_op403'
[dc3_node1] Preference list for 'item:3123': ['localhost:50153', 'localhost:50181', 'localhost:50063']
[dc3_node1] Coordinator NOT in preference list, forwarding only
[dc3_node1] Replicated to localhost:50181
[dc3_node1] Replicated to localhost:50063
[dc3_node1] Replicated to localhost:50153
[dc3_node1] W-quorum achieved (2 writes), returning to client
[dc3_node1] Background replication continues for remaining nodes
[dc3_node1] Successful writes: 3/3
[dc3_node1] Internal PUT (replication): key='item:4467'
[dc3_node1] CONFLICT detected for key='item:4467', siblings=7
[dc3_node1] Saved 94 keys to disk
[dc3_node1] Client PUT: key='item:4979', value='value_4979_update_client38_op391'
[dc3_node1] Preference list for 'item:4979': ['localhost:50131', 'localhost:50226', 'localhost:50176']
[dc3_node1] Coordinator NOT in preference list, forwarding only
[dc3_node1] Replicated to localhost:50226
[dc3_node1] Replicated to localhost:50131
[dc3_node1] W-quorum achieved (2 writes), returning to client
[dc3_node1] Background replication continues for remaining nodes
[dc3_node1] Successful writes: 2/3
[dc3_node1] Replicated to localhost:50176
[dc3_node1] Retrieved key='item:0063', versions=11
[dc3_node1] Internal PUT (replication): key='item:2418'
[dc3_node1] CONFLICT detected for key='item:2418', siblings=3
[dc3_node1] Saved 94 keys to disk
[dc3_node1] Merged versions for key='item:0915', result=1 versions
[dc3_node1] Saved 94 keys to disk
[dc3_node1] Internal PUT (replication): key='item:0106'
[dc3_node1] CONFLICT detected for key='item:0106', siblings=4
[dc3_node1] Saved 94 keys to disk
[dc3_node1] Retrieved key='item:4467', versions=7
[dc3_node1] Internal PUT (replication): key='item:1084'
[dc3_node1] CONFLICT detected for key='item:1084', siblings=7
[dc3_node1] Saved 94 keys to disk
[dc3_node1] Merged versions for key='item:0836', result=1 versions
[dc3_node1] Internal PUT (replication): key='item:0970'
[dc3_node1] Saved 94 keys to disk
[dc3_node1] CONFLICT detected for key='item:0970', siblings=6
[dc3_node1] Saved 94 keys to disk
[dc3_node1] Internal PUT (replication): key='item:1365'
[dc3_node1] CONFLICT detected for key='item:1365', siblings=5
[dc3_node1] Saved 94 keys to disk
[dc3_node1] Client GET: key='item:1380'
[dc3_node1] Reading from preference list: ['localhost:50117', 'localhost:50076']
[dc3_node1] Key='item:1380' not found
[dc3_node1] CONFLICT: 4 sibling versions for 'item:1380'
[dc3_node1] Retrieved key='item:1561', versions=2
[dc3_node1] Internal PUT (replication): key='item:4335'
[dc3_node1] CONFLICT detected for key='item:4335', siblings=5
[dc3_node1] Internal PUT (replication): key='item:4467'
[dc3_node1] Saved 94 keys to disk
[dc3_node1] CONFLICT detected for key='item:4467', siblings=8
[dc3_node1] Saved 94 keys to disk
[dc3_node1] Internal PUT (replication): key='item:0893'
[dc3_node1] CONFLICT detected for key='item:0893', siblings=5
[dc3_node1] Saved 94 keys to disk
[dc3_node1] Internal PUT (replication): key='item:3969'
[dc3_node1] CONFLICT detected for key='item:3969', siblings=4
[dc3_node1] Saved 94 keys to disk
[dc3_node1] Internal PUT (replication): key='item:2871'
[dc3_node1] CONFLICT detected for key='item:2871', siblings=4
[dc3_node1] Saved 94 keys to disk
[dc3_node1] Client PUT: key='item:0935', value='value_935_update_client7_op431'
[dc3_node1] Preference list for 'item:0935': ['localhost:50079', 'localhost:50134', 'localhost:50094']
[dc3_node1] Coordinator NOT in preference list, forwarding only
[dc3_node1] Retrieved key='item:3246', versions=5
[dc3_node1] Replicated to localhost:50079
[dc3_node1] Replicated to localhost:50134
[dc3_node1] W-quorum achieved (2 writes), returning to client
[dc3_node1] Background replication continues for remaining nodes
[dc3_node1] Successful writes: 2/3
[dc3_node1] Replicated to localhost:50094
[dc3_node1] Internal PUT (replication): key='item:1088'
[dc3_node1] CONFLICT detected for key='item:1088', siblings=4
[dc3_node1] Saved 94 keys to disk
[dc3_node1] Retrieved key='item:4732', versions=4
[dc3_node1] Internal PUT (replication): key='item:2619'
[dc3_node1] CONFLICT detected for key='item:2619', siblings=4
[dc3_node1] Saved 94 keys to disk
[dc3_node1] Internal PUT (replication): key='item:0330'
[dc3_node1] CONFLICT detected for key='item:0330', siblings=5
[dc3_node1] Saved 94 keys to disk
[dc3_node1] Retrieved key='item:3796', versions=3
[dc3_node1] Retrieved key='item:0893', versions=5
[dc3_node1] Client PUT: key='item:4069', value='value_4069_client24_op445'
[dc3_node1] Preference list for 'item:4069': ['localhost:50067', 'localhost:50178', 'localhost:50230']
[dc3_node1] Coordinator NOT in preference list, forwarding only
[dc3_node1] Replicated to localhost:50178
[dc3_node1] Retrieved key='item:2529', versions=3
[dc3_node1] Replicated to localhost:50067
[dc3_node1] Replicated to localhost:50230
[dc3_node1] W-quorum achieved (2 writes), returning to client
[dc3_node1] Background replication continues for remaining nodes
[dc3_node1] Successful writes: 3/3
[dc3_node1] Client PUT: key='item:1035', value='value_1035_update_client14_op423'
[dc3_node1] Preference list for 'item:1035': ['localhost:50081', 'localhost:50097', 'localhost:50140']
[dc3_node1] Coordinator NOT in preference list, forwarding only
[dc3_node1] Replicated to localhost:50081
[dc3_node1] Replicated to localhost:50140
[dc3_node1] Internal PUT (replication): key='item:2418'
[dc3_node1] CONFLICT detected for key='item:2418', siblings=4
[dc3_node1] W-quorum achieved (2 writes), returning to client
[dc3_node1] Background replication continues for remaining nodes
[dc3_node1] Successful writes: 2/3
[dc3_node1] Saved 94 keys to disk
[dc3_node1] Replicated to localhost:50097
[dc3_node1] Internal PUT (replication): key='item:3726'
[dc3_node1] CONFLICT detected for key='item:3726', siblings=6
[dc3_node1] Client PUT: key='item:0819', value='value_819_update_client49_op423'
[dc3_node1] Preference list for 'item:0819': ['localhost:50244', 'localhost:50162', 'localhost:50088']
[dc3_node1] Coordinator NOT in preference list, forwarding only
[dc3_node1] Saved 94 keys to disk
[dc3_node1] Replicated to localhost:50244
[dc3_node1] Replicated to localhost:50088
[dc3_node1] Replicated to localhost:50162
[dc3_node1] W-quorum achieved (2 writes), returning to client
[dc3_node1] Background replication continues for remaining nodes
[dc3_node1] Successful writes: 3/3
[dc3_node1] Retrieved key='item:0044', versions=1
[dc3_node1] Client GET: key='item:2893'
[dc3_node1] Reading from preference list: ['localhost:50055', 'localhost:50089']
[dc3_node1] Key='item:2893' not found
[dc3_node1] Merged versions for key='item:0044', result=1 versions
[dc3_node1] CONFLICT: 6 sibling versions for 'item:2893'
[dc3_node1] Saved 94 keys to disk
[dc3_node1] Internal PUT (replication): key='item:1513'
[dc3_node1] CONFLICT detected for key='item:1513', siblings=4
[dc3_node1] Saved 94 keys to disk
[dc3_node1] Internal PUT (replication): key='item:3975'
[dc3_node1] CONFLICT detected for key='item:3975', siblings=3
[dc3_node1] Saved 94 keys to disk
[dc3_node1] Internal PUT (replication): key='item:2345'
[dc3_node1] CONFLICT detected for key='item:2345', siblings=5
[dc3_node1] Internal PUT (replication): key='item:3689'
[dc3_node1] Internal PUT (replication): key='item:0651'
[dc3_node1] Saved 94 keys to disk
[dc3_node1] Retrieved key='item:4490', versions=2
[dc3_node1] CONFLICT detected for key='item:3689', siblings=6
[dc3_node1] Internal PUT (replication): key='item:1763'
[dc3_node1] Saved 94 keys to disk
[dc3_node1] CONFLICT detected for key='item:0651', siblings=6
[dc3_node1] Saved 94 keys to disk
[dc3_node1] CONFLICT detected for key='item:1763', siblings=5
[dc3_node1] Internal PUT (replication): key='item:2423'
[dc3_node1] Saved 94 keys to disk
[dc3_node1] CONFLICT detected for key='item:2423', siblings=6
[dc3_node1] Saved 94 keys to disk
[dc3_node1] Internal PUT (replication): key='item:1365'
[dc3_node1] CONFLICT detected for key='item:1365', siblings=6
[dc3_node1] Saved 94 keys to disk
[dc3_node1] Internal PUT (replication): key='item:1663'
[dc3_node1] CONFLICT detected for key='item:1663', siblings=5
[dc3_node1] Saved 94 keys to disk
[dc3_node1] Internal PUT (replication): key='item:3246'
[dc3_node1] CONFLICT detected for key='item:3246', siblings=6
[dc3_node1] Saved 94 keys to disk
[dc3_node1] Client GET: key='item:1105'
[dc3_node1] Reading from preference list: ['localhost:50122', 'localhost:50223']
[dc3_node1] Key='item:1105' not found
[dc3_node1] Client PUT: key='item:3504', value='value_3504_update_client10_op444'
[dc3_node1] Preference list for 'item:3504': ['localhost:50186', 'localhost:50053', 'localhost:50236']
[dc3_node1] Coordinator NOT in preference list, forwarding only
[dc3_node1] Performing read repair for key='item:1105'
[dc3_node1] Replicated to localhost:50186
[dc3_node1] Replicated to localhost:50053
[dc3_node1] Replicated to localhost:50236
[dc3_node1] Read repair to localhost:50122 succeeded
[dc3_node1] W-quorum achieved (2 writes), returning to client
[dc3_node1] Background replication continues for remaining nodes
[dc3_node1] Successful writes: 3/3
[dc3_node1] Read repair to localhost:50223 succeeded
[dc3_node1] Read repair to localhost:50189 succeeded
[dc3_node1] Retrieved key='item:4490', versions=2
[dc3_node1] Internal PUT (replication): key='item:2840'
[dc3_node1] CONFLICT detected for key='item:2840', siblings=4
[dc3_node1] Saved 94 keys to disk
[dc3_node1] Internal PUT (replication): key='item:0148'
[dc3_node1] CONFLICT detected for key='item:0148', siblings=3
[dc3_node1] Internal PUT (replication): key='item:1763'
[dc3_node1] Saved 94 keys to disk
[dc3_node1] CONFLICT detected for key='item:1763', siblings=6
[dc3_node1] Client PUT: key='item:3249', value='value_3249_client36_op447'
[dc3_node1] Preference list for 'item:3249': ['localhost:50211', 'localhost:50151', 'localhost:50137']
[dc3_node1] Coordinator NOT in preference list, forwarding only
[dc3_node1] Saved 94 keys to disk
[dc3_node1] Replicated to localhost:50151
[dc3_node1] Replicated to localhost:50137
[dc3_node1] W-quorum achieved (2 writes), returning to client
[dc3_node1] Background replication continues for remaining nodes
[dc3_node1] Successful writes: 2/3
[dc3_node1] Replicated to localhost:50211
[dc3_node1] Client PUT: key='item:2371', value='value_2371_update_client15_op460'
[dc3_node1] Preference list for 'item:2371': ['localhost:50072', 'localhost:50060', 'localhost:50165']
[dc3_node1] Coordinator NOT in preference list, forwarding only
[dc3_node1] Replicated to localhost:50072
[dc3_node1] Replicated to localhost:50165
[dc3_node1] Replicated to localhost:50060
[dc3_node1] W-quorum achieved (2 writes), returning to client
[dc3_node1] Background replication continues for remaining nodes
[dc3_node1] Successful writes: 3/3
[dc3_node1] Internal PUT (replication): key='item:4620'
[dc3_node1] CONFLICT detected for key='item:4620', siblings=6
[dc3_node1] Saved 94 keys to disk
[dc3_node1] Internal PUT (replication): key='item:2619'
[dc3_node1] CONFLICT detected for key='item:2619', siblings=5
[dc3_node1] Saved 94 keys to disk
[dc3_node1] Internal PUT (replication): key='item:0148'
[dc3_node1] CONFLICT detected for key='item:0148', siblings=4
[dc3_node1] Saved 94 keys to disk
[dc3_node1] Internal PUT (replication): key='item:1561'
[dc3_node1] CONFLICT detected for key='item:1561', siblings=3
[dc3_node1] Internal PUT (replication): key='item:1369'
[dc3_node1] Saved 94 keys to disk
[dc3_node1] CONFLICT detected for key='item:1369', siblings=4
[dc3_node1] Saved 94 keys to disk
[dc3_node1] Client PUT: key='item:0549', value='value_549_update_client40_op448'
[dc3_node1] Preference list for 'item:0549': ['localhost:50080', 'localhost:50110', 'localhost:50242']
[dc3_node1] Coordinator NOT in preference list, forwarding only
[dc3_node1] Replicated to localhost:50110
[dc3_node1] Replicated to localhost:50080
[dc3_node1] Replicated to localhost:50242
[dc3_node1] W-quorum achieved (2 writes), returning to client
[dc3_node1] Background replication continues for remaining nodes
[dc3_node1] Successful writes: 3/3
[dc3_node1] Retrieved key='item:1822', versions=4
[dc3_node1] Client PUT: key='item:3351', value='value_3351_update_client26_op467'
[dc3_node1] Preference list for 'item:3351': ['localhost:50247', 'localhost:50190', 'localhost:50052']
[dc3_node1] Coordinator NOT in preference list, forwarding only
[dc3_node1] Replicated to localhost:50052
[dc3_node1] Replicated to localhost:50247
[dc3_node1] Replicated to localhost:50190
[dc3_node1] W-quorum achieved (2 writes), returning to client
[dc3_node1] Background replication continues for remaining nodes
[dc3_node1] Successful writes: 3/3
[dc3_node1] Client GET: key='item:1866'
[dc3_node1] Reading from preference list: ['localhost:50188', 'localhost:50093']
[dc3_node1] Key='item:1866' not found
[dc3_node1] Internal PUT (replication): key='item:4732'
[dc3_node1] CONFLICT detected for key='item:4732', siblings=5
[dc3_node1] Saved 94 keys to disk
[dc3_node1] CONFLICT: 10 sibling versions for 'item:1866'
[dc3_node1] Client GET: key='item:4225'
[dc3_node1] Reading from preference list: ['localhost:50065', 'localhost:50137']
[dc3_node1] Key='item:4225' not found
[dc3_node1] CONFLICT: 12 sibling versions for 'item:4225'
[dc3_node1] Client PUT: key='item:2108', value='value_2108_client46_op444'
[dc3_node1] Preference list for 'item:2108': ['localhost:50061', 'localhost:50100', 'localhost:50179']
[dc3_node1] Coordinator NOT in preference list, forwarding only
[dc3_node1] Replicated to localhost:50100
[dc3_node1] Replicated to localhost:50061
[dc3_node1] W-quorum achieved (2 writes), returning to client
[dc3_node1] Background replication continues for remaining nodes
[dc3_node1] Successful writes: 2/3
[dc3_node1] Replicated to localhost:50179
[dc3_node1] Internal PUT (replication): key='item:3689'
[dc3_node1] CONFLICT detected for key='item:3689', siblings=7
[dc3_node1] Saved 94 keys to disk
[dc3_node1] Retrieved key='item:1513', versions=4
[dc3_node1] Internal PUT (replication): key='item:4720'
[dc3_node1] CONFLICT detected for key='item:4720', siblings=3
[dc3_node1] Saved 94 keys to disk
[dc3_node1] Internal PUT (replication): key='item:1624'
[dc3_node1] CONFLICT detected for key='item:1624', siblings=5
[dc3_node1] Saved 94 keys to disk
[dc3_node1] Retrieved key='item:4490', versions=2
[dc3_node1] Client PUT: key='item:4786', value='value_4786_update_client10_op471'
[dc3_node1] Preference list for 'item:4786': ['localhost:50146', 'localhost:50193', 'localhost:50101']
[dc3_node1] Coordinator NOT in preference list, forwarding only
[dc3_node1] Replicated to localhost:50146
[dc3_node1] Client GET: key='item:4559'
[dc3_node1] Reading from preference list: ['localhost:50123', 'localhost:50085']
[dc3_node1] Key='item:4559' not found
[dc3_node1] Replicated to localhost:50193
[dc3_node1] Replicated to localhost:50101
[dc3_node1] Performing read repair for key='item:4559'
[dc3_node1] W-quorum achieved (2 writes), returning to client
[dc3_node1] Background replication continues for remaining nodes
[dc3_node1] Successful writes: 3/3
[dc3_node1] Read repair to localhost:50123 succeeded
[dc3_node1] Client PUT: key='item:3787', value='value_3787_update_client24_op481'
[dc3_node1] Preference list for 'item:3787': ['localhost:50174', 'localhost:50159', 'localhost:50234']
[dc3_node1] Coordinator NOT in preference list, forwarding only
[dc3_node1] Read repair to localhost:50085 succeeded
[dc3_node1] Replicated to localhost:50174
[dc3_node1] Replicated to localhost:50159
[dc3_node1] W-quorum achieved (2 writes), returning to client
[dc3_node1] Background replication continues for remaining nodes
[dc3_node1] Successful writes: 2/3
[dc3_node1] Read repair to localhost:50192 succeeded
[dc3_node1] Replicated to localhost:50234
[dc3_node1] Client PUT: key='item:4796', value='value_4796_client11_op459'
[dc3_node1] Preference list for 'item:4796': ['localhost:50146', 'localhost:50111', 'localhost:50090']
[dc3_node1] Coordinator NOT in preference list, forwarding only
[dc3_node1] Replicated to localhost:50090
[dc3_node1] Replicated to localhost:50111
[dc3_node1] Replicated to localhost:50146
[dc3_node1] W-quorum achieved (2 writes), returning to client
[dc3_node1] Background replication continues for remaining nodes
[dc3_node1] Successful writes: 3/3
[dc3_node1] Internal PUT (replication): key='item:0148'
[dc3_node1] CONFLICT detected for key='item:0148', siblings=5
[dc3_node1] Saved 94 keys to disk
[dc3_node1] Retrieved key='item:0063', versions=11
[dc3_node1] Client PUT: key='item:0233', value='value_233_update_client21_op477'
[dc3_node1] Preference list for 'item:0233': ['localhost:50108', 'localhost:50194', 'localhost:50115']
[dc3_node1] Coordinator NOT in preference list, forwarding only
[dc3_node1] Replicated to localhost:50115
[dc3_node1] Replicated to localhost:50108
[dc3_node1] W-quorum achieved (2 writes), returning to client
[dc3_node1] Background replication continues for remaining nodes
[dc3_node1] Successful writes: 2/3
[dc3_node1] Replicated to localhost:50194
[dc3_node1] Retrieved key='item:0148', versions=5
[dc3_node1] Retrieved key='item:2006', versions=3
[dc3_node1] Retrieved key='item:4490', versions=2
[dc3_node1] Client GET: key='item:1180'
[dc3_node1] Reading from preference list: ['localhost:50056', 'localhost:50118']
[dc3_node1] Key='item:1180' not found
[dc3_node1] CONFLICT: 14 sibling versions for 'item:1180'
[dc3_node1] Internal PUT (replication): key='item:2345'
[dc3_node1] CONFLICT detected for key='item:2345', siblings=6
[dc3_node1] Saved 94 keys to disk
[dc3_node1] Client PUT: key='item:1535', value='value_1535_client14_op468'
[dc3_node1] Preference list for 'item:1535': ['localhost:50203', 'localhost:50108', 'localhost:50124']
[dc3_node1] Coordinator NOT in preference list, forwarding only
[dc3_node1] Replicated to localhost:50203
[dc3_node1] Replicated to localhost:50108
[dc3_node1] Replicated to localhost:50124
[dc3_node1] W-quorum achieved (2 writes), returning to client
[dc3_node1] Background replication continues for remaining nodes
[dc3_node1] Successful writes: 3/3
[dc3_node1] Internal PUT (replication): key='item:4335'
[dc3_node1] CONFLICT detected for key='item:4335', siblings=6
[dc3_node1] Saved 94 keys to disk
[dc3_node1] Client GET: key='item:4020'
[dc3_node1] Reading from preference list: ['localhost:50151', 'localhost:50199']
[dc3_node1] Key='item:4020' not found
[dc3_node1] Client GET: key='item:0680'
[dc3_node1] Reading from preference list: ['localhost:50223', 'localhost:50107']
[dc3_node1] Key='item:0680' not found
[dc3_node1] CONFLICT: 10 sibling versions for 'item:4020'
[dc3_node1] CONFLICT: 6 sibling versions for 'item:0680'
[dc3_node1] Internal PUT (replication): key='item:4301'
[dc3_node1] CONFLICT detected for key='item:4301', siblings=5
[dc3_node1] Saved 94 keys to disk
[dc3_node1] Retrieved key='item:3527', versions=8
[dc3_node1] Internal PUT (replication): key='item:0106'
[dc3_node1] CONFLICT detected for key='item:0106', siblings=5
[dc3_node1] Saved 94 keys to disk
[dc3_node1] Internal PUT (replication): key='item:1763'
[dc3_node1] CONFLICT detected for key='item:1763', siblings=7
[dc3_node1] Saved 94 keys to disk
[dc3_node1] Internal PUT (replication): key='item:1832'
[dc3_node1] CONFLICT detected for key='item:1832', siblings=4
[dc3_node1] Saved 94 keys to disk
[dc3_node1] Retrieved key='item:3527', versions=8
[dc3_node1] Internal PUT (replication): key='item:1317'
[dc3_node1] CONFLICT detected for key='item:1317', siblings=4
[dc3_node1] Saved 94 keys to disk
[dc3_node1] Retrieved key='item:1883', versions=4
[dc3_node1] Internal PUT (replication): key='item:4949'
[dc3_node1] CONFLICT detected for key='item:4949', siblings=5
[dc3_node1] Saved 94 keys to disk
[dc3_node1] Internal PUT (replication): key='item:1820'
[dc3_node1] CONFLICT detected for key='item:1820', siblings=4
[dc3_node1] Saved 94 keys to disk
[dc3_node1] Retrieved key='item:2345', versions=6
[dc3_node1] Internal PUT (replication): key='item:2083'
[dc3_node1] CONFLICT detected for key='item:2083', siblings=5
[dc3_node1] Saved 94 keys to disk
[dc3_node1] Client PUT: key='item:4108', value='value_4108_update_client32_op502'
[dc3_node1] Preference list for 'item:4108': ['localhost:50142', 'localhost:50229', 'localhost:50062']
[dc3_node1] Coordinator NOT in preference list, forwarding only
[dc3_node1] Replicated to localhost:50142
[dc3_node1] Replicated to localhost:50062
[dc3_node1] Replicated to localhost:50229
[dc3_node1] W-quorum achieved (2 writes), returning to client
[dc3_node1] Background replication continues for remaining nodes
[dc3_node1] Successful writes: 3/3
[dc3_node1] Client PUT: key='item:3705', value='value_3705_client19_op511'
[dc3_node1] Preference list for 'item:3705': ['localhost:50177', 'localhost:50133', 'localhost:50093']
[dc3_node1] Coordinator NOT in preference list, forwarding only
[dc3_node1] Internal PUT (replication): key='item:1663'
[dc3_node1] CONFLICT detected for key='item:1663', siblings=6
[dc3_node1] Replicated to localhost:50177
[dc3_node1] Saved 94 keys to disk
[dc3_node1] Replicated to localhost:50093
[dc3_node1] W-quorum achieved (2 writes), returning to client
[dc3_node1] Background replication continues for remaining nodes
[dc3_node1] Successful writes: 2/3
[dc3_node1] Replicated to localhost:50133
[dc3_node1] Client PUT: key='item:3997', value='value_3997_update_client0_op498'
[dc3_node1] Preference list for 'item:3997': ['localhost:50225', 'localhost:50058', 'localhost:50116']
[dc3_node1] Coordinator NOT in preference list, forwarding only
[dc3_node1] Replicated to localhost:50116
[dc3_node1] Replicated to localhost:50225
[dc3_node1] Replicated to localhost:50058
[dc3_node1] W-quorum achieved (2 writes), returning to client
[dc3_node1] Background replication continues for remaining nodes
[dc3_node1] Successful writes: 3/3
[dc3_node1] Internal PUT (replication): key='item:1982'
[dc3_node1] CONFLICT detected for key='item:1982', siblings=7
[dc3_node1] Client PUT: key='item:3842', value='value_3842_update_client26_op510'
[dc3_node1] Preference list for 'item:3842': ['localhost:50193', 'localhost:50249', 'localhost:50096']
[dc3_node1] Coordinator NOT in preference list, forwarding only
[dc3_node1] Replicated to localhost:50193
[dc3_node1] Saved 94 keys to disk
[dc3_node1] Replicated to localhost:50249
[dc3_node1] Replicated to localhost:50096
[dc3_node1] W-quorum achieved (2 writes), returning to client
[dc3_node1] Background replication continues for remaining nodes
[dc3_node1] Successful writes: 3/3
[dc3_node1] Client PUT: key='item:0991', value='value_991_update_client46_op483'
[dc3_node1] Preference list for 'item:0991': ['localhost:50190', 'localhost:50065', 'localhost:50168']
[dc3_node1] Coordinator NOT in preference list, forwarding only
[dc3_node1] Replicated to localhost:50190
[dc3_node1] Replicated to localhost:50168
[dc3_node1] Replicated to localhost:50065
[dc3_node1] W-quorum achieved (2 writes), returning to client
[dc3_node1] Background replication continues for remaining nodes
[dc3_node1] Successful writes: 3/3
[dc3_node1] Retrieved key='item:4403', versions=4
[dc3_node1] Internal PUT (replication): key='item:0150'
[dc3_node1] CONFLICT detected for key='item:0150', siblings=6
[dc3_node1] Saved 94 keys to disk
[dc3_node1] Internal PUT (replication): key='item:1749'
[dc3_node1] CONFLICT detected for key='item:1749', siblings=7
[dc3_node1] Saved 94 keys to disk
[dc3_node1] Internal PUT (replication): key='item:2779'
[dc3_node1] CONFLICT detected for key='item:2779', siblings=6
[dc3_node1] Saved 94 keys to disk
[dc3_node1] Client PUT: key='item:4594', value='value_4594_client2_op502'
[dc3_node1] Preference list for 'item:4594': ['localhost:50203', 'localhost:50170', 'localhost:50087']
[dc3_node1] Coordinator NOT in preference list, forwarding only
[dc3_node1] Client PUT: key='item:2430', value='value_2430_client14_op495'
[dc3_node1] Preference list for 'item:2430': ['localhost:50154', 'localhost:50150', 'localhost:50119']
[dc3_node1] Coordinator NOT in preference list, forwarding only
[dc3_node1] Replicated to localhost:50203
[dc3_node1] Replicated to localhost:50170
[dc3_node1] Replicated to localhost:50087
[dc3_node1] W-quorum achieved (2 writes), returning to client
[dc3_node1] Background replication continues for remaining nodes
[dc3_node1] Successful writes: 3/3
[dc3_node1] Replicated to localhost:50154
[dc3_node1] Replicated to localhost:50150
[dc3_node1] Replicated to localhost:50119
[dc3_node1] W-quorum achieved (2 writes), returning to client
[dc3_node1] Background replication continues for remaining nodes
[dc3_node1] Successful writes: 3/3
[dc3_node1] Internal PUT (replication): key='item:3019'
[dc3_node1] CONFLICT detected for key='item:3019', siblings=3
[dc3_node1] Saved 94 keys to disk
[dc3_node1] Retrieved key='item:1683', versions=5
[dc3_node1] Internal PUT (replication): key='item:4738'
[dc3_node1] CONFLICT detected for key='item:4738', siblings=6
[dc3_node1] Saved 94 keys to disk
[dc3_node1] Client PUT: key='item:4791', value='value_4791_update_client47_op510'
[dc3_node1] Preference list for 'item:4791': ['localhost:50186', 'localhost:50069', 'localhost:50127']
[dc3_node1] Coordinator NOT in preference list, forwarding only
[dc3_node1] Replicated to localhost:50127
[dc3_node1] Replicated to localhost:50069
[dc3_node1] Replicated to localhost:50186
[dc3_node1] W-quorum achieved (2 writes), returning to client
[dc3_node1] Background replication continues for remaining nodes
[dc3_node1] Successful writes: 3/3
[dc3_node1] Retrieved key='item:3413', versions=3
[dc3_node1] Internal PUT (replication): key='item:2619'
[dc3_node1] CONFLICT detected for key='item:2619', siblings=6
[dc3_node1] Saved 94 keys to disk
[dc3_node1] Internal PUT (replication): key='item:2529'
[dc3_node1] CONFLICT detected for key='item:2529', siblings=4
[dc3_node1] Saved 94 keys to disk
[dc3_node1] Internal PUT (replication): key='item:3796'
[dc3_node1] CONFLICT detected for key='item:3796', siblings=4
[dc3_node1] Saved 94 keys to disk
[dc3_node1] Internal PUT (replication): key='item:0330'
[dc3_node1] CONFLICT detected for key='item:0330', siblings=6
[dc3_node1] Saved 94 keys to disk
[dc3_node1] Retrieved key='item:1832', versions=4
[dc3_node1] Internal PUT (replication): key='item:1820'
[dc3_node1] CONFLICT detected for key='item:1820', siblings=5
[dc3_node1] Saved 94 keys to disk
[dc3_node1] Internal PUT (replication): key='item:2871'
[dc3_node1] CONFLICT detected for key='item:2871', siblings=5
[dc3_node1] Client PUT: key='item:4669', value='value_4669_client26_op530'
[dc3_node1] Preference list for 'item:4669': ['localhost:50130', 'localhost:50137', 'localhost:50169']
[dc3_node1] Coordinator NOT in preference list, forwarding only
[dc3_node1] Client GET: key='item:4711'
[dc3_node1] Reading from preference list: ['localhost:50173', 'localhost:50227']
[dc3_node1] Internal PUT (replication): key='item:3726'
[dc3_node1] Replicated to localhost:50169
[dc3_node1] Replicated to localhost:50137
[dc3_node1] W-quorum achieved (2 writes), returning to client
[dc3_node1] Background replication continues for remaining nodes
[dc3_node1] Successful writes: 2/3
[dc3_node1] Replicated to localhost:50130
[dc3_node1] Saved 94 keys to disk
[dc3_node1] Key='item:4711' not found
[dc3_node1] CONFLICT detected for key='item:3726', siblings=7
[dc3_node1] CONFLICT: 10 sibling versions for 'item:4711'
[dc3_node1] Saved 94 keys to disk
[dc3_node1] Internal PUT (replication): key='item:0674'
[dc3_node1] CONFLICT detected for key='item:0674', siblings=2
[dc3_node1] Saved 94 keys to disk
[dc3_node1] Retrieved key='item:1365', versions=6
[dc3_node1] Internal PUT (replication): key='item:1683'
[dc3_node1] CONFLICT detected for key='item:1683', siblings=6
[dc3_node1] Saved 94 keys to disk
[dc3_node1] Client PUT: key='item:2399', value='value_2399_update_client43_op536'
[dc3_node1] Preference list for 'item:2399': ['localhost:50159', 'localhost:50076', 'localhost:50176']
[dc3_node1] Coordinator NOT in preference list, forwarding only
[dc3_node1] Replicated to localhost:50076
[dc3_node1] Replicated to localhost:50176
[dc3_node1] Retrieved key='item:1706', versions=4
[dc3_node1] W-quorum achieved (2 writes), returning to client
[dc3_node1] Background replication continues for remaining nodes
[dc3_node1] Successful writes: 2/3
[dc3_node1] Replicated to localhost:50159
[dc3_node1] Internal PUT (replication): key='item:0893'
[dc3_node1] CONFLICT detected for key='item:0893', siblings=6
[dc3_node1] Saved 94 keys to disk
[dc3_node1] Internal PUT (replication): key='item:4879'
[dc3_node1] CONFLICT detected for key='item:4879', siblings=5
[dc3_node1] Saved 94 keys to disk
[dc3_node1] Client PUT: key='item:0026', value='value_26_client29_op557'
[dc3_node1] Preference list for 'item:0026': ['localhost:50203', 'localhost:50095', 'localhost:50164']
[dc3_node1] Coordinator NOT in preference list, forwarding only
[dc3_node1] Replicated to localhost:50164
[dc3_node1] Replicated to localhost:50203
[dc3_node1] Replicated to localhost:50095
[dc3_node1] W-quorum achieved (2 writes), returning to client
[dc3_node1] Background replication continues for remaining nodes
[dc3_node1] Successful writes: 3/3
[dc3_node1] Internal PUT (replication): key='item:3527'
[dc3_node1] CONFLICT detected for key='item:3527', siblings=9
[dc3_node1] Saved 94 keys to disk
[dc3_node1] Internal PUT (replication): key='item:3726'
[dc3_node1] CONFLICT detected for key='item:3726', siblings=8
[dc3_node1] Saved 94 keys to disk
[dc3_node1] Internal PUT (replication): key='item:1088'
[dc3_node1] CONFLICT detected for key='item:1088', siblings=5
[dc3_node1] Saved 94 keys to disk
[dc3_node1] Internal PUT (replication): key='item:2049'
[dc3_node1] CONFLICT detected for key='item:2049', siblings=6
[dc3_node1] Saved 94 keys to disk
[dc3_node1] Internal PUT (replication): key='item:3969'
[dc3_node1] CONFLICT detected for key='item:3969', siblings=5
[dc3_node1] Saved 94 keys to disk
[dc3_node1] Internal PUT (replication): key='item:2779'
[dc3_node1] CONFLICT detected for key='item:2779', siblings=7
[dc3_node1] Saved 94 keys to disk
[dc3_node1] Internal PUT (replication): key='item:1352'
[dc3_node1] CONFLICT detected for key='item:1352', siblings=5
[dc3_node1] Saved 94 keys to disk
[dc3_node1] Retrieved key='item:3413', versions=3
[dc3_node1] Client PUT: key='item:1181', value='value_1181_client16_op562'
[dc3_node1] Preference list for 'item:1181': ['localhost:50075', 'localhost:50245', 'localhost:50207']
[dc3_node1] Coordinator NOT in preference list, forwarding only
[dc3_node1] Client GET: key='item:1035'
[dc3_node1] Reading from preference list: ['localhost:50081', 'localhost:50097']
[dc3_node1] Key='item:1035' not found
[dc3_node1] CONFLICT: 16 sibling versions for 'item:1035'
[dc3_node1] Replicated to localhost:50245
[dc3_node1] Replicated to localhost:50207
[dc3_node1] Replicated to localhost:50075
[dc3_node1] W-quorum achieved (2 writes), returning to client
[dc3_node1] Background replication continues for remaining nodes
[dc3_node1] Successful writes: 3/3
[dc3_node1] Retrieved key='item:0392', versions=7
[dc3_node1] Client GET: key='item:0575'
[dc3_node1] Reading from preference list: ['localhost:50213', 'localhost:50112']
[dc3_node1] Key='item:0575' not found
[dc3_node1] CONFLICT: 4 sibling versions for 'item:0575'
[dc3_node1] Client GET: key='item:0569'
[dc3_node1] Reading from preference list: ['localhost:50165', 'localhost:50142']
[dc3_node1] Key='item:0569' not found
[dc3_node1] CONFLICT: 12 sibling versions for 'item:0569'
[dc3_node1] Internal PUT (replication): key='item:1749'
[dc3_node1] CONFLICT detected for key='item:1749', siblings=8
[dc3_node1] Internal PUT (replication): key='item:2423'
[dc3_node1] Saved 94 keys to disk
[dc3_node1] CONFLICT detected for key='item:2423', siblings=7
[dc3_node1] Saved 94 keys to disk
[dc3_node1] Internal PUT (replication): key='item:0330'
[dc3_node1] CONFLICT detected for key='item:0330', siblings=7
[dc3_node1] Saved 94 keys to disk
[dc3_node1] Client GET: key='item:2151'
[dc3_node1] Reading from preference list: ['localhost:50176', 'localhost:50131']
[dc3_node1] Key='item:2151' not found
[dc3_node1] CONFLICT: 10 sibling versions for 'item:2151'
[dc3_node1] Internal PUT (replication): key='item:3230'
[dc3_node1] CONFLICT detected for key='item:3230', siblings=2
[dc3_node1] Saved 94 keys to disk
[dc3_node1] Retrieved key='item:1513', versions=4
[dc3_node1] Internal PUT (replication): key='item:2345'
[dc3_node1] CONFLICT detected for key='item:2345', siblings=7
[dc3_node1] Saved 94 keys to disk
[dc3_node1] Internal PUT (replication): key='item:1663'
[dc3_node1] CONFLICT detected for key='item:1663', siblings=7
[dc3_node1] Internal PUT (replication): key='item:2049'
[dc3_node1] Internal PUT (replication): key='item:2619'
[dc3_node1] Saved 94 keys to disk
[dc3_node1] CONFLICT detected for key='item:2049', siblings=6
[dc3_node1] Saved 94 keys to disk
[dc3_node1] CONFLICT detected for key='item:2619', siblings=7
[dc3_node1] Saved 94 keys to disk
[dc3_node1] Retrieved key='item:4732', versions=5
[dc3_node1] Internal PUT (replication): key='item:0869'
[dc3_node1] CONFLICT detected for key='item:0869', siblings=3
[dc3_node1] Saved 94 keys to disk
[dc3_node1] Internal PUT (replication): key='item:4879'
[dc3_node1] CONFLICT detected for key='item:4879', siblings=6
[dc3_node1] Saved 94 keys to disk
[dc3_node1] Internal PUT (replication): key='item:1130'
[dc3_node1] CONFLICT detected for key='item:1130', siblings=5
[dc3_node1] Saved 94 keys to disk
[dc3_node1] Internal PUT (replication): key='item:4335'
[dc3_node1] CONFLICT detected for key='item:4335', siblings=7
[dc3_node1] Saved 94 keys to disk
[dc3_node1] Client GET: key='item:0997'
[dc3_node1] Reading from preference list: ['localhost:50103', 'localhost:50247']
[dc3_node1] Key='item:0997' not found
[dc3_node1] CONFLICT: 10 sibling versions for 'item:0997'
[dc3_node1] Client PUT: key='item:4710', value='value_4710_client3_op584'
[dc3_node1] Preference list for 'item:4710': ['localhost:50209', 'localhost:50165', 'localhost:50091']
[dc3_node1] CONFLICT detected for key='item:4710', siblings=5
[dc3_node1] Saved 94 keys to disk
[dc3_node1] Coordinator IS in preference list, stored locally
[dc3_node1] Replicated to localhost:50209
[dc3_node1] Replicated to localhost:50165
[dc3_node1] W-quorum achieved (2 writes), returning to client
[dc3_node1] Background replication continues for remaining nodes
[dc3_node1] Successful writes: 3/3
[dc3_node1] Internal PUT (replication): key='item:1130'
[dc3_node1] CONFLICT detected for key='item:1130', siblings=6
[dc3_node1] Saved 94 keys to disk
[dc3_node1] Retrieved key='item:4720', versions=3
[dc3_node1] Client PUT: key='item:2702', value='value_2702_update_client45_op557'
[dc3_node1] Preference list for 'item:2702': ['localhost:50137', 'localhost:50068', 'localhost:50182']
[dc3_node1] Coordinator NOT in preference list, forwarding only
[dc3_node1] Client PUT: key='item:1138', value='value_1138_client7_op570'
[dc3_node1] Preference list for 'item:1138': ['localhost:50182', 'localhost:50167', 'localhost:50236']
[dc3_node1] Coordinator NOT in preference list, forwarding only
[dc3_node1] Replicated to localhost:50068
[dc3_node1] Replicated to localhost:50137
[dc3_node1] Replicated to localhost:50182
[dc3_node1] Replicated to localhost:50167
[dc3_node1] W-quorum achieved (2 writes), returning to client
[dc3_node1] Background replication continues for remaining nodes
[dc3_node1] Successful writes: 2/3
[dc3_node1] Replicated to localhost:50236
[dc3_node1] Replicated to localhost:50182
[dc3_node1] Client PUT: key='item:0942', value='value_942_client40_op565'
[dc3_node1] Preference list for 'item:0942': ['localhost:50054', 'localhost:50171', 'localhost:50248']
[dc3_node1] Coordinator NOT in preference list, forwarding only
[dc3_node1] W-quorum achieved (2 writes), returning to client
[dc3_node1] Background replication continues for remaining nodes
[dc3_node1] Successful writes: 3/3
[dc3_node1] Internal PUT (replication): key='item:3823'
[dc3_node1] CONFLICT detected for key='item:3823', siblings=5
[dc3_node1] Replicated to localhost:50171
[dc3_node1] Saved 94 keys to disk
[dc3_node1] Replicated to localhost:50248
[dc3_node1] Replicated to localhost:50054
[dc3_node1] W-quorum achieved (2 writes), returning to client
[dc3_node1] Background replication continues for remaining nodes
[dc3_node1] Successful writes: 3/3
[dc3_node1] Internal PUT (replication): key='item:0131'
[dc3_node1] CONFLICT detected for key='item:0131', siblings=2
[dc3_node1] Saved 94 keys to disk
[dc3_node1] Client GET: key='item:4753'
[dc3_node1] Reading from preference list: ['localhost:50109', 'localhost:50131']
[dc3_node1] Key='item:4753' not found
[dc3_node1] CONFLICT: 6 sibling versions for 'item:4753'
[dc3_node1] Internal PUT (replication): key='item:3823'
[dc3_node1] CONFLICT detected for key='item:3823', siblings=6
[dc3_node1] Client PUT: key='item:1671', value='value_1671_client8_op560'
[dc3_node1] Preference list for 'item:1671': ['localhost:50188', 'localhost:50087', 'localhost:50207']
[dc3_node1] Coordinator NOT in preference list, forwarding only
[dc3_node1] Saved 94 keys to disk
[dc3_node1] Replicated to localhost:50207
[dc3_node1] Replicated to localhost:50087
[dc3_node1] Replicated to localhost:50188
[dc3_node1] W-quorum achieved (2 writes), returning to client
[dc3_node1] Background replication continues for remaining nodes
[dc3_node1] Successful writes: 3/3
[dc3_node1] Client PUT: key='item:2926', value='value_2926_client15_op570'
[dc3_node1] Preference list for 'item:2926': ['localhost:50055', 'localhost:50126', 'localhost:50163']
[dc3_node1] Coordinator NOT in preference list, forwarding only
[dc3_node1] Replicated to localhost:50163
[dc3_node1] Replicated to localhost:50126
[dc3_node1] Replicated to localhost:50055
[dc3_node1] W-quorum achieved (2 writes), returning to client
[dc3_node1] Background replication continues for remaining nodes
[dc3_node1] Successful writes: 3/3
[dc3_node1] Internal PUT (replication): key='item:2006'
[dc3_node1] CONFLICT detected for key='item:2006', siblings=4
[dc3_node1] Saved 94 keys to disk
[dc3_node1] Internal PUT (replication): key='item:0893'
[dc3_node1] CONFLICT detected for key='item:0893', siblings=7
[dc3_node1] Saved 94 keys to disk
[dc3_node1] Internal PUT (replication): key='item:2871'
[dc3_node1] CONFLICT detected for key='item:2871', siblings=6
[dc3_node1] Saved 94 keys to disk
[dc3_node1] Internal PUT (replication): key='item:3246'
[dc3_node1] CONFLICT detected for key='item:3246', siblings=7
[dc3_node1] Internal PUT (replication): key='item:2897'
[dc3_node1] Saved 94 keys to disk
[dc3_node1] CONFLICT detected for key='item:2897', siblings=6
[dc3_node1] Saved 94 keys to disk
[dc3_node1] Retrieved key='item:2006', versions=4
[dc3_node1] Internal PUT (replication): key='item:2897'
[dc3_node1] CONFLICT detected for key='item:2897', siblings=7
[dc3_node1] Saved 94 keys to disk
[dc3_node1] Client PUT: key='item:3165', value='value_3165_client2_op575'
[dc3_node1] Preference list for 'item:3165': ['localhost:50176', 'localhost:50100', 'localhost:50241']
[dc3_node1] Coordinator NOT in preference list, forwarding only
[dc3_node1] Replicated to localhost:50241
[dc3_node1] Replicated to localhost:50100
[dc3_node1] Replicated to localhost:50176
[dc3_node1] W-quorum achieved (2 writes), returning to client
[dc3_node1] Background replication continues for remaining nodes
[dc3_node1] Successful writes: 3/3
[dc3_node1] Client PUT: key='item:2689', value='value_2689_update_client6_op586'
[dc3_node1] Preference list for 'item:2689': ['localhost:50069', 'localhost:50157', 'localhost:50109']
[dc3_node1] Coordinator NOT in preference list, forwarding only
[dc3_node1] Replicated to localhost:50157
[dc3_node1] Replicated to localhost:50069
[dc3_node1] W-quorum achieved (2 writes), returning to client
[dc3_node1] Background replication continues for remaining nodes
[dc3_node1] Successful writes: 2/3
[dc3_node1] Replicated to localhost:50109
[dc3_node1] Internal PUT (replication): key='item:1820'
[dc3_node1] CONFLICT detected for key='item:1820', siblings=6
[dc3_node1] Saved 94 keys to disk
[dc3_node1] Client PUT: key='item:1193', value='value_1193_client12_op599'
[dc3_node1] Preference list for 'item:1193': ['localhost:50136', 'localhost:50117', 'localhost:50072']
[dc3_node1] Coordinator NOT in preference list, forwarding only
[dc3_node1] Replicated to localhost:50117
[dc3_node1] Replicated to localhost:50072
[dc3_node1] Replicated to localhost:50136
[dc3_node1] W-quorum achieved (2 writes), returning to client
[dc3_node1] Background replication continues for remaining nodes
[dc3_node1] Successful writes: 3/3
[dc3_node1] Internal PUT (replication): key='item:0869'
[dc3_node1] CONFLICT detected for key='item:0869', siblings=4
[dc3_node1] Saved 94 keys to disk
[dc3_node1] Client PUT: key='item:1359', value='value_1359_update_client8_op574'
[dc3_node1] Preference list for 'item:1359': ['localhost:50109', 'localhost:50066', 'localhost:50237']
[dc3_node1] Coordinator NOT in preference list, forwarding only
[dc3_node1] Replicated to localhost:50066
[dc3_node1] Replicated to localhost:50237
[dc3_node1] W-quorum achieved (2 writes), returning to client
[dc3_node1] Background replication continues for remaining nodes
[dc3_node1] Successful writes: 2/3
[dc3_node1] Replicated to localhost:50109
[dc3_node1] Client PUT: key='item:4726', value='value_4726_update_client33_op581'
[dc3_node1] Preference list for 'item:4726': ['localhost:50237', 'localhost:50194', 'localhost:50089']
[dc3_node1] Coordinator NOT in preference list, forwarding only
[dc3_node1] Replicated to localhost:50089
[dc3_node1] Replicated to localhost:50194
[dc3_node1] W-quorum achieved (2 writes), returning to client
[dc3_node1] Background replication continues for remaining nodes
[dc3_node1] Successful writes: 2/3
[dc3_node1] Replicated to localhost:50237
[dc3_node1] Retrieved key='item:2619', versions=7
[dc3_node1] Retrieved key='item:0387', versions=5
[dc3_node1] Client GET: key='item:4103'
[dc3_node1] Reading from preference list: ['localhost:50127', 'localhost:50064']
[dc3_node1] Key='item:4103' not found
[dc3_node1] Internal PUT (replication): key='item:3527'
[dc3_node1] CONFLICT detected for key='item:3527', siblings=10
[dc3_node1] CONFLICT: 8 sibling versions for 'item:4103'
[dc3_node1] Saved 94 keys to disk
[dc3_node1] Internal PUT (replication): key='item:4490'
[dc3_node1] CONFLICT detected for key='item:4490', siblings=3
[dc3_node1] Saved 94 keys to disk
[dc3_node1] Internal PUT (replication): key='item:0131'
[dc3_node1] CONFLICT detected for key='item:0131', siblings=3
[dc3_node1] Saved 94 keys to disk
[dc3_node1] Internal PUT (replication): key='item:0150'
[dc3_node1] CONFLICT detected for key='item:0150', siblings=7
[dc3_node1] Saved 94 keys to disk
[dc3_node1] Internal PUT (replication): key='item:3413'
[dc3_node1] CONFLICT detected for key='item:3413', siblings=4
[dc3_node1] Saved 94 keys to disk
[dc3_node1] Retrieved key='item:1683', versions=6
[dc3_node1] Internal PUT (replication): key='item:0150'
[dc3_node1] CONFLICT detected for key='item:0150', siblings=8
[dc3_node1] Saved 94 keys to disk
[dc3_node1] Internal PUT (replication): key='item:0674'
[dc3_node1] CONFLICT detected for key='item:0674', siblings=3
[dc3_node1] Saved 94 keys to disk
[dc3_node1] Internal PUT (replication): key='item:1365'
[dc3_node1] CONFLICT detected for key='item:1365', siblings=7
[dc3_node1] Saved 94 keys to disk
[dc3_node1] Internal PUT (replication): key='item:2083'
[dc3_node1] CONFLICT detected for key='item:2083', siblings=6
[dc3_node1] Saved 94 keys to disk
[dc3_node1] Client GET: key='item:2768'
[dc3_node1] Reading from preference list: ['localhost:50126', 'localhost:50073']
[dc3_node1] Key='item:2768' not found
[dc3_node1] CONFLICT: 14 sibling versions for 'item:2768'
[dc3_node1] Client PUT: key='item:0624', value='value_624_update_client37_op607'
[dc3_node1] Preference list for 'item:0624': ['localhost:50150', 'localhost:50170', 'localhost:50216']
[dc3_node1] Coordinator NOT in preference list, forwarding only
[dc3_node1] Replicated to localhost:50216
[dc3_node1] Replicated to localhost:50170
[dc3_node1] Replicated to localhost:50150
[dc3_node1] W-quorum achieved (2 writes), returning to client
[dc3_node1] Background replication continues for remaining nodes
[dc3_node1] Successful writes: 3/3
[dc3_node1] Internal PUT (replication): key='item:0674'
[dc3_node1] CONFLICT detected for key='item:0674', siblings=4
[dc3_node1] Saved 94 keys to disk
[dc3_node1] Retrieved key='item:2529', versions=4
[dc3_node1] Client GET: key='item:0898'
[dc3_node1] Reading from preference list: ['localhost:50142', 'localhost:50074']
[dc3_node1] Key='item:0898' not found
[dc3_node1] CONFLICT: 12 sibling versions for 'item:0898'
[dc3_node1] Client PUT: key='item:4264', value='value_4264_client37_op612'
[dc3_node1] Preference list for 'item:4264': ['localhost:50248', 'localhost:50215', 'localhost:50201']
[dc3_node1] Coordinator NOT in preference list, forwarding only
[dc3_node1] Internal PUT (replication): key='item:0274'
[dc3_node1] CONFLICT detected for key='item:0274', siblings=7
[dc3_node1] Replicated to localhost:50201
[dc3_node1] Replicated to localhost:50248
[dc3_node1] Saved 94 keys to disk
[dc3_node1] Retrieved key='item:1822', versions=4
[dc3_node1] Retrieved key='item:4720', versions=3
[dc3_node1] W-quorum achieved (2 writes), returning to client
[dc3_node1] Background replication continues for remaining nodes
[dc3_node1] Successful writes: 2/3
[dc3_node1] Replicated to localhost:50215
[dc3_node1] Client PUT: key='item:3866', value='value_3866_client26_op606'
[dc3_node1] Preference list for 'item:3866': ['localhost:50208', 'localhost:50052', 'localhost:50149']
[dc3_node1] Coordinator NOT in preference list, forwarding only
[dc3_node1] Replicated to localhost:50149
[dc3_node1] Replicated to localhost:50052
[dc3_node1] W-quorum achieved (2 writes), returning to client
[dc3_node1] Background replication continues for remaining nodes
[dc3_node1] Successful writes: 2/3
[dc3_node1] Internal PUT (replication): key='item:4467'
[dc3_node1] CONFLICT detected for key='item:4467', siblings=9
[dc3_node1] Replicated to localhost:50208
[dc3_node1] Saved 94 keys to disk
[dc3_node1] Internal PUT (replication): key='item:1706'
[dc3_node1] CONFLICT detected for key='item:1706', siblings=5
[dc3_node1] Saved 94 keys to disk
[dc3_node1] Internal PUT (replication): key='item:1822'
[dc3_node1] CONFLICT detected for key='item:1822', siblings=5
[dc3_node1] Saved 94 keys to disk
[dc3_node1] Internal PUT (replication): key='item:2049'
[dc3_node1] CONFLICT detected for key='item:2049', siblings=7
[dc3_node1] Saved 94 keys to disk
[dc3_node1] Client PUT: key='item:3588', value='value_3588_update_client22_op619'
[dc3_node1] Preference list for 'item:3588': ['localhost:50110', 'localhost:50164', 'localhost:50188']
[dc3_node1] Coordinator NOT in preference list, forwarding only
[dc3_node1] Replicated to localhost:50164
[dc3_node1] Replicated to localhost:50188
[dc3_node1] Replicated to localhost:50110
[dc3_node1] W-quorum achieved (2 writes), returning to client
[dc3_node1] Background replication continues for remaining nodes
[dc3_node1] Successful writes: 3/3
[dc3_node1] Client PUT: key='item:3787', value='value_3787_client17_op612'
[dc3_node1] Preference list for 'item:3787': ['localhost:50174', 'localhost:50159', 'localhost:50234']
[dc3_node1] Coordinator NOT in preference list, forwarding only
[dc3_node1] Replicated to localhost:50174
[dc3_node1] Replicated to localhost:50159
[dc3_node1] Replicated to localhost:50234
[dc3_node1] W-quorum achieved (2 writes), returning to client
[dc3_node1] Background replication continues for remaining nodes
[dc3_node1] Successful writes: 3/3
[dc3_node1] Internal PUT (replication): key='item:1706'
[dc3_node1] CONFLICT detected for key='item:1706', siblings=6
[dc3_node1] Saved 94 keys to disk
[dc3_node1] Client PUT: key='item:0779', value='value_779_client6_op617'
[dc3_node1] Preference list for 'item:0779': ['localhost:50087', 'localhost:50140', 'localhost:50182']
[dc3_node1] Coordinator NOT in preference list, forwarding only
[dc3_node1] Client PUT: key='item:4141', value='value_4141_client19_op636'
[dc3_node1] Preference list for 'item:4141': ['localhost:50128', 'localhost:50248', 'localhost:50194']
[dc3_node1] Coordinator NOT in preference list, forwarding only
[dc3_node1] Replicated to localhost:50182
[dc3_node1] Replicated to localhost:50140
[dc3_node1] Replicated to localhost:50248
[dc3_node1] Replicated to localhost:50087
[dc3_node1] Replicated to localhost:50128
[dc3_node1] W-quorum achieved (2 writes), returning to client
[dc3_node1] Background replication continues for remaining nodes
[dc3_node1] Successful writes: 3/3
[dc3_node1] Replicated to localhost:50194
[dc3_node1] W-quorum achieved (2 writes), returning to client
[dc3_node1] Background replication continues for remaining nodes
[dc3_node1] Successful writes: 3/3
[dc3_node1] Retrieved key='item:2529', versions=4
[dc3_node1] Retrieved key='item:1325', versions=2
[dc3_node1] Internal PUT (replication): key='item:3969'
[dc3_node1] CONFLICT detected for key='item:3969', siblings=5
[dc3_node1] Saved 94 keys to disk
[dc3_node1] Client PUT: key='item:3403', value='value_3403_update_client8_op613'
[dc3_node1] Preference list for 'item:3403': ['localhost:50114', 'localhost:50237', 'localhost:50183']
[dc3_node1] Coordinator NOT in preference list, forwarding only
[dc3_node1] Replicated to localhost:50237
[dc3_node1] Replicated to localhost:50114
[dc3_node1] Replicated to localhost:50183
[dc3_node1] W-quorum achieved (2 writes), returning to client
[dc3_node1] Background replication continues for remaining nodes
[dc3_node1] Successful writes: 3/3
[dc3_node1] Internal PUT (replication): key='item:0392'
[dc3_node1] CONFLICT detected for key='item:0392', siblings=8
[dc3_node1] Saved 94 keys to disk
[dc3_node1] Retrieved key='item:3413', versions=4
[dc3_node1] Retrieved key='item:4301', versions=5
[dc3_node1] Internal PUT (replication): key='item:1561'
[dc3_node1] CONFLICT detected for key='item:1561', siblings=4
[dc3_node1] Client GET: key='item:3278'
[dc3_node1] Reading from preference list: ['localhost:50155', 'localhost:50216']
[dc3_node1] Saved 94 keys to disk
[dc3_node1] Key='item:3278' not found
[dc3_node1] CONFLICT: 6 sibling versions for 'item:3278'
[dc3_node1] Client PUT: key='item:3613', value='value_3613_update_client4_op621'
[dc3_node1] Preference list for 'item:3613': ['localhost:50164', 'localhost:50186', 'localhost:50241']
[dc3_node1] Coordinator NOT in preference list, forwarding only
[dc3_node1] Replicated to localhost:50241
[dc3_node1] Replicated to localhost:50186
[dc3_node1] W-quorum achieved (2 writes), returning to client
[dc3_node1] Background replication continues for remaining nodes
[dc3_node1] Successful writes: 2/3
[dc3_node1] Replicated to localhost:50164
[dc3_node1] Internal PUT (replication): key='item:3969'
[dc3_node1] CONFLICT detected for key='item:3969', siblings=6
[dc3_node1] Saved 94 keys to disk
[dc3_node1] Internal PUT (replication): key='item:0150'
[dc3_node1] CONFLICT detected for key='item:0150', siblings=9
[dc3_node1] Saved 94 keys to disk
[dc3_node1] Client PUT: key='item:3795', value='value_3795_update_client14_op630'
[dc3_node1] Preference list for 'item:3795': ['localhost:50186', 'localhost:50154', 'localhost:50120']
[dc3_node1] Coordinator NOT in preference list, forwarding only
[dc3_node1] Replicated to localhost:50120
[dc3_node1] Replicated to localhost:50186
[dc3_node1] W-quorum achieved (2 writes), returning to client
[dc3_node1] Background replication continues for remaining nodes
[dc3_node1] Successful writes: 2/3
[dc3_node1] Replicated to localhost:50154
[dc3_node1] Client PUT: key='item:1179', value='value_1179_update_client26_op632'
[dc3_node1] Preference list for 'item:1179': ['localhost:50109', 'localhost:50051', 'localhost:50186']
[dc3_node1] Coordinator NOT in preference list, forwarding only
[dc3_node1] Replicated to localhost:50051
[dc3_node1] Replicated to localhost:50109
[dc3_node1] W-quorum achieved (2 writes), returning to client
[dc3_node1] Background replication continues for remaining nodes
[dc3_node1] Successful writes: 2/3
[dc3_node1] Replicated to localhost:50186
[dc3_node1] Internal PUT (replication): key='item:2196'
[dc3_node1] CONFLICT detected for key='item:2196', siblings=8
[dc3_node1] Internal PUT (replication): key='item:1088'
[dc3_node1] Internal PUT (replication): key='item:4620'
[dc3_node1] Saved 94 keys to disk
[dc3_node1] CONFLICT detected for key='item:1088', siblings=6
[dc3_node1] Saved 94 keys to disk
[dc3_node1] CONFLICT detected for key='item:4620', siblings=7
[dc3_node1] Client PUT: key='item:2704', value='value_2704_update_client10_op642'
[dc3_node1] Preference list for 'item:2704': ['localhost:50137', 'localhost:50114', 'localhost:50104']
[dc3_node1] Coordinator NOT in preference list, forwarding only
[dc3_node1] Saved 94 keys to disk
[dc3_node1] Internal PUT (replication): key='item:3689'
[dc3_node1] CONFLICT detected for key='item:3689', siblings=8
[dc3_node1] Replicated to localhost:50137
[dc3_node1] Replicated to localhost:50104
[dc3_node1] Replicated to localhost:50114
[dc3_node1] Saved 94 keys to disk
[dc3_node1] W-quorum achieved (2 writes), returning to client
[dc3_node1] Background replication continues for remaining nodes
[dc3_node1] Successful writes: 3/3
[dc3_node1] Internal PUT (replication): key='item:1663'
[dc3_node1] CONFLICT detected for key='item:1663', siblings=8
[dc3_node1] Saved 94 keys to disk
[dc3_node1] Internal PUT (replication): key='item:1369'
[dc3_node1] CONFLICT detected for key='item:1369', siblings=5
[dc3_node1] Saved 94 keys to disk
[dc3_node1] Internal PUT (replication): key='item:0674'
[dc3_node1] CONFLICT detected for key='item:0674', siblings=5
[dc3_node1] Saved 94 keys to disk
[dc3_node1] Internal PUT (replication): key='item:4720'
[dc3_node1] CONFLICT detected for key='item:4720', siblings=4
[dc3_node1] Saved 94 keys to disk
[dc3_node1] Retrieved key='item:2418', versions=4
[dc3_node1] Client PUT: key='item:1321', value='value_1321_update_client31_op633'
[dc3_node1] Preference list for 'item:1321': ['localhost:50135', 'localhost:50157', 'localhost:50055']
[dc3_node1] Coordinator NOT in preference list, forwarding only
[dc3_node1] Replicated to localhost:50157
[dc3_node1] Replicated to localhost:50055
[dc3_node1] W-quorum achieved (2 writes), returning to client
[dc3_node1] Background replication continues for remaining nodes
[dc3_node1] Successful writes: 2/3
[dc3_node1] Replicated to localhost:50135
[dc3_node1] Retrieved key='item:4301', versions=5
[dc3_node1] Internal PUT (replication): key='item:0330'
[dc3_node1] CONFLICT detected for key='item:0330', siblings=8
[dc3_node1] Internal PUT (replication): key='item:2779'
[dc3_node1] Saved 94 keys to disk
[dc3_node1] CONFLICT detected for key='item:2779', siblings=8
[dc3_node1] Internal PUT (replication): key='item:1663'
[dc3_node1] Saved 94 keys to disk
[dc3_node1] CONFLICT detected for key='item:1663', siblings=8
[dc3_node1] Saved 94 keys to disk
[dc3_node1] Internal PUT (replication): key='item:2083'
[dc3_node1] CONFLICT detected for key='item:2083', siblings=7
[dc3_node1] Internal PUT (replication): key='item:0387'
[dc3_node1] Saved 94 keys to disk
[dc3_node1] CONFLICT detected for key='item:0387', siblings=6
[dc3_node1] Saved 94 keys to disk
[dc3_node1] Retrieved key='item:1325', versions=2
[dc3_node1] Internal PUT (replication): key='item:0836'
[dc3_node1] CONFLICT detected for key='item:0836', siblings=2
[dc3_node1] Saved 94 keys to disk
[dc3_node1] Internal PUT (replication): key='item:2006'
[dc3_node1] CONFLICT detected for key='item:2006', siblings=5
[dc3_node1] Saved 94 keys to disk
[dc3_node1] Retrieved key='item:1365', versions=7
[dc3_node1] Internal PUT (replication): key='item:0651'
[dc3_node1] CONFLICT detected for key='item:0651', siblings=7
[dc3_node1] Saved 94 keys to disk
[dc3_node1] Client PUT: key='item:1749', value='value_1749_update_client38_op646'
[dc3_node1] Preference list for 'item:1749': ['localhost:50229', 'localhost:50091', 'localhost:50076']
[dc3_node1] CONFLICT detected for key='item:1749', siblings=9
[dc3_node1] Internal PUT (replication): key='item:4720'
[dc3_node1] Saved 94 keys to disk
[dc3_node1] Coordinator IS in preference list, stored locally
[dc3_node1] CONFLICT detected for key='item:4720', siblings=4
[dc3_node1] Replicated to localhost:50076
[dc3_node1] W-quorum achieved (2 writes), returning to client
[dc3_node1] Background replication continues for remaining nodes
[dc3_node1] Successful writes: 2/3
[dc3_node1] Replicated to localhost:50229
[dc3_node1] Saved 94 keys to disk
[dc3_node1] Internal PUT (replication): key='item:0651'
[dc3_node1] CONFLICT detected for key='item:0651', siblings=8
[dc3_node1] Saved 94 keys to disk
[dc3_node1] Internal PUT (replication): key='item:0106'
[dc3_node1] CONFLICT detected for key='item:0106', siblings=6
[dc3_node1] Saved 94 keys to disk
[dc3_node1] Client PUT: key='item:2334', value='value_2334_client13_op690'
[dc3_node1] Preference list for 'item:2334': ['localhost:50136', 'localhost:50122', 'localhost:50165']
[dc3_node1] Coordinator NOT in preference list, forwarding only
[dc3_node1] Replicated to localhost:50165
[dc3_node1] Replicated to localhost:50136
[dc3_node1] Replicated to localhost:50122
[dc3_node1] W-quorum achieved (2 writes), returning to client
[dc3_node1] Background replication continues for remaining nodes
[dc3_node1] Successful writes: 3/3
[dc3_node1] Client GET: key='item:3003'
[dc3_node1] Reading from preference list: ['localhost:50173', 'localhost:50128']
[dc3_node1] Key='item:3003' not found
[dc3_node1] CONFLICT: 15 sibling versions for 'item:3003'
[dc3_node1] Retrieved key='item:0063', versions=11
[dc3_node1] Internal PUT (replication): key='item:3295'
[dc3_node1] CONFLICT detected for key='item:3295', siblings=3
[dc3_node1] Saved 94 keys to disk
[dc3_node1] Internal PUT (replication): key='item:0150'
[dc3_node1] CONFLICT detected for key='item:0150', siblings=10
[dc3_node1] Saved 94 keys to disk
[dc3_node1] Internal PUT (replication): key='item:2345'
[dc3_node1] CONFLICT detected for key='item:2345', siblings=8
[dc3_node1] Saved 94 keys to disk
[dc3_node1] Internal PUT (replication): key='item:3413'
[dc3_node1] CONFLICT detected for key='item:3413', siblings=5
[dc3_node1] Saved 94 keys to disk
[dc3_node1] Internal PUT (replication): key='item:2423'
[dc3_node1] CONFLICT detected for key='item:2423', siblings=8
[dc3_node1] Saved 94 keys to disk
[dc3_node1] Internal PUT (replication): key='item:2006'
[dc3_node1] CONFLICT detected for key='item:2006', siblings=6
[dc3_node1] Internal PUT (replication): key='item:3969'
[dc3_node1] Saved 94 keys to disk
[dc3_node1] CONFLICT detected for key='item:3969', siblings=7
[dc3_node1] Saved 94 keys to disk
[dc3_node1] Internal PUT (replication): key='item:2006'
[dc3_node1] CONFLICT detected for key='item:2006', siblings=7
[dc3_node1] Saved 94 keys to disk
[dc3_node1] Internal PUT (replication): key='item:3019'
[dc3_node1] CONFLICT detected for key='item:3019', siblings=4
[dc3_node1] Client PUT: key='item:1185', value='value_1185_client2_op669'
[dc3_node1] Preference list for 'item:1185': ['localhost:50075', 'localhost:50101', 'localhost:50193']
[dc3_node1] Coordinator NOT in preference list, forwarding only
[dc3_node1] Replicated to localhost:50193
[dc3_node1] Replicated to localhost:50101
[dc3_node1] Saved 94 keys to disk
[dc3_node1] W-quorum achieved (2 writes), returning to client
[dc3_node1] Background replication continues for remaining nodes
[dc3_node1] Successful writes: 2/3
[dc3_node1] Internal PUT (replication): key='item:2083'
[dc3_node1] CONFLICT detected for key='item:2083', siblings=8
[dc3_node1] Replicated to localhost:50075
[dc3_node1] Saved 94 keys to disk
[dc3_node1] Client GET: key='item:1472'
[dc3_node1] Reading from preference list: ['localhost:50172', 'localhost:50168']
[dc3_node1] Key='item:1472' not found
[dc3_node1] CONFLICT: 12 sibling versions for 'item:1472'
[dc3_node1] Retrieved key='item:3230', versions=2
[dc3_node1] Client GET: key='item:4751'
[dc3_node1] Reading from preference list: ['localhost:50218', 'localhost:50178']
[dc3_node1] Key='item:4751' not found
[dc3_node1] CONFLICT: 10 sibling versions for 'item:4751'
[dc3_node1] Internal PUT (replication): key='item:1352'
[dc3_node1] CONFLICT detected for key='item:1352', siblings=6
[dc3_node1] Saved 94 keys to disk
[dc3_node1] Client PUT: key='item:0766', value='value_766_update_client0_op679'
[dc3_node1] Preference list for 'item:0766': ['localhost:50224', 'localhost:50174', 'localhost:50057']
[dc3_node1] Coordinator NOT in preference list, forwarding only
[dc3_node1] Replicated to localhost:50224
[dc3_node1] Replicated to localhost:50174
[dc3_node1] Replicated to localhost:50057
[dc3_node1] W-quorum achieved (2 writes), returning to client
[dc3_node1] Background replication continues for remaining nodes
[dc3_node1] Successful writes: 3/3
[dc3_node1] Internal PUT (replication): key='item:4879'
[dc3_node1] CONFLICT detected for key='item:4879', siblings=7
[dc3_node1] Saved 94 keys to disk
[dc3_node1] Client PUT: key='item:1247', value='value_1247_update_client44_op692'
[dc3_node1] Preference list for 'item:1247': ['localhost:50131', 'localhost:50103', 'localhost:50068']
[dc3_node1] Coordinator NOT in preference list, forwarding only
[dc3_node1] Replicated to localhost:50103
[dc3_node1] Replicated to localhost:50131
[dc3_node1] Replicated to localhost:50068
[dc3_node1] W-quorum achieved (2 writes), returning to client
[dc3_node1] Background replication continues for remaining nodes
[dc3_node1] Successful writes: 3/3
[dc3_node1] Internal PUT (replication): key='item:2840'
[dc3_node1] CONFLICT detected for key='item:2840', siblings=5
[dc3_node1] Saved 94 keys to disk
[dc3_node1] Internal PUT (replication): key='item:2049'
[dc3_node1] CONFLICT detected for key='item:2049', siblings=8
[dc3_node1] Saved 94 keys to disk
[dc3_node1] Internal PUT (replication): key='item:4620'
[dc3_node1] CONFLICT detected for key='item:4620', siblings=8
[dc3_node1] Saved 94 keys to disk
[dc3_node1] Retrieved key='item:3246', versions=7
[dc3_node1] Internal PUT (replication): key='item:1369'
[dc3_node1] CONFLICT detected for key='item:1369', siblings=6
[dc3_node1] Internal PUT (replication): key='item:4403'
[dc3_node1] Saved 94 keys to disk
[dc3_node1] CONFLICT detected for key='item:4403', siblings=5
[dc3_node1] Saved 94 keys to disk
[dc3_node1] Retrieved key='item:3413', versions=5
[dc3_node1] Internal PUT (replication): key='item:2529'
[dc3_node1] CONFLICT detected for key='item:2529', siblings=5
[dc3_node1] Saved 94 keys to disk
[dc3_node1] Internal PUT (replication): key='item:0041'
[dc3_node1] Stored NEW key='item:0041', value='value_41_client44_op708', clock={dc1_node3:1}
[dc3_node1] Saved 95 keys to disk
[dc3_node1] Internal PUT (replication): key='item:2196'
[dc3_node1] CONFLICT detected for key='item:2196', siblings=9
[dc3_node1] Saved 95 keys to disk
[dc3_node1] Internal PUT (replication): key='item:1130'
[dc3_node1] CONFLICT detected for key='item:1130', siblings=7
[dc3_node1] Saved 95 keys to disk
[dc3_node1] Internal PUT (replication): key='item:4467'
[dc3_node1] CONFLICT detected for key='item:4467', siblings=10
[dc3_node1] Saved 95 keys to disk
[dc3_node1] Retrieved key='item:4403', versions=5
[dc3_node1] Internal PUT (replication): key='item:3295'
[dc3_node1] CONFLICT detected for key='item:3295', siblings=4
[dc3_node1] Client PUT: key='item:1084', value='value_1084_client2_op702'
[dc3_node1] Preference list for 'item:1084': ['localhost:50241', 'localhost:50091', 'localhost:50113']
[dc3_node1] Saved 95 keys to disk
[dc3_node1] CONFLICT detected for key='item:1084', siblings=8
[dc3_node1] Saved 95 keys to disk
[dc3_node1] Coordinator IS in preference list, stored locally
[dc3_node1] Internal PUT (replication): key='item:2418'
[dc3_node1] CONFLICT detected for key='item:2418', siblings=5
[dc3_node1] Replicated to localhost:50241
[dc3_node1] Saved 95 keys to disk
[dc3_node1] Replicated to localhost:50113
[dc3_node1] W-quorum achieved (2 writes), returning to client
[dc3_node1] Background replication continues for remaining nodes
[dc3_node1] Successful writes: 3/3
[dc3_node1] Internal PUT (replication): key='item:3230'
[dc3_node1] CONFLICT detected for key='item:3230', siblings=3
[dc3_node1] Saved 95 keys to disk
[dc3_node1] Client GET: key='item:1883'
[dc3_node1] Reading from preference list: ['localhost:50182', 'localhost:50091']
[dc3_node1] Retrieved key='item:1883', versions=4
[dc3_node1] CONFLICT: 8 sibling versions for 'item:1883'
[dc3_node1] Client GET: key='item:0983'
[dc3_node1] Reading from preference list: ['localhost:50203', 'localhost:50100']
[dc3_node1] Key='item:0983' not found
[dc3_node1] CONFLICT: 9 sibling versions for 'item:0983'
[dc3_node1] Retrieved key='item:1561', versions=4
[dc3_node1] Internal PUT (replication): key='item:2607'
[dc3_node1] CONFLICT detected for key='item:2607', siblings=5
[dc3_node1] Saved 95 keys to disk
[dc3_node1] Client GET: key='item:0810'
[dc3_node1] Reading from preference list: ['localhost:50186', 'localhost:50107']
[dc3_node1] Key='item:0810' not found
[dc3_node1] CONFLICT: 6 sibling versions for 'item:0810'
[dc3_node1] Internal PUT (replication): key='item:3362'
[dc3_node1] Stored NEW key='item:3362', value='value_3362_update_client37_op719', clock={dc1_node9:1}
[dc3_node1] Saved 96 keys to disk
[dc3_node1] Internal PUT (replication): key='item:0651'
[dc3_node1] CONFLICT detected for key='item:0651', siblings=9
[dc3_node1] Saved 96 keys to disk
[dc3_node1] Internal PUT (replication): key='item:1352'
[dc3_node1] CONFLICT detected for key='item:1352', siblings=7
[dc3_node1] Saved 96 keys to disk
[dc3_node1] Client GET: key='item:2879'
[dc3_node1] Reading from preference list: ['localhost:50148', 'localhost:50224']
[dc3_node1] Key='item:2879' not found
[dc3_node1] Client PUT: key='item:2451', value='value_2451_client34_op693'
[dc3_node1] Preference list for 'item:2451': ['localhost:50192', 'localhost:50097', 'localhost:50119']
[dc3_node1] Coordinator NOT in preference list, forwarding only
[dc3_node1] Replicated to localhost:50119
[dc3_node1] Replicated to localhost:50192
[dc3_node1] W-quorum achieved (2 writes), returning to client
[dc3_node1] Background replication continues for remaining nodes
[dc3_node1] Successful writes: 2/3
[dc3_node1] Client GET: key='item:2279'
[dc3_node1] Reading from preference list: ['localhost:50182', 'localhost:50097']
[dc3_node1] Key='item:2279' not found
[dc3_node1] CONFLICT: 8 sibling versions for 'item:2279'
[dc3_node1] Replicated to localhost:50097
[dc3_node1] CONFLICT: 9 sibling versions for 'item:2879'
[dc3_node1] Retrieved key='item:4403', versions=5
[dc3_node1] Internal PUT (replication): key='item:2529'
[dc3_node1] CONFLICT detected for key='item:2529', siblings=6
[dc3_node1] Saved 96 keys to disk
[dc3_node1] Internal PUT (replication): key='item:2529'
[dc3_node1] CONFLICT detected for key='item:2529', siblings=7
[dc3_node1] Saved 96 keys to disk
[dc3_node1] Client PUT: key='item:3595', value='value_3595_client24_op729'
[dc3_node1] Preference list for 'item:3595': ['localhost:50130', 'localhost:50216', 'localhost:50245']
[dc3_node1] Coordinator NOT in preference list, forwarding only
[dc3_node1] Replicated to localhost:50130
[dc3_node1] Retrieved key='item:3796', versions=4
[dc3_node1] Replicated to localhost:50245
[dc3_node1] Client GET: key='item:0626'
[dc3_node1] Reading from preference list: ['localhost:50109', 'localhost:50188']
[dc3_node1] Key='item:0626' not found
[dc3_node1] CONFLICT: 8 sibling versions for 'item:0626'
[dc3_node1] W-quorum achieved (2 writes), returning to client
[dc3_node1] Background replication continues for remaining nodes
[dc3_node1] Successful writes: 2/3
[dc3_node1] Replicated to localhost:50216
[dc3_node1] Retrieved key='item:0063', versions=11
[dc3_node1] Client PUT: key='item:0789', value='value_789_client7_op744'
[dc3_node1] Preference list for 'item:0789': ['localhost:50180', 'localhost:50105', 'localhost:50132']
[dc3_node1] Coordinator NOT in preference list, forwarding only
[dc3_node1] Replicated to localhost:50105
[dc3_node1] Replicated to localhost:50180
[dc3_node1] Replicated to localhost:50132
[dc3_node1] Internal PUT (replication): key='item:1352'
[dc3_node1] CONFLICT detected for key='item:1352', siblings=8
[dc3_node1] W-quorum achieved (2 writes), returning to client
[dc3_node1] Background replication continues for remaining nodes
[dc3_node1] Successful writes: 3/3
[dc3_node1] Saved 96 keys to disk
[dc3_node1] Internal PUT (replication): key='item:2083'
[dc3_node1] CONFLICT detected for key='item:2083', siblings=9
[dc3_node1] Saved 96 keys to disk
[dc3_node1] Client PUT: key='item:3450', value='value_3450_client5_op729'
[dc3_node1] Preference list for 'item:3450': ['localhost:50101', 'localhost:50126', 'localhost:50065']
[dc3_node1] Coordinator NOT in preference list, forwarding only
[dc3_node1] Replicated to localhost:50101
[dc3_node1] Replicated to localhost:50065
[dc3_node1] W-quorum achieved (2 writes), returning to client
[dc3_node1] Background replication continues for remaining nodes
[dc3_node1] Successful writes: 2/3
[dc3_node1] Replicated to localhost:50126
[dc3_node1] Client PUT: key='item:2396', value='value_2396_client5_op731'
[dc3_node1] Preference list for 'item:2396': ['localhost:50063', 'localhost:50193', 'localhost:50186']
[dc3_node1] Coordinator NOT in preference list, forwarding only
[dc3_node1] Replicated to localhost:50063
[dc3_node1] Replicated to localhost:50186
[dc3_node1] W-quorum achieved (2 writes), returning to client
[dc3_node1] Background replication continues for remaining nodes
[dc3_node1] Successful writes: 2/3
[dc3_node1] Internal PUT (replication): key='item:4490'
[dc3_node1] CONFLICT detected for key='item:4490', siblings=4
[dc3_node1] Replicated to localhost:50193
[dc3_node1] Saved 96 keys to disk
[dc3_node1] Client GET: key='item:3136'
[dc3_node1] Reading from preference list: ['localhost:50089', 'localhost:50096']
[dc3_node1] Key='item:3136' not found
[dc3_node1] CONFLICT: 12 sibling versions for 'item:3136'
[dc3_node1] Internal PUT (replication): key='item:1965'
[dc3_node1] CONFLICT detected for key='item:1965', siblings=5
[dc3_node1] Saved 96 keys to disk
[dc3_node1] Internal PUT (replication): key='item:3413'
[dc3_node1] CONFLICT detected for key='item:3413', siblings=6
[dc3_node1] Saved 96 keys to disk
[dc3_node1] Internal PUT (replication): key='item:2196'
[dc3_node1] CONFLICT detected for key='item:2196', siblings=10
[dc3_node1] Saved 96 keys to disk
[dc3_node1] Internal PUT (replication): key='item:0330'
[dc3_node1] CONFLICT detected for key='item:0330', siblings=9
[dc3_node1] Internal PUT (replication): key='item:3823'
[dc3_node1] Saved 96 keys to disk
[dc3_node1] CONFLICT detected for key='item:3823', siblings=7
[dc3_node1] Saved 96 keys to disk
[dc3_node1] Client GET: key='item:0357'
[dc3_node1] Reading from preference list: ['localhost:50224', 'localhost:50180']
[dc3_node1] Key='item:0357' not found
[dc3_node1] CONFLICT: 11 sibling versions for 'item:0357'
[dc3_node1] Retrieved key='item:4720', versions=4
[dc3_node1] Internal PUT (replication): key='item:1069'
[dc3_node1] CONFLICT detected for key='item:1069', siblings=5
[dc3_node1] Saved 96 keys to disk
[dc3_node1] Client GET: key='item:1451'
[dc3_node1] Reading from preference list: ['localhost:50055', 'localhost:50087']
[dc3_node1] Key='item:1451' not found
[dc3_node1] CONFLICT: 10 sibling versions for 'item:1451'
[dc3_node1] Internal PUT (replication): key='item:1317'
[dc3_node1] CONFLICT detected for key='item:1317', siblings=5
[dc3_node1] Internal PUT (replication): key='item:0150'
[dc3_node1] Saved 96 keys to disk
[dc3_node1] CONFLICT detected for key='item:0150', siblings=11
[dc3_node1] Client PUT: key='item:3431', value='value_3431_update_client20_op740'
[dc3_node1] Preference list for 'item:3431': ['localhost:50087', 'localhost:50100', 'localhost:50193']
[dc3_node1] Coordinator NOT in preference list, forwarding only
[dc3_node1] Saved 96 keys to disk
[dc3_node1] Replicated to localhost:50193
[dc3_node1] Replicated to localhost:50100
[dc3_node1] Replicated to localhost:50087
[dc3_node1] W-quorum achieved (2 writes), returning to client
[dc3_node1] Background replication continues for remaining nodes
[dc3_node1] Successful writes: 3/3
[dc3_node1] Client PUT: key='item:0660', value='value_660_client46_op709'
[dc3_node1] Preference list for 'item:0660': ['localhost:50065', 'localhost:50107', 'localhost:50118']
[dc3_node1] Coordinator NOT in preference list, forwarding only
[dc3_node1] Replicated to localhost:50107
[dc3_node1] Replicated to localhost:50065
[dc3_node1] Replicated to localhost:50118
[dc3_node1] W-quorum achieved (2 writes), returning to client
[dc3_node1] Background replication continues for remaining nodes
[dc3_node1] Successful writes: 3/3
[dc3_node1] Internal PUT (replication): key='item:1369'
[dc3_node1] CONFLICT detected for key='item:1369', siblings=7
[dc3_node1] Saved 96 keys to disk
[dc3_node1] Internal PUT (replication): key='item:1832'
[dc3_node1] CONFLICT detected for key='item:1832', siblings=5
[dc3_node1] Client PUT: key='item:3182', value='value_3182_client35_op734'
[dc3_node1] Preference list for 'item:3182': ['localhost:50188', 'localhost:50223', 'localhost:50115']
[dc3_node1] Coordinator NOT in preference list, forwarding only
[dc3_node1] Replicated to localhost:50115
[dc3_node1] Replicated to localhost:50223
[dc3_node1] W-quorum achieved (2 writes), returning to client
[dc3_node1] Background replication continues for remaining nodes
[dc3_node1] Successful writes: 2/3
[dc3_node1] Saved 96 keys to disk
[dc3_node1] Internal PUT (replication): key='item:4403'
[dc3_node1] CONFLICT detected for key='item:4403', siblings=6
[dc3_node1] Saved 96 keys to disk
[dc3_node1] Replicated to localhost:50188
[dc3_node1] Internal PUT (replication): key='item:0106'
[dc3_node1] CONFLICT detected for key='item:0106', siblings=6
[dc3_node1] Saved 96 keys to disk
[dc3_node1] Internal PUT (replication): key='item:0106'
[dc3_node1] CONFLICT detected for key='item:0106', siblings=7
[dc3_node1] Saved 96 keys to disk
[dc3_node1] Internal PUT (replication): key='item:1325'
[dc3_node1] CONFLICT detected for key='item:1325', siblings=3
[dc3_node1] Saved 96 keys to disk
[dc3_node1] Internal PUT (replication): key='item:0063'
[dc3_node1] CONFLICT detected for key='item:0063', siblings=12
[dc3_node1] Saved 96 keys to disk
[dc3_node1] Internal PUT (replication): key='item:3413'
[dc3_node1] CONFLICT detected for key='item:3413', siblings=7
[dc3_node1] Saved 96 keys to disk
[dc3_node1] Internal PUT (replication): key='item:2196'
[dc3_node1] CONFLICT detected for key='item:2196', siblings=10
[dc3_node1] Saved 96 keys to disk
[dc3_node1] Internal PUT (replication): key='item:1088'
[dc3_node1] CONFLICT detected for key='item:1088', siblings=7
[dc3_node1] Saved 96 keys to disk
[dc3_node1] Retrieved key='item:2619', versions=7
[dc3_node1] Internal PUT (replication): key='item:4339'
[dc3_node1] CONFLICT detected for key='item:4339', siblings=3
[dc3_node1] Saved 96 keys to disk
[dc3_node1] Internal PUT (replication): key='item:3295'
[dc3_node1] CONFLICT detected for key='item:3295', siblings=5
[dc3_node1] Saved 96 keys to disk
[dc3_node1] Internal PUT (replication): key='item:1822'
[dc3_node1] CONFLICT detected for key='item:1822', siblings=6
[dc3_node1] Saved 96 keys to disk
[dc3_node1] Client PUT: key='item:3673', value='value_3673_update_client36_op747'
[dc3_node1] Preference list for 'item:3673': ['localhost:50218', 'localhost:50131', 'localhost:50153']
[dc3_node1] Coordinator NOT in preference list, forwarding only
[dc3_node1] Replicated to localhost:50218
[dc3_node1] Replicated to localhost:50131
[dc3_node1] Replicated to localhost:50153
[dc3_node1] W-quorum achieved (2 writes), returning to client
[dc3_node1] Background replication continues for remaining nodes
[dc3_node1] Successful writes: 3/3
[dc3_node1] Internal PUT (replication): key='item:1513'
[dc3_node1] CONFLICT detected for key='item:1513', siblings=5
[dc3_node1] Saved 96 keys to disk
[dc3_node1] Internal PUT (replication): key='item:0970'
[dc3_node1] CONFLICT detected for key='item:0970', siblings=7
[dc3_node1] Saved 96 keys to disk
[dc3_node1] Internal PUT (replication): key='item:2529'
[dc3_node1] CONFLICT detected for key='item:2529', siblings=8
[dc3_node1] Client PUT: key='item:4099', value='value_4099_update_client35_op750'
[dc3_node1] Preference list for 'item:4099': ['localhost:50187', 'localhost:50203', 'localhost:50222']
[dc3_node1] Coordinator NOT in preference list, forwarding only
[dc3_node1] Saved 96 keys to disk
[dc3_node1] Replicated to localhost:50187
[dc3_node1] Internal PUT (replication): key='item:0893'
[dc3_node1] CONFLICT detected for key='item:0893', siblings=8
[dc3_node1] Replicated to localhost:50222
[dc3_node1] Replicated to localhost:50203
[dc3_node1] Internal PUT (replication): key='item:0148'
[dc3_node1] Saved 96 keys to disk
[dc3_node1] CONFLICT detected for key='item:0148', siblings=6
[dc3_node1] W-quorum achieved (2 writes), returning to client
[dc3_node1] Background replication continues for remaining nodes
[dc3_node1] Successful writes: 3/3
[dc3_node1] Saved 96 keys to disk
[dc3_node1] Internal PUT (replication): key='item:2897'
[dc3_node1] CONFLICT detected for key='item:2897', siblings=8
[dc3_node1] Saved 96 keys to disk
[dc3_node1] Client GET: key='item:2249'
[dc3_node1] Reading from preference list: ['localhost:50226', 'localhost:50115']
[dc3_node1] Key='item:2249' not found
[dc3_node1] CONFLICT: 7 sibling versions for 'item:2249'
[dc3_node1] Internal PUT (replication): key='item:1325'
[dc3_node1] CONFLICT detected for key='item:1325', siblings=4
[dc3_node1] Saved 96 keys to disk
[dc3_node1] Internal PUT (replication): key='item:3689'
[dc3_node1] CONFLICT detected for key='item:3689', siblings=9
[dc3_node1] Saved 96 keys to disk
[dc3_node1] Internal PUT (replication): key='item:1308'
[dc3_node1] CONFLICT detected for key='item:1308', siblings=3
[dc3_node1] Saved 96 keys to disk
[dc3_node1] Client PUT: key='item:2281', value='value_2281_client33_op769'
[dc3_node1] Preference list for 'item:2281': ['localhost:50061', 'localhost:50183', 'localhost:50093']
[dc3_node1] Coordinator NOT in preference list, forwarding only
[dc3_node1] Replicated to localhost:50183
[dc3_node1] Replicated to localhost:50061
[dc3_node1] W-quorum achieved (2 writes), returning to client
[dc3_node1] Background replication continues for remaining nodes
[dc3_node1] Successful writes: 2/3
[dc3_node1] Replicated to localhost:50093
[dc3_node1] Retrieved key='item:2607', versions=5
[dc3_node1] Internal PUT (replication): key='item:1965'
[dc3_node1] CONFLICT detected for key='item:1965', siblings=6
[dc3_node1] Client GET: key='item:0678'
[dc3_node1] Reading from preference list: ['localhost:50097', 'localhost:50154']
[dc3_node1] Saved 96 keys to disk
[dc3_node1] Key='item:0678' not found
[dc3_node1] CONFLICT: 4 sibling versions for 'item:0678'
[dc3_node1] Internal PUT (replication): key='item:3527'
[dc3_node1] CONFLICT detected for key='item:3527', siblings=11
[dc3_node1] Internal PUT (replication): key='item:0604'
[dc3_node1] Saved 96 keys to disk
[dc3_node1] CONFLICT detected for key='item:0604', siblings=5
[dc3_node1] Saved 96 keys to disk
[dc3_node1] Retrieved key='item:3527', versions=11
[dc3_node1] Internal PUT (replication): key='item:1559'
[dc3_node1] CONFLICT detected for key='item:1559', siblings=6
[dc3_node1] Internal PUT (replication): key='item:3295'
[dc3_node1] Saved 96 keys to disk
[dc3_node1] CONFLICT detected for key='item:3295', siblings=6
[dc3_node1] Saved 96 keys to disk
[dc3_node1] Internal PUT (replication): key='item:3413'
[dc3_node1] CONFLICT detected for key='item:3413', siblings=8
[dc3_node1] Saved 96 keys to disk
[dc3_node1] Client PUT: key='item:1803', value='value_1803_client39_op802'
[dc3_node1] Preference list for 'item:1803': ['localhost:50170', 'localhost:50080', 'localhost:50241']
[dc3_node1] Coordinator NOT in preference list, forwarding only
[dc3_node1] Replicated to localhost:50170
[dc3_node1] Replicated to localhost:50080
[dc3_node1] W-quorum achieved (2 writes), returning to client
[dc3_node1] Background replication continues for remaining nodes
[dc3_node1] Successful writes: 2/3
[dc3_node1] Replicated to localhost:50241
[dc3_node1] Client PUT: key='item:0528', value='value_528_client35_op770'
[dc3_node1] Preference list for 'item:0528': ['localhost:50058', 'localhost:50244', 'localhost:50223']
[dc3_node1] Coordinator NOT in preference list, forwarding only
[dc3_node1] Internal PUT (replication): key='item:4879'
[dc3_node1] CONFLICT detected for key='item:4879', siblings=8
[dc3_node1] Replicated to localhost:50223
[dc3_node1] Saved 96 keys to disk
[dc3_node1] Replicated to localhost:50244
[dc3_node1] Replicated to localhost:50058
[dc3_node1] W-quorum achieved (2 writes), returning to client
[dc3_node1] Background replication continues for remaining nodes
[dc3_node1] Successful writes: 3/3
[dc3_node1] Internal PUT (replication): key='item:0330'
[dc3_node1] CONFLICT detected for key='item:0330', siblings=10
[dc3_node1] Saved 96 keys to disk
[dc3_node1] Internal PUT (replication): key='item:0063'
[dc3_node1] CONFLICT detected for key='item:0063', siblings=13
[dc3_node1] Client PUT: key='item:2612', value='value_2612_update_client37_op791'
[dc3_node1] Preference list for 'item:2612': ['localhost:50125', 'localhost:50210', 'localhost:50070']
[dc3_node1] Coordinator NOT in preference list, forwarding only
[dc3_node1] Saved 96 keys to disk
[dc3_node1] Replicated to localhost:50210
[dc3_node1] Replicated to localhost:50125
[dc3_node1] Retrieved key='item:1365', versions=7
[dc3_node1] W-quorum achieved (2 writes), returning to client
[dc3_node1] Background replication continues for remaining nodes
[dc3_node1] Successful writes: 2/3
[dc3_node1] Internal PUT (replication): key='item:3295'
[dc3_node1] CONFLICT detected for key='item:3295', siblings=7
[dc3_node1] Replicated to localhost:50070
[dc3_node1] Saved 96 keys to disk
[dc3_node1] Retrieved key='item:3019', versions=4
[dc3_node1] Internal PUT (replication): key='item:1749'
[dc3_node1] CONFLICT detected for key='item:1749', siblings=10
[dc3_node1] Internal PUT (replication): key='item:0836'
[dc3_node1] Internal PUT (replication): key='item:1352'
[dc3_node1] Saved 96 keys to disk
[dc3_node1] CONFLICT detected for key='item:0836', siblings=3
[dc3_node1] Internal PUT (replication): key='item:1763'
[dc3_node1] Client PUT: key='item:4384', value='value_4384_update_client2_op786'
[dc3_node1] Preference list for 'item:4384': ['localhost:50215', 'localhost:50200', 'localhost:50130']
[dc3_node1] Coordinator NOT in preference list, forwarding only
[dc3_node1] Client PUT: key='item:3350', value='value_3350_update_client26_op782'
[dc3_node1] Preference list for 'item:3350': ['localhost:50241', 'localhost:50104', 'localhost:50065']
[dc3_node1] Coordinator NOT in preference list, forwarding only
[dc3_node1] Saved 96 keys to disk
[dc3_node1] CONFLICT detected for key='item:1352', siblings=9
[dc3_node1] Replicated to localhost:50215
[dc3_node1] Saved 96 keys to disk
[dc3_node1] Replicated to localhost:50104
[dc3_node1] CONFLICT detected for key='item:1763', siblings=8
[dc3_node1] Replicated to localhost:50241
[dc3_node1] W-quorum achieved (2 writes), returning to client
[dc3_node1] Background replication continues for remaining nodes
[dc3_node1] Successful writes: 2/3
[dc3_node1] Replicated to localhost:50130
[dc3_node1] Replicated to localhost:50200
[dc3_node1] Replicated to localhost:50065
[dc3_node1] W-quorum achieved (2 writes), returning to client
[dc3_node1] Background replication continues for remaining nodes
[dc3_node1] Successful writes: 3/3
[dc3_node1] Internal PUT (replication): key='item:1325'
[dc3_node1] Saved 96 keys to disk
[dc3_node1] CONFLICT detected for key='item:1325', siblings=5
[dc3_node1] Saved 96 keys to disk
[dc3_node1] Internal PUT (replication): key='item:4586'
[dc3_node1] CONFLICT detected for key='item:4586', siblings=8
[dc3_node1] Saved 96 keys to disk
[dc3_node1] Internal PUT (replication): key='item:0893'
[dc3_node1] CONFLICT detected for key='item:0893', siblings=9
[dc3_node1] Saved 96 keys to disk
[dc3_node1] Retrieved key='item:4720', versions=4
[dc3_node1] Internal PUT (replication): key='item:1624'
[dc3_node1] CONFLICT detected for key='item:1624', siblings=6
[dc3_node1] Saved 96 keys to disk
[dc3_node1] Client PUT: key='item:1335', value='value_1335_client7_op821'
[dc3_node1] Preference list for 'item:1335': ['localhost:50176', 'localhost:50107', 'localhost:50065']
[dc3_node1] Coordinator NOT in preference list, forwarding only
[dc3_node1] Replicated to localhost:50107
[dc3_node1] Replicated to localhost:50176
[dc3_node1] Internal PUT (replication): key='item:4403'
[dc3_node1] CONFLICT detected for key='item:4403', siblings=7
[dc3_node1] W-quorum achieved (2 writes), returning to client
[dc3_node1] Background replication continues for remaining nodes
[dc3_node1] Successful writes: 2/3
[dc3_node1] Client GET: key='item:1901'
[dc3_node1] Reading from preference list: ['localhost:50199', 'localhost:50086']
[dc3_node1] Replicated to localhost:50065
[dc3_node1] Saved 96 keys to disk
[dc3_node1] Key='item:1901' not found
[dc3_node1] CONFLICT: 18 sibling versions for 'item:1901'
[dc3_node1] Internal PUT (replication): key='item:0106'
[dc3_node1] CONFLICT detected for key='item:0106', siblings=8
[dc3_node1] Client PUT: key='item:4729', value='value_4729_update_client31_op796'
[dc3_node1] Preference list for 'item:4729': ['localhost:50075', 'localhost:50203', 'localhost:50149']
[dc3_node1] Coordinator NOT in preference list, forwarding only
[dc3_node1] Internal PUT (replication): key='item:4732'
[dc3_node1] Replicated to localhost:50203
[dc3_node1] Replicated to localhost:50149
[dc3_node1] Internal PUT (replication): key='item:2418'
[dc3_node1] Internal PUT (replication): key='item:1749'
[dc3_node1] Saved 96 keys to disk
[dc3_node1] Internal PUT (replication): key='item:1369'
[dc3_node1] CONFLICT detected for key='item:4732', siblings=6
[dc3_node1] Saved 96 keys to disk
[dc3_node1] CONFLICT detected for key='item:1749', siblings=11
[dc3_node1] Replicated to localhost:50075
[dc3_node1] W-quorum achieved (2 writes), returning to client
[dc3_node1] Background replication continues for remaining nodes
[dc3_node1] Successful writes: 3/3
[dc3_node1] Saved 96 keys to disk
[dc3_node1] CONFLICT detected for key='item:2418', siblings=6
[dc3_node1] Saved 96 keys to disk
[dc3_node1] Client GET: key='item:2595'
[dc3_node1] Reading from preference list: ['localhost:50107', 'localhost:50118']
[dc3_node1] Key='item:2595' not found
[dc3_node1] CONFLICT detected for key='item:1369', siblings=8
[dc3_node1] Saved 96 keys to disk
[dc3_node1] Performing read repair for key='item:2595'
[dc3_node1] Read repair to localhost:50107 succeeded
[dc3_node1] Internal PUT (replication): key='item:1088'
[dc3_node1] CONFLICT detected for key='item:1088', siblings=8
[dc3_node1] Client PUT: key='item:3982', value='value_3982_update_client24_op808'
[dc3_node1] Preference list for 'item:3982': ['localhost:50170', 'localhost:50142', 'localhost:50052']
[dc3_node1] Coordinator NOT in preference list, forwarding only
[dc3_node1] Read repair to localhost:50118 succeeded
[dc3_node1] Internal PUT (replication): key='item:0063'
[dc3_node1] Read repair to localhost:50161 succeeded
[dc3_node1] Saved 96 keys to disk
[dc3_node1] CONFLICT detected for key='item:0063', siblings=14
[dc3_node1] Replicated to localhost:50170
[dc3_node1] Replicated to localhost:50052
[dc3_node1] Saved 96 keys to disk
[dc3_node1] Replicated to localhost:50142
[dc3_node1] W-quorum achieved (2 writes), returning to client
[dc3_node1] Background replication continues for remaining nodes
[dc3_node1] Successful writes: 3/3
[dc3_node1] Retrieved key='item:1832', versions=5
[dc3_node1] Internal PUT (replication): key='item:0274'
[dc3_node1] CONFLICT detected for key='item:0274', siblings=8
[dc3_node1] Saved 96 keys to disk
[dc3_node1] Internal PUT (replication): key='item:0674'
[dc3_node1] CONFLICT detected for key='item:0674', siblings=6
[dc3_node1] Internal PUT (replication): key='item:0044'
[dc3_node1] Saved 96 keys to disk
[dc3_node1] CONFLICT detected for key='item:0044', siblings=2
[dc3_node1] Saved 96 keys to disk
[dc3_node1] Client PUT: key='item:0526', value='value_526_update_client12_op828'
[dc3_node1] Preference list for 'item:0526': ['localhost:50223', 'localhost:50168', 'localhost:50090']
[dc3_node1] Coordinator NOT in preference list, forwarding only
[dc3_node1] Client PUT: key='item:2172', value='value_2172_update_client9_op795'
[dc3_node1] Preference list for 'item:2172': ['localhost:50146', 'localhost:50222', 'localhost:50181']
[dc3_node1] Coordinator NOT in preference list, forwarding only
[dc3_node1] Replicated to localhost:50090
[dc3_node1] Replicated to localhost:50146
[dc3_node1] Replicated to localhost:50168
[dc3_node1] W-quorum achieved (2 writes), returning to client
[dc3_node1] Background replication continues for remaining nodes
[dc3_node1] Successful writes: 2/3
[dc3_node1] Replicated to localhost:50222
[dc3_node1] Replicated to localhost:50223
[dc3_node1] Replicated to localhost:50181
[dc3_node1] W-quorum achieved (2 writes), returning to client
[dc3_node1] Background replication continues for remaining nodes
[dc3_node1] Successful writes: 3/3
[dc3_node1] Client GET: key='item:3037'
[dc3_node1] Reading from preference list: ['localhost:50116', 'localhost:50069']
[dc3_node1] Key='item:3037' not found
[dc3_node1] Internal PUT (replication): key='item:1883'
[dc3_node1] CONFLICT detected for key='item:1883', siblings=5
[dc3_node1] Client PUT: key='item:4971', value='value_4971_update_client12_op830'
[dc3_node1] Preference list for 'item:4971': ['localhost:50123', 'localhost:50152', 'localhost:50076']
[dc3_node1] Coordinator NOT in preference list, forwarding only
[dc3_node1] Replicated to localhost:50123
[dc3_node1] CONFLICT: 18 sibling versions for 'item:3037'
[dc3_node1] Replicated to localhost:50152
[dc3_node1] Saved 96 keys to disk
[dc3_node1] W-quorum achieved (2 writes), returning to client
[dc3_node1] Background replication continues for remaining nodes
[dc3_node1] Successful writes: 2/3
[dc3_node1] Replicated to localhost:50076
[dc3_node1] Client PUT: key='item:1182', value='value_1182_client6_op815'
[dc3_node1] Preference list for 'item:1182': ['localhost:50167', 'localhost:50246', 'localhost:50093']
[dc3_node1] Coordinator NOT in preference list, forwarding only
[dc3_node1] Replicated to localhost:50167
[dc3_node1] Replicated to localhost:50246
[dc3_node1] Replicated to localhost:50093
[dc3_node1] W-quorum achieved (2 writes), returning to client
[dc3_node1] Background replication continues for remaining nodes
[dc3_node1] Successful writes: 3/3
[dc3_node1] Client PUT: key='item:4822', value='value_4822_client10_op815'
[dc3_node1] Preference list for 'item:4822': ['localhost:50106', 'localhost:50140', 'localhost:50063']
[dc3_node1] Coordinator NOT in preference list, forwarding only
[dc3_node1] Replicated to localhost:50106
[dc3_node1] Client GET: key='item:2896'
[dc3_node1] Reading from preference list: ['localhost:50218', 'localhost:50157']
[dc3_node1] Key='item:2896' not found
[dc3_node1] Replicated to localhost:50140
[dc3_node1] CONFLICT: 6 sibling versions for 'item:2896'
[dc3_node1] Replicated to localhost:50063
[dc3_node1] W-quorum achieved (2 writes), returning to client
[dc3_node1] Background replication continues for remaining nodes
[dc3_node1] Successful writes: 3/3
[dc3_node1] Internal PUT (replication): key='item:2083'
[dc3_node1] CONFLICT detected for key='item:2083', siblings=10
[dc3_node1] Client PUT: key='item:4565', value='value_4565_client32_op831'
[dc3_node1] Preference list for 'item:4565': ['localhost:50075', 'localhost:50063', 'localhost:50142']
[dc3_node1] Coordinator NOT in preference list, forwarding only
[dc3_node1] Saved 96 keys to disk
[dc3_node1] Replicated to localhost:50142
[dc3_node1] Replicated to localhost:50063
[dc3_node1] W-quorum achieved (2 writes), returning to client
[dc3_node1] Background replication continues for remaining nodes
[dc3_node1] Successful writes: 2/3
[dc3_node1] Replicated to localhost:50075
[dc3_node1] Client GET: key='item:4487'
[dc3_node1] Reading from preference list: ['localhost:50247', 'localhost:50179']
[dc3_node1] Key='item:4487' not found
[dc3_node1] CONFLICT: 14 sibling versions for 'item:4487'
[dc3_node1] Retrieved key='item:1683', versions=6
[dc3_node1] Client PUT: key='item:0280', value='value_280_client38_op798'
[dc3_node1] Preference list for 'item:0280': ['localhost:50234', 'localhost:50156', 'localhost:50172']
[dc3_node1] Coordinator NOT in preference list, forwarding only
[dc3_node1] Replicated to localhost:50234
[dc3_node1] Replicated to localhost:50172
[dc3_node1] W-quorum achieved (2 writes), returning to client
[dc3_node1] Background replication continues for remaining nodes
[dc3_node1] Successful writes: 2/3
[dc3_node1] Replicated to localhost:50156
[dc3_node1] Internal PUT (replication): key='item:4467'
[dc3_node1] CONFLICT detected for key='item:4467', siblings=11
[dc3_node1] Internal PUT (replication): key='item:1069'
[dc3_node1] Saved 96 keys to disk
[dc3_node1] Internal PUT (replication): key='item:2423'
[dc3_node1] CONFLICT detected for key='item:1069', siblings=6
[dc3_node1] Internal PUT (replication): key='item:0627'
[dc3_node1] Client GET: key='item:2591'
[dc3_node1] Reading from preference list: ['localhost:50077', 'localhost:50230']
[dc3_node1] Saved 96 keys to disk
[dc3_node1] CONFLICT detected for key='item:2423', siblings=9
[dc3_node1] Saved 96 keys to disk
[dc3_node1] CONFLICT detected for key='item:0627', siblings=9
[dc3_node1] Client PUT: key='item:1261', value='value_1261_update_client35_op818'
[dc3_node1] Preference list for 'item:1261': ['localhost:50241', 'localhost:50078', 'localhost:50096']
[dc3_node1] Coordinator NOT in preference list, forwarding only
[dc3_node1] Replicated to localhost:50078
[dc3_node1] Saved 96 keys to disk
[dc3_node1] Key='item:2591' not found
[dc3_node1] Replicated to localhost:50096
[dc3_node1] CONFLICT: 10 sibling versions for 'item:2591'
[dc3_node1] W-quorum achieved (2 writes), returning to client
[dc3_node1] Background replication continues for remaining nodes
[dc3_node1] Successful writes: 2/3
[dc3_node1] Replicated to localhost:50241
[dc3_node1] Internal PUT (replication): key='item:1820'
[dc3_node1] CONFLICT detected for key='item:1820', siblings=7
[dc3_node1] Client GET: key='item:1496'
[dc3_node1] Reading from preference list: ['localhost:50169', 'localhost:50190']
[dc3_node1] Saved 96 keys to disk
[dc3_node1] Key='item:1496' not found
[dc3_node1] CONFLICT: 18 sibling versions for 'item:1496'
[dc3_node1] Internal PUT (replication): key='item:4339'
[dc3_node1] CONFLICT detected for key='item:4339', siblings=4
[dc3_node1] Saved 96 keys to disk
[dc3_node1] Internal PUT (replication): key='item:1069'
[dc3_node1] CONFLICT detected for key='item:1069', siblings=7
[dc3_node1] Saved 96 keys to disk
[dc3_node1] Client PUT: key='item:0848', value='value_848_update_client45_op828'
[dc3_node1] Preference list for 'item:0848': ['localhost:50242', 'localhost:50126', 'localhost:50070']
[dc3_node1] Coordinator NOT in preference list, forwarding only
[dc3_node1] Replicated to localhost:50242
[dc3_node1] Replicated to localhost:50070
[dc3_node1] W-quorum achieved (2 writes), returning to client
[dc3_node1] Background replication continues for remaining nodes
[dc3_node1] Successful writes: 2/3
[dc3_node1] Replicated to localhost:50126
[dc3_node1] Internal PUT (replication): key='item:2083'
[dc3_node1] CONFLICT detected for key='item:2083', siblings=11
[dc3_node1] Internal PUT (replication): key='item:4467'
[dc3_node1] Saved 96 keys to disk
[dc3_node1] CONFLICT detected for key='item:4467', siblings=12
[dc3_node1] Saved 96 keys to disk
[dc3_node1] Retrieved key='item:2607', versions=5
[dc3_node1] Internal PUT (replication): key='item:2418'
[dc3_node1] CONFLICT detected for key='item:2418', siblings=7
[dc3_node1] Internal PUT (replication): key='item:4586'
[dc3_node1] Client PUT: key='item:2937', value='value_2937_client17_op833'
[dc3_node1] Preference list for 'item:2937': ['localhost:50145', 'localhost:50051', 'localhost:50102']
[dc3_node1] Coordinator NOT in preference list, forwarding only
[dc3_node1] Saved 96 keys to disk
[dc3_node1] CONFLICT detected for key='item:4586', siblings=9
[dc3_node1] Replicated to localhost:50145
[dc3_node1] Saved 96 keys to disk
[dc3_node1] Replicated to localhost:50051
[dc3_node1] Replicated to localhost:50102
[dc3_node1] W-quorum achieved (2 writes), returning to client
[dc3_node1] Background replication continues for remaining nodes
[dc3_node1] Successful writes: 3/3
[dc3_node1] Internal PUT (replication): key='item:1559'
[dc3_node1] CONFLICT detected for key='item:1559', siblings=7
[dc3_node1] Internal PUT (replication): key='item:4403'
[dc3_node1] Saved 96 keys to disk
[dc3_node1] CONFLICT detected for key='item:4403', siblings=8
[dc3_node1] Saved 96 keys to disk
[dc3_node1] Internal PUT (replication): key='item:2607'
[dc3_node1] CONFLICT detected for key='item:2607', siblings=6
[dc3_node1] Saved 96 keys to disk
[dc3_node1] Internal PUT (replication): key='item:1559'
[dc3_node1] CONFLICT detected for key='item:1559', siblings=8
[dc3_node1] Internal PUT (replication): key='item:1706'
[dc3_node1] Internal PUT (replication): key='item:1883'
[dc3_node1] Saved 96 keys to disk
[dc3_node1] CONFLICT detected for key='item:1706', siblings=7
[dc3_node1] Client PUT: key='item:2153', value='value_2153_client24_op854'
[dc3_node1] Preference list for 'item:2153': ['localhost:50084', 'localhost:50211', 'localhost:50133']
[dc3_node1] Coordinator NOT in preference list, forwarding only
[dc3_node1] Replicated to localhost:50211
[dc3_node1] Replicated to localhost:50133
[dc3_node1] Saved 96 keys to disk
[dc3_node1] CONFLICT detected for key='item:1883', siblings=6
[dc3_node1] W-quorum achieved (2 writes), returning to client
[dc3_node1] Background replication continues for remaining nodes
[dc3_node1] Successful writes: 2/3
[dc3_node1] Replicated to localhost:50084
[dc3_node1] Saved 96 keys to disk
[dc3_node1] Retrieved key='item:1559', versions=8
[dc3_node1] Retrieved key='item:2418', versions=7
[dc3_node1] Internal PUT (replication): key='item:0044'
[dc3_node1] CONFLICT detected for key='item:0044', siblings=3
[dc3_node1] Saved 96 keys to disk
[dc3_node1] Internal PUT (replication): key='item:4771'
[dc3_node1] CONFLICT detected for key='item:4771', siblings=3
[dc3_node1] Saved 96 keys to disk
[dc3_node1] Internal PUT (replication): key='item:4710'
[dc3_node1] CONFLICT detected for key='item:4710', siblings=6
[dc3_node1] Internal PUT (replication): key='item:4301'
[dc3_node1] Saved 96 keys to disk
[dc3_node1] CONFLICT detected for key='item:4301', siblings=6
[dc3_node1] Internal PUT (replication): key='item:3823'
[dc3_node1] Internal PUT (replication): key='item:3413'
[dc3_node1] Saved 96 keys to disk
[dc3_node1] CONFLICT detected for key='item:3823', siblings=8
[dc3_node1] Saved 96 keys to disk
[dc3_node1] CONFLICT detected for key='item:3413', siblings=9
[dc3_node1] Internal PUT (replication): key='item:0392'
[dc3_node1] Client PUT: key='item:1715', value='value_1715_client7_op884'
[dc3_node1] Preference list for 'item:1715': ['localhost:50098', 'localhost:50081', 'localhost:50062']
[dc3_node1] Coordinator NOT in preference list, forwarding only
[dc3_node1] Internal PUT (replication): key='item:2049'
[dc3_node1] Internal PUT (replication): key='item:4771'
[dc3_node1] Client GET: key='item:3855'
[dc3_node1] Reading from preference list: ['localhost:50160', 'localhost:50085']
[dc3_node1] Replicated to localhost:50062
[dc3_node1] Replicated to localhost:50081
[dc3_node1] W-quorum achieved (2 writes), returning to client
[dc3_node1] Background replication continues for remaining nodes
[dc3_node1] Successful writes: 2/3
[dc3_node1] Saved 96 keys to disk
[dc3_node1] CONFLICT detected for key='item:0392', siblings=9
[dc3_node1] Internal PUT (replication): key='item:3796'
[dc3_node1] Replicated to localhost:50098
[dc3_node1] Saved 96 keys to disk
[dc3_node1] CONFLICT detected for key='item:2049', siblings=8
[dc3_node1] Saved 96 keys to disk
[dc3_node1] Retrieved key='item:0893', versions=9
[dc3_node1] CONFLICT detected for key='item:4771', siblings=4
[dc3_node1] Saved 96 keys to disk
[dc3_node1] Key='item:3855' not found
[dc3_node1] CONFLICT detected for key='item:3796', siblings=5
[dc3_node1] CONFLICT: 16 sibling versions for 'item:3855'
[dc3_node1] Saved 96 keys to disk
[dc3_node1] Internal PUT (replication): key='item:3019'
[dc3_node1] CONFLICT detected for key='item:3019', siblings=5
[dc3_node1] Saved 96 keys to disk
[dc3_node1] Client GET: key='item:0596'
[dc3_node1] Reading from preference list: ['localhost:50058', 'localhost:50150']
[dc3_node1] Key='item:0596' not found
[dc3_node1] CONFLICT: 10 sibling versions for 'item:0596'
[dc3_node1] Client PUT: key='item:1293', value='value_1293_client10_op863'
[dc3_node1] Preference list for 'item:1293': ['localhost:50148', 'localhost:50111', 'localhost:50216']
[dc3_node1] Coordinator NOT in preference list, forwarding only
[dc3_node1] Replicated to localhost:50111
[dc3_node1] Internal PUT (replication): key='item:0131'
[dc3_node1] CONFLICT detected for key='item:0131', siblings=4
[dc3_node1] Saved 96 keys to disk
[dc3_node1] Retrieved key='item:4732', versions=6
[dc3_node1] Replicated to localhost:50216
[dc3_node1] Replicated to localhost:50148
[dc3_node1] W-quorum achieved (2 writes), returning to client
[dc3_node1] Background replication continues for remaining nodes
[dc3_node1] Successful writes: 3/3
[dc3_node1] Client GET: key='item:0233'
[dc3_node1] Reading from preference list: ['localhost:50108', 'localhost:50194']
[dc3_node1] Key='item:0233' not found
[dc3_node1] Internal PUT (replication): key='item:3969'
[dc3_node1] CONFLICT detected for key='item:3969', siblings=8
[dc3_node1] CONFLICT: 20 sibling versions for 'item:0233'
[dc3_node1] Saved 96 keys to disk
[dc3_node1] Internal PUT (replication): key='item:1624'
[dc3_node1] CONFLICT detected for key='item:1624', siblings=7
[dc3_node1] Saved 96 keys to disk
[dc3_node1] Internal PUT (replication): key='item:0836'
[dc3_node1] CONFLICT detected for key='item:0836', siblings=4
[dc3_node1] Saved 96 keys to disk
[dc3_node1] Retrieved key='item:0893', versions=9
[dc3_node1] Internal PUT (replication): key='item:1624'
[dc3_node1] CONFLICT detected for key='item:1624', siblings=8
[dc3_node1] Saved 96 keys to disk
[dc3_node1] Internal PUT (replication): key='item:1084'
[dc3_node1] CONFLICT detected for key='item:1084', siblings=9
[dc3_node1] Saved 96 keys to disk
[dc3_node1] Retrieved key='item:1683', versions=6
[dc3_node1] Internal PUT (replication): key='item:4490'
[dc3_node1] CONFLICT detected for key='item:4490', siblings=5
[dc3_node1] Client GET: key='item:3453'
[dc3_node1] Reading from preference list: ['localhost:50081', 'localhost:50097']
[dc3_node1] Saved 96 keys to disk
[dc3_node1] Key='item:3453' not found
[dc3_node1] CONFLICT: 6 sibling versions for 'item:3453'
[dc3_node1] Client PUT: key='item:4573', value='value_4573_client45_op873'
[dc3_node1] Preference list for 'item:4573': ['localhost:50104', 'localhost:50180', 'localhost:50223']
[dc3_node1] Coordinator NOT in preference list, forwarding only
[dc3_node1] Replicated to localhost:50223
[dc3_node1] Replicated to localhost:50180
[dc3_node1] Client GET: key='item:4510'
[dc3_node1] Reading from preference list: ['localhost:50173', 'localhost:50215']
[dc3_node1] Key='item:4510' not found
[dc3_node1] CONFLICT: 14 sibling versions for 'item:4510'
[dc3_node1] W-quorum achieved (2 writes), returning to client
[dc3_node1] Background replication continues for remaining nodes
[dc3_node1] Successful writes: 2/3
[dc3_node1] Replicated to localhost:50104
[dc3_node1] Client PUT: key='item:4718', value='value_4718_client34_op843'
[dc3_node1] Preference list for 'item:4718': ['localhost:50057', 'localhost:50143', 'localhost:50076']
[dc3_node1] Coordinator NOT in preference list, forwarding only
[dc3_node1] Replicated to localhost:50143
[dc3_node1] Replicated to localhost:50076
[dc3_node1] Replicated to localhost:50057
[dc3_node1] W-quorum achieved (2 writes), returning to client
[dc3_node1] Background replication continues for remaining nodes
[dc3_node1] Successful writes: 3/3
[dc3_node1] Internal PUT (replication): key='item:1559'
[dc3_node1] CONFLICT detected for key='item:1559', siblings=9
[dc3_node1] Saved 96 keys to disk
[dc3_node1] Retrieved key='item:0651', versions=9
[dc3_node1] Internal PUT (replication): key='item:1069'
[dc3_node1] CONFLICT detected for key='item:1069', siblings=8
[dc3_node1] Saved 96 keys to disk
[dc3_node1] Client PUT: key='item:0769', value='value_769_client45_op877'
[dc3_node1] Preference list for 'item:0769': ['localhost:50172', 'localhost:50053', 'localhost:50084']
[dc3_node1] Coordinator NOT in preference list, forwarding only
[dc3_node1] Replicated to localhost:50084
[dc3_node1] Retrieved key='item:4949', versions=5
[dc3_node1] Replicated to localhost:50053
[dc3_node1] Replicated to localhost:50172
[dc3_node1] W-quorum achieved (2 writes), returning to client
[dc3_node1] Background replication continues for remaining nodes
[dc3_node1] Successful writes: 3/3
[dc3_node1] Client PUT: key='item:2157', value='value_2157_client38_op868'
[dc3_node1] Preference list for 'item:2157': ['localhost:50088', 'localhost:50112', 'localhost:50170']
[dc3_node1] Coordinator NOT in preference list, forwarding only
[dc3_node1] Replicated to localhost:50088
[dc3_node1] Replicated to localhost:50170
[dc3_node1] Replicated to localhost:50112
[dc3_node1] W-quorum achieved (2 writes), returning to client
[dc3_node1] Background replication continues for remaining nodes
[dc3_node1] Successful writes: 3/3
[dc3_node1] Client GET: key='item:2624'
[dc3_node1] Reading from preference list: ['localhost:50203', 'localhost:50119']
[dc3_node1] Key='item:2624' not found
[dc3_node1] CONFLICT: 16 sibling versions for 'item:2624'
[dc3_node1] Internal PUT (replication): key='item:4339'
[dc3_node1] CONFLICT detected for key='item:4339', siblings=5
[dc3_node1] Saved 96 keys to disk
[dc3_node1] Client PUT: key='item:3995', value='value_3995_update_client6_op901'
[dc3_node1] Preference list for 'item:3995': ['localhost:50098', 'localhost:50155', 'localhost:50246']
[dc3_node1] Coordinator NOT in preference list, forwarding only
[dc3_node1] Replicated to localhost:50155
[dc3_node1] Replicated to localhost:50098
[dc3_node1] Replicated to localhost:50246
[dc3_node1] W-quorum achieved (2 writes), returning to client
[dc3_node1] Background replication continues for remaining nodes
[dc3_node1] Successful writes: 3/3
[dc3_node1] Client PUT: key='item:3340', value='value_3340_update_client19_op897'
[dc3_node1] Preference list for 'item:3340': ['localhost:50114', 'localhost:50159', 'localhost:50229']
[dc3_node1] Coordinator NOT in preference list, forwarding only
[dc3_node1] Replicated to localhost:50114
[dc3_node1] Replicated to localhost:50229
[dc3_node1] W-quorum achieved (2 writes), returning to client
[dc3_node1] Background replication continues for remaining nodes
[dc3_node1] Successful writes: 2/3
[dc3_node1] Replicated to localhost:50159
[dc3_node1] Retrieved key='item:3413', versions=9
[dc3_node1] Internal PUT (replication): key='item:2897'
[dc3_node1] CONFLICT detected for key='item:2897', siblings=9
[dc3_node1] Saved 96 keys to disk
[dc3_node1] Internal PUT (replication): key='item:3295'
[dc3_node1] CONFLICT detected for key='item:3295', siblings=8
[dc3_node1] Saved 96 keys to disk
[dc3_node1] Client PUT: key='item:2902', value='value_2902_update_client36_op880'
[dc3_node1] Preference list for 'item:2902': ['localhost:50135', 'localhost:50079', 'localhost:50151']
[dc3_node1] Coordinator NOT in preference list, forwarding only
[dc3_node1] Replicated to localhost:50135
[dc3_node1] Replicated to localhost:50151
[dc3_node1] W-quorum achieved (2 writes), returning to client
[dc3_node1] Background replication continues for remaining nodes
[dc3_node1] Successful writes: 2/3
[dc3_node1] Replicated to localhost:50079
[dc3_node1] Client PUT: key='item:3745', value='value_3745_update_client15_op890'
[dc3_node1] Preference list for 'item:3745': ['localhost:50159', 'localhost:50115', 'localhost:50145']
[dc3_node1] Coordinator NOT in preference list, forwarding only
[dc3_node1] Internal PUT (replication): key='item:0044'
[dc3_node1] CONFLICT detected for key='item:0044', siblings=4
[dc3_node1] Replicated to localhost:50115
[dc3_node1] Replicated to localhost:50159
[dc3_node1] W-quorum achieved (2 writes), returning to client
[dc3_node1] Background replication continues for remaining nodes
[dc3_node1] Successful writes: 2/3
[dc3_node1] Replicated to localhost:50145
[dc3_node1] Saved 96 keys to disk
[dc3_node1] Retrieved key='item:4403', versions=8
[dc3_node1] Retrieved key='item:1559', versions=9
[dc3_node1] Internal PUT (replication): key='item:4490'
[dc3_node1] CONFLICT detected for key='item:4490', siblings=6
[dc3_node1] Client GET: key='item:3330'
[dc3_node1] Reading from preference list: ['localhost:50146', 'localhost:50075']
[dc3_node1] Saved 96 keys to disk
[dc3_node1] Internal PUT (replication): key='item:0330'
[dc3_node1] CONFLICT detected for key='item:0330', siblings=11
[dc3_node1] Saved 96 keys to disk
[dc3_node1] Key='item:3330' not found
[dc3_node1] CONFLICT: 28 sibling versions for 'item:3330'
[dc3_node1] Internal PUT (replication): key='item:1369'
[dc3_node1] CONFLICT detected for key='item:1369', siblings=9
[dc3_node1] Saved 96 keys to disk
[dc3_node1] Retrieved key='item:2840', versions=5
[dc3_node1] Internal PUT (replication): key='item:1559'
[dc3_node1] CONFLICT detected for key='item:1559', siblings=10
[dc3_node1] Client PUT: key='item:0065', value='value_65_update_client32_op919'
[dc3_node1] Preference list for 'item:0065': ['localhost:50210', 'localhost:50223', 'localhost:50174']
[dc3_node1] Coordinator NOT in preference list, forwarding only
[dc3_node1] Saved 96 keys to disk
[dc3_node1] Replicated to localhost:50210
[dc3_node1] Replicated to localhost:50174
[dc3_node1] W-quorum achieved (2 writes), returning to client
[dc3_node1] Background replication continues for remaining nodes
[dc3_node1] Successful writes: 2/3
[dc3_node1] Replicated to localhost:50223
[dc3_node1] Client PUT: key='item:2146', value='value_2146_client31_op897'
[dc3_node1] Preference list for 'item:2146': ['localhost:50121', 'localhost:50056', 'localhost:50077']
[dc3_node1] Coordinator NOT in preference list, forwarding only
[dc3_node1] Internal PUT (replication): key='item:2529'
[dc3_node1] CONFLICT detected for key='item:2529', siblings=9
[dc3_node1] Replicated to localhost:50056
[dc3_node1] Replicated to localhost:50121
[dc3_node1] Replicated to localhost:50077
[dc3_node1] W-quorum achieved (2 writes), returning to client
[dc3_node1] Background replication continues for remaining nodes
[dc3_node1] Successful writes: 3/3
[dc3_node1] Saved 96 keys to disk
[dc3_node1] Internal PUT (replication): key='item:4738'
[dc3_node1] CONFLICT detected for key='item:4738', siblings=7
[dc3_node1] Saved 96 keys to disk
[dc3_node1] Retrieved key='item:0044', versions=4
[dc3_node1] Internal PUT (replication): key='item:2006'
[dc3_node1] CONFLICT detected for key='item:2006', siblings=8
[dc3_node1] Client GET: key='item:2095'
[dc3_node1] Reading from preference list: ['localhost:50096', 'localhost:50244']
[dc3_node1] Saved 96 keys to disk
[dc3_node1] Key='item:2095' not found
[dc3_node1] Internal PUT (replication): key='item:4949'
[dc3_node1] CONFLICT detected for key='item:4949', siblings=6
[dc3_node1] Internal PUT (replication): key='item:1675'
[dc3_node1] Saved 96 keys to disk
[dc3_node1] Stored NEW key='item:1675', value='value_1675_update_client18_op925', clock={dc2_node14:1}
[dc3_node1] Saved 97 keys to disk
[dc3_node1] CONFLICT: 11 sibling versions for 'item:2095'
[dc3_node1] Internal PUT (replication): key='item:1624'
[dc3_node1] CONFLICT detected for key='item:1624', siblings=9
[dc3_node1] Saved 97 keys to disk
[dc3_node1] Retrieved key='item:0106', versions=8
[dc3_node1] Retrieved key='item:3230', versions=3
[dc3_node1] Client PUT: key='item:1513', value='value_1513_update_client17_op915'
[dc3_node1] Preference list for 'item:1513': ['localhost:50091', 'localhost:50057', 'localhost:50117']
[dc3_node1] CONFLICT detected for key='item:1513', siblings=6
[dc3_node1] Internal PUT (replication): key='item:4738'
[dc3_node1] Saved 97 keys to disk
[dc3_node1] Coordinator IS in preference list, stored locally
[dc3_node1] CONFLICT detected for key='item:4738', siblings=8
[dc3_node1] Replicated to localhost:50057
[dc3_node1] W-quorum achieved (2 writes), returning to client
[dc3_node1] Background replication continues for remaining nodes
[dc3_node1] Successful writes: 2/3
[dc3_node1] Saved 97 keys to disk
[dc3_node1] Replicated to localhost:50117
[dc3_node1] Internal PUT (replication): key='item:2897'
[dc3_node1] CONFLICT detected for key='item:2897', siblings=10
[dc3_node1] Client PUT: key='item:1549', value='value_1549_client26_op910'
[dc3_node1] Preference list for 'item:1549': ['localhost:50155', 'localhost:50080', 'localhost:50063']
[dc3_node1] Coordinator NOT in preference list, forwarding only
[dc3_node1] Client GET: key='item:4758'
[dc3_node1] Reading from preference list: ['localhost:50234', 'localhost:50068']
[dc3_node1] Client GET: key='item:3014'
[dc3_node1] Reading from preference list: ['localhost:50135', 'localhost:50127']
[dc3_node1] Client PUT: key='item:3548', value='value_3548_update_client9_op917'
[dc3_node1] Preference list for 'item:3548': ['localhost:50250', 'localhost:50118', 'localhost:50197']
[dc3_node1] Coordinator NOT in preference list, forwarding only
[dc3_node1] Saved 97 keys to disk
[dc3_node1] Key='item:4758' not found
[dc3_node1] Key='item:3014' not found
[dc3_node1] CONFLICT: 20 sibling versions for 'item:3014'
[dc3_node1] Replicated to localhost:50250
[dc3_node1] Retrieved key='item:2840', versions=5
[dc3_node1] Replicated to localhost:50155
[dc3_node1] Replicated to localhost:50197
[dc3_node1] Replicated to localhost:50080
[dc3_node1] CONFLICT: 13 sibling versions for 'item:4758'
[dc3_node1] Replicated to localhost:50118
[dc3_node1] W-quorum achieved (2 writes), returning to client
[dc3_node1] Background replication continues for remaining nodes
[dc3_node1] Successful writes: 3/3
[dc3_node1] W-quorum achieved (2 writes), returning to client
[dc3_node1] Background replication continues for remaining nodes
[dc3_node1] Successful writes: 2/3
[dc3_node1] Replicated to localhost:50063
[dc3_node1] Internal PUT (replication): key='item:1965'
[dc3_node1] CONFLICT detected for key='item:1965', siblings=7
[dc3_node1] Saved 97 keys to disk
[dc3_node1] Internal PUT (replication): key='item:3527'
[dc3_node1] CONFLICT detected for key='item:3527', siblings=12
[dc3_node1] Saved 97 keys to disk
[dc3_node1] Internal PUT (replication): key='item:1308'
[dc3_node1] CONFLICT detected for key='item:1308', siblings=4
[dc3_node1] Saved 97 keys to disk
[dc3_node1] Retrieved key='item:0651', versions=9
[dc3_node1] Retrieved key='item:4771', versions=4
[dc3_node1] Internal PUT (replication): key='item:3019'
[dc3_node1] CONFLICT detected for key='item:3019', siblings=6
[dc3_node1] Client PUT: key='item:3915', value='value_3915_client49_op927'
[dc3_node1] Preference list for 'item:3915': ['localhost:50175', 'localhost:50213', 'localhost:50055']
[dc3_node1] Coordinator NOT in preference list, forwarding only
[dc3_node1] Saved 97 keys to disk
[dc3_node1] Replicated to localhost:50055
[dc3_node1] Replicated to localhost:50213
[dc3_node1] Replicated to localhost:50175
[dc3_node1] W-quorum achieved (2 writes), returning to client
[dc3_node1] Background replication continues for remaining nodes
[dc3_node1] Successful writes: 3/3
[dc3_node1] Retrieved key='item:0063', versions=14
[dc3_node1] Internal PUT (replication): key='item:2871'
[dc3_node1] CONFLICT detected for key='item:2871', siblings=7
[dc3_node1] Saved 97 keys to disk
[dc3_node1] Retrieved key='item:3796', versions=5
[dc3_node1] Internal PUT (replication): key='item:0674'
[dc3_node1] CONFLICT detected for key='item:0674', siblings=7
[dc3_node1] Saved 97 keys to disk
[dc3_node1] Retrieved key='item:1325', versions=5
[dc3_node1] Internal PUT (replication): key='item:0150'
[dc3_node1] CONFLICT detected for key='item:0150', siblings=12
[dc3_node1] Saved 97 keys to disk
[dc3_node1] Internal PUT (replication): key='item:1749'
[dc3_node1] CONFLICT detected for key='item:1749', siblings=12
[dc3_node1] Saved 97 keys to disk
[dc3_node1] Internal PUT (replication): key='item:3413'
[dc3_node1] CONFLICT detected for key='item:3413', siblings=10
[dc3_node1] Client GET: key='item:1024'
[dc3_node1] Reading from preference list: ['localhost:50103', 'localhost:50225']
[dc3_node1] Saved 97 keys to disk
[dc3_node1] Key='item:1024' not found
[dc3_node1] CONFLICT: 11 sibling versions for 'item:1024'
[dc3_node1] Client PUT: key='item:4014', value='value_4014_update_client27_op936'
[dc3_node1] Preference list for 'item:4014': ['localhost:50215', 'localhost:50145', 'localhost:50166']
[dc3_node1] Coordinator NOT in preference list, forwarding only
[dc3_node1] Replicated to localhost:50166
[dc3_node1] Replicated to localhost:50215
[dc3_node1] Replicated to localhost:50145
[dc3_node1] W-quorum achieved (2 writes), returning to client
[dc3_node1] Background replication continues for remaining nodes
[dc3_node1] Successful writes: 3/3
[dc3_node1] Retrieved key='item:3019', versions=6
[dc3_node1] Client PUT: key='item:2209', value='value_2209_client17_op938'
[dc3_node1] Preference list for 'item:2209': ['localhost:50203', 'localhost:50063', 'localhost:50084']
[dc3_node1] Coordinator NOT in preference list, forwarding only
[dc3_node1] Replicated to localhost:50203
[dc3_node1] Replicated to localhost:50084
[dc3_node1] Replicated to localhost:50063
[dc3_node1] W-quorum achieved (2 writes), returning to client
[dc3_node1] Background replication continues for remaining nodes
[dc3_node1] Successful writes: 3/3
[dc3_node1] Retrieved key='item:0392', versions=9
[dc3_node1] Internal PUT (replication): key='item:2196'
[dc3_node1] CONFLICT detected for key='item:2196', siblings=11
[dc3_node1] Saved 97 keys to disk
[dc3_node1] Client PUT: key='item:2021', value='value_2021_update_client45_op936'
[dc3_node1] Preference list for 'item:2021': ['localhost:50177', 'localhost:50069', 'localhost:50126']
[dc3_node1] Coordinator NOT in preference list, forwarding only
[dc3_node1] Replicated to localhost:50069
[dc3_node1] Replicated to localhost:50177
[dc3_node1] W-quorum achieved (2 writes), returning to client
[dc3_node1] Background replication continues for remaining nodes
[dc3_node1] Successful writes: 2/3
[dc3_node1] Replicated to localhost:50126
[dc3_node1] Retrieved key='item:2006', versions=8
[dc3_node1] Internal PUT (replication): key='item:3689'
[dc3_node1] CONFLICT detected for key='item:3689', siblings=10
[dc3_node1] Internal PUT (replication): key='item:1749'
[dc3_node1] Saved 97 keys to disk
[dc3_node1] CONFLICT detected for key='item:1749', siblings=13
[dc3_node1] Saved 97 keys to disk
[dc3_node1] Retrieved key='item:1069', versions=8
[dc3_node1] Internal PUT (replication): key='item:3823'
[dc3_node1] CONFLICT detected for key='item:3823', siblings=9
[dc3_node1] Saved 97 keys to disk
[dc3_node1] Internal PUT (replication): key='item:2619'
[dc3_node1] CONFLICT detected for key='item:2619', siblings=8
[dc3_node1] Internal PUT (replication): key='item:0893'
[dc3_node1] Saved 97 keys to disk
[dc3_node1] CONFLICT detected for key='item:0893', siblings=10
[dc3_node1] Saved 97 keys to disk
[dc3_node1] Internal PUT (replication): key='item:3295'
[dc3_node1] CONFLICT detected for key='item:3295', siblings=9
[dc3_node1] Saved 97 keys to disk
[dc3_node1] Internal PUT (replication): key='item:0106'
[dc3_node1] CONFLICT detected for key='item:0106', siblings=9
[dc3_node1] Saved 97 keys to disk
[dc3_node1] Internal PUT (replication): key='item:0150'
[dc3_node1] CONFLICT detected for key='item:0150', siblings=13
[dc3_node1] Internal PUT (replication): key='item:0604'
[dc3_node1] Saved 97 keys to disk
[dc3_node1] CONFLICT detected for key='item:0604', siblings=6
[dc3_node1] Client GET: key='item:0219'
[dc3_node1] Reading from preference list: ['localhost:50184', 'localhost:50060']
[dc3_node1] Saved 97 keys to disk
[dc3_node1] Key='item:0219' not found
[dc3_node1] CONFLICT: 16 sibling versions for 'item:0219'
[dc3_node1] Internal PUT (replication): key='item:4490'
[dc3_node1] CONFLICT detected for key='item:4490', siblings=7
[dc3_node1] Saved 97 keys to disk
[dc3_node1] Client PUT: key='item:2837', value='value_2837_client34_op921'
[dc3_node1] Preference list for 'item:2837': ['localhost:50158', 'localhost:50194', 'localhost:50101']
[dc3_node1] Coordinator NOT in preference list, forwarding only
[dc3_node1] Replicated to localhost:50158
[dc3_node1] Replicated to localhost:50101
[dc3_node1] W-quorum achieved (2 writes), returning to client
[dc3_node1] Background replication continues for remaining nodes
[dc3_node1] Successful writes: 2/3
[dc3_node1] Replicated to localhost:50194
[dc3_node1] Client PUT: key='item:4739', value='value_4739_update_client11_op943'
[dc3_node1] Preference list for 'item:4739': ['localhost:50234', 'localhost:50171', 'localhost:50112']
[dc3_node1] Coordinator NOT in preference list, forwarding only
[dc3_node1] Replicated to localhost:50171
[dc3_node1] Replicated to localhost:50234
[dc3_node1] W-quorum achieved (2 writes), returning to client
[dc3_node1] Background replication continues for remaining nodes
[dc3_node1] Successful writes: 2/3
[dc3_node1] Replicated to localhost:50112
[dc3_node1] Internal PUT (replication): key='item:1663'
[dc3_node1] CONFLICT detected for key='item:1663', siblings=9
[dc3_node1] Internal PUT (replication): key='item:4586'
[dc3_node1] Internal PUT (replication): key='item:1706'
[dc3_node1] Internal PUT (replication): key='item:2529'
[dc3_node1] Client PUT: key='item:3047', value='value_3047_client42_op933'
[dc3_node1] Preference list for 'item:3047': ['localhost:50248', 'localhost:50113', 'localhost:50216']
[dc3_node1] Coordinator NOT in preference list, forwarding only
[dc3_node1] Replicated to localhost:50216
[dc3_node1] Saved 97 keys to disk
[dc3_node1] CONFLICT detected for key='item:4586', siblings=10
[dc3_node1] Saved 97 keys to disk
[dc3_node1] CONFLICT detected for key='item:1706', siblings=8
[dc3_node1] Saved 97 keys to disk
[dc3_node1] CONFLICT detected for key='item:2529', siblings=10
[dc3_node1] Replicated to localhost:50248
[dc3_node1] W-quorum achieved (2 writes), returning to client
[dc3_node1] Background replication continues for remaining nodes
[dc3_node1] Successful writes: 2/3
[dc3_node1] Internal PUT (replication): key='item:4490'
[dc3_node1] Replicated to localhost:50113
[dc3_node1] Saved 97 keys to disk
[dc3_node1] CONFLICT detected for key='item:4490', siblings=8
[dc3_node1] Client GET: key='item:2456'
[dc3_node1] Reading from preference list: ['localhost:50089', 'localhost:50215']
[dc3_node1] Saved 97 keys to disk
[dc3_node1] Key='item:2456' not found
[dc3_node1] Retrieved key='item:2619', versions=8
[dc3_node1] CONFLICT: 8 sibling versions for 'item:2456'
[dc3_node1] Internal PUT (replication): key='item:2049'
[dc3_node1] CONFLICT detected for key='item:2049', siblings=9
[dc3_node1] Saved 97 keys to disk
[dc3_node1] Client PUT: key='item:0721', value='value_721_update_client31_op958'
[dc3_node1] Preference list for 'item:0721': ['localhost:50158', 'localhost:50211', 'localhost:50053']
[dc3_node1] Coordinator NOT in preference list, forwarding only
[dc3_node1] Replicated to localhost:50053
[dc3_node1] Internal PUT (replication): key='item:0604'
[dc3_node1] CONFLICT detected for key='item:0604', siblings=7
[dc3_node1] Replicated to localhost:50158
[dc3_node1] W-quorum achieved (2 writes), returning to client
[dc3_node1] Background replication continues for remaining nodes
[dc3_node1] Successful writes: 2/3
[dc3_node1] Saved 97 keys to disk
[dc3_node1] Client PUT: key='item:1225', value='value_1225_client27_op964'
[dc3_node1] Preference list for 'item:1225': ['localhost:50059', 'localhost:50104', 'localhost:50178']
[dc3_node1] Coordinator NOT in preference list, forwarding only
[dc3_node1] Replicated to localhost:50059
[dc3_node1] Replicated to localhost:50211
[dc3_node1] Internal PUT (replication): key='item:4710'
[dc3_node1] CONFLICT detected for key='item:4710', siblings=7
[dc3_node1] Saved 97 keys to disk
[dc3_node1] Replicated to localhost:50178
[dc3_node1] W-quorum achieved (2 writes), returning to client
[dc3_node1] Background replication continues for remaining nodes
[dc3_node1] Successful writes: 2/3
[dc3_node1] Replicated to localhost:50104
[dc3_node1] Internal PUT (replication): key='item:4586'
[dc3_node1] CONFLICT detected for key='item:4586', siblings=11
[dc3_node1] Saved 97 keys to disk
[dc3_node1] Client GET: key='item:3209'
[dc3_node1] Reading from preference list: ['localhost:50127', 'localhost:50192']
[dc3_node1] Key='item:3209' not found
[dc3_node1] CONFLICT: 12 sibling versions for 'item:3209'
[dc3_node1] Client PUT: key='item:2957', value='value_2957_client28_op980'
[dc3_node1] Preference list for 'item:2957': ['localhost:50229', 'localhost:50208', 'localhost:50149']
[dc3_node1] Coordinator NOT in preference list, forwarding only
[dc3_node1] Replicated to localhost:50229
[dc3_node1] Replicated to localhost:50149
[dc3_node1] W-quorum achieved (2 writes), returning to client
[dc3_node1] Background replication continues for remaining nodes
[dc3_node1] Successful writes: 2/3
[dc3_node1] Internal PUT (replication): key='item:2196'
[dc3_node1] CONFLICT detected for key='item:2196', siblings=12
[dc3_node1] Replicated to localhost:50208
[dc3_node1] Saved 97 keys to disk
[dc3_node1] Client PUT: key='item:1046', value='value_1046_client18_op990'
[dc3_node1] Preference list for 'item:1046': ['localhost:50169', 'localhost:50102', 'localhost:50248']
[dc3_node1] Coordinator NOT in preference list, forwarding only
[dc3_node1] Replicated to localhost:50248
[dc3_node1] Replicated to localhost:50169
[dc3_node1] Replicated to localhost:50102
[dc3_node1] W-quorum achieved (2 writes), returning to client
[dc3_node1] Background replication continues for remaining nodes
[dc3_node1] Successful writes: 3/3
[dc3_node1] Internal PUT (replication): key='item:3823'
[dc3_node1] CONFLICT detected for key='item:3823', siblings=10
[dc3_node1] Saved 97 keys to disk
[dc3_node1] Retrieved key='item:0392', versions=9
[dc3_node1] Internal PUT (replication): key='item:0627'
[dc3_node1] CONFLICT detected for key='item:0627', siblings=10
[dc3_node1] Internal PUT (replication): key='item:2083'
[dc3_node1] Internal PUT (replication): key='item:2840'
[dc3_node1] Client GET: key='item:0878'
[dc3_node1] Reading from preference list: ['localhost:50132', 'localhost:50157']
[dc3_node1] Internal PUT (replication): key='item:1069'
[dc3_node1] Saved 97 keys to disk
[dc3_node1] CONFLICT detected for key='item:2083', siblings=12
[dc3_node1] Saved 97 keys to disk
[dc3_node1] Retrieved key='item:2607', versions=6
[dc3_node1] CONFLICT detected for key='item:2840', siblings=6
[dc3_node1] Saved 97 keys to disk
[dc3_node1] Key='item:0878' not found
[dc3_node1] CONFLICT detected for key='item:1069', siblings=9
[dc3_node1] Saved 97 keys to disk
[dc3_node1] CONFLICT: 12 sibling versions for 'item:0878'
[dc3_node1] Retrieved key='item:2418', versions=7
[dc3_node1] Internal PUT (replication): key='item:4732'
[dc3_node1] CONFLICT detected for key='item:4732', siblings=7
[dc3_node1] Client GET: key='item:4832'
[dc3_node1] Reading from preference list: ['localhost:50142', 'localhost:50060']
[dc3_node1] Saved 97 keys to disk
[dc3_node1] Retrieved key='item:0106', versions=9
[dc3_node1] Key='item:4832' not found
[dc3_node1] Internal PUT (replication): key='item:0274'
[dc3_node1] CONFLICT detected for key='item:0274', siblings=9
[dc3_node1] Saved 97 keys to disk
[dc3_node1] CONFLICT: 16 sibling versions for 'item:4832'
[dc3_node1] Internal PUT (replication): key='item:0150'
[dc3_node1] CONFLICT detected for key='item:0150', siblings=14
[dc3_node1] Saved 97 keys to disk
[dc3_node1] Internal PUT (replication): key='item:1088'
[dc3_node1] CONFLICT detected for key='item:1088', siblings=9
[dc3_node1] Client GET: key='item:2369'
[dc3_node1] Reading from preference list: ['localhost:50127', 'localhost:50057']
[dc3_node1] Saved 97 keys to disk
[dc3_node1] Key='item:2369' not found
[dc3_node1] CONFLICT: 12 sibling versions for 'item:2369'
[dc3_node1] Retrieved key='item:2607', versions=6
[dc3_node1] Internal PUT (replication): key='item:0701'
[dc3_node1] CONFLICT detected for key='item:0701', siblings=2
[dc3_node1] Saved 97 keys to disk
[dc3_node1] Internal PUT (replication): key='item:1365'
[dc3_node1] CONFLICT detected for key='item:1365', siblings=8
[dc3_node1] Saved 97 keys to disk
[dc3_node1] Internal PUT (replication): key='item:1513'
[dc3_node1] CONFLICT detected for key='item:1513', siblings=7
[dc3_node1] Internal PUT (replication): key='item:1663'
[dc3_node1] Saved 97 keys to disk
[dc3_node1] CONFLICT detected for key='item:1663', siblings=10
[dc3_node1] Saved 97 keys to disk
[dc3_node1] Internal PUT (replication): key='item:2418'
[dc3_node1] CONFLICT detected for key='item:2418', siblings=8
[dc3_node1] Saved 97 keys to disk
[dc3_node1] Retrieved key='item:1365', versions=8
[dc3_node1] Client PUT: key='item:0915', value='value_915_update_client5_op1005'
[dc3_node1] Preference list for 'item:0915': ['localhost:50142', 'localhost:50062', 'localhost:50091']
[dc3_node1] CONFLICT detected for key='item:0915', siblings=2
[dc3_node1] Saved 97 keys to disk
[dc3_node1] Coordinator IS in preference list, stored locally
[dc3_node1] Retrieved key='item:0836', versions=4
[dc3_node1] Internal PUT (replication): key='item:1706'
[dc3_node1] CONFLICT detected for key='item:1706', siblings=9
[dc3_node1] Replicated to localhost:50062
[dc3_node1] W-quorum achieved (2 writes), returning to client
[dc3_node1] Background replication continues for remaining nodes
[dc3_node1] Successful writes: 2/3
[dc3_node1] Replicated to localhost:50142
[dc3_node1] Saved 97 keys to disk
[dc3_node1] Internal PUT (replication): key='item:2049'
[dc3_node1] CONFLICT detected for key='item:2049', siblings=10
[dc3_node1] Saved 97 keys to disk
[dc3_node1] Internal PUT (replication): key='item:0836'
[dc3_node1] CONFLICT detected for key='item:0836', siblings=5
[dc3_node1] Internal PUT (replication): key='item:2083'
[dc3_node1] Internal PUT (replication): key='item:0869'
[dc3_node1] Internal PUT (replication): key='item:0044'
[dc3_node1] Saved 97 keys to disk
[dc3_node1] CONFLICT detected for key='item:2083', siblings=13
[dc3_node1] Saved 97 keys to disk
[dc3_node1] CONFLICT detected for key='item:0869', siblings=5
[dc3_node1] Saved 97 keys to disk
[dc3_node1] CONFLICT detected for key='item:0044', siblings=5
[dc3_node1] Internal PUT (replication): key='item:3689'
[dc3_node1] Saved 97 keys to disk
[dc3_node1] CONFLICT detected for key='item:3689', siblings=11
[dc3_node1] Saved 97 keys to disk
[dc3_node1] Internal PUT (replication): key='item:4467'
[dc3_node1] CONFLICT detected for key='item:4467', siblings=13
[dc3_node1] Saved 97 keys to disk
[dc3_node1] Internal PUT (replication): key='item:0387'
[dc3_node1] CONFLICT detected for key='item:0387', siblings=7
[dc3_node1] Saved 97 keys to disk
[dc3_node1] Internal PUT (replication): key='item:2418'
[dc3_node1] CONFLICT detected for key='item:2418', siblings=9
[dc3_node1] Saved 97 keys to disk
[dc3_node1] Retrieved key='item:2619', versions=8
[dc3_node1] Retrieved key='item:2345', versions=8
[dc3_node1] Internal PUT (replication): key='item:0893'
[dc3_node1] CONFLICT detected for key='item:0893', siblings=11
[dc3_node1] Saved 97 keys to disk
[dc3_node1] Internal PUT (replication): key='item:0869'
[dc3_node1] CONFLICT detected for key='item:0869', siblings=6
[dc3_node1] Saved 97 keys to disk
[dc3_node1] Internal PUT (replication): key='item:4339'
[dc3_node1] CONFLICT detected for key='item:4339', siblings=6
[dc3_node1] Saved 97 keys to disk
[dc3_node1] Client GET: key='item:1108'
[dc3_node1] Reading from preference list: ['localhost:50225', 'localhost:50099']
[dc3_node1] Key='item:1108' not found
[dc3_node1] CONFLICT: 9 sibling versions for 'item:1108'
[dc3_node1] Internal PUT (replication): key='item:1763'
[dc3_node1] CONFLICT detected for key='item:1763', siblings=9
[dc3_node1] Saved 97 keys to disk
[dc3_node1] Client GET: key='item:2833'
[dc3_node1] Reading from preference list: ['localhost:50073', 'localhost:50221']
[dc3_node1] Key='item:2833' not found
[dc3_node1] CONFLICT: 8 sibling versions for 'item:2833'
[dc3_node1] Client PUT: key='item:0940', value='value_940_client37_op1021'
[dc3_node1] Preference list for 'item:0940': ['localhost:50098', 'localhost:50144', 'localhost:50159']
[dc3_node1] Coordinator NOT in preference list, forwarding only
[dc3_node1] Replicated to localhost:50098
[dc3_node1] Replicated to localhost:50144
[dc3_node1] W-quorum achieved (2 writes), returning to client
[dc3_node1] Background replication continues for remaining nodes
[dc3_node1] Successful writes: 2/3
[dc3_node1] Replicated to localhost:50159
[dc3_node1] Internal PUT (replication): key='item:3527'
[dc3_node1] CONFLICT detected for key='item:3527', siblings=13
[dc3_node1] Saved 97 keys to disk
[dc3_node1] Retrieved key='item:1513', versions=7
[dc3_node1] Retrieved key='item:1317', versions=5
[dc3_node1] Internal PUT (replication): key='item:4720'
[dc3_node1] CONFLICT detected for key='item:4720', siblings=5
[dc3_node1] Saved 97 keys to disk
[dc3_node1] Internal PUT (replication): key='item:4732'
[dc3_node1] CONFLICT detected for key='item:4732', siblings=8
[dc3_node1] Saved 97 keys to disk
[dc3_node1] Retrieved key='item:4490', versions=8
[dc3_node1] Internal PUT (replication): key='item:1883'
[dc3_node1] CONFLICT detected for key='item:1883', siblings=7
[dc3_node1] Saved 97 keys to disk
[dc3_node1] Internal PUT (replication): key='item:0915'
[dc3_node1] CONFLICT detected for key='item:0915', siblings=3
[dc3_node1] Saved 97 keys to disk
[dc3_node1] Internal PUT (replication): key='item:3823'
[dc3_node1] CONFLICT detected for key='item:3823', siblings=11
[dc3_node1] Saved 97 keys to disk
[dc3_node1] Internal PUT (replication): key='item:1749'
[dc3_node1] CONFLICT detected for key='item:1749', siblings=14
[dc3_node1] Internal PUT (replication): key='item:3969'
[dc3_node1] Saved 97 keys to disk
[dc3_node1] CONFLICT detected for key='item:3969', siblings=9
[dc3_node1] Saved 97 keys to disk
[dc3_node1] Internal PUT (replication): key='item:1561'
[dc3_node1] CONFLICT detected for key='item:1561', siblings=5
[dc3_node1] Saved 97 keys to disk
[dc3_node1] Internal PUT (replication): key='item:2607'
[dc3_node1] CONFLICT detected for key='item:2607', siblings=7
[dc3_node1] Saved 97 keys to disk
[dc3_node1] Internal PUT (replication): key='item:3726'
[dc3_node1] CONFLICT detected for key='item:3726', siblings=9
[dc3_node1] Internal PUT (replication): key='item:4879'
[dc3_node1] Internal PUT (replication): key='item:0041'
[dc3_node1] Saved 97 keys to disk
[dc3_node1] CONFLICT detected for key='item:4879', siblings=9
[dc3_node1] Saved 97 keys to disk
[dc3_node1] CONFLICT detected for key='item:0041', siblings=2
[dc3_node1] Internal PUT (replication): key='item:0063'
[dc3_node1] Saved 97 keys to disk
[dc3_node1] CONFLICT detected for key='item:0063', siblings=14
[dc3_node1] Saved 97 keys to disk
[dc3_node1] Client GET: key='item:2098'
[dc3_node1] Reading from preference list: ['localhost:50250', 'localhost:50128']
[dc3_node1] Key='item:2098' not found
[dc3_node1] CONFLICT: 16 sibling versions for 'item:2098'
[dc3_node1] Internal PUT (replication): key='item:1561'
[dc3_node1] CONFLICT detected for key='item:1561', siblings=6
[dc3_node1] Client PUT: key='item:4447', value='value_4447_update_client27_op1038'
[dc3_node1] Preference list for 'item:4447': ['localhost:50244', 'localhost:50122', 'localhost:50197']
[dc3_node1] Coordinator NOT in preference list, forwarding only
[dc3_node1] Replicated to localhost:50244
[dc3_node1] Replicated to localhost:50122
[dc3_node1] W-quorum achieved (2 writes), returning to client
[dc3_node1] Background replication continues for remaining nodes
[dc3_node1] Successful writes: 2/3
[dc3_node1] Saved 97 keys to disk
[dc3_node1] Retrieved key='item:4490', versions=8
[dc3_node1] Retrieved key='item:4949', versions=6
[dc3_node1] Client PUT: key='item:3272', value='value_3272_client5_op1046'
[dc3_node1] Preference list for 'item:3272': ['localhost:50073', 'localhost:50144', 'localhost:50051']
[dc3_node1] Coordinator NOT in preference list, forwarding only
[dc3_node1] Replicated to localhost:50144
[dc3_node1] Replicated to localhost:50073
[dc3_node1] W-quorum achieved (2 writes), returning to client
[dc3_node1] Background replication continues for remaining nodes
[dc3_node1] Successful writes: 2/3
[dc3_node1] Replicated to localhost:50197
[dc3_node1] Replicated to localhost:50051
[dc3_node1] Internal PUT (replication): key='item:4771'
[dc3_node1] CONFLICT detected for key='item:4771', siblings=5
[dc3_node1] Saved 97 keys to disk
[dc3_node1] Internal PUT (replication): key='item:2049'
[dc3_node1] CONFLICT detected for key='item:2049', siblings=11
[dc3_node1] Saved 97 keys to disk
[dc3_node1] Internal PUT (replication): key='item:0274'
[dc3_node1] CONFLICT detected for key='item:0274', siblings=9
[dc3_node1] Saved 97 keys to disk
[dc3_node1] Client GET: key='item:1440'
[dc3_node1] Reading from preference list: ['localhost:50130', 'localhost:50145']
[dc3_node1] Key='item:1440' not found
[dc3_node1] CONFLICT: 10 sibling versions for 'item:1440'
[dc3_node1] Retrieved key='item:1832', versions=5
[dc3_node1] Internal PUT (replication): key='item:4738'
[dc3_node1] CONFLICT detected for key='item:4738', siblings=9
[dc3_node1] Saved 97 keys to disk
[dc3_node1] Retrieved key='item:2345', versions=8
[dc3_node1] Internal PUT (replication): key='item:3230'
[dc3_node1] CONFLICT detected for key='item:3230', siblings=4
[dc3_node1] Internal PUT (replication): key='item:0604'
[dc3_node1] Saved 97 keys to disk
[dc3_node1] CONFLICT detected for key='item:0604', siblings=8
[dc3_node1] Client PUT: key='item:4661', value='value_4661_update_client10_op1050'
[dc3_node1] Preference list for 'item:4661': ['localhost:50229', 'localhost:50115', 'localhost:50105']
[dc3_node1] Coordinator NOT in preference list, forwarding only
[dc3_node1] Client PUT: key='item:4744', value='value_4744_update_client18_op1055'
[dc3_node1] Preference list for 'item:4744': ['localhost:50172', 'localhost:50224', 'localhost:50052']
[dc3_node1] Coordinator NOT in preference list, forwarding only
[dc3_node1] Saved 97 keys to disk
[dc3_node1] Replicated to localhost:50229
[dc3_node1] Internal PUT (replication): key='item:4738'
[dc3_node1] CONFLICT detected for key='item:4738', siblings=10
[dc3_node1] Replicated to localhost:50115
[dc3_node1] Saved 97 keys to disk
[dc3_node1] Replicated to localhost:50224
[dc3_node1] W-quorum achieved (2 writes), returning to client
[dc3_node1] Background replication continues for remaining nodes
[dc3_node1] Successful writes: 2/3
[dc3_node1] Internal PUT (replication): key='item:4738'
[dc3_node1] CONFLICT detected for key='item:4738', siblings=11
[dc3_node1] Replicated to localhost:50105
[dc3_node1] Replicated to localhost:50052
[dc3_node1] W-quorum achieved (2 writes), returning to client
[dc3_node1] Background replication continues for remaining nodes
[dc3_node1] Successful writes: 2/3
[dc3_node1] Saved 97 keys to disk
[dc3_node1] Client PUT: key='item:4598', value='value_4598_client43_op1066'
[dc3_node1] Preference list for 'item:4598': ['localhost:50120', 'localhost:50059', 'localhost:50223']
[dc3_node1] Coordinator NOT in preference list, forwarding only
[dc3_node1] Replicated to localhost:50172
[dc3_node1] Replicated to localhost:50223
[dc3_node1] Replicated to localhost:50120
[dc3_node1] W-quorum achieved (2 writes), returning to client
[dc3_node1] Background replication continues for remaining nodes
[dc3_node1] Successful writes: 2/3
[dc3_node1] Replicated to localhost:50059
[dc3_node1] Client PUT: key='item:3951', value='value_3951_client28_op1053'
[dc3_node1] Preference list for 'item:3951': ['localhost:50152', 'localhost:50215', 'localhost:50245']
[dc3_node1] Coordinator NOT in preference list, forwarding only
[dc3_node1] Replicated to localhost:50152
[dc3_node1] Replicated to localhost:50245
[dc3_node1] W-quorum achieved (2 writes), returning to client
[dc3_node1] Background replication continues for remaining nodes
[dc3_node1] Successful writes: 2/3
[dc3_node1] Replicated to localhost:50215
[dc3_node1] Internal PUT (replication): key='item:1352'
[dc3_node1] CONFLICT detected for key='item:1352', siblings=10
[dc3_node1] Saved 97 keys to disk
[dc3_node1] Internal PUT (replication): key='item:4879'
[dc3_node1] CONFLICT detected for key='item:4879', siblings=10
[dc3_node1] Saved 97 keys to disk
[dc3_node1] Retrieved key='item:1683', versions=6
[dc3_node1] Retrieved key='item:2345', versions=8
[dc3_node1] Internal PUT (replication): key='item:0276'
[dc3_node1] Stored NEW key='item:0276', value='value_276_client33_op1041', clock={dc3_node18:1}
[dc3_node1] Internal PUT (replication): key='item:0915'
[dc3_node1] Saved 98 keys to disk
[dc3_node1] CONFLICT detected for key='item:0915', siblings=4
[dc3_node1] Saved 98 keys to disk
[dc3_node1] Retrieved key='item:1084', versions=9
[dc3_node1] Retrieved key='item:4301', versions=6
[dc3_node1] Internal PUT (replication): key='item:4620'
[dc3_node1] CONFLICT detected for key='item:4620', siblings=8
[dc3_node1] Saved 98 keys to disk
[dc3_node1] Client GET: key='item:2606'
[dc3_node1] Reading from preference list: ['localhost:50210', 'localhost:50103']
[dc3_node1] Key='item:2606' not found
[dc3_node1] CONFLICT: 12 sibling versions for 'item:2606'
[dc3_node1] Retrieved key='item:3796', versions=5
[dc3_node1] Internal PUT (replication): key='item:2607'
[dc3_node1] CONFLICT detected for key='item:2607', siblings=8
[dc3_node1] Internal PUT (replication): key='item:1763'
[dc3_node1] Saved 98 keys to disk
[dc3_node1] CONFLICT detected for key='item:1763', siblings=10
[dc3_node1] Saved 98 keys to disk
[dc3_node1] Retrieved key='item:0044', versions=5
[dc3_node1] Internal PUT (replication): key='item:4720'
[dc3_node1] CONFLICT detected for key='item:4720', siblings=6
[dc3_node1] Saved 98 keys to disk
[dc3_node1] Client PUT: key='item:1588', value='value_1588_client35_op1051'
[dc3_node1] Preference list for 'item:1588': ['localhost:50197', 'localhost:50135', 'localhost:50103']
[dc3_node1] Coordinator NOT in preference list, forwarding only
[dc3_node1] Replicated to localhost:50197
[dc3_node1] Internal PUT (replication): key='item:4720'
[dc3_node1] CONFLICT detected for key='item:4720', siblings=7
[dc3_node1] Replicated to localhost:50135
[dc3_node1] Saved 98 keys to disk
[dc3_node1] W-quorum achieved (2 writes), returning to client
[dc3_node1] Background replication continues for remaining nodes
[dc3_node1] Successful writes: 2/3
[dc3_node1] Replicated to localhost:50103
[dc3_node1] Retrieved key='item:1683', versions=6
[dc3_node1] Internal PUT (replication): key='item:0063'
[dc3_node1] CONFLICT detected for key='item:0063', siblings=15
[dc3_node1] Saved 98 keys to disk
[dc3_node1] Client PUT: key='item:3967', value='value_3967_client29_op1095'
[dc3_node1] Preference list for 'item:3967': ['localhost:50147', 'localhost:50064', 'localhost:50111']
[dc3_node1] Coordinator NOT in preference list, forwarding only
[dc3_node1] Replicated to localhost:50064
[dc3_node1] Retrieved key='item:1561', versions=6
[dc3_node1] Replicated to localhost:50111
[dc3_node1] Replicated to localhost:50147
[dc3_node1] W-quorum achieved (2 writes), returning to client
[dc3_node1] Background replication continues for remaining nodes
[dc3_node1] Successful writes: 3/3
[dc3_node1] Client PUT: key='item:1522', value='value_1522_client43_op1087'
[dc3_node1] Preference list for 'item:1522': ['localhost:50099', 'localhost:50132', 'localhost:50130']
[dc3_node1] Coordinator NOT in preference list, forwarding only
[dc3_node1] Internal PUT (replication): key='item:0063'
[dc3_node1] CONFLICT detected for key='item:0063', siblings=16
[dc3_node1] Saved 98 keys to disk
[dc3_node1] Replicated to localhost:50132
[dc3_node1] Replicated to localhost:50099
[dc3_node1] W-quorum achieved (2 writes), returning to client
[dc3_node1] Background replication continues for remaining nodes
[dc3_node1] Successful writes: 2/3
[dc3_node1] Replicated to localhost:50130
[dc3_node1] Internal PUT (replication): key='item:0131'
[dc3_node1] CONFLICT detected for key='item:0131', siblings=5
[dc3_node1] Saved 98 keys to disk
[dc3_node1] Internal PUT (replication): key='item:2418'
[dc3_node1] CONFLICT detected for key='item:2418', siblings=10
[dc3_node1] Saved 98 keys to disk
[dc3_node1] Internal PUT (replication): key='item:1069'
[dc3_node1] CONFLICT detected for key='item:1069', siblings=9
[dc3_node1] Saved 98 keys to disk
[dc3_node1] Internal PUT (replication): key='item:1820'
[dc3_node1] CONFLICT detected for key='item:1820', siblings=8
[dc3_node1] Saved 98 keys to disk
[dc3_node1] Internal PUT (replication): key='item:4337'
[dc3_node1] Stored NEW key='item:4337', value='value_4337_update_client4_op1097', clock={dc1_node5:1}
[dc3_node1] Saved 99 keys to disk
[dc3_node1] Internal PUT (replication): key='item:3477'
[dc3_node1] Stored NEW key='item:3477', value='value_3477_client44_op1076', clock={dc2_node20:1}
[dc3_node1] Saved 100 keys to disk
[dc3_node1] Client PUT: key='item:0954', value='value_954_update_client15_op1078'
[dc3_node1] Preference list for 'item:0954': ['localhost:50165', 'localhost:50142', 'localhost:50054']
[dc3_node1] Coordinator NOT in preference list, forwarding only
[dc3_node1] Replicated to localhost:50142
[dc3_node1] Replicated to localhost:50165
[dc3_node1] W-quorum achieved (2 writes), returning to client
[dc3_node1] Background replication continues for remaining nodes
[dc3_node1] Successful writes: 2/3
[dc3_node1] Replicated to localhost:50054
[dc3_node1] Internal PUT (replication): key='item:0150'
[dc3_node1] CONFLICT detected for key='item:0150', siblings=15
[dc3_node1] Saved 100 keys to disk
[dc3_node1] Internal PUT (replication): key='item:2529'
[dc3_node1] CONFLICT detected for key='item:2529', siblings=11
[dc3_node1] Saved 100 keys to disk
[dc3_node1] Client PUT: key='item:3747', value='value_3747_update_client33_op1070'
[dc3_node1] Preference list for 'item:3747': ['localhost:50099', 'localhost:50173', 'localhost:50112']
[dc3_node1] Coordinator NOT in preference list, forwarding only
[dc3_node1] Replicated to localhost:50112
[dc3_node1] Replicated to localhost:50173
[dc3_node1] W-quorum achieved (2 writes), returning to client
[dc3_node1] Background replication continues for remaining nodes
[dc3_node1] Successful writes: 2/3
[dc3_node1] Replicated to localhost:50099
[dc3_node1] Internal PUT (replication): key='item:2871'
[dc3_node1] CONFLICT detected for key='item:2871', siblings=8
[dc3_node1] Saved 100 keys to disk
[dc3_node1] Internal PUT (replication): key='item:4720'
[dc3_node1] CONFLICT detected for key='item:4720', siblings=7
[dc3_node1] Saved 100 keys to disk
[dc3_node1] Client PUT: key='item:4288', value='value_4288_client24_op1091'
[dc3_node1] Preference list for 'item:4288': ['localhost:50059', 'localhost:50174', 'localhost:50111']
[dc3_node1] Coordinator NOT in preference list, forwarding only
[dc3_node1] Replicated to localhost:50059
[dc3_node1] Replicated to localhost:50174
[dc3_node1] Replicated to localhost:50111
[dc3_node1] W-quorum achieved (2 writes), returning to client
[dc3_node1] Background replication continues for remaining nodes
[dc3_node1] Successful writes: 3/3
[dc3_node1] Client PUT: key='item:2247', value='value_2247_client21_op1090'
[dc3_node1] Preference list for 'item:2247': ['localhost:50052', 'localhost:50148', 'localhost:50097']
[dc3_node1] Coordinator NOT in preference list, forwarding only
[dc3_node1] Replicated to localhost:50052
[dc3_node1] Replicated to localhost:50097
[dc3_node1] W-quorum achieved (2 writes), returning to client
[dc3_node1] Background replication continues for remaining nodes
[dc3_node1] Successful writes: 2/3
[dc3_node1] Replicated to localhost:50148
[dc3_node1] Client PUT: key='item:1587', value='value_1587_update_client5_op1108'
[dc3_node1] Preference list for 'item:1587': ['localhost:50117', 'localhost:50184', 'localhost:50247']
[dc3_node1] Coordinator NOT in preference list, forwarding only
[dc3_node1] Replicated to localhost:50184
[dc3_node1] Internal PUT (replication): key='item:4339'
[dc3_node1] CONFLICT detected for key='item:4339', siblings=7
[dc3_node1] Internal PUT (replication): key='item:1352'
[dc3_node1] Saved 100 keys to disk
[dc3_node1] CONFLICT detected for key='item:1352', siblings=11
[dc3_node1] Replicated to localhost:50117
[dc3_node1] Replicated to localhost:50247
[dc3_node1] W-quorum achieved (2 writes), returning to client
[dc3_node1] Background replication continues for remaining nodes
[dc3_node1] Successful writes: 3/3
[dc3_node1] Saved 100 keys to disk
[dc3_node1] Internal PUT (replication): key='item:1706'
[dc3_node1] CONFLICT detected for key='item:1706', siblings=10
[dc3_node1] Saved 100 keys to disk
[dc3_node1] Internal PUT (replication): key='item:4490'
[dc3_node1] CONFLICT detected for key='item:4490', siblings=9
[dc3_node1] Saved 100 keys to disk
[dc3_node1] Internal PUT (replication): key='item:0150'
[dc3_node1] CONFLICT detected for key='item:0150', siblings=16
[dc3_node1] Saved 100 keys to disk
[dc3_node1] Retrieved key='item:1513', versions=7
[dc3_node1] Internal PUT (replication): key='item:1820'
[dc3_node1] CONFLICT detected for key='item:1820', siblings=9
[dc3_node1] Saved 100 keys to disk
[dc3_node1] Client PUT: key='item:1114', value='value_1114_update_client18_op1113'
[dc3_node1] Preference list for 'item:1114': ['localhost:50152', 'localhost:50056', 'localhost:50106']
[dc3_node1] Coordinator NOT in preference list, forwarding only
[dc3_node1] Internal PUT (replication): key='item:4403'
[dc3_node1] CONFLICT detected for key='item:4403', siblings=9
[dc3_node1] Replicated to localhost:50056
[dc3_node1] Internal PUT (replication): key='item:2196'
[dc3_node1] Saved 100 keys to disk
[dc3_node1] CONFLICT detected for key='item:2196', siblings=13
[dc3_node1] Replicated to localhost:50152
[dc3_node1] W-quorum achieved (2 writes), returning to client
[dc3_node1] Background replication continues for remaining nodes
[dc3_node1] Successful writes: 2/3
[dc3_node1] Replicated to localhost:50106
[dc3_node1] Internal PUT (replication): key='item:2196'
[dc3_node1] Saved 100 keys to disk
[dc3_node1] CONFLICT detected for key='item:2196', siblings=14
[dc3_node1] Saved 100 keys to disk
[dc3_node1] Retrieved key='item:0869', versions=6
[dc3_node1] Internal PUT (replication): key='item:0330'
[dc3_node1] CONFLICT detected for key='item:0330', siblings=11
[dc3_node1] Saved 100 keys to disk
[dc3_node1] Internal PUT (replication): key='item:4738'
[dc3_node1] CONFLICT detected for key='item:4738', siblings=12
[dc3_node1] Saved 100 keys to disk
[dc3_node1] Internal PUT (replication): key='item:1706'
[dc3_node1] CONFLICT detected for key='item:1706', siblings=11
[dc3_node1] Client GET: key='item:4427'
[dc3_node1] Reading from preference list: ['localhost:50066', 'localhost:50102']
[dc3_node1] Saved 100 keys to disk
[dc3_node1] Key='item:4427' not found
[dc3_node1] CONFLICT: 10 sibling versions for 'item:4427'
[dc3_node1] Internal PUT (replication): key='item:1820'
[dc3_node1] CONFLICT detected for key='item:1820', siblings=10
[dc3_node1] Saved 100 keys to disk
[dc3_node1] Internal PUT (replication): key='item:1965'
[dc3_node1] CONFLICT detected for key='item:1965', siblings=8
[dc3_node1] Client PUT: key='item:2550', value='value_2550_update_client34_op1076'
[dc3_node1] Preference list for 'item:2550': ['localhost:50193', 'localhost:50104', 'localhost:50081']
[dc3_node1] Coordinator NOT in preference list, forwarding only
[dc3_node1] Saved 100 keys to disk
[dc3_node1] Internal PUT (replication): key='item:1352'
[dc3_node1] CONFLICT detected for key='item:1352', siblings=11
[dc3_node1] Replicated to localhost:50193
[dc3_node1] Saved 100 keys to disk
[dc3_node1] Replicated to localhost:50081
[dc3_node1] W-quorum achieved (2 writes), returning to client
[dc3_node1] Background replication continues for remaining nodes
[dc3_node1] Successful writes: 2/3
[dc3_node1] Replicated to localhost:50104
[dc3_node1] Internal PUT (replication): key='item:0836'
[dc3_node1] CONFLICT detected for key='item:0836', siblings=6
[dc3_node1] Saved 100 keys to disk
[dc3_node1] Retrieved key='item:1706', versions=11
[dc3_node1] Internal PUT (replication): key='item:3726'
[dc3_node1] CONFLICT detected for key='item:3726', siblings=10
[dc3_node1] Saved 100 keys to disk
[dc3_node1] Retrieved key='item:4949', versions=6
[dc3_node1] Internal PUT (replication): key='item:0106'
[dc3_node1] CONFLICT detected for key='item:0106', siblings=10
[dc3_node1] Saved 100 keys to disk
[dc3_node1] Internal PUT (replication): key='item:3726'
[dc3_node1] CONFLICT detected for key='item:3726', siblings=11
[dc3_node1] Internal PUT (replication): key='item:1749'
[dc3_node1] Internal PUT (replication): key='item:0392'
[dc3_node1] Saved 100 keys to disk
[dc3_node1] CONFLICT detected for key='item:1749', siblings=15
[dc3_node1] Internal PUT (replication): key='item:0674'
[dc3_node1] Saved 100 keys to disk
[dc3_node1] CONFLICT detected for key='item:0392', siblings=10
[dc3_node1] Saved 100 keys to disk
[dc3_node1] CONFLICT detected for key='item:0674', siblings=8
[dc3_node1] Internal PUT (replication): key='item:3689'
[dc3_node1] Saved 100 keys to disk
[dc3_node1] CONFLICT detected for key='item:3689', siblings=12
[dc3_node1] Internal PUT (replication): key='item:2345'
[dc3_node1] Client PUT: key='item:3282', value='value_3282_client48_op1143'
[dc3_node1] Preference list for 'item:3282': ['localhost:50067', 'localhost:50189', 'localhost:50195']
[dc3_node1] Coordinator NOT in preference list, forwarding only
[dc3_node1] Internal PUT (replication): key='item:4949'
[dc3_node1] Saved 100 keys to disk
[dc3_node1] CONFLICT detected for key='item:2345', siblings=9
[dc3_node1] Internal PUT (replication): key='item:0063'
[dc3_node1] Saved 100 keys to disk
[dc3_node1] CONFLICT detected for key='item:4949', siblings=7
[dc3_node1] Replicated to localhost:50067
[dc3_node1] Replicated to localhost:50195
[dc3_node1] W-quorum achieved (2 writes), returning to client
[dc3_node1] Background replication continues for remaining nodes
[dc3_node1] Successful writes: 2/3
[dc3_node1] Replicated to localhost:50189
[dc3_node1] Client PUT: key='item:3775', value='value_3775_update_client16_op1148'
[dc3_node1] Preference list for 'item:3775': ['localhost:50215', 'localhost:50110', 'localhost:50119']
[dc3_node1] Coordinator NOT in preference list, forwarding only
[dc3_node1] Saved 100 keys to disk
[dc3_node1] CONFLICT detected for key='item:0063', siblings=16
[dc3_node1] Saved 100 keys to disk
[dc3_node1] Replicated to localhost:50215
[dc3_node1] Replicated to localhost:50119
[dc3_node1] Replicated to localhost:50110
[dc3_node1] W-quorum achieved (2 writes), returning to client
[dc3_node1] Background replication continues for remaining nodes
[dc3_node1] Successful writes: 3/3
[dc3_node1] Internal PUT (replication): key='item:0387'
[dc3_node1] CONFLICT detected for key='item:0387', siblings=8
[dc3_node1] Saved 100 keys to disk
[dc3_node1] Internal PUT (replication): key='item:4586'
[dc3_node1] CONFLICT detected for key='item:4586', siblings=12
[dc3_node1] Internal PUT (replication): key='item:3689'
[dc3_node1] Saved 100 keys to disk
[dc3_node1] Retrieved key='item:2529', versions=11
[dc3_node1] CONFLICT detected for key='item:3689', siblings=13
[dc3_node1] Saved 100 keys to disk
[dc3_node1] Internal PUT (replication): key='item:4620'
[dc3_node1] CONFLICT detected for key='item:4620', siblings=9
[dc3_node1] Saved 100 keys to disk
[dc3_node1] Client PUT: key='item:2218', value='value_2218_client36_op1133'
[dc3_node1] Preference list for 'item:2218': ['localhost:50062', 'localhost:50088', 'localhost:50181']
[dc3_node1] Coordinator NOT in preference list, forwarding only
[dc3_node1] Replicated to localhost:50088
[dc3_node1] Internal PUT (replication): key='item:4339'
[dc3_node1] CONFLICT detected for key='item:4339', siblings=8
[dc3_node1] Saved 100 keys to disk
[dc3_node1] Replicated to localhost:50062
[dc3_node1] Replicated to localhost:50181
[dc3_node1] W-quorum achieved (2 writes), returning to client
[dc3_node1] Background replication continues for remaining nodes
[dc3_node1] Successful writes: 3/3
[dc3_node1] Internal PUT (replication): key='item:3796'
[dc3_node1] CONFLICT detected for key='item:3796', siblings=6
[dc3_node1] Saved 100 keys to disk
[dc3_node1] Client GET: key='item:2850'
[dc3_node1] Reading from preference list: ['localhost:50107', 'localhost:50087']
[dc3_node1] Key='item:2850' not found
[dc3_node1] CONFLICT: 12 sibling versions for 'item:2850'
[dc3_node1] Internal PUT (replication): key='item:0387'
[dc3_node1] CONFLICT detected for key='item:0387', siblings=9
[dc3_node1] Internal PUT (replication): key='item:1084'
[dc3_node1] Saved 100 keys to disk
[dc3_node1] CONFLICT detected for key='item:1084', siblings=10
[dc3_node1] Internal PUT (replication): key='item:1369'
[dc3_node1] Internal PUT (replication): key='item:4771'
[dc3_node1] Saved 100 keys to disk
[dc3_node1] CONFLICT detected for key='item:1369', siblings=10
[dc3_node1] Saved 100 keys to disk
[dc3_node1] CONFLICT detected for key='item:4771', siblings=6
[dc3_node1] Client PUT: key='item:2226', value='value_2226_client40_op1126'
[dc3_node1] Preference list for 'item:2226': ['localhost:50175', 'localhost:50132', 'localhost:50093']
[dc3_node1] Coordinator NOT in preference list, forwarding only
[dc3_node1] Replicated to localhost:50175
[dc3_node1] Replicated to localhost:50093
[dc3_node1] W-quorum achieved (2 writes), returning to client
[dc3_node1] Background replication continues for remaining nodes
[dc3_node1] Successful writes: 2/3
[dc3_node1] Saved 100 keys to disk
[dc3_node1] Replicated to localhost:50132
[dc3_node1] Retrieved key='item:0651', versions=9
[dc3_node1] Client PUT: key='item:0373', value='value_373_client0_op1135'
[dc3_node1] Preference list for 'item:0373': ['localhost:50089', 'localhost:50103', 'localhost:50190']
[dc3_node1] Coordinator NOT in preference list, forwarding only
[dc3_node1] Internal PUT (replication): key='item:4403'
[dc3_node1] CONFLICT detected for key='item:4403', siblings=10
[dc3_node1] Replicated to localhost:50089
[dc3_node1] Replicated to localhost:50190
[dc3_node1] Replicated to localhost:50103
[dc3_node1] W-quorum achieved (2 writes), returning to client
[dc3_node1] Background replication continues for remaining nodes
[dc3_node1] Successful writes: 3/3
[dc3_node1] Internal PUT (replication): key='item:3726'
[dc3_node1] Client PUT: key='item:3750', value='value_3750_update_client38_op1129'
[dc3_node1] Preference list for 'item:3750': ['localhost:50250', 'localhost:50117', 'localhost:50088']
[dc3_node1] Coordinator NOT in preference list, forwarding only
[dc3_node1] Saved 100 keys to disk
[dc3_node1] CONFLICT detected for key='item:3726', siblings=12
[dc3_node1] Replicated to localhost:50250
[dc3_node1] Internal PUT (replication): key='item:2619'
[dc3_node1] Saved 100 keys to disk
[dc3_node1] CONFLICT detected for key='item:2619', siblings=9
[dc3_node1] Saved 100 keys to disk
[dc3_node1] Replicated to localhost:50088
[dc3_node1] Replicated to localhost:50117
[dc3_node1] W-quorum achieved (2 writes), returning to client
[dc3_node1] Background replication continues for remaining nodes
[dc3_node1] Successful writes: 3/3
[dc3_node1] Client PUT: key='item:1880', value='value_1880_update_client45_op1134'
[dc3_node1] Preference list for 'item:1880': ['localhost:50242', 'localhost:50126', 'localhost:50070']
[dc3_node1] Coordinator NOT in preference list, forwarding only
[dc3_node1] Internal PUT (replication): key='item:1763'
[dc3_node1] CONFLICT detected for key='item:1763', siblings=11
[dc3_node1] Internal PUT (replication): key='item:2006'
[dc3_node1] Replicated to localhost:50126
[dc3_node1] Client GET: key='item:3873'
[dc3_node1] Reading from preference list: ['localhost:50207', 'localhost:50081']
[dc3_node1] Saved 100 keys to disk
[dc3_node1] CONFLICT detected for key='item:2006', siblings=9
[dc3_node1] Replicated to localhost:50070
[dc3_node1] Saved 100 keys to disk
[dc3_node1] Key='item:3873' not found
[dc3_node1] W-quorum achieved (2 writes), returning to client
[dc3_node1] Background replication continues for remaining nodes
[dc3_node1] Successful writes: 2/3
[dc3_node1] CONFLICT: 14 sibling versions for 'item:3873'
[dc3_node1] Client PUT: key='item:2245', value='value_2245_update_client10_op1152'
[dc3_node1] Preference list for 'item:2245': ['localhost:50147', 'localhost:50053', 'localhost:50188']
[dc3_node1] Coordinator NOT in preference list, forwarding only
[dc3_node1] Internal PUT (replication): key='item:3969'
[dc3_node1] CONFLICT detected for key='item:3969', siblings=10
[dc3_node1] Replicated to localhost:50147
[dc3_node1] Saved 100 keys to disk
[dc3_node1] Replicated to localhost:50242
[dc3_node1] Retrieved key='item:1513', versions=7
[dc3_node1] Replicated to localhost:50188
[dc3_node1] W-quorum achieved (2 writes), returning to client
[dc3_node1] Background replication continues for remaining nodes
[dc3_node1] Successful writes: 2/3
[dc3_node1] Internal PUT (replication): key='item:3527'
[dc3_node1] CONFLICT detected for key='item:3527', siblings=14
[dc3_node1] Replicated to localhost:50053
[dc3_node1] Internal PUT (replication): key='item:4738'
[dc3_node1] Saved 100 keys to disk
[dc3_node1] CONFLICT detected for key='item:4738', siblings=13
[dc3_node1] Saved 100 keys to disk
[dc3_node1] Client GET: key='item:0296'
[dc3_node1] Reading from preference list: ['localhost:50092', 'localhost:50214']
[dc3_node1] Key='item:0296' not found
[dc3_node1] Retrieved key='item:1706', versions=11
[dc3_node1] CONFLICT: 21 sibling versions for 'item:0296'
[dc3_node1] Internal PUT (replication): key='item:1763'
[dc3_node1] CONFLICT detected for key='item:1763', siblings=12
[dc3_node1] Saved 100 keys to disk
[dc3_node1] Internal PUT (replication): key='item:1820'
[dc3_node1] CONFLICT detected for key='item:1820', siblings=11
[dc3_node1] Client GET: key='item:1914'
[dc3_node1] Reading from preference list: ['localhost:50146', 'localhost:50249']
[dc3_node1] Saved 100 keys to disk
[dc3_node1] Key='item:1914' not found
[dc3_node1] Retrieved key='item:2840', versions=6
[dc3_node1] CONFLICT: 20 sibling versions for 'item:1914'
[dc3_node1] Internal PUT (replication): key='item:0627'
[dc3_node1] CONFLICT detected for key='item:0627', siblings=11
[dc3_node1] Saved 100 keys to disk
[dc3_node1] Client GET: key='item:0187'
[dc3_node1] Reading from preference list: ['localhost:50173', 'localhost:50108']
[dc3_node1] Key='item:0187' not found
[dc3_node1] CONFLICT: 18 sibling versions for 'item:0187'
[dc3_node1] Internal PUT (replication): key='item:2423'
[dc3_node1] CONFLICT detected for key='item:2423', siblings=10
[dc3_node1] Saved 100 keys to disk
[dc3_node1] Client PUT: key='item:2677', value='value_2677_update_client47_op1133'
[dc3_node1] Preference list for 'item:2677': ['localhost:50053', 'localhost:50237', 'localhost:50100']
[dc3_node1] Coordinator NOT in preference list, forwarding only
[dc3_node1] Internal PUT (replication): key='item:2423'
[dc3_node1] CONFLICT detected for key='item:2423', siblings=11
[dc3_node1] Saved 100 keys to disk
[dc3_node1] Replicated to localhost:50053
[dc3_node1] Replicated to localhost:50100
[dc3_node1] W-quorum achieved (2 writes), returning to client
[dc3_node1] Background replication continues for remaining nodes
[dc3_node1] Successful writes: 2/3
[dc3_node1] Replicated to localhost:50237
[dc3_node1] Internal PUT (replication): key='item:1365'
[dc3_node1] CONFLICT detected for key='item:1365', siblings=9
[dc3_node1] Internal PUT (replication): key='item:0627'
[dc3_node1] Saved 100 keys to disk
[dc3_node1] CONFLICT detected for key='item:0627', siblings=12
[dc3_node1] Internal PUT (replication): key='item:1965'
[dc3_node1] Saved 100 keys to disk
[dc3_node1] Retrieved key='item:1832', versions=5
[dc3_node1] CONFLICT detected for key='item:1965', siblings=9
[dc3_node1] Saved 100 keys to disk
[dc3_node1] Internal PUT (replication): key='item:4335'
[dc3_node1] CONFLICT detected for key='item:4335', siblings=8
[dc3_node1] Saved 100 keys to disk
[dc3_node1] Internal PUT (replication): key='item:4620'
[dc3_node1] CONFLICT detected for key='item:4620', siblings=10
[dc3_node1] Internal PUT (replication): key='item:1130'
[dc3_node1] Saved 100 keys to disk
[dc3_node1] CONFLICT detected for key='item:1130', siblings=8
[dc3_node1] Saved 100 keys to disk
[dc3_node1] Retrieved key='item:3019', versions=6
[dc3_node1] Internal PUT (replication): key='item:2418'
[dc3_node1] CONFLICT detected for key='item:2418', siblings=11
[dc3_node1] Saved 100 keys to disk
[dc3_node1] Internal PUT (replication): key='item:1069'
[dc3_node1] CONFLICT detected for key='item:1069', siblings=10
[dc3_node1] Saved 100 keys to disk
[dc3_node1] Client PUT: key='item:4582', value='value_4582_client14_op1141'
[dc3_node1] Preference list for 'item:4582': ['localhost:50162', 'localhost:50139', 'localhost:50084']
[dc3_node1] Coordinator NOT in preference list, forwarding only
[dc3_node1] Replicated to localhost:50139
[dc3_node1] Replicated to localhost:50162
[dc3_node1] W-quorum achieved (2 writes), returning to client
[dc3_node1] Background replication continues for remaining nodes
[dc3_node1] Successful writes: 2/3
[dc3_node1] Internal PUT (replication): key='item:1369'
[dc3_node1] CONFLICT detected for key='item:1369', siblings=11
[dc3_node1] Replicated to localhost:50084
[dc3_node1] Internal PUT (replication): key='item:0915'
[dc3_node1] Saved 100 keys to disk
[dc3_node1] CONFLICT detected for key='item:0915', siblings=5
[dc3_node1] Saved 100 keys to disk
[dc3_node1] Retrieved key='item:1559', versions=10
[dc3_node1] Internal PUT (replication): key='item:3796'
[dc3_node1] CONFLICT detected for key='item:3796', siblings=7
[dc3_node1] Saved 100 keys to disk
[dc3_node1] Retrieved key='item:0106', versions=10
[dc3_node1] Client PUT: key='item:1977', value='value_1977_update_client11_op1164'
[dc3_node1] Preference list for 'item:1977': ['localhost:50081', 'localhost:50200', 'localhost:50122']
[dc3_node1] Coordinator NOT in preference list, forwarding only
[dc3_node1] Replicated to localhost:50122
[dc3_node1] Replicated to localhost:50081
[dc3_node1] Replicated to localhost:50242
[dc3_node1] Replicated to localhost:50122
[dc3_node1] W-quorum achieved (2 writes), returning to client
[dc3_node1] Background replication continues for remaining nodes
[dc3_node1] Successful writes: 2/3
[dc3_node1] W-quorum achieved (2 writes), returning to client
[dc3_node1] Background replication continues for remaining nodes
[dc3_node1] Successful writes: 2/3
[dc3_node1] Replicated to localhost:50161
[dc3_node1] Replicated to localhost:50200
[dc3_node1] Client GET: key='item:1133'
[dc3_node1] Reading from preference list: ['localhost:50095', 'localhost:50244']
[dc3_node1] Key='item:1133' not found
[dc3_node1] Internal PUT (replication): key='item:0915'
[dc3_node1] CONFLICT detected for key='item:0915', siblings=6
[dc3_node1] Saved 100 keys to disk
[dc3_node1] CONFLICT: 15 sibling versions for 'item:1133'
[dc3_node1] Client PUT: key='item:1977', value='value_1977_client48_op1196'
[dc3_node1] Preference list for 'item:1977': ['localhost:50081', 'localhost:50200', 'localhost:50122']
[dc3_node1] Coordinator NOT in preference list, forwarding only
[dc3_node1] Internal PUT (replication): key='item:1352'
[dc3_node1] CONFLICT detected for key='item:1352', siblings=12
[dc3_node1] Internal PUT (replication): key='item:3823'
[dc3_node1] Replicated to localhost:50200
[dc3_node1] Replicated to localhost:50081
[dc3_node1] Saved 100 keys to disk
[dc3_node1] CONFLICT detected for key='item:3823', siblings=12
[dc3_node1] W-quorum achieved (2 writes), returning to client
[dc3_node1] Background replication continues for remaining nodes
[dc3_node1] Successful writes: 2/3
[dc3_node1] Saved 100 keys to disk
[dc3_node1] Replicated to localhost:50122
[dc3_node1] Client PUT: key='item:4918', value='value_4918_client30_op1190'
[dc3_node1] Preference list for 'item:4918': ['localhost:50107', 'localhost:50158', 'localhost:50232']
[dc3_node1] Coordinator NOT in preference list, forwarding only
[dc3_node1] Replicated to localhost:50232
[dc3_node1] Replicated to localhost:50107
[dc3_node1] W-quorum achieved (2 writes), returning to client
[dc3_node1] Background replication continues for remaining nodes
[dc3_node1] Successful writes: 2/3
[dc3_node1] Internal PUT (replication): key='item:1820'
[dc3_node1] CONFLICT detected for key='item:1820', siblings=12
[dc3_node1] Replicated to localhost:50158
[dc3_node1] Saved 100 keys to disk
[dc3_node1] Client PUT: key='item:3038', value='value_3038_update_client33_op1169'
[dc3_node1] Preference list for 'item:3038': ['localhost:50099', 'localhost:50134', 'localhost:50070']
[dc3_node1] Coordinator NOT in preference list, forwarding only
[dc3_node1] Replicated to localhost:50099
[dc3_node1] Retrieved key='item:1352', versions=12
[dc3_node1] Replicated to localhost:50134
[dc3_node1] W-quorum achieved (2 writes), returning to client
[dc3_node1] Background replication continues for remaining nodes
[dc3_node1] Successful writes: 2/3
[dc3_node1] Replicated to localhost:50070
[dc3_node1] Internal PUT (replication): key='item:2006'
[dc3_node1] CONFLICT detected for key='item:2006', siblings=10
[dc3_node1] Saved 100 keys to disk
[dc3_node1] Internal PUT (replication): key='item:1883'
[dc3_node1] CONFLICT detected for key='item:1883', siblings=8
[dc3_node1] Internal PUT (replication): key='item:1624'
[dc3_node1] Saved 100 keys to disk
[dc3_node1] CONFLICT detected for key='item:1624', siblings=10
[dc3_node1] Saved 100 keys to disk
[dc3_node1] Internal PUT (replication): key='item:2871'
[dc3_node1] CONFLICT detected for key='item:2871', siblings=9
[dc3_node1] Saved 100 keys to disk
[dc3_node1] Internal PUT (replication): key='item:0106'
[dc3_node1] CONFLICT detected for key='item:0106', siblings=11
[dc3_node1] Saved 100 keys to disk
[dc3_node1] Internal PUT (replication): key='item:1084'
[dc3_node1] CONFLICT detected for key='item:1084', siblings=11
[dc3_node1] Saved 100 keys to disk
[dc3_node1] Client PUT: key='item:0942', value='value_942_client26_op1169'
[dc3_node1] Preference list for 'item:0942': ['localhost:50054', 'localhost:50171', 'localhost:50248']
[dc3_node1] Coordinator NOT in preference list, forwarding only
[dc3_node1] Replicated to localhost:50054
[dc3_node1] Replicated to localhost:50248
[dc3_node1] W-quorum achieved (2 writes), returning to client
[dc3_node1] Background replication continues for remaining nodes
[dc3_node1] Successful writes: 2/3
[dc3_node1] Replicated to localhost:50171
[dc3_node1] Client PUT: key='item:1008', value='value_1008_update_client22_op1192'
[dc3_node1] Preference list for 'item:1008': ['localhost:50151', 'localhost:50118', 'localhost:50087']
[dc3_node1] Coordinator NOT in preference list, forwarding only
[dc3_node1] Internal PUT (replication): key='item:0387'
[dc3_node1] CONFLICT detected for key='item:0387', siblings=10
[dc3_node1] Replicated to localhost:50151
[dc3_node1] Replicated to localhost:50087
[dc3_node1] Replicated to localhost:50118
[dc3_node1] W-quorum achieved (2 writes), returning to client
[dc3_node1] Background replication continues for remaining nodes
[dc3_node1] Successful writes: 3/3
[dc3_node1] Saved 100 keys to disk
[dc3_node1] Retrieved key='item:1069', versions=10
[dc3_node1] Internal PUT (replication): key='item:3527'
[dc3_node1] CONFLICT detected for key='item:3527', siblings=15
[dc3_node1] Saved 100 keys to disk
[dc3_node1] Client PUT: key='item:2126', value='value_2126_client1_op1191'
[dc3_node1] Preference list for 'item:2126': ['localhost:50173', 'localhost:50117', 'localhost:50110']
[dc3_node1] Coordinator NOT in preference list, forwarding only
[dc3_node1] Replicated to localhost:50173
[dc3_node1] Replicated to localhost:50117
[dc3_node1] W-quorum achieved (2 writes), returning to client
[dc3_node1] Background replication continues for remaining nodes
[dc3_node1] Successful writes: 2/3
[dc3_node1] Replicated to localhost:50110
[dc3_node1] Retrieved key='item:2006', versions=10
[dc3_node1] Client PUT: key='item:0207', value='value_207_update_client36_op1196'
[dc3_node1] Preference list for 'item:0207': ['localhost:50067', 'localhost:50125', 'localhost:50131']
[dc3_node1] Coordinator NOT in preference list, forwarding only
[dc3_node1] Replicated to localhost:50067
[dc3_node1] Replicated to localhost:50131
[dc3_node1] W-quorum achieved (2 writes), returning to client
[dc3_node1] Background replication continues for remaining nodes
[dc3_node1] Successful writes: 2/3
[dc3_node1] Replicated to localhost:50125
[dc3_node1] Client PUT: key='item:4922', value='value_4922_client18_op1217'
[dc3_node1] Preference list for 'item:4922': ['localhost:50199', 'localhost:50211', 'localhost:50175']
[dc3_node1] Coordinator NOT in preference list, forwarding only
[dc3_node1] Internal PUT (replication): key='item:1561'
[dc3_node1] CONFLICT detected for key='item:1561', siblings=7
[dc3_node1] Replicated to localhost:50211
[dc3_node1] Saved 100 keys to disk
[dc3_node1] Replicated to localhost:50175
[dc3_node1] Replicated to localhost:50199
[dc3_node1] W-quorum achieved (2 writes), returning to client
[dc3_node1] Background replication continues for remaining nodes
[dc3_node1] Successful writes: 3/3
[dc3_node1] Retrieved key='item:2607', versions=8
[dc3_node1] Client PUT: key='item:2261', value='value_2261_update_client0_op1202'
[dc3_node1] Preference list for 'item:2261': ['localhost:50207', 'localhost:50161', 'localhost:50129']
[dc3_node1] Coordinator NOT in preference list, forwarding only
[dc3_node1] Client GET: key='item:3156'
[dc3_node1] Reading from preference list: ['localhost:50078', 'localhost:50124']
nt29_op159",
      "vector_clock": {
        "dc2_node2": 1
      }
    }
  ],
  "item:0701": [
    {
      "value": "value_701_update_client49_op226",
      "vector_clock": {
        "dc1_node5": 1
      }
    },
    {
      "value": "value_701_update_client1_op974",
      "vector_clock": {
[dc3_node1] Key='item:3156' not found
[dc3_node1] CONFLICT: 18 sibling versions for 'item:3156'
[dc3_node1] Internal PUT (replication): key='item:2423'
[dc3_node1] CONFLICT detected for key='item:2423', siblings=12
[dc3_node1] Replicated to localhost:50129
[dc3_node1] Replicated to localhost:50161
[dc3_node1] Replicated to localhost:50207
[dc3_node1] W-quorum achieved (2 writes), returning to client
[dc3_node1] Background replication continues for remaining nodes
[dc3_node1] Successful writes: 3/3
[dc3_node1] Saved 100 keys to disk
[dc3_node1] Client PUT: key='item:2849', value='value_2849_client9_op1206'
[dc3_node1] Preference list for 'item:2849': ['localhost:50132', 'localhost:50184', 'localhost:50248']
[dc3_node1] Coordinator NOT in preference list, forwarding only
[dc3_node1] Internal PUT (replication): key='item:0627'
[dc3_node1] CONFLICT detected for key='item:0627', siblings=13
[dc3_node1] Replicated to localhost:50248
[dc3_node1] Replicated to localhost:50184
[dc3_node1] Saved 100 keys to disk
[dc3_node1] W-quorum achieved (2 writes), returning to client
[dc3_node1] Background replication continues for remaining nodes
[dc3_node1] Successful writes: 2/3
[dc3_node1] Replicated to localhost:50132
[dc3_node1] Client PUT: key='item:3504', value='value_3504_client27_op1221'
[dc3_node1] Preference list for 'item:3504': ['localhost:50186', 'localhost:50053', 'localhost:50236']
[dc3_node1] Coordinator NOT in preference list, forwarding only
[dc3_node1] Replicated to localhost:50053
[dc3_node1] Replicated to localhost:50236
[dc3_node1] W-quorum achieved (2 writes), returning to client
[dc3_node1] Background replication continues for remaining nodes
[dc3_node1] Successful writes: 2/3
[dc3_node1] Replicated to localhost:50186
[dc3_node1] Internal PUT (replication): key='item:0150'
[dc3_node1] CONFLICT detected for key='item:0150', siblings=17
[dc3_node1] Saved 100 keys to disk
[dc3_node1] Internal PUT (replication): key='item:1683'
[dc3_node1] CONFLICT detected for key='item:1683', siblings=7
[dc3_node1] Saved 100 keys to disk
[dc3_node1] Internal PUT (replication): key='item:0651'
[dc3_node1] CONFLICT detected for key='item:0651', siblings=10
[dc3_node1] Saved 100 keys to disk
[dc3_node1] Client PUT: key='item:4913', value='value_4913_client46_op1194'
[dc3_node1] Preference list for 'item:4913': ['localhost:50090', 'localhost:50197', 'localhost:50126']
[dc3_node1] Coordinator NOT in preference list, forwarding only
[dc3_node1] Replicated to localhost:50197
[dc3_node1] Replicated to localhost:50090
[dc3_node1] W-quorum achieved (2 writes), returning to client
[dc3_node1] Background replication continues for remaining nodes
[dc3_node1] Successful writes: 2/3
[dc3_node1] Internal PUT (replication): key='item:1130'
[dc3_node1] CONFLICT detected for key='item:1130', siblings=9
[dc3_node1] Replicated to localhost:50126
[dc3_node1] Saved 100 keys to disk
[dc3_node1] Internal PUT (replication): key='item:1822'
[dc3_node1] CONFLICT detected for key='item:1822', siblings=7
[dc3_node1] Saved 100 keys to disk
[dc3_node1] Internal PUT (replication): key='item:4467'
[dc3_node1] CONFLICT detected for key='item:4467', siblings=14
[dc3_node1] Saved 100 keys to disk
[dc3_node1] Internal PUT (replication): key='item:1763'
[dc3_node1] CONFLICT detected for key='item:1763', siblings=13
[dc3_node1] Client GET: key='item:0860'
[dc3_node1] Reading from preference list: ['localhost:50085', 'localhost:50164']
[dc3_node1] Saved 100 keys to disk
[dc3_node1] Key='item:0860' not found
[dc3_node1] CONFLICT: 20 sibling versions for 'item:0860'
[dc3_node1] Client PUT: key='item:3554', value='value_3554_client45_op1215'
[dc3_node1] Preference list for 'item:3554': ['localhost:50134', 'localhost:50229', 'localhost:50247']
[dc3_node1] Coordinator NOT in preference list, forwarding only
[dc3_node1] Internal PUT (replication): key='item:2871'
[dc3_node1] CONFLICT detected for key='item:2871', siblings=10
[dc3_node1] Replicated to localhost:50134
[dc3_node1] Saved 100 keys to disk
[dc3_node1] Replicated to localhost:50247
[dc3_node1] Replicated to localhost:50229
[dc3_node1] W-quorum achieved (2 writes), returning to client
[dc3_node1] Background replication continues for remaining nodes
[dc3_node1] Successful writes: 3/3
[dc3_node1] Client PUT: key='item:1731', value='value_1731_client30_op1237'
[dc3_node1] Preference list for 'item:1731': ['localhost:50177', 'localhost:50082', 'localhost:50195']
[dc3_node1] Coordinator NOT in preference list, forwarding only
[dc3_node1] Internal PUT (replication): key='item:4339'
[dc3_node1] CONFLICT detected for key='item:4339', siblings=8
[dc3_node1] Replicated to localhost:50177
[dc3_node1] Replicated to localhost:50082
[dc3_node1] W-quorum achieved (2 writes), returning to client
[dc3_node1] Background replication continues for remaining nodes
[dc3_node1] Successful writes: 2/3
[dc3_node1] Saved 100 keys to disk
[dc3_node1] Client PUT: key='item:2493', value='value_2493_client43_op1261'
[dc3_node1] Preference list for 'item:2493': ['localhost:50165', 'localhost:50098', 'localhost:50053']
[dc3_node1] Coordinator NOT in preference list, forwarding only
[dc3_node1] Replicated to localhost:50195
[dc3_node1] Replicated to localhost:50165
[dc3_node1] Replicated to localhost:50098
[dc3_node1] Replicated to localhost:50053
[dc3_node1] W-quorum achieved (2 writes), returning to client
[dc3_node1] Background replication continues for remaining nodes
[dc3_node1] Successful writes: 3/3
[dc3_node1] Client PUT: key='item:2131', value='value_2131_client28_op1243'
[dc3_node1] Preference list for 'item:2131': ['localhost:50168', 'localhost:50222', 'localhost:50079']
[dc3_node1] Coordinator NOT in preference list, forwarding only
[dc3_node1] Internal PUT (replication): key='item:4710'
[dc3_node1] CONFLICT detected for key='item:4710', siblings=8
[dc3_node1] Replicated to localhost:50222
[dc3_node1] Replicated to localhost:50168
[dc3_node1] W-quorum achieved (2 writes), returning to client
[dc3_node1] Background replication continues for remaining nodes
[dc3_node1] Successful writes: 2/3
[dc3_node1] Saved 100 keys to disk
[dc3_node1] Replicated to localhost:50079
[dc3_node1] Internal PUT (replication): key='item:1763'
[dc3_node1] CONFLICT detected for key='item:1763', siblings=14
[dc3_node1] Saved 100 keys to disk
[dc3_node1] Client PUT: key='item:3593', value='value_3593_client11_op1223'
[dc3_node1] Preference list for 'item:3593': ['localhost:50105', 'localhost:50088', 'localhost:50067']
[dc3_node1] Coordinator NOT in preference list, forwarding only
[dc3_node1] Replicated to localhost:50088
[dc3_node1] Replicated to localhost:50105
[dc3_node1] W-quorum achieved (2 writes), returning to client
[dc3_node1] Background replication continues for remaining nodes
[dc3_node1] Successful writes: 2/3
[dc3_node1] Replicated to localhost:50067
[dc3_node1] Retrieved key='item:0893', versions=11
[dc3_node1] Internal PUT (replication): key='item:1822'
[dc3_node1] CONFLICT detected for key='item:1822', siblings=8
[dc3_node1] Saved 100 keys to disk
[dc3_node1] Client PUT: key='item:2849', value='value_2849_update_client15_op1243'
[dc3_node1] Preference list for 'item:2849': ['localhost:50132', 'localhost:50184', 'localhost:50248']
[dc3_node1] Coordinator NOT in preference list, forwarding only
[dc3_node1] Replicated to localhost:50184
[dc3_node1] Retrieved key='item:0651', versions=10
[dc3_node1] Replicated to localhost:50248
[dc3_node1] W-quorum achieved (2 writes), returning to client
[dc3_node1] Background replication continues for remaining nodes
[dc3_node1] Successful writes: 2/3
[dc3_node1] Replicated to localhost:50132
[dc3_node1] Internal PUT (replication): key='item:0869'
[dc3_node1] CONFLICT detected for key='item:0869', siblings=7
[dc3_node1] Saved 100 keys to disk
[dc3_node1] Internal PUT (replication): key='item:1822'
[dc3_node1] CONFLICT detected for key='item:1822', siblings=9
[dc3_node1] Saved 100 keys to disk
[dc3_node1] Internal PUT (replication): key='item:1982'
[dc3_node1] CONFLICT detected for key='item:1982', siblings=8
[dc3_node1] Saved 100 keys to disk
[dc3_node1] Internal PUT (replication): key='item:1088'
[dc3_node1] CONFLICT detected for key='item:1088', siblings=10
[dc3_node1] Client GET: key='item:1957'
[dc3_node1] Reading from preference list: ['localhost:50090', 'localhost:50192']
[dc3_node1] Saved 100 keys to disk
[dc3_node1] Key='item:1957' not found
[dc3_node1] Internal PUT (replication): key='item:2840'
[dc3_node1] CONFLICT detected for key='item:2840', siblings=7
[dc3_node1] Internal PUT (replication): key='item:0044'
[dc3_node1] CONFLICT: 18 sibling versions for 'item:1957'
[dc3_node1] Saved 100 keys to disk
[dc3_node1] CONFLICT detected for key='item:0044', siblings=6
[dc3_node1] Saved 100 keys to disk
[dc3_node1] Internal PUT (replication): key='item:4403'
[dc3_node1] CONFLICT detected for key='item:4403', siblings=10
[dc3_node1] Saved 100 keys to disk
[dc3_node1] Internal PUT (replication): key='item:4301'
[dc3_node1] CONFLICT detected for key='item:4301', siblings=7
[dc3_node1] Internal PUT (replication): key='item:0392'
[dc3_node1] Saved 100 keys to disk
[dc3_node1] CONFLICT detected for key='item:0392', siblings=11
[dc3_node1] Saved 100 keys to disk
[dc3_node1] Internal PUT (replication): key='item:0274'
[dc3_node1] CONFLICT detected for key='item:0274', siblings=10
[dc3_node1] Saved 100 keys to disk
[dc3_node1] Internal PUT (replication): key='item:0674'
[dc3_node1] CONFLICT detected for key='item:0674', siblings=9
[dc3_node1] Saved 100 keys to disk
[dc3_node1] Internal PUT (replication): key='item:0970'
[dc3_node1] CONFLICT detected for key='item:0970', siblings=8
[dc3_node1] Internal PUT (replication): key='item:1352'
[dc3_node1] Saved 100 keys to disk
[dc3_node1] CONFLICT detected for key='item:1352', siblings=13
[dc3_node1] Internal PUT (replication): key='item:0044'
[dc3_node1] Saved 100 keys to disk
[dc3_node1] CONFLICT detected for key='item:0044', siblings=7
[dc3_node1] Saved 100 keys to disk
[dc3_node1] Internal PUT (replication): key='item:2619'
[dc3_node1] CONFLICT detected for key='item:2619', siblings=10
[dc3_node1] Client PUT: key='item:2278', value='value_2278_client24_op1278'
[dc3_node1] Preference list for 'item:2278': ['localhost:50159', 'localhost:50105', 'localhost:50142']
[dc3_node1] Coordinator NOT in preference list, forwarding only
[dc3_node1] Saved 100 keys to disk
[dc3_node1] Replicated to localhost:50105
[dc3_node1] Replicated to localhost:50142
[dc3_node1] W-quorum achieved (2 writes), returning to client
[dc3_node1] Background replication continues for remaining nodes
[dc3_node1] Successful writes: 2/3
[dc3_node1] Replicated to localhost:50159
[dc3_node1] Client PUT: key='item:3221', value='value_3221_client18_op1276'
[dc3_node1] Preference list for 'item:3221': ['localhost:50054', 'localhost:50213', 'localhost:50201']
[dc3_node1] Coordinator NOT in preference list, forwarding only
[dc3_node1] Internal PUT (replication): key='item:1822'
[dc3_node1] CONFLICT detected for key='item:1822', siblings=10
[dc3_node1] Replicated to localhost:50054
[dc3_node1] Replicated to localhost:50213
[dc3_node1] Replicated to localhost:50201
[dc3_node1] W-quorum achieved (2 writes), returning to client
[dc3_node1] Background replication continues for remaining nodes
[dc3_node1] Successful writes: 3/3
[dc3_node1] Saved 100 keys to disk
[dc3_node1] Internal PUT (replication): key='item:0604'
[dc3_node1] CONFLICT detected for key='item:0604', siblings=9
[dc3_node1] Saved 100 keys to disk
[dc3_node1] Internal PUT (replication): key='item:0274'
[dc3_node1] CONFLICT detected for key='item:0274', siblings=11
[dc3_node1] Internal PUT (replication): key='item:4720'
[dc3_node1] Saved 100 keys to disk
[dc3_node1] CONFLICT detected for key='item:4720', siblings=8
[dc3_node1] Saved 100 keys to disk
[dc3_node1] Retrieved key='item:2619', versions=10
[dc3_node1] Internal PUT (replication): key='item:2529'
[dc3_node1] CONFLICT detected for key='item:2529', siblings=12
[dc3_node1] Saved 100 keys to disk
[dc3_node1] Internal PUT (replication): key='item:0387'
[dc3_node1] CONFLICT detected for key='item:0387', siblings=11
[dc3_node1] Internal PUT (replication): key='item:1069'
[dc3_node1] Saved 100 keys to disk
[dc3_node1] CONFLICT detected for key='item:1069', siblings=11
[dc3_node1] Saved 100 keys to disk
[dc3_node1] Internal PUT (replication): key='item:0893'
[dc3_node1] CONFLICT detected for key='item:0893', siblings=12
[dc3_node1] Saved 100 keys to disk
[dc3_node1] Client PUT: key='item:0520', value='value_520_client33_op1260'
[dc3_node1] Preference list for 'item:0520': ['localhost:50229', 'localhost:50232', 'localhost:50117']
[dc3_node1] Coordinator NOT in preference list, forwarding only
[dc3_node1] Replicated to localhost:50229
[dc3_node1] Replicated to localhost:50117
[dc3_node1] W-quorum achieved (2 writes), returning to client
[dc3_node1] Background replication continues for remaining nodes
[dc3_node1] Successful writes: 2/3
[dc3_node1] Replicated to localhost:50232
[dc3_node1] Internal PUT (replication): key='item:4949'
[dc3_node1] CONFLICT detected for key='item:4949', siblings=8
[dc3_node1] Internal PUT (replication): key='item:4879'
[dc3_node1] Saved 100 keys to disk
[dc3_node1] CONFLICT detected for key='item:4879', siblings=11
[dc3_node1] Saved 100 keys to disk
[dc3_node1] Retrieved key='item:0148', versions=6
[dc3_node1] Internal PUT (replication): key='item:2006'
[dc3_node1] CONFLICT detected for key='item:2006', siblings=11
[dc3_node1] Saved 100 keys to disk
[dc3_node1] Client PUT: key='item:3005', value='value_3005_client39_op1304'
[dc3_node1] Preference list for 'item:3005': ['localhost:50070', 'localhost:50113', 'localhost:50164']
[dc3_node1] Coordinator NOT in preference list, forwarding only
[dc3_node1] Replicated to localhost:50164
[dc3_node1] Replicated to localhost:50113
[dc3_node1] W-quorum achieved (2 writes), returning to client
[dc3_node1] Background replication continues for remaining nodes
[dc3_node1] Successful writes: 2/3
[dc3_node1] Replicated to localhost:50070
[dc3_node1] Internal PUT (replication): key='item:0651'
[dc3_node1] CONFLICT detected for key='item:0651', siblings=11
[dc3_node1] Internal PUT (replication): key='item:1559'
[dc3_node1] Saved 100 keys to disk
[dc3_node1] CONFLICT detected for key='item:1559', siblings=11
[dc3_node1] Saved 100 keys to disk
[dc3_node1] Internal PUT (replication): key='item:0869'
[dc3_node1] CONFLICT detected for key='item:0869', siblings=8
[dc3_node1] Client PUT: key='item:1868', value='value_1868_update_client18_op1299'
[dc3_node1] Preference list for 'item:1868': ['localhost:50135', 'localhost:50159', 'localhost:50062']
[dc3_node1] Coordinator NOT in preference list, forwarding only
[dc3_node1] Saved 100 keys to disk
[dc3_node1] Replicated to localhost:50062
[dc3_node1] Internal PUT (replication): key='item:1084'
[dc3_node1] CONFLICT detected for key='item:1084', siblings=12
[dc3_node1] Saved 100 keys to disk
[dc3_node1] Replicated to localhost:50159
[dc3_node1] W-quorum achieved (2 writes), returning to client
[dc3_node1] Background replication continues for remaining nodes
[dc3_node1] Successful writes: 2/3
[dc3_node1] Client GET: key='item:0875'
[dc3_node1] Reading from preference list: ['localhost:50084', 'localhost:50154']
[dc3_node1] Key='item:0875' not found
[dc3_node1] CONFLICT: 18 sibling versions for 'item:0875'
[dc3_node1] Replicated to localhost:50135
[dc3_node1] Internal PUT (replication): key='item:0784'
[dc3_node1] Stored NEW key='item:0784', value='value_784_update_client11_op1285', clock={dc2_node5:1}
[dc3_node1] Saved 101 keys to disk
[dc3_node1] Internal PUT (replication): key='item:2840'
[dc3_node1] CONFLICT detected for key='item:2840', siblings=8
[dc3_node1] Saved 101 keys to disk
[dc3_node1] Internal PUT (replication): key='item:3823'
[dc3_node1] CONFLICT detected for key='item:3823', siblings=13
[dc3_node1] Saved 101 keys to disk
[dc3_node1] Internal PUT (replication): key='item:0044'
[dc3_node1] CONFLICT detected for key='item:0044', siblings=8
[dc3_node1] Saved 101 keys to disk
[dc3_node1] Client PUT: key='item:2152', value='value_2152_client28_op1311'
[dc3_node1] Preference list for 'item:2152': ['localhost:50232', 'localhost:50095', 'localhost:50182']
[dc3_node1] Coordinator NOT in preference list, forwarding only
[dc3_node1] Replicated to localhost:50182
[dc3_node1] Replicated to localhost:50232
[dc3_node1] Client PUT: key='item:3071', value='value_3071_update_client10_op1309'
[dc3_node1] Preference list for 'item:3071': ['localhost:50094', 'localhost:50137', 'localhost:50245']
[dc3_node1] Coordinator NOT in preference list, forwarding only
[dc3_node1] W-quorum achieved (2 writes), returning to client
[dc3_node1] Background replication continues for remaining nodes
[dc3_node1] Successful writes: 2/3
[dc3_node1] Replicated to localhost:50095
[dc3_node1] Replicated to localhost:50094
[dc3_node1] Replicated to localhost:50245
[dc3_node1] W-quorum achieved (2 writes), returning to client
[dc3_node1] Background replication continues for remaining nodes
[dc3_node1] Successful writes: 2/3
[dc3_node1] Retrieved key='item:0392', versions=11
[dc3_node1] Replicated to localhost:50137
[dc3_node1] Client PUT: key='item:1812', value='value_1812_update_client45_op1295'
[dc3_node1] Preference list for 'item:1812': ['localhost:50225', 'localhost:50185', 'localhost:50234']
[dc3_node1] Coordinator NOT in preference list, forwarding only
[dc3_node1] Replicated to localhost:50185
[dc3_node1] Replicated to localhost:50225
[dc3_node1] Internal PUT (replication): key='item:1069'
[dc3_node1] CONFLICT detected for key='item:1069', siblings=12
[dc3_node1] Replicated to localhost:50234
[dc3_node1] W-quorum achieved (2 writes), returning to client
[dc3_node1] Background replication continues for remaining nodes
[dc3_node1] Successful writes: 3/3
[dc3_node1] Internal PUT (replication): key='item:2607'
[dc3_node1] Saved 101 keys to disk
[dc3_node1] CONFLICT detected for key='item:2607', siblings=9
[dc3_node1] Saved 101 keys to disk
[dc3_node1] Client PUT: key='item:2952', value='value_2952_update_client27_op1322'
[dc3_node1] Preference list for 'item:2952': ['localhost:50209', 'localhost:50108', 'localhost:50234']
[dc3_node1] Coordinator NOT in preference list, forwarding only
[dc3_node1] Client PUT: key='item:2005', value='value_2005_client11_op1297'
[dc3_node1] Preference list for 'item:2005': ['localhost:50178', 'localhost:50123', 'localhost:50218']
[dc3_node1] Coordinator NOT in preference list, forwarding only
[dc3_node1] Replicated to localhost:50209
[dc3_node1] Replicated to localhost:50218
[dc3_node1] Replicated to localhost:50123
[dc3_node1] W-quorum achieved (2 writes), returning to client
[dc3_node1] Background replication continues for remaining nodes
[dc3_node1] Successful writes: 2/3
[dc3_node1] Replicated to localhost:50234
[dc3_node1] Client GET: key='item:0282'
[dc3_node1] Reading from preference list: ['localhost:50054', 'localhost:50250']
[dc3_node1] Key='item:0282' not found
[dc3_node1] CONFLICT: 25 sibling versions for 'item:0282'
[dc3_node1] W-quorum achieved (2 writes), returning to client
[dc3_node1] Background replication continues for remaining nodes
[dc3_node1] Successful writes: 2/3
[dc3_node1] Client GET: key='item:1910'
[dc3_node1] Reading from preference list: ['localhost:50065', 'localhost:50098']
[dc3_node1] Key='item:1910' not found
[dc3_node1] CONFLICT: 32 sibling versions for 'item:1910'
[dc3_node1] Replicated to localhost:50108
[dc3_node1] Internal PUT (replication): key='item:3413'
[dc3_node1] CONFLICT detected for key='item:3413', siblings=11
[dc3_node1] Replicated to localhost:50178
[dc3_node1] Internal PUT (replication): key='item:2418'
[dc3_node1] Saved 101 keys to disk
[dc3_node1] CONFLICT detected for key='item:2418', siblings=12
[dc3_node1] Saved 101 keys to disk
[dc3_node1] Retrieved key='item:0651', versions=11
[dc3_node1] Retrieved key='item:3413', versions=11
[dc3_node1] Internal PUT (replication): key='item:0674'
[dc3_node1] CONFLICT detected for key='item:0674', siblings=10
[dc3_node1] Saved 101 keys to disk
[dc3_node1] Internal PUT (replication): key='item:0674'
[dc3_node1] CONFLICT detected for key='item:0674', siblings=10
[dc3_node1] Saved 101 keys to disk
[dc3_node1] Internal PUT (replication): key='item:4720'
[dc3_node1] CONFLICT detected for key='item:4720', siblings=9
[dc3_node1] Saved 101 keys to disk
[dc3_node1] Internal PUT (replication): key='item:3019'
[dc3_node1] CONFLICT detected for key='item:3019', siblings=7
[dc3_node1] Saved 101 keys to disk
[dc3_node1] Internal PUT (replication): key='item:1369'
[dc3_node1] CONFLICT detected for key='item:1369', siblings=12
[dc3_node1] Saved 101 keys to disk
[dc3_node1] Internal PUT (replication): key='item:0869'
[dc3_node1] CONFLICT detected for key='item:0869', siblings=9
[dc3_node1] Saved 101 keys to disk
[dc3_node1] Internal PUT (replication): key='item:3689'
[dc3_node1] CONFLICT detected for key='item:3689', siblings=14
[dc3_node1] Saved 101 keys to disk
[dc3_node1] Client PUT: key='item:1540', value='value_1540_update_client19_op1315'
[dc3_node1] Preference list for 'item:1540': ['localhost:50055', 'localhost:50143', 'localhost:50247']
[dc3_node1] Coordinator NOT in preference list, forwarding only
[dc3_node1] Internal PUT (replication): key='item:4301'
[dc3_node1] CONFLICT detected for key='item:4301', siblings=8
[dc3_node1] Replicated to localhost:50055
[dc3_node1] Replicated to localhost:50247
[dc3_node1] Replicated to localhost:50143
[dc3_node1] W-quorum achieved (2 writes), returning to client
[dc3_node1] Background replication continues for remaining nodes
[dc3_node1] Successful writes: 3/3
[dc3_node1] Saved 101 keys to disk
[dc3_node1] Internal PUT (replication): key='item:1317'
[dc3_node1] CONFLICT detected for key='item:1317', siblings=6
[dc3_node1] Saved 101 keys to disk
[dc3_node1] Internal PUT (replication): key='item:0044'
[dc3_node1] CONFLICT detected for key='item:0044', siblings=9
[dc3_node1] Saved 101 keys to disk
[dc3_node1] Client PUT: key='item:2465', value='value_2465_client10_op1331'
[dc3_node1] Preference list for 'item:2465': ['localhost:50095', 'localhost:50053', 'localhost:50146']
[dc3_node1] Coordinator NOT in preference list, forwarding only
[dc3_node1] Replicated to localhost:50053
[dc3_node1] Replicated to localhost:50095
[dc3_node1] W-quorum achieved (2 writes), returning to client
[dc3_node1] Background replication continues for remaining nodes
[dc3_node1] Successful writes: 2/3
[dc3_node1] Retrieved key='item:0869', versions=9
[dc3_node1] Replicated to localhost:50146
[dc3_node1] Client PUT: key='item:1041', value='value_1041_client33_op1301'
[dc3_node1] Preference list for 'item:1041': ['localhost:50229', 'localhost:50183', 'localhost:50115']
[dc3_node1] Coordinator NOT in preference list, forwarding only
[dc3_node1] Replicated to localhost:50229
[dc3_node1] Replicated to localhost:50183
[dc3_node1] Replicated to localhost:50115
[dc3_node1] W-quorum achieved (2 writes), returning to client
[dc3_node1] Background replication continues for remaining nodes
[dc3_node1] Successful writes: 3/3
[dc3_node1] Retrieved key='item:0869', versions=9
[dc3_node1] Internal PUT (replication): key='item:0836'
[dc3_node1] CONFLICT detected for key='item:0836', siblings=7
[dc3_node1] Saved 101 keys to disk
[dc3_node1] Internal PUT (replication): key='item:2418'
[dc3_node1] CONFLICT detected for key='item:2418', siblings=13
[dc3_node1] Saved 101 keys to disk
[dc3_node1] Client PUT: key='item:1551', value='value_1551_client17_op1349'
[dc3_node1] Preference list for 'item:1551': ['localhost:50161', 'localhost:50095', 'localhost:50128']
[dc3_node1] Coordinator NOT in preference list, forwarding only
[dc3_node1] Replicated to localhost:50095
[dc3_node1] Replicated to localhost:50128
[dc3_node1] W-quorum achieved (2 writes), returning to client
[dc3_node1] Background replication continues for remaining nodes
[dc3_node1] Successful writes: 2/3
[dc3_node1] Replicated to localhost:50161
[dc3_node1] Internal PUT (replication): key='item:3413'
[dc3_node1] CONFLICT detected for key='item:3413', siblings=12
[dc3_node1] Saved 101 keys to disk
[dc3_node1] Client PUT: key='item:1333', value='value_1333_client15_op1332'
[dc3_node1] Preference list for 'item:1333': ['localhost:50190', 'localhost:50120', 'localhost:50245']
[dc3_node1] Coordinator NOT in preference list, forwarding only
[dc3_node1] Client GET: key='item:2473'
[dc3_node1] Reading from preference list: ['localhost:50177', 'localhost:50052']
[dc3_node1] Key='item:2473' not found
[dc3_node1] Replicated to localhost:50120
[dc3_node1] Replicated to localhost:50245
[dc3_node1] Replicated to localhost:50190
[dc3_node1] W-quorum achieved (2 writes), returning to client
[dc3_node1] Background replication continues for remaining nodes
[dc3_node1] Successful writes: 3/3
[dc3_node1] CONFLICT: 26 sibling versions for 'item:2473'
[dc3_node1] Internal PUT (replication): key='item:4301'
[dc3_node1] CONFLICT detected for key='item:4301', siblings=9
[dc3_node1] Internal PUT (replication): key='item:2619'
[dc3_node1] Saved 101 keys to disk
[dc3_node1] CONFLICT detected for key='item:2619', siblings=11
[dc3_node1] Saved 101 keys to disk
[dc3_node1] Internal PUT (replication): key='item:0651'
[dc3_node1] CONFLICT detected for key='item:0651', siblings=12
[dc3_node1] Saved 101 keys to disk
[dc3_node1] Internal PUT (replication): key='item:0392'
[dc3_node1] CONFLICT detected for key='item:0392', siblings=12
[dc3_node1] Client PUT: key='item:0308', value='value_308_client2_op1327'
[dc3_node1] Preference list for 'item:0308': ['localhost:50073', 'localhost:50066', 'localhost:50199']
[dc3_node1] Coordinator NOT in preference list, forwarding only
[dc3_node1] Replicated to localhost:50073
[dc3_node1] Saved 101 keys to disk
[dc3_node1] Replicated to localhost:50199
[dc3_node1] W-quorum achieved (2 writes), returning to client
[dc3_node1] Background replication continues for remaining nodes
[dc3_node1] Successful writes: 2/3
[dc3_node1] Replicated to localhost:50066
[dc3_node1] Internal PUT (replication): key='item:1352'
[dc3_node1] CONFLICT detected for key='item:1352', siblings=14
[dc3_node1] Saved 101 keys to disk
[dc3_node1] Client PUT: key='item:3653', value='value_3653_client0_op1325'
[dc3_node1] Preference list for 'item:3653': ['localhost:50165', 'localhost:50071', 'localhost:50122']
[dc3_node1] Coordinator NOT in preference list, forwarding only
[dc3_node1] Retrieved key='item:0044', versions=9
[dc3_node1] Replicated to localhost:50122
[dc3_node1] Replicated to localhost:50071
[dc3_node1] W-quorum achieved (2 writes), returning to client
[dc3_node1] Background replication continues for remaining nodes
[dc3_node1] Successful writes: 2/3
[dc3_node1] Replicated to localhost:50165
[dc3_node1] Retrieved key='item:4771', versions=6
[dc3_node1] Internal PUT (replication): key='item:1675'
[dc3_node1] CONFLICT detected for key='item:1675', siblings=2
[dc3_node1] Internal PUT (replication): key='item:0836'
[dc3_node1] Saved 101 keys to disk
[dc3_node1] CONFLICT detected for key='item:0836', siblings=8
[dc3_node1] Internal PUT (replication): key='item:4339'
[dc3_node1] Saved 101 keys to disk
[dc3_node1] CONFLICT detected for key='item:4339', siblings=9
[dc3_node1] Saved 101 keys to disk
[dc3_node1] Internal PUT (replication): key='item:1559'
[dc3_node1] CONFLICT detected for key='item:1559', siblings=12
[dc3_node1] Saved 101 keys to disk
[dc3_node1] Retrieved key='item:0392', versions=12
[dc3_node1] Client PUT: key='item:2305', value='value_2305_client44_op1350'
[dc3_node1] Preference list for 'item:2305': ['localhost:50063', 'localhost:50073', 'localhost:50120']
[dc3_node1] Coordinator NOT in preference list, forwarding only
[dc3_node1] Replicated to localhost:50063
[dc3_node1] Replicated to localhost:50120
[dc3_node1] W-quorum achieved (2 writes), returning to client
[dc3_node1] Background replication continues for remaining nodes
[dc3_node1] Successful writes: 2/3
[dc3_node1] Client PUT: key='item:4570', value='value_4570_client18_op1353'
[dc3_node1] Preference list for 'item:4570': ['localhost:50146', 'localhost:50052', 'localhost:50230']
[dc3_node1] Coordinator NOT in preference list, forwarding only
[dc3_node1] Replicated to localhost:50052
[dc3_node1] Replicated to localhost:50230
[dc3_node1] Replicated to localhost:50146
[dc3_node1] W-quorum achieved (2 writes), returning to client
[dc3_node1] Background replication continues for remaining nodes
[dc3_node1] Successful writes: 3/3
[dc3_node1] Replicated to localhost:50073
[dc3_node1] Internal PUT (replication): key='item:1317'
[dc3_node1] CONFLICT detected for key='item:1317', siblings=7
[dc3_node1] Internal PUT (replication): key='item:3295'
[dc3_node1] Saved 101 keys to disk
[dc3_node1] CONFLICT detected for key='item:3295', siblings=10
[dc3_node1] Saved 101 keys to disk
[dc3_node1] Retrieved key='item:3527', versions=15
[dc3_node1] Retrieved key='item:3246', versions=7
[dc3_node1] Internal PUT (replication): key='item:0387'
[dc3_node1] CONFLICT detected for key='item:0387', siblings=11
[dc3_node1] Saved 101 keys to disk
[dc3_node1] Internal PUT (replication): key='item:0627'
[dc3_node1] CONFLICT detected for key='item:0627', siblings=14
[dc3_node1] Saved 101 keys to disk
[dc3_node1] Retrieved key='item:3527', versions=15
[dc3_node1] Internal PUT (replication): key='item:3527'
[dc3_node1] CONFLICT detected for key='item:3527', siblings=16
[dc3_node1] Saved 101 keys to disk
[dc3_node1] Internal PUT (replication): key='item:2529'
[dc3_node1] CONFLICT detected for key='item:2529', siblings=13
[dc3_node1] Internal PUT (replication): key='item:0392'
[dc3_node1] Saved 101 keys to disk
[dc3_node1] CONFLICT detected for key='item:0392', siblings=13
[dc3_node1] Client GET: key='item:2880'
[dc3_node1] Reading from preference list: ['localhost:50198', 'localhost:50180']
[dc3_node1] Saved 101 keys to disk
[dc3_node1] Key='item:2880' not found
[dc3_node1] CONFLICT: 12 sibling versions for 'item:2880'
[dc3_node1] Retrieved key='item:1308', versions=4
[dc3_node1] Client GET: key='item:4590'
[dc3_node1] Reading from preference list: ['localhost:50168', 'localhost:50249']
[dc3_node1] Key='item:4590' not found
[dc3_node1] Client PUT: key='item:2193', value='value_2193_client33_op1344'
[dc3_node1] Preference list for 'item:2193': ['localhost:50197', 'localhost:50136', 'localhost:50128']
[dc3_node1] Coordinator NOT in preference list, forwarding only
[dc3_node1] Replicated to localhost:50197
[dc3_node1] CONFLICT: 14 sibling versions for 'item:4590'
[dc3_node1] Internal PUT (replication): key='item:1352'
[dc3_node1] CONFLICT detected for key='item:1352', siblings=15
[dc3_node1] Saved 101 keys to disk
[dc3_node1] Replicated to localhost:50128
[dc3_node1] W-quorum achieved (2 writes), returning to client
[dc3_node1] Background replication continues for remaining nodes
[dc3_node1] Successful writes: 2/3
[dc3_node1] Replicated to localhost:50136
[dc3_node1] Internal PUT (replication): key='item:1352'
[dc3_node1] CONFLICT detected for key='item:1352', siblings=16
[dc3_node1] Saved 101 keys to disk
[dc3_node1] Internal PUT (replication): key='item:1832'
[dc3_node1] CONFLICT detected for key='item:1832', siblings=6
[dc3_node1] Internal PUT (replication): key='item:3230'
[dc3_node1] Saved 101 keys to disk
[dc3_node1] CONFLICT detected for key='item:3230', siblings=5
[dc3_node1] Saved 101 keys to disk
[dc3_node1] Internal PUT (replication): key='item:2871'
[dc3_node1] CONFLICT detected for key='item:2871', siblings=11
[dc3_node1] Client PUT: key='item:0529', value='value_529_update_client15_op1370'
[dc3_node1] Preference list for 'item:0529': ['localhost:50236', 'localhost:50058', 'localhost:50214']
[dc3_node1] Coordinator NOT in preference list, forwarding only
[dc3_node1] Saved 101 keys to disk
[dc3_node1] Replicated to localhost:50214
[dc3_node1] Replicated to localhost:50236
[dc3_node1] W-quorum achieved (2 writes), returning to client
[dc3_node1] Background replication continues for remaining nodes
[dc3_node1] Successful writes: 2/3
[dc3_node1] Replicated to localhost:50058
[dc3_node1] Internal PUT (replication): key='item:0767'
[dc3_node1] CONFLICT detected for key='item:0767', siblings=4
[dc3_node1] Saved 101 keys to disk
[dc3_node1] Internal PUT (replication): key='item:4335'
[dc3_node1] CONFLICT detected for key='item:4335', siblings=9
[dc3_node1] Saved 101 keys to disk
[dc3_node1] Client GET: key='item:3326'
[dc3_node1] Reading from preference list: ['localhost:50111', 'localhost:50234']
[dc3_node1] Key='item:3326' not found
[dc3_node1] CONFLICT: 26 sibling versions for 'item:3326'
[dc3_node1] Internal PUT (replication): key='item:1822'
[dc3_node1] CONFLICT detected for key='item:1822', siblings=11
[dc3_node1] Saved 101 keys to disk
[dc3_node1] Internal PUT (replication): key='item:0131'
[dc3_node1] CONFLICT detected for key='item:0131', siblings=6
[dc3_node1] Internal PUT (replication): key='item:1832'
[dc3_node1] Internal PUT (replication): key='item:3477'
[dc3_node1] Saved 101 keys to disk
[dc3_node1] CONFLICT detected for key='item:1832', siblings=7
[dc3_node1] Client PUT: key='item:2562', value='value_2562_client26_op1357'
[dc3_node1] Preference list for 'item:2562': ['localhost:50101', 'localhost:50136', 'localhost:50241']
[dc3_node1] Coordinator NOT in preference list, forwarding only
[dc3_node1] Internal PUT (replication): key='item:4335'
[dc3_node1] Saved 101 keys to disk
[dc3_node1] CONFLICT detected for key='item:3477', siblings=2
[dc3_node1] Replicated to localhost:50101
[dc3_node1] Internal PUT (replication): key='item:2897'
[dc3_node1] Replicated to localhost:50241
[dc3_node1] W-quorum achieved (2 writes), returning to client
[dc3_node1] Background replication continues for remaining nodes
[dc3_node1] Successful writes: 2/3
[dc3_node1] Saved 101 keys to disk
[dc3_node1] CONFLICT detected for key='item:4335', siblings=10
[dc3_node1] Internal PUT (replication): key='item:1561'
[dc3_node1] Replicated to localhost:50136
[dc3_node1] Client GET: key='item:4937'
[dc3_node1] Reading from preference list: ['localhost:50139', 'localhost:50194']
[dc3_node1] Saved 101 keys to disk
[dc3_node1] CONFLICT detected for key='item:2897', siblings=11
[dc3_node1] Client PUT: key='item:3762', value='value_3762_client0_op1375'
[dc3_node1] Preference list for 'item:3762': ['localhost:50135', 'localhost:50152', 'localhost:50184']
[dc3_node1] Coordinator NOT in preference list, forwarding only
[dc3_node1] Replicated to localhost:50184
[dc3_node1] Internal PUT (replication): key='item:1069'
[dc3_node1] Saved 101 keys to disk
[dc3_node1] CONFLICT detected for key='item:1561', siblings=8
[dc3_node1] Replicated to localhost:50135
[dc3_node1] Replicated to localhost:50152
[dc3_node1] W-quorum achieved (2 writes), returning to client
[dc3_node1] Background replication continues for remaining nodes
[dc3_node1] Successful writes: 3/3
[dc3_node1] Client GET: key='item:1832'
[dc3_node1] Reading from preference list: ['localhost:50091', 'localhost:50244']
[dc3_node1] Saved 101 keys to disk
[dc3_node1] Key='item:4937' not found
[dc3_node1] CONFLICT detected for key='item:1069', siblings=13
[dc3_node1] CONFLICT: 15 sibling versions for 'item:4937'
[dc3_node1] Saved 101 keys to disk
[dc3_node1] Retrieved key='item:1832', versions=7
[dc3_node1] CONFLICT: 14 sibling versions for 'item:1832'
[dc3_node1] Client PUT: key='item:0142', value='value_142_update_client29_op1409'
[dc3_node1] Preference list for 'item:0142': ['localhost:50169', 'localhost:50058', 'localhost:50150']
[dc3_node1] Coordinator NOT in preference list, forwarding only
[dc3_node1] Replicated to localhost:50058
[dc3_node1] Replicated to localhost:50169
[dc3_node1] W-quorum achieved (2 writes), returning to client
[dc3_node1] Background replication continues for remaining nodes
[dc3_node1] Successful writes: 2/3
[dc3_node1] Retrieved key='item:4490', versions=9
[dc3_node1] Internal PUT (replication): key='item:0392'
[dc3_node1] CONFLICT detected for key='item:0392', siblings=14
[dc3_node1] Replicated to localhost:50150
[dc3_node1] Internal PUT (replication): key='item:4738'
[dc3_node1] Saved 101 keys to disk
[dc3_node1] CONFLICT detected for key='item:4738', siblings=14
[dc3_node1] Internal PUT (replication): key='item:2083'
[dc3_node1] Saved 101 keys to disk
[dc3_node1] CONFLICT detected for key='item:2083', siblings=14
[dc3_node1] Client PUT: key='item:4210', value='value_4210_update_client39_op1414'
[dc3_node1] Preference list for 'item:4210': ['localhost:50119', 'localhost:50166', 'localhost:50149']
[dc3_node1] Coordinator NOT in preference list, forwarding only
[dc3_node1] Client PUT: key='item:4392', value='value_4392_client1_op1393'
[dc3_node1] Preference list for 'item:4392': ['localhost:50201', 'localhost:50111', 'localhost:50169']
[dc3_node1] Coordinator NOT in preference list, forwarding only
[dc3_node1] Saved 101 keys to disk
[dc3_node1] Client GET: key='item:2398'
[dc3_node1] Reading from preference list: ['localhost:50220', 'localhost:50237']
[dc3_node1] Key='item:2398' not found
[dc3_node1] CONFLICT: 14 sibling versions for 'item:2398'
[dc3_node1] Replicated to localhost:50119
[dc3_node1] Replicated to localhost:50149
[dc3_node1] W-quorum achieved (2 writes), returning to client
[dc3_node1] Background replication continues for remaining nodes
[dc3_node1] Successful writes: 2/3
[dc3_node1] Replicated to localhost:50111
[dc3_node1] Replicated to localhost:50166
[dc3_node1] Replicated to localhost:50201
[dc3_node1] W-quorum achieved (2 writes), returning to client
[dc3_node1] Background replication continues for remaining nodes
[dc3_node1] Successful writes: 2/3
[dc3_node1] Internal PUT (replication): key='item:4732'
[dc3_node1] CONFLICT detected for key='item:4732', siblings=8
[dc3_node1] Replicated to localhost:50169
[dc3_node1] Saved 101 keys to disk
[dc3_node1] Internal PUT (replication): key='item:4620'
[dc3_node1] CONFLICT detected for key='item:4620', siblings=11
[dc3_node1] Internal PUT (replication): key='item:1663'
[dc3_node1] Client PUT: key='item:0444', value='value_444_update_client34_op1355'
[dc3_node1] Preference list for 'item:0444': ['localhost:50167', 'localhost:50076', 'localhost:50236']
[dc3_node1] Coordinator NOT in preference list, forwarding only
[dc3_node1] Replicated to localhost:50167
[dc3_node1] Saved 101 keys to disk
[dc3_node1] CONFLICT detected for key='item:1663', siblings=11
[dc3_node1] Replicated to localhost:50076
[dc3_node1] W-quorum achieved (2 writes), returning to client
[dc3_node1] Background replication continues for remaining nodes
[dc3_node1] Successful writes: 2/3
[dc3_node1] Replicated to localhost:50236
[dc3_node1] Saved 101 keys to disk
[dc3_node1] Retrieved key='item:4403', versions=10
[dc3_node1] Internal PUT (replication): key='item:1982'
[dc3_node1] CONFLICT detected for key='item:1982', siblings=9
[dc3_node1] Saved 101 keys to disk
[dc3_node1] Retrieved key='item:0387', versions=11
[dc3_node1] Internal PUT (replication): key='item:0970'
[dc3_node1] CONFLICT detected for key='item:0970', siblings=9
[dc3_node1] Saved 101 keys to disk
[dc3_node1] Internal PUT (replication): key='item:2871'
[dc3_node1] CONFLICT detected for key='item:2871', siblings=12
[dc3_node1] Client PUT: key='item:3560', value='value_3560_client29_op1432'
[dc3_node1] Preference list for 'item:3560': ['localhost:50070', 'localhost:50162', 'localhost:50215']
[dc3_node1] Coordinator NOT in preference list, forwarding only
[dc3_node1] Saved 101 keys to disk
[dc3_node1] Replicated to localhost:50215
[dc3_node1] Replicated to localhost:50070
[dc3_node1] W-quorum achieved (2 writes), returning to client
[dc3_node1] Background replication continues for remaining nodes
[dc3_node1] Successful writes: 2/3
[dc3_node1] Internal PUT (replication): key='item:2083'
[dc3_node1] CONFLICT detected for key='item:2083', siblings=15
[dc3_node1] Saved 101 keys to disk
[dc3_node1] Client PUT: key='item:0926', value='value_926_client5_op1433'
[dc3_node1] Preference list for 'item:0926': ['localhost:50158', 'localhost:50145', 'localhost:50051']
[dc3_node1] Coordinator NOT in preference list, forwarding only
[dc3_node1] Replicated to localhost:50051
[dc3_node1] Replicated to localhost:50162
[dc3_node1] Replicated to localhost:50145
[dc3_node1] W-quorum achieved (2 writes), returning to client
[dc3_node1] Background replication continues for remaining nodes
[dc3_node1] Successful writes: 2/3
[dc3_node1] Replicated to localhost:50158
[dc3_node1] Internal PUT (replication): key='item:1325'
[dc3_node1] CONFLICT detected for key='item:1325', siblings=6
[dc3_node1] Saved 101 keys to disk
[dc3_node1] Client GET: key='item:1931'
[dc3_node1] Reading from preference list: ['localhost:50200', 'localhost:50141']
[dc3_node1] Key='item:1931' not found
[dc3_node1] Internal PUT (replication): key='item:1822'
[dc3_node1] CONFLICT detected for key='item:1822', siblings=12
[dc3_node1] CONFLICT: 18 sibling versions for 'item:1931'
[dc3_node1] Saved 101 keys to disk
[dc3_node1] Retrieved key='item:4490', versions=9
[dc3_node1] Retrieved key='item:0387', versions=11
[dc3_node1] Internal PUT (replication): key='item:2607'
[dc3_node1] CONFLICT detected for key='item:2607', siblings=10
[dc3_node1] Internal PUT (replication): key='item:1883'
[dc3_node1] Internal PUT (replication): key='item:4490'
[dc3_node1] Saved 101 keys to disk
[dc3_node1] CONFLICT detected for key='item:1883', siblings=8
[dc3_node1] Client GET: key='item:3185'
[dc3_node1] Reading from preference list: ['localhost:50075', 'localhost:50059']
[dc3_node1] Saved 101 keys to disk
[dc3_node1] CONFLICT detected for key='item:4490', siblings=10
[dc3_node1] Client PUT: key='item:2884', value='value_2884_update_client45_op1420'
[dc3_node1] Preference list for 'item:2884': ['localhost:50220', 'localhost:50137', 'localhost:50107']
[dc3_node1] Coordinator NOT in preference list, forwarding only
[dc3_node1] Replicated to localhost:50220
[dc3_node1] Saved 101 keys to disk
[dc3_node1] Key='item:3185' not found
[dc3_node1] CONFLICT: 18 sibling versions for 'item:3185'
[dc3_node1] Replicated to localhost:50107
[dc3_node1] Replicated to localhost:50137
[dc3_node1] W-quorum achieved (2 writes), returning to client
[dc3_node1] Background replication continues for remaining nodes
[dc3_node1] Successful writes: 3/3
[dc3_node1] Internal PUT (replication): key='item:3246'
[dc3_node1] CONFLICT detected for key='item:3246', siblings=8
[dc3_node1] Saved 101 keys to disk
[dc3_node1] Retrieved key='item:4301', versions=9
[dc3_node1] Retrieved key='item:4771', versions=6
[dc3_node1] Client PUT: key='item:0782', value='value_782_update_client31_op1407'
[dc3_node1] Preference list for 'item:0782': ['localhost:50144', 'localhost:50197', 'localhost:50183']
[dc3_node1] Coordinator NOT in preference list, forwarding only
[dc3_node1] Replicated to localhost:50197
[dc3_node1] Replicated to localhost:50183
[dc3_node1] W-quorum achieved (2 writes), returning to client
[dc3_node1] Background replication continues for remaining nodes
[dc3_node1] Successful writes: 2/3
[dc3_node1] Internal PUT (replication): key='item:1683'
[dc3_node1] CONFLICT detected for key='item:1683', siblings=8
[dc3_node1] Saved 101 keys to disk
[dc3_node1] Replicated to localhost:50144
[dc3_node1] Internal PUT (replication): key='item:1822'
[dc3_node1] CONFLICT detected for key='item:1822', siblings=13
[dc3_node1] Internal PUT (replication): key='item:2607'
[dc3_node1] Internal PUT (replication): key='item:1365'
[dc3_node1] Internal PUT (replication): key='item:1088'
[dc3_node1] Internal PUT (replication): key='item:4949'
[dc3_node1] Saved 101 keys to disk
[dc3_node1] CONFLICT detected for key='item:2607', siblings=11
[dc3_node1] Saved 101 keys to disk
[dc3_node1] Retrieved key='item:1084', versions=12
[dc3_node1] CONFLICT detected for key='item:1365', siblings=10
[dc3_node1] Saved 101 keys to disk
[dc3_node1] CONFLICT detected for key='item:1088', siblings=11
[dc3_node1] Internal PUT (replication): key='item:0869'
[dc3_node1] Saved 101 keys to disk
[dc3_node1] Retrieved key='item:0651', versions=12
[dc3_node1] CONFLICT detected for key='item:4949', siblings=9
[dc3_node1] Saved 101 keys to disk
[dc3_node1] CONFLICT detected for key='item:0869', siblings=10
[dc3_node1] Internal PUT (replication): key='item:1561'
[dc3_node1] Internal PUT (replication): key='item:1820'
[dc3_node1] Saved 101 keys to disk
[dc3_node1] CONFLICT detected for key='item:1561', siblings=9
[dc3_node1] Saved 101 keys to disk
[dc3_node1] CONFLICT detected for key='item:1820', siblings=13
[dc3_node1] Client GET: key='item:2389'
[dc3_node1] Reading from preference list: ['localhost:50090', 'localhost:50127']
[dc3_node1] Saved 101 keys to disk
[dc3_node1] Key='item:2389' not found
[dc3_node1] Internal PUT (replication): key='item:4586'
[dc3_node1] CONFLICT detected for key='item:4586', siblings=13
[dc3_node1] Saved 101 keys to disk
[dc3_node1] CONFLICT: 22 sibling versions for 'item:2389'
[dc3_node1] Internal PUT (replication): key='item:1822'
[dc3_node1] CONFLICT detected for key='item:1822', siblings=14
[dc3_node1] Saved 101 keys to disk
[dc3_node1] Client PUT: key='item:4741', value='value_4741_client42_op1416'
[dc3_node1] Preference list for 'item:4741': ['localhost:50169', 'localhost:50093', 'localhost:50068']
[dc3_node1] Coordinator NOT in preference list, forwarding only
[dc3_node1] Replicated to localhost:50068
[dc3_node1] Internal PUT (replication): key='item:4403'
[dc3_node1] CONFLICT detected for key='item:4403', siblings=11
[dc3_node1] Client PUT: key='item:0586', value='value_586_client44_op1433'
[dc3_node1] Preference list for 'item:0586': ['localhost:50199', 'localhost:50121', 'localhost:50103']
[dc3_node1] Coordinator NOT in preference list, forwarding only
[dc3_node1] Internal PUT (replication): key='item:3969'
[dc3_node1] Internal PUT (replication): key='item:4620'
[dc3_node1] Replicated to localhost:50121
[dc3_node1] Internal PUT (replication): key='item:0044'
[dc3_node1] Replicated to localhost:50169
[dc3_node1] W-quorum achieved (2 writes), returning to client
[dc3_node1] Background replication continues for remaining nodes
[dc3_node1] Successful writes: 2/3
[dc3_node1] Replicated to localhost:50103
[dc3_node1] W-quorum achieved (2 writes), returning to client
[dc3_node1] Background replication continues for remaining nodes
[dc3_node1] Successful writes: 2/3
[dc3_node1] Replicated to localhost:50199
[dc3_node1] Client PUT: key='item:4522', value='value_4522_client41_op1440'
[dc3_node1] Preference list for 'item:4522': ['localhost:50146', 'localhost:50060', 'localhost:50211']
[dc3_node1] Coordinator NOT in preference list, forwarding only
[dc3_node1] Internal PUT (replication): key='item:0150'
[dc3_node1] Replicated to localhost:50211
[dc3_node1] Replicated to localhost:50146
[dc3_node1] Saved 101 keys to disk
[dc3_node1] CONFLICT detected for key='item:3969', siblings=11
[dc3_node1] W-quorum achieved (2 writes), returning to client
[dc3_node1] Background replication continues for remaining nodes
[dc3_node1] Successful writes: 2/3
[dc3_node1] Saved 101 keys to disk
[dc3_node1] Replicated to localhost:50093
[dc3_node1] CONFLICT detected for key='item:4620', siblings=12
[dc3_node1] Replicated to localhost:50060
[dc3_node1] Saved 101 keys to disk
[dc3_node1] CONFLICT detected for key='item:0044', siblings=10
[dc3_node1] Client GET: key='item:1709'
[dc3_node1] Reading from preference list: ['localhost:50162', 'localhost:50082']
[dc3_node1] Saved 101 keys to disk
[dc3_node1] CONFLICT detected for key='item:0150', siblings=18
[dc3_node1] Client GET: key='item:4251'
[dc3_node1] Reading from preference list: ['localhost:50195', 'localhost:50234']
[dc3_node1] Internal PUT (replication): key='item:4403'
[dc3_node1] Saved 101 keys to disk
[dc3_node1] Key='item:1709' not found
[dc3_node1] Key='item:4251' not found
[dc3_node1] CONFLICT detected for key='item:4403', siblings=12
[dc3_node1] CONFLICT: 22 sibling versions for 'item:1709'
[dc3_node1] CONFLICT: 13 sibling versions for 'item:4251'
[dc3_node1] Saved 101 keys to disk
[dc3_node1] Retrieved key='item:1365', versions=10
[dc3_node1] Internal PUT (replication): key='item:1559'
[dc3_node1] CONFLICT detected for key='item:1559', siblings=13
[dc3_node1] Internal PUT (replication): key='item:4301'
[dc3_node1] Saved 101 keys to disk
[dc3_node1] CONFLICT detected for key='item:4301', siblings=10
[dc3_node1] Saved 101 keys to disk
[dc3_node1] Retrieved key='item:0387', versions=11
[dc3_node1] Internal PUT (replication): key='item:1965'
[dc3_node1] CONFLICT detected for key='item:1965', siblings=10
[dc3_node1] Client PUT: key='item:1352', value='value_1352_client13_op1483'
[dc3_node1] Preference list for 'item:1352': ['localhost:50116', 'localhost:50091', 'localhost:50177']
[dc3_node1] Saved 101 keys to disk
[dc3_node1] CONFLICT detected for key='item:1352', siblings=17
[dc3_node1] Saved 101 keys to disk
[dc3_node1] Coordinator IS in preference list, stored locally
[dc3_node1] Internal PUT (replication): key='item:1561'
[dc3_node1] CONFLICT detected for key='item:1561', siblings=10
[dc3_node1] Replicated to localhost:50177
[dc3_node1] Replicated to localhost:50116
[dc3_node1] W-quorum achieved (2 writes), returning to client
[dc3_node1] Background replication continues for remaining nodes
[dc3_node1] Successful writes: 3/3
[dc3_node1] Saved 101 keys to disk
[dc3_node1] Retrieved key='item:4490', versions=10
[dc3_node1] Internal PUT (replication): key='item:0131'
[dc3_node1] CONFLICT detected for key='item:0131', siblings=7
[dc3_node1] Internal PUT (replication): key='item:0893'
[dc3_node1] Saved 101 keys to disk
[dc3_node1] CONFLICT detected for key='item:0893', siblings=13
[dc3_node1] Client PUT: key='item:3387', value='value_3387_update_client33_op1426'
[dc3_node1] Preference list for 'item:3387': ['localhost:50163', 'localhost:50142', 'localhost:50182']
[dc3_node1] Coordinator NOT in preference list, forwarding only
[dc3_node1] Replicated to localhost:50142
[dc3_node1] Replicated to localhost:50182
[dc3_node1] W-quorum achieved (2 writes), returning to client
[dc3_node1] Background replication continues for remaining nodes
[dc3_node1] Successful writes: 2/3
[dc3_node1] Replicated to localhost:50163
[dc3_node1] Saved 101 keys to disk
[dc3_node1] Internal PUT (replication): key='item:4949'
[dc3_node1] CONFLICT detected for key='item:4949', siblings=10
[dc3_node1] Internal PUT (replication): key='item:3295'
[dc3_node1] Client PUT: key='item:4428', value='value_4428_update_client44_op1450'
[dc3_node1] Preference list for 'item:4428': ['localhost:50179', 'localhost:50222', 'localhost:50125']
[dc3_node1] Coordinator NOT in preference list, forwarding only
[dc3_node1] Saved 101 keys to disk
[dc3_node1] CONFLICT detected for key='item:3295', siblings=11
[dc3_node1] Replicated to localhost:50179
[dc3_node1] Replicated to localhost:50222
[dc3_node1] W-quorum achieved (2 writes), returning to client
[dc3_node1] Background replication continues for remaining nodes
[dc3_node1] Successful writes: 2/3
[dc3_node1] Saved 101 keys to disk
[dc3_node1] Retrieved key='item:4949', versions=10
[dc3_node1] Replicated to localhost:50125
[dc3_node1] Internal PUT (replication): key='item:2607'
[dc3_node1] CONFLICT detected for key='item:2607', siblings=12
[dc3_node1] Internal PUT (replication): key='item:1369'
[dc3_node1] Saved 101 keys to disk
[dc3_node1] CONFLICT detected for key='item:1369', siblings=13
[dc3_node1] Saved 101 keys to disk
[dc3_node1] Internal PUT (replication): key='item:4335'
[dc3_node1] CONFLICT detected for key='item:4335', siblings=11
[dc3_node1] Client PUT: key='item:2750', value='value_2750_client13_op1496'
[dc3_node1] Preference list for 'item:2750': ['localhost:50068', 'localhost:50234', 'localhost:50218']
[dc3_node1] Coordinator NOT in preference list, forwarding only
[dc3_node1] Replicated to localhost:50068
[dc3_node1] Replicated to localhost:50218
[dc3_node1] Replicated to localhost:50234
[dc3_node1] W-quorum achieved (2 writes), returning to client
[dc3_node1] Background replication continues for remaining nodes
[dc3_node1] Successful writes: 3/3
[dc3_node1] Saved 101 keys to disk
[dc3_node1] Internal PUT (replication): key='item:3413'
[dc3_node1] CONFLICT detected for key='item:3413', siblings=13
[dc3_node1] Saved 101 keys to disk
[dc3_node1] Retrieved key='item:2529', versions=13
[dc3_node1] Internal PUT (replication): key='item:0627'
[dc3_node1] CONFLICT detected for key='item:0627', siblings=15
[dc3_node1] Saved 101 keys to disk
[dc3_node1] Internal PUT (replication): key='item:4467'
[dc3_node1] CONFLICT detected for key='item:4467', siblings=15
[dc3_node1] Saved 101 keys to disk
[dc3_node1] Client PUT: key='item:1240', value='value_1240_client24_op1497'
[dc3_node1] Preference list for 'item:1240': ['localhost:50220', 'localhost:50059', 'localhost:50207']
[dc3_node1] Coordinator NOT in preference list, forwarding only
[dc3_node1] Replicated to localhost:50220
[dc3_node1] Internal PUT (replication): key='item:4490'
[dc3_node1] CONFLICT detected for key='item:4490', siblings=11
[dc3_node1] Client PUT: key='item:1336', value='value_1336_client14_op1449'
[dc3_node1] Preference list for 'item:1336': ['localhost:50188', 'localhost:50104', 'localhost:50127']
[dc3_node1] Coordinator NOT in preference list, forwarding only
[dc3_node1] Replicated to localhost:50059
[dc3_node1] Replicated to localhost:50207
[dc3_node1] W-quorum achieved (2 writes), returning to client
[dc3_node1] Background replication continues for remaining nodes
[dc3_node1] Successful writes: 3/3
[dc3_node1] Internal PUT (replication): key='item:4720'
[dc3_node1] Internal PUT (replication): key='item:1706'
[dc3_node1] Replicated to localhost:50104
[dc3_node1] Replicated to localhost:50188
[dc3_node1] W-quorum achieved (2 writes), returning to client
[dc3_node1] Background replication continues for remaining nodes
[dc3_node1] Successful writes: 2/3
[dc3_node1] Saved 101 keys to disk
[dc3_node1] Retrieved key='item:2196', versions=14
[dc3_node1] CONFLICT detected for key='item:4720', siblings=10
[dc3_node1] Internal PUT (replication): key='item:1317'
[dc3_node1] Replicated to localhost:50127
[dc3_node1] Internal PUT (replication): key='item:3413'
[dc3_node1] Saved 101 keys to disk
[dc3_node1] CONFLICT detected for key='item:1706', siblings=12
[dc3_node1] Saved 101 keys to disk
[dc3_node1] CONFLICT detected for key='item:1317', siblings=8
[dc3_node1] Internal PUT (replication): key='item:0148'
[dc3_node1] Internal PUT (replication): key='item:1084'
[dc3_node1] Saved 101 keys to disk
[dc3_node1] CONFLICT detected for key='item:3413', siblings=14
[dc3_node1] Internal PUT (replication): key='item:4771'
[dc3_node1] Saved 101 keys to disk
[dc3_node1] CONFLICT detected for key='item:0148', siblings=7
[dc3_node1] Internal PUT (replication): key='item:2083'
[dc3_node1] Saved 101 keys to disk
[dc3_node1] CONFLICT detected for key='item:1084', siblings=13
[dc3_node1] Client PUT: key='item:0971', value='value_971_client12_op1539'
[dc3_node1] Preference list for 'item:0971': ['localhost:50059', 'localhost:50223', 'localhost:50112']
[dc3_node1] Coordinator NOT in preference list, forwarding only
[dc3_node1] Internal PUT (replication): key='item:1561'
[dc3_node1] Replicated to localhost:50112
[dc3_node1] Saved 101 keys to disk
[dc3_node1] CONFLICT detected for key='item:4771', siblings=7
[dc3_node1] Saved 101 keys to disk
[dc3_node1] CONFLICT detected for key='item:2083', siblings=16
[dc3_node1] Internal PUT (replication): key='item:0674'
[dc3_node1] Internal PUT (replication): key='item:4620'
[dc3_node1] Internal PUT (replication): key='item:3969'
[dc3_node1] Client PUT: key='item:2827', value='value_2827_client0_op1464'
[dc3_node1] Preference list for 'item:2827': ['localhost:50215', 'localhost:50145', 'localhost:50166']
[dc3_node1] Coordinator NOT in preference list, forwarding only
[dc3_node1] Replicated to localhost:50223
[dc3_node1] W-quorum achieved (2 writes), returning to client
[dc3_node1] Background replication continues for remaining nodes
[dc3_node1] Successful writes: 2/3
[dc3_node1] Replicated to localhost:50059
[dc3_node1] Replicated to localhost:50166
[dc3_node1] Replicated to localhost:50145
[dc3_node1] Saved 101 keys to disk
[dc3_node1] Retrieved key='item:4720', versions=10
[dc3_node1] CONFLICT detected for key='item:1561', siblings=11
[dc3_node1] W-quorum achieved (2 writes), returning to client
[dc3_node1] Background replication continues for remaining nodes
[dc3_node1] Successful writes: 2/3
[dc3_node1] Replicated to localhost:50215
[dc3_node1] Saved 101 keys to disk
[dc3_node1] Retrieved key='item:0651', versions=12
[dc3_node1] Retrieved key='item:2619', versions=11
[dc3_node1] CONFLICT detected for key='item:0674', siblings=11
[dc3_node1] Client PUT: key='item:2597', value='value_2597_client22_op1475'
[dc3_node1] Preference list for 'item:2597': ['localhost:50105', 'localhost:50211', 'localhost:50157']
[dc3_node1] Coordinator NOT in preference list, forwarding only
[dc3_node1] Replicated to localhost:50105
[dc3_node1] Replicated to localhost:50211
[dc3_node1] W-quorum achieved (2 writes), returning to client
[dc3_node1] Background replication continues for remaining nodes
[dc3_node1] Successful writes: 2/3
[dc3_node1] Saved 101 keys to disk
[dc3_node1] CONFLICT detected for key='item:4620', siblings=13
[dc3_node1] Saved 101 keys to disk
[dc3_node1] CONFLICT detected for key='item:3969', siblings=11
[dc3_node1] Saved 101 keys to disk
[dc3_node1] Retrieved key='item:4720', versions=10
[dc3_node1] Retrieved key='item:3796', versions=7
[dc3_node1] Client GET: key='item:0642'
[dc3_node1] Reading from preference list: ['localhost:50114', 'localhost:50059']
[dc3_node1] Key='item:0642' not found
[dc3_node1] CONFLICT: 22 sibling versions for 'item:0642'
[dc3_node1] Retrieved key='item:1883', versions=8
[dc3_node1] Internal PUT (replication): key='item:3477'
[dc3_node1] CONFLICT detected for key='item:3477', siblings=3
[dc3_node1] Saved 101 keys to disk
[dc3_node1] Retrieved key='item:4301', versions=10
[dc3_node1] Replicated to localhost:50157
[dc3_node1] Internal PUT (replication): key='item:2897'
[dc3_node1] CONFLICT detected for key='item:2897', siblings=12
[dc3_node1] Saved 101 keys to disk
[dc3_node1] Retrieved key='item:2006', versions=11
[dc3_node1] Retrieved key='item:2840', versions=8
[dc3_node1] Client GET: key='item:1459'
[dc3_node1] Reading from preference list: ['localhost:50123', 'localhost:50145']
[dc3_node1] Key='item:1459' not found
[dc3_node1] CONFLICT: 24 sibling versions for 'item:1459'
[dc3_node1] Internal PUT (replication): key='item:3726'
[dc3_node1] CONFLICT detected for key='item:3726', siblings=13
[dc3_node1] Saved 101 keys to disk
[dc3_node1] Client PUT: key='item:4140', value='value_4140_client12_op1555'
[dc3_node1] Preference list for 'item:4140': ['localhost:50222', 'localhost:50200', 'localhost:50096']
[dc3_node1] Coordinator NOT in preference list, forwarding only
[dc3_node1] Retrieved key='item:3230', versions=5
[dc3_node1] Replicated to localhost:50096
[dc3_node1] Replicated to localhost:50222
[dc3_node1] Replicated to localhost:50200
[dc3_node1] W-quorum achieved (2 writes), returning to client
[dc3_node1] Background replication continues for remaining nodes
[dc3_node1] Successful writes: 3/3
[dc3_node1] Internal PUT (replication): key='item:3726'
[dc3_node1] CONFLICT detected for key='item:3726', siblings=14
[dc3_node1] Saved 101 keys to disk
[dc3_node1] Internal PUT (replication): key='item:2083'
[dc3_node1] CONFLICT detected for key='item:2083', siblings=17
[dc3_node1] Saved 101 keys to disk
[dc3_node1] Client PUT: key='item:3674', value='value_3674_update_client48_op1513'
[dc3_node1] Preference list for 'item:3674': ['localhost:50056', 'localhost:50125', 'localhost:50227']
[dc3_node1] Coordinator NOT in preference list, forwarding only
[dc3_node1] Replicated to localhost:50227
[dc3_node1] Replicated to localhost:50125
[dc3_node1] W-quorum achieved (2 writes), returning to client
[dc3_node1] Background replication continues for remaining nodes
[dc3_node1] Successful writes: 2/3
[dc3_node1] Replicated to localhost:50056
[dc3_node1] Internal PUT (replication): key='item:0970'
[dc3_node1] CONFLICT detected for key='item:0970', siblings=10
[dc3_node1] Saved 101 keys to disk
[dc3_node1] Internal PUT (replication): key='item:0651'
[dc3_node1] CONFLICT detected for key='item:0651', siblings=13
[dc3_node1] Saved 101 keys to disk
[dc3_node1] Retrieved key='item:0392', versions=14
[dc3_node1] Internal PUT (replication): key='item:0915'
[dc3_node1] CONFLICT detected for key='item:0915', siblings=7
[dc3_node1] Saved 101 keys to disk
[dc3_node1] Retrieved key='item:1088', versions=11
[dc3_node1] Client PUT: key='item:3173', value='value_3173_update_client44_op1502'
[dc3_node1] Preference list for 'item:3173': ['localhost:50085', 'localhost:50138', 'localhost:50159']
[dc3_node1] Coordinator NOT in preference list, forwarding only
[dc3_node1] Replicated to localhost:50159
[dc3_node1] Replicated to localhost:50138
[dc3_node1] Replicated to localhost:50085
[dc3_node1] W-quorum achieved (2 writes), returning to client
[dc3_node1] Background replication continues for remaining nodes
[dc3_node1] Successful writes: 3/3
[dc3_node1] Internal PUT (replication): key='item:2840'
[dc3_node1] CONFLICT detected for key='item:2840', siblings=9
[dc3_node1] Saved 101 keys to disk
[dc3_node1] Internal PUT (replication): key='item:4490'
[dc3_node1] CONFLICT detected for key='item:4490', siblings=12
[dc3_node1] Saved 101 keys to disk
[dc3_node1] Internal PUT (replication): key='item:0150'
[dc3_node1] CONFLICT detected for key='item:0150', siblings=19
[dc3_node1] Saved 101 keys to disk
[dc3_node1] Internal PUT (replication): key='item:1130'
[dc3_node1] CONFLICT detected for key='item:1130', siblings=10
[dc3_node1] Internal PUT (replication): key='item:4490'
[dc3_node1] Internal PUT (replication): key='item:3295'
[dc3_node1] Client PUT: key='item:2850', value='value_2850_client32_op1545'
[dc3_node1] Preference list for 'item:2850': ['localhost:50107', 'localhost:50087', 'localhost:50197']
[dc3_node1] Coordinator NOT in preference list, forwarding only
[dc3_node1] Saved 101 keys to disk
[dc3_node1] CONFLICT detected for key='item:4490', siblings=13
[dc3_node1] Replicated to localhost:50107
[dc3_node1] Replicated to localhost:50197
[dc3_node1] Saved 101 keys to disk
[dc3_node1] CONFLICT detected for key='item:3295', siblings=12
[dc3_node1] W-quorum achieved (2 writes), returning to client
[dc3_node1] Background replication continues for remaining nodes
[dc3_node1] Successful writes: 2/3
[dc3_node1] Saved 101 keys to disk
[dc3_node1] Internal PUT (replication): key='item:0274'
[dc3_node1] CONFLICT detected for key='item:0274', siblings=11
[dc3_node1] Saved 101 keys to disk
[dc3_node1] Replicated to localhost:50087
[dc3_node1] Retrieved key='item:1883', versions=8
[dc3_node1] Client GET: key='item:0184'
[dc3_node1] Reading from preference list: ['localhost:50074', 'localhost:50226']
[dc3_node1] Key='item:0184' not found
[dc3_node1] CONFLICT: 14 sibling versions for 'item:0184'
[dc3_node1] Retrieved key='item:0063', versions=16
[dc3_node1] Client PUT: key='item:4435', value='value_4435_update_client10_op1537'
[dc3_node1] Preference list for 'item:4435': ['localhost:50179', 'localhost:50084', 'localhost:50198']
[dc3_node1] Coordinator NOT in preference list, forwarding only
[dc3_node1] Client GET: key='item:0882'
[dc3_node1] Reading from preference list: ['localhost:50070', 'localhost:50180']
[dc3_node1] Key='item:0882' not found
[dc3_node1] Replicated to localhost:50179
[dc3_node1] Internal PUT (replication): key='item:1624'
[dc3_node1] CONFLICT detected for key='item:1624', siblings=11
[dc3_node1] Replicated to localhost:50084
[dc3_node1] Saved 101 keys to disk
[dc3_node1] W-quorum achieved (2 writes), returning to client
[dc3_node1] Background replication continues for remaining nodes
[dc3_node1] Successful writes: 2/3
[dc3_node1] Internal PUT (replication): key='item:1513'
[dc3_node1] CONFLICT detected for key='item:1513', siblings=8
[dc3_node1] Replicated to localhost:50198
[dc3_node1] CONFLICT: 14 sibling versions for 'item:0882'
[dc3_node1] Saved 101 keys to disk
[dc3_node1] Retrieved key='item:1084', versions=13
[dc3_node1] Client PUT: key='item:4453', value='value_4453_update_client32_op1554'
[dc3_node1] Preference list for 'item:4453': ['localhost:50187', 'localhost:50130', 'localhost:50088']
[dc3_node1] Coordinator NOT in preference list, forwarding only
[dc3_node1] Replicated to localhost:50088
[dc3_node1] Replicated to localhost:50130
[dc3_node1] W-quorum achieved (2 writes), returning to client
[dc3_node1] Background replication continues for remaining nodes
[dc3_node1] Successful writes: 2/3
[dc3_node1] Replicated to localhost:50187
[dc3_node1] Client PUT: key='item:3025', value='value_3025_client40_op1512'
[dc3_node1] Preference list for 'item:3025': ['localhost:50081', 'localhost:50236', 'localhost:50061']
[dc3_node1] Coordinator NOT in preference list, forwarding only
[dc3_node1] Replicated to localhost:50081
[dc3_node1] Replicated to localhost:50061
[dc3_node1] W-quorum achieved (2 writes), returning to client
[dc3_node1] Background replication continues for remaining nodes
[dc3_node1] Successful writes: 2/3
[dc3_node1] Client PUT: key='item:1545', value='value_1545_client24_op1566'
[dc3_node1] Preference list for 'item:1545': ['localhost:50237', 'localhost:50098', 'localhost:50079']
[dc3_node1] Coordinator NOT in preference list, forwarding only
[dc3_node1] Client GET: key='item:2417'
[dc3_node1] Reading from preference list: ['localhost:50194', 'localhost:50169']
[dc3_node1] Key='item:2417' not found
[dc3_node1] CONFLICT: 26 sibling versions for 'item:2417'
[dc3_node1] Replicated to localhost:50236
[dc3_node1] Internal PUT (replication): key='item:0970'
[dc3_node1] CONFLICT detected for key='item:0970', siblings=11
[dc3_node1] Replicated to localhost:50079
[dc3_node1] Replicated to localhost:50237
[dc3_node1] W-quorum achieved (2 writes), returning to client
[dc3_node1] Background replication continues for remaining nodes
[dc3_node1] Successful writes: 2/3
[dc3_node1] Saved 101 keys to disk
[dc3_node1] Client GET: key='item:3345'
[dc3_node1] Reading from preference list: ['localhost:50069', 'localhost:50137']
[dc3_node1] Key='item:3345' not found
[dc3_node1] Internal PUT (replication): key='item:1325'
[dc3_node1] CONFLICT detected for key='item:1325', siblings=7
[dc3_node1] Saved 101 keys to disk
[dc3_node1] Replicated to localhost:50098
[dc3_node1] CONFLICT: 9 sibling versions for 'item:3345'
[dc3_node1] Internal PUT (replication): key='item:0150'
[dc3_node1] CONFLICT detected for key='item:0150', siblings=20
[dc3_node1] Internal PUT (replication): key='item:2345'
[dc3_node1] Saved 101 keys to disk
[dc3_node1] CONFLICT detected for key='item:2345', siblings=10
[dc3_node1] Saved 101 keys to disk
[dc3_node1] Retrieved key='item:2619', versions=11
[dc3_node1] Internal PUT (replication): key='item:1822'
[dc3_node1] CONFLICT detected for key='item:1822', siblings=15
[dc3_node1] Saved 101 keys to disk
[dc3_node1] Retrieved key='item:4720', versions=10
[dc3_node1] Internal PUT (replication): key='item:4738'
[dc3_node1] CONFLICT detected for key='item:4738', siblings=15
[dc3_node1] Saved 101 keys to disk
[dc3_node1] Internal PUT (replication): key='item:1832'
[dc3_node1] CONFLICT detected for key='item:1832', siblings=8
[dc3_node1] Internal PUT (replication): key='item:2779'
[dc3_node1] Client GET: key='item:3180'
[dc3_node1] Reading from preference list: ['localhost:50208', 'localhost:50222']
[dc3_node1] Saved 101 keys to disk
[dc3_node1] CONFLICT detected for key='item:2779', siblings=9
[dc3_node1] Saved 101 keys to disk
[dc3_node1] Key='item:3180' not found
[dc3_node1] CONFLICT: 21 sibling versions for 'item:3180'
[dc3_node1] Internal PUT (replication): key='item:2423'
[dc3_node1] CONFLICT detected for key='item:2423', siblings=13
[dc3_node1] Client PUT: key='item:2547', value='value_2547_update_client28_op1549'
[dc3_node1] Preference list for 'item:2547': ['localhost:50113', 'localhost:50149', 'localhost:50187']
[dc3_node1] Coordinator NOT in preference list, forwarding only
[dc3_node1] Replicated to localhost:50149
[dc3_node1] Replicated to localhost:50187
[dc3_node1] W-quorum achieved (2 writes), returning to client
[dc3_node1] Background replication continues for remaining nodes
[dc3_node1] Successful writes: 2/3
[dc3_node1] Replicated to localhost:50113
[dc3_node1] Saved 101 keys to disk
[dc3_node1] Internal PUT (replication): key='item:0869'
[dc3_node1] CONFLICT detected for key='item:0869', siblings=11
[dc3_node1] Saved 101 keys to disk
[dc3_node1] Internal PUT (replication): key='item:4467'
[dc3_node1] CONFLICT detected for key='item:4467', siblings=16
[dc3_node1] Saved 101 keys to disk
[dc3_node1] Retrieved key='item:2619', versions=11
[dc3_node1] Retrieved key='item:1832', versions=8
[dc3_node1] Client PUT: key='item:4658', value='value_4658_update_client4_op1559'
[dc3_node1] Preference list for 'item:4658': ['localhost:50186', 'localhost:50142', 'localhost:50226']
[dc3_node1] Coordinator NOT in preference list, forwarding only
[dc3_node1] Internal PUT (replication): key='item:0915'
[dc3_node1] CONFLICT detected for key='item:0915', siblings=8
[dc3_node1] Replicated to localhost:50226
[dc3_node1] Saved 101 keys to disk
[dc3_node1] Replicated to localhost:50142
[dc3_node1] W-quorum achieved (2 writes), returning to client
[dc3_node1] Background replication continues for remaining nodes
[dc3_node1] Successful writes: 2/3
[dc3_node1] Internal PUT (replication): key='item:1822'
[dc3_node1] CONFLICT detected for key='item:1822', siblings=16
[dc3_node1] Saved 101 keys to disk
[dc3_node1] Retrieved key='item:2083', versions=17
[dc3_node1] Replicated to localhost:50186
[dc3_node1] Internal PUT (replication): key='item:0869'
[dc3_node1] CONFLICT detected for key='item:0869', siblings=12
[dc3_node1] Internal PUT (replication): key='item:0063'
[dc3_node1] Saved 101 keys to disk
[dc3_node1] CONFLICT detected for key='item:0063', siblings=17
[dc3_node1] Saved 101 keys to disk
[dc3_node1] Internal PUT (replication): key='item:1365'
[dc3_node1] CONFLICT detected for key='item:1365', siblings=11
[dc3_node1] Saved 101 keys to disk
[dc3_node1] Client PUT: key='item:1385', value='value_1385_client39_op1584'
[dc3_node1] Preference list for 'item:1385': ['localhost:50081', 'localhost:50142', 'localhost:50181']
[dc3_node1] Coordinator NOT in preference list, forwarding only
[dc3_node1] Replicated to localhost:50181
[dc3_node1] Replicated to localhost:50081
[dc3_node1] W-quorum achieved (2 writes), returning to client
[dc3_node1] Background replication continues for remaining nodes
[dc3_node1] Successful writes: 2/3
[dc3_node1] Client PUT: key='item:2167', value='value_2167_update_client20_op1560'
[dc3_node1] Preference list for 'item:2167': ['localhost:50225', 'localhost:50094', 'localhost:50133']
[dc3_node1] Coordinator NOT in preference list, forwarding only
[dc3_node1] Replicated to localhost:50133
[dc3_node1] Replicated to localhost:50225
[dc3_node1] W-quorum achieved (2 writes), returning to client
[dc3_node1] Background replication continues for remaining nodes
[dc3_node1] Successful writes: 2/3
[dc3_node1] Replicated to localhost:50142
[dc3_node1] Replicated to localhost:50094
[dc3_node1] Internal PUT (replication): key='item:1763'
[dc3_node1] CONFLICT detected for key='item:1763', siblings=15
[dc3_node1] Saved 101 keys to disk
[dc3_node1] Retrieved key='item:0148', versions=7
[dc3_node1] Internal PUT (replication): key='item:1308'
[dc3_node1] CONFLICT detected for key='item:1308', siblings=5
[dc3_node1] Client PUT: key='item:3686', value='value_3686_update_client33_op1524'
[dc3_node1] Preference list for 'item:3686': ['localhost:50232', 'localhost:50056', 'localhost:50095']
[dc3_node1] Coordinator NOT in preference list, forwarding only
[dc3_node1] Saved 101 keys to disk
[dc3_node1] Replicated to localhost:50056
[dc3_node1] Replicated to localhost:50232
[dc3_node1] W-quorum achieved (2 writes), returning to client
[dc3_node1] Background replication continues for remaining nodes
[dc3_node1] Successful writes: 2/3
[dc3_node1] Retrieved key='item:4490', versions=13
[dc3_node1] Replicated to localhost:50095
[dc3_node1] Client GET: key='item:4606'
[dc3_node1] Reading from preference list: ['localhost:50125', 'localhost:50179']
[dc3_node1] Key='item:4606' not found
[dc3_node1] CONFLICT: 20 sibling versions for 'item:4606'
[dc3_node1] Internal PUT (replication): key='item:4335'
[dc3_node1] CONFLICT detected for key='item:4335', siblings=12
[dc3_node1] Client PUT: key='item:1374', value='value_1374_client21_op1531'
[dc3_node1] Preference list for 'item:1374': ['localhost:50208', 'localhost:50185', 'localhost:50167']
[dc3_node1] Coordinator NOT in preference list, forwarding only
[dc3_node1] Replicated to localhost:50167
[dc3_node1] Replicated to localhost:50208
[dc3_node1] W-quorum achieved (2 writes), returning to client
[dc3_node1] Background replication continues for remaining nodes
[dc3_node1] Successful writes: 2/3
[dc3_node1] Internal PUT (replication): key='item:0674'
[dc3_node1] Internal PUT (replication): key='item:2529'
[dc3_node1] Replicated to localhost:50185
[dc3_node1] Saved 101 keys to disk
[dc3_node1] CONFLICT detected for key='item:0674', siblings=12
[dc3_node1] Client GET: key='item:4905'
[dc3_node1] Reading from preference list: ['localhost:50154', 'localhost:50137']
[dc3_node1] Saved 101 keys to disk
[dc3_node1] CONFLICT detected for key='item:2529', siblings=14
[dc3_node1] Client GET: key='item:2873'
[dc3_node1] Reading from preference list: ['localhost:50172', 'localhost:50076']
[dc3_node1] Saved 101 keys to disk
[dc3_node1] Key='item:4905' not found
[dc3_node1] Key='item:2873' not found
[dc3_node1] CONFLICT: 24 sibling versions for 'item:4905'
[dc3_node1] Retrieved key='item:2006', versions=11
[dc3_node1] CONFLICT: 24 sibling versions for 'item:2873'
[dc3_node1] Internal PUT (replication): key='item:0148'
[dc3_node1] CONFLICT detected for key='item:0148', siblings=8
[dc3_node1] Saved 101 keys to disk
[dc3_node1] Retrieved key='item:1325', versions=7
[dc3_node1] Internal PUT (replication): key='item:1822'
[dc3_node1] CONFLICT detected for key='item:1822', siblings=17
[dc3_node1] Internal PUT (replication): key='item:1822'
[dc3_node1] Saved 101 keys to disk
[dc3_node1] CONFLICT detected for key='item:1822', siblings=18
[dc3_node1] Internal PUT (replication): key='item:4586'
[dc3_node1] Client GET: key='item:0615'
[dc3_node1] Reading from preference list: ['localhost:50052', 'localhost:50199']
[dc3_node1] Internal PUT (replication): key='item:3969'
[dc3_node1] Saved 101 keys to disk
[dc3_node1] CONFLICT detected for key='item:4586', siblings=14
[dc3_node1] Saved 101 keys to disk
[dc3_node1] Key='item:0615' not found
[dc3_node1] CONFLICT detected for key='item:3969', siblings=12
[dc3_node1] CONFLICT: 31 sibling versions for 'item:0615'
[dc3_node1] Saved 101 keys to disk
[dc3_node1] Retrieved key='item:1084', versions=13
[dc3_node1] Internal PUT (replication): key='item:4720'
[dc3_node1] CONFLICT detected for key='item:4720', siblings=11
[dc3_node1] Saved 101 keys to disk
[dc3_node1] Client PUT: key='item:2676', value='value_2676_client30_op1566'
[dc3_node1] Preference list for 'item:2676': ['localhost:50190', 'localhost:50144', 'localhost:50116']
[dc3_node1] Coordinator NOT in preference list, forwarding only
[dc3_node1] Replicated to localhost:50190
[dc3_node1] Internal PUT (replication): key='item:4732'
[dc3_node1] CONFLICT detected for key='item:4732', siblings=9
[dc3_node1] Replicated to localhost:50144
[dc3_node1] Replicated to localhost:50116
[dc3_node1] W-quorum achieved (2 writes), returning to client
[dc3_node1] Background replication continues for remaining nodes
[dc3_node1] Successful writes: 3/3
[dc3_node1] Internal PUT (replication): key='item:0063'
[dc3_node1] Saved 101 keys to disk
[dc3_node1] CONFLICT detected for key='item:0063', siblings=18
[dc3_node1] Saved 101 keys to disk
[dc3_node1] Internal PUT (replication): key='item:1561'
[dc3_node1] CONFLICT detected for key='item:1561', siblings=12
[dc3_node1] Saved 101 keys to disk
[dc3_node1] Retrieved key='item:1822', versions=18
[dc3_node1] Internal PUT (replication): key='item:3246'
[dc3_node1] CONFLICT detected for key='item:3246', siblings=9
[dc3_node1] Saved 101 keys to disk
[dc3_node1] Internal PUT (replication): key='item:1084'
[dc3_node1] CONFLICT detected for key='item:1084', siblings=14
[dc3_node1] Internal PUT (replication): key='item:3413'
[dc3_node1] Saved 101 keys to disk
[dc3_node1] CONFLICT detected for key='item:3413', siblings=15
[dc3_node1] Saved 101 keys to disk
[dc3_node1] Retrieved key='item:2083', versions=17
[dc3_node1] Internal PUT (replication): key='item:3969'
[dc3_node1] CONFLICT detected for key='item:3969', siblings=13
[dc3_node1] Saved 101 keys to disk
[dc3_node1] Internal PUT (replication): key='item:4490'
[dc3_node1] CONFLICT detected for key='item:4490', siblings=14
[dc3_node1] Client GET: key='item:3556'
[dc3_node1] Reading from preference list: ['localhost:50227', 'localhost:50142']
[dc3_node1] Saved 101 keys to disk
[dc3_node1] Key='item:3556' not found
[dc3_node1] Retrieved key='item:0106', versions=11
[dc3_node1] Client PUT: key='item:1425', value='value_1425_update_client10_op1597'
[dc3_node1] Preference list for 'item:1425': ['localhost:50189', 'localhost:50120', 'localhost:50229']
[dc3_node1] Coordinator NOT in preference list, forwarding only
[dc3_node1] Replicated to localhost:50229
[dc3_node1] Replicated to localhost:50120
[dc3_node1] W-quorum achieved (2 writes), returning to client
[dc3_node1] Background replication continues for remaining nodes
[dc3_node1] Successful writes: 2/3
[dc3_node1] CONFLICT: 25 sibling versions for 'item:3556'
[dc3_node1] Replicated to localhost:50189
[dc3_node1] Internal PUT (replication): key='item:4403'
[dc3_node1] CONFLICT detected for key='item:4403', siblings=12
[dc3_node1] Saved 101 keys to disk
[dc3_node1] Internal PUT (replication): key='item:1369'
[dc3_node1] CONFLICT detected for key='item:1369', siblings=14
[dc3_node1] Internal PUT (replication): key='item:3295'
[dc3_node1] Saved 101 keys to disk
[dc3_node1] CONFLICT detected for key='item:3295', siblings=13
[dc3_node1] Saved 101 keys to disk
[dc3_node1] Client GET: key='item:0234'
[dc3_node1] Reading from preference list: ['localhost:50108', 'localhost:50171']
[dc3_node1] Key='item:0234' not found
[dc3_node1] CONFLICT: 24 sibling versions for 'item:0234'
[dc3_node1] Client GET: key='item:3494'
[dc3_node1] Reading from preference list: ['localhost:50198', 'localhost:50061']
[dc3_node1] Key='item:3494' not found
[dc3_node1] CONFLICT: 27 sibling versions for 'item:3494'
[dc3_node1] Internal PUT (replication): key='item:4337'
[dc3_node1] CONFLICT detected for key='item:4337', siblings=2
[dc3_node1] Saved 101 keys to disk
[dc3_node1] Retrieved key='item:4720', versions=11
[dc3_node1] Internal PUT (replication): key='item:1561'
[dc3_node1] CONFLICT detected for key='item:1561', siblings=12
[dc3_node1] Saved 101 keys to disk
[dc3_node1] Internal PUT (replication): key='item:1683'
[dc3_node1] CONFLICT detected for key='item:1683', siblings=8
[dc3_node1] Saved 101 keys to disk
[dc3_node1] Retrieved key='item:1559', versions=13
[dc3_node1] Client PUT: key='item:4620', value='value_4620_client19_op1597'
[dc3_node1] Preference list for 'item:4620': ['localhost:50143', 'localhost:50225', 'localhost:50091']
[dc3_node1] CONFLICT detected for key='item:4620', siblings=14
[dc3_node1] Client PUT: key='item:3939', value='value_3939_client0_op1576'
[dc3_node1] Preference list for 'item:3939': ['localhost:50175', 'localhost:50148', 'localhost:50094']
[dc3_node1] Coordinator NOT in preference list, forwarding only
[dc3_node1] Saved 101 keys to disk
[dc3_node1] Coordinator IS in preference list, stored locally
[dc3_node1] Client PUT: key='item:4897', value='value_4897_update_client43_op1610'
[dc3_node1] Preference list for 'item:4897': ['localhost:50247', 'localhost:50071', 'localhost:50173']
[dc3_node1] Coordinator NOT in preference list, forwarding only
[dc3_node1] Replicated to localhost:50148
[dc3_node1] Replicated to localhost:50247
[dc3_node1] Replicated to localhost:50143
[dc3_node1] W-quorum achieved (2 writes), returning to client
[dc3_node1] Background replication continues for remaining nodes
[dc3_node1] Successful writes: 2/3
[dc3_node1] Replicated to localhost:50225
[dc3_node1] Client PUT: key='item:3773', value='value_3773_update_client46_op1576'
[dc3_node1] Preference list for 'item:3773': ['localhost:50071', 'localhost:50105', 'localhost:50161']
[dc3_node1] Coordinator NOT in preference list, forwarding only
[dc3_node1] Replicated to localhost:50094
[dc3_node1] Client PUT: key='item:1568', value='value_1568_update_client7_op1625'
[dc3_node1] Preference list for 'item:1568': ['localhost:50160', 'localhost:50187', 'localhost:50060']
[dc3_node1] Coordinator NOT in preference list, forwarding only
[dc3_node1] W-quorum achieved (2 writes), returning to client
[dc3_node1] Background replication continues for remaining nodes
[dc3_node1] Successful writes: 2/3
[dc3_node1] Replicated to localhost:50175
[dc3_node1] Replicated to localhost:50187
[dc3_node1] Replicated to localhost:50160
[dc3_node1] Replicated to localhost:50173
[dc3_node1] W-quorum achieved (2 writes), returning to client
[dc3_node1] Background replication continues for remaining nodes
[dc3_node1] Successful writes: 2/3
[dc3_node1] W-quorum achieved (2 writes), returning to client
[dc3_node1] Background replication continues for remaining nodes
[dc3_node1] Successful writes: 2/3
[dc3_node1] Replicated to localhost:50071
[dc3_node1] Replicated to localhost:50105
[dc3_node1] Replicated to localhost:50161
[dc3_node1] W-quorum achieved (2 writes), returning to client
[dc3_node1] Background replication continues for remaining nodes
[dc3_node1] Successful writes: 2/3
[dc3_node1] Replicated to localhost:50060
[dc3_node1] Internal PUT (replication): key='item:1822'
[dc3_node1] CONFLICT detected for key='item:1822', siblings=19
[dc3_node1] Saved 101 keys to disk
[dc3_node1] Replicated to localhost:50071
[dc3_node1] Client PUT: key='item:4312', value='value_4312_update_client36_op1602'
[dc3_node1] Preference list for 'item:4312': ['localhost:50178', 'localhost:50094', 'localhost:50087']
[dc3_node1] Coordinator NOT in preference list, forwarding only
[dc3_node1] Internal PUT (replication): key='item:0063'
[dc3_node1] CONFLICT detected for key='item:0063', siblings=19
[dc3_node1] Replicated to localhost:50178
[dc3_node1] Saved 101 keys to disk
[dc3_node1] Internal PUT (replication): key='item:1325'
[dc3_node1] CONFLICT detected for key='item:1325', siblings=8
[dc3_node1] Replicated to localhost:50094
[dc3_node1] Replicated to localhost:50087
[dc3_node1] W-quorum achieved (2 writes), returning to client
[dc3_node1] Background replication continues for remaining nodes
[dc3_node1] Successful writes: 3/3
[dc3_node1] Saved 101 keys to disk
[dc3_node1] Internal PUT (replication): key='item:4301'
[dc3_node1] CONFLICT detected for key='item:4301', siblings=11
[dc3_node1] Saved 101 keys to disk
[dc3_node1] Retrieved key='item:1559', versions=13
[dc3_node1] Internal PUT (replication): key='item:3823'
[dc3_node1] CONFLICT detected for key='item:3823', siblings=14
[dc3_node1] Saved 101 keys to disk
[dc3_node1] Retrieved key='item:3019', versions=7
[dc3_node1] Internal PUT (replication): key='item:1352'
[dc3_node1] CONFLICT detected for key='item:1352', siblings=18
[dc3_node1] Saved 101 keys to disk
[dc3_node1] Internal PUT (replication): key='item:4403'
[dc3_node1] CONFLICT detected for key='item:4403', siblings=13
[dc3_node1] Internal PUT (replication): key='item:2423'
[dc3_node1] Saved 101 keys to disk
[dc3_node1] CONFLICT detected for key='item:2423', siblings=13
[dc3_node1] Saved 101 keys to disk
[dc3_node1] Internal PUT (replication): key='item:4720'
[dc3_node1] CONFLICT detected for key='item:4720', siblings=12
[dc3_node1] Saved 101 keys to disk
[dc3_node1] Internal PUT (replication): key='item:0274'
[dc3_node1] CONFLICT detected for key='item:0274', siblings=12
[dc3_node1] Saved 101 keys to disk
[dc3_node1] Client PUT: key='item:0715', value='value_715_update_client40_op1589'
[dc3_node1] Preference list for 'item:0715': ['localhost:50153', 'localhost:50080', 'localhost:50051']
[dc3_node1] Coordinator NOT in preference list, forwarding only
[dc3_node1] Replicated to localhost:50080
[dc3_node1] Client PUT: key='item:4077', value='value_4077_update_client29_op1641'
[dc3_node1] Preference list for 'item:4077': ['localhost:50157', 'localhost:50246', 'localhost:50075']
[dc3_node1] Coordinator NOT in preference list, forwarding only
[dc3_node1] Client GET: key='item:2749'
[dc3_node1] Reading from preference list: ['localhost:50176', 'localhost:50164']
[dc3_node1] Key='item:2749' not found
[dc3_node1] Internal PUT (replication): key='item:1369'
[dc3_node1] CONFLICT detected for key='item:1369', siblings=15
[dc3_node1] Replicated to localhost:50051
[dc3_node1] W-quorum achieved (2 writes), returning to client
[dc3_node1] Background replication continues for remaining nodes
[dc3_node1] Successful writes: 2/3
[dc3_node1] CONFLICT: 22 sibling versions for 'item:2749'
[dc3_node1] Replicated to localhost:50075
[dc3_node1] Replicated to localhost:50157
[dc3_node1] W-quorum achieved (2 writes), returning to client
[dc3_node1] Background replication continues for remaining nodes
[dc3_node1] Successful writes: 2/3
[dc3_node1] Saved 101 keys to disk
[dc3_node1] Internal PUT (replication): key='item:1706'
[dc3_node1] CONFLICT detected for key='item:1706', siblings=12
[dc3_node1] Replicated to localhost:50153
[dc3_node1] Saved 101 keys to disk
[dc3_node1] Replicated to localhost:50246
[dc3_node1] Internal PUT (replication): key='item:4949'
[dc3_node1] CONFLICT detected for key='item:4949', siblings=11
[dc3_node1] Saved 101 keys to disk
[dc3_node1] Retrieved key='item:1513', versions=8
[dc3_node1] Internal PUT (replication): key='item:2619'
[dc3_node1] CONFLICT detected for key='item:2619', siblings=12
[dc3_node1] Saved 101 keys to disk
[dc3_node1] Client PUT: key='item:4130', value='value_4130_update_client20_op1633'
[dc3_node1] Preference list for 'item:4130': ['localhost:50162', 'localhost:50213', 'localhost:50075']
[dc3_node1] Coordinator NOT in preference list, forwarding only
[dc3_node1] Replicated to localhost:50213
[dc3_node1] Replicated to localhost:50162
[dc3_node1] W-quorum achieved (2 writes), returning to client
[dc3_node1] Background replication continues for remaining nodes
[dc3_node1] Successful writes: 2/3
[dc3_node1] Replicated to localhost:50075
[dc3_node1] Retrieved key='item:4732', versions=9
[dc3_node1] Retrieved key='item:2006', versions=11
[dc3_node1] Internal PUT (replication): key='item:4710'
[dc3_node1] CONFLICT detected for key='item:4710', siblings=9
[dc3_node1] Saved 101 keys to disk
[dc3_node1] Retrieved key='item:1683', versions=8
[dc3_node1] Client GET: key='item:3313'
[dc3_node1] Reading from preference list: ['localhost:50152', 'localhost:50203']
[dc3_node1] Key='item:3313' not found
[dc3_node1] CONFLICT: 27 sibling versions for 'item:3313'
[dc3_node1] Internal PUT (replication): key='item:3295'
[dc3_node1] CONFLICT detected for key='item:3295', siblings=14
[dc3_node1] Internal PUT (replication): key='item:1663'
[dc3_node1] Saved 101 keys to disk
[dc3_node1] CONFLICT detected for key='item:1663', siblings=12
[dc3_node1] Saved 101 keys to disk
[dc3_node1] Client GET: key='item:1161'
[dc3_node1] Reading from preference list: ['localhost:50117', 'localhost:50182']
[dc3_node1] Key='item:1161' not found
[dc3_node1] CONFLICT: 14 sibling versions for 'item:1161'
[dc3_node1] Client GET: key='item:2411'
[dc3_node1] Reading from preference list: ['localhost:50087', 'localhost:50216']
[dc3_node1] Key='item:2411' not found
[dc3_node1] CONFLICT: 24 sibling versions for 'item:2411'
[dc3_node1] Retrieved key='item:0893', versions=13
[dc3_node1] Internal PUT (replication): key='item:2083'
[dc3_node1] CONFLICT detected for key='item:2083', siblings=18
[dc3_node1] Saved 101 keys to disk
[dc3_node1] Internal PUT (replication): key='item:4467'
[dc3_node1] CONFLICT detected for key='item:4467', siblings=17
[dc3_node1] Saved 101 keys to disk
[dc3_node1] Client PUT: key='item:2745', value='value_2745_client31_op1600'
[dc3_node1] Preference list for 'item:2745': ['localhost:50070', 'localhost:50126', 'localhost:50227']
[dc3_node1] Coordinator NOT in preference list, forwarding only
[dc3_node1] Replicated to localhost:50126
[dc3_node1] Client PUT: key='item:1752', value='value_1752_client48_op1650'
[dc3_node1] Preference list for 'item:1752': ['localhost:50172', 'localhost:50138', 'localhost:50168']
[dc3_node1] Coordinator NOT in preference list, forwarding only
[dc3_node1] Internal PUT (replication): key='item:2418'
[dc3_node1] CONFLICT detected for key='item:2418', siblings=14
[dc3_node1] Replicated to localhost:50227
[dc3_node1] W-quorum achieved (2 writes), returning to client
[dc3_node1] Background replication continues for remaining nodes
[dc3_node1] Successful writes: 2/3
[dc3_node1] Replicated to localhost:50138
[dc3_node1] Replicated to localhost:50168
[dc3_node1] W-quorum achieved (2 writes), returning to client
[dc3_node1] Background replication continues for remaining nodes
[dc3_node1] Successful writes: 2/3
[dc3_node1] Replicated to localhost:50070
[dc3_node1] Internal PUT (replication): key='item:4720'
[dc3_node1] Saved 101 keys to disk
[dc3_node1] CONFLICT detected for key='item:4720', siblings=13
[dc3_node1] Saved 101 keys to disk
[dc3_node1] Replicated to localhost:50172
[dc3_node1] Client PUT: key='item:2094', value='value_2094_update_client20_op1658'
[dc3_node1] Preference list for 'item:2094': ['localhost:50159', 'localhost:50244', 'localhost:50187']
[dc3_node1] Coordinator NOT in preference list, forwarding only
[dc3_node1] Replicated to localhost:50159
[dc3_node1] Client GET: key='item:0503'
[dc3_node1] Reading from preference list: ['localhost:50144', 'localhost:50102']
[dc3_node1] Key='item:0503' not found
[dc3_node1] CONFLICT: 20 sibling versions for 'item:0503'
[dc3_node1] Replicated to localhost:50187
[dc3_node1] W-quorum achieved (2 writes), returning to client
[dc3_node1] Background replication continues for remaining nodes
[dc3_node1] Successful writes: 2/3
[dc3_node1] Replicated to localhost:50244
[dc3_node1] Internal PUT (replication): key='item:3246'
[dc3_node1] CONFLICT detected for key='item:3246', siblings=10
[dc3_node1] Client GET: key='item:3024'
[dc3_node1] Reading from preference list: ['localhost:50061', 'localhost:50105']
[dc3_node1] Saved 101 keys to disk
[dc3_node1] Key='item:3024' not found
[dc3_node1] CONFLICT: 26 sibling versions for 'item:3024'
[dc3_node1] Internal PUT (replication): key='item:1369'
[dc3_node1] CONFLICT detected for key='item:1369', siblings=16
[dc3_node1] Saved 101 keys to disk
[dc3_node1] Internal PUT (replication): key='item:1706'
[dc3_node1] CONFLICT detected for key='item:1706', siblings=13
[dc3_node1] Saved 101 keys to disk
[dc3_node1] Retrieved key='item:4301', versions=11
[dc3_node1] Retrieved key='item:1965', versions=10
[dc3_node1] Internal PUT (replication): key='item:2607'
[dc3_node1] CONFLICT detected for key='item:2607', siblings=13
[dc3_node1] Saved 101 keys to disk
[dc3_node1] Internal PUT (replication): key='item:0893'
[dc3_node1] CONFLICT detected for key='item:0893', siblings=14
[dc3_node1] Saved 101 keys to disk
[dc3_node1] Internal PUT (replication): key='item:2083'
[dc3_node1] CONFLICT detected for key='item:2083', siblings=19
[dc3_node1] Saved 101 keys to disk
[dc3_node1] Internal PUT (replication): key='item:3527'
[dc3_node1] CONFLICT detected for key='item:3527', siblings=17
[dc3_node1] Saved 101 keys to disk
[dc3_node1] Internal PUT (replication): key='item:2779'
[dc3_node1] CONFLICT detected for key='item:2779', siblings=10
[dc3_node1] Saved 101 keys to disk
[dc3_node1] Retrieved key='item:2083', versions=19
[dc3_node1] Client PUT: key='item:4775', value='value_4775_client8_op1653'
[dc3_node1] Preference list for 'item:4775': ['localhost:50127', 'localhost:50184', 'localhost:50138']
[dc3_node1] Coordinator NOT in preference list, forwarding only
[dc3_node1] Replicated to localhost:50127
[dc3_node1] Replicated to localhost:50184
[dc3_node1] Replicated to localhost:50138
[dc3_node1] W-quorum achieved (2 writes), returning to client
[dc3_node1] Background replication continues for remaining nodes
[dc3_node1] Successful writes: 3/3
[dc3_node1] Client PUT: key='item:1186', value='value_1186_update_client16_op1664'
[dc3_node1] Preference list for 'item:1186': ['localhost:50098', 'localhost:50146', 'localhost:50181']
[dc3_node1] Coordinator NOT in preference list, forwarding only
[dc3_node1] Retrieved key='item:3230', versions=5
[dc3_node1] Replicated to localhost:50098
[dc3_node1] Retrieved key='item:3230', versions=5
[dc3_node1] Replicated to localhost:50146
[dc3_node1] Replicated to localhost:50181
[dc3_node1] W-quorum achieved (2 writes), returning to client
[dc3_node1] Background replication continues for remaining nodes
[dc3_node1] Successful writes: 3/3
[dc3_node1] Internal PUT (replication): key='item:2345'
[dc3_node1] CONFLICT detected for key='item:2345', siblings=11
[dc3_node1] Saved 101 keys to disk
[dc3_node1] Internal PUT (replication): key='item:2049'
[dc3_node1] CONFLICT detected for key='item:2049', siblings=12
[dc3_node1] Saved 101 keys to disk
[dc3_node1] Client GET: key='item:4167'
[dc3_node1] Reading from preference list: ['localhost:50192', 'localhost:50162']
[dc3_node1] Key='item:4167' not found
[dc3_node1] CONFLICT: 32 sibling versions for 'item:4167'
[dc3_node1] Retrieved key='item:2196', versions=14
[dc3_node1] Internal PUT (replication): key='item:2083'
[dc3_node1] CONFLICT detected for key='item:2083', siblings=20
[dc3_node1] Saved 101 keys to disk
[dc3_node1] Internal PUT (replication): key='item:0148'
[dc3_node1] CONFLICT detected for key='item:0148', siblings=8
[dc3_node1] Saved 101 keys to disk
[dc3_node1] Retrieved key='item:4490', versions=14
[dc3_node1] Retrieved key='item:1561', versions=12
[dc3_node1] Retrieved key='item:1883', versions=8
[dc3_node1] Retrieved key='item:4467', versions=17
[dc3_node1] Client PUT: key='item:0888', value='value_888_client3_op1709'
[dc3_node1] Preference list for 'item:0888': ['localhost:50078', 'localhost:50116', 'localhost:50110']
[dc3_node1] Coordinator NOT in preference list, forwarding only
[dc3_node1] Retrieved key='item:0106', versions=11
[dc3_node1] Internal PUT (replication): key='item:4301'
[dc3_node1] CONFLICT detected for key='item:4301', siblings=12
[dc3_node1] Replicated to localhost:50110
[dc3_node1] Client GET: key='item:2436'
[dc3_node1] Reading from preference list: ['localhost:50093', 'localhost:50198']
[dc3_node1] Replicated to localhost:50078
[dc3_node1] W-quorum achieved (2 writes), returning to client
[dc3_node1] Background replication continues for remaining nodes
[dc3_node1] Successful writes: 2/3
[dc3_node1] Replicated to localhost:50116
[dc3_node1] Internal PUT (replication): key='item:0970'
[dc3_node1] Client GET: key='item:0605'
[dc3_node1] Reading from preference list: ['localhost:50244', 'localhost:50129']
[dc3_node1] Saved 101 keys to disk
[dc3_node1] Key='item:2436' not found
[dc3_node1] CONFLICT detected for key='item:0970', siblings=12
[dc3_node1] CONFLICT: 16 sibling versions for 'item:2436'
[dc3_node1] Saved 101 keys to disk
[dc3_node1] Key='item:0605' not found
[dc3_node1] CONFLICT: 20 sibling versions for 'item:0605'
[dc3_node1] Internal PUT (replication): key='item:4490'
[dc3_node1] CONFLICT detected for key='item:4490', siblings=15
[dc3_node1] Saved 101 keys to disk
[dc3_node1] Internal PUT (replication): key='item:0701'
[dc3_node1] CONFLICT detected for key='item:0701', siblings=3
[dc3_node1] Saved 101 keys to disk
[dc3_node1] Retrieved key='item:3969', versions=13
[dc3_node1] Internal PUT (replication): key='item:4467'
[dc3_node1] CONFLICT detected for key='item:4467', siblings=18
[dc3_node1] Client PUT: key='item:1915', value='value_1915_update_client26_op1656'
[dc3_node1] Preference list for 'item:1915': ['localhost:50156', 'localhost:50237', 'localhost:50054']
[dc3_node1] Coordinator NOT in preference list, forwarding only
[dc3_node1] Internal PUT (replication): key='item:2196'
[dc3_node1] Saved 101 keys to disk
[dc3_node1] CONFLICT detected for key='item:2196', siblings=15
[dc3_node1] Internal PUT (replication): key='item:2840'
[dc3_node1] Replicated to localhost:50237
[dc3_node1] Saved 101 keys to disk
[dc3_node1] CONFLICT detected for key='item:2840', siblings=10
[dc3_node1] Replicated to localhost:50054
[dc3_node1] W-quorum achieved (2 writes), returning to client
[dc3_node1] Background replication continues for remaining nodes
[dc3_node1] Successful writes: 2/3
[dc3_node1] Replicated to localhost:50156
[dc3_node1] Client GET: key='item:3435'
[dc3_node1] Reading from preference list: ['localhost:50149', 'localhost:50225']
[dc3_node1] Saved 101 keys to disk
[dc3_node1] Key='item:3435' not found
[dc3_node1] CONFLICT: 9 sibling versions for 'item:3435'
[dc3_node1] Internal PUT (replication): key='item:3969'
[dc3_node1] CONFLICT detected for key='item:3969', siblings=13
[dc3_node1] Saved 101 keys to disk
[dc3_node1] Retrieved key='item:4720', versions=13
[dc3_node1] Internal PUT (replication): key='item:3295'
[dc3_node1] CONFLICT detected for key='item:3295', siblings=15
[dc3_node1] Client PUT: key='item:4522', value='value_4522_update_client25_op1678'
[dc3_node1] Preference list for 'item:4522': ['localhost:50146', 'localhost:50060', 'localhost:50211']
[dc3_node1] Coordinator NOT in preference list, forwarding only
[dc3_node1] Client PUT: key='item:0982', value='value_982_client10_op1687'
[dc3_node1] Preference list for 'item:0982': ['localhost:50054', 'localhost:50175', 'localhost:50214']
[dc3_node1] Coordinator NOT in preference list, forwarding only
[dc3_node1] Internal PUT (replication): key='item:0106'
[dc3_node1] Replicated to localhost:50211
[dc3_node1] Saved 101 keys to disk
[dc3_node1] CONFLICT detected for key='item:0106', siblings=12
[dc3_node1] Replicated to localhost:50146
[dc3_node1] W-quorum achieved (2 writes), returning to client
[dc3_node1] Background replication continues for remaining nodes
[dc3_node1] Successful writes: 2/3
[dc3_node1] Replicated to localhost:50054
[dc3_node1] Replicated to localhost:50214
[dc3_node1] W-quorum achieved (2 writes), returning to client
[dc3_node1] Background replication continues for remaining nodes
[dc3_node1] Successful writes: 2/3
[dc3_node1] Saved 101 keys to disk
[dc3_node1] Client PUT: key='item:0820', value='value_820_client24_op1705'
[dc3_node1] Preference list for 'item:0820': ['localhost:50080', 'localhost:50051', 'localhost:50223']
[dc3_node1] Coordinator NOT in preference list, forwarding only
[dc3_node1] Replicated to localhost:50051
[dc3_node1] Replicated to localhost:50223
[dc3_node1] W-quorum achieved (2 writes), returning to client
[dc3_node1] Background replication continues for remaining nodes
[dc3_node1] Successful writes: 2/3
[dc3_node1] Replicated to localhost:50175
[dc3_node1] Replicated to localhost:50060
[dc3_node1] Replicated to localhost:50080
[dc3_node1] Retrieved key='item:1763', versions=15
[dc3_node1] Internal PUT (replication): key='item:4949'
[dc3_node1] CONFLICT detected for key='item:4949', siblings=12
[dc3_node1] Saved 101 keys to disk
[dc3_node1] Retrieved key='item:4949', versions=12
[dc3_node1] Internal PUT (replication): key='item:2196'
[dc3_node1] CONFLICT detected for key='item:2196', siblings=15
[dc3_node1] Client PUT: key='item:0469', value='value_469_client24_op1711'
[dc3_node1] Preference list for 'item:0469': ['localhost:50186', 'localhost:50105', 'localhost:50053']
[dc3_node1] Coordinator NOT in preference list, forwarding only
[dc3_node1] Replicated to localhost:50105
[dc3_node1] Replicated to localhost:50053
[dc3_node1] W-quorum achieved (2 writes), returning to client
[dc3_node1] Background replication continues for remaining nodes
[dc3_node1] Successful writes: 2/3
[dc3_node1] Saved 101 keys to disk
[dc3_node1] Retrieved key='item:2345', versions=11
[dc3_node1] Replicated to localhost:50186
[dc3_node1] Client PUT: key='item:0530', value='value_530_client25_op1687'
[dc3_node1] Preference list for 'item:0530': ['localhost:50085', 'localhost:50062', 'localhost:50131']
[dc3_node1] Coordinator NOT in preference list, forwarding only
[dc3_node1] Replicated to localhost:50062
[dc3_node1] Replicated to localhost:50131
[dc3_node1] W-quorum achieved (2 writes), returning to client
[dc3_node1] Background replication continues for remaining nodes
[dc3_node1] Successful writes: 2/3
[dc3_node1] Replicated to localhost:50085
[dc3_node1] Internal PUT (replication): key='item:0767'
[dc3_node1] CONFLICT detected for key='item:0767', siblings=5
[dc3_node1] Saved 101 keys to disk
[dc3_node1] Retrieved key='item:1069', versions=13
[dc3_node1] Internal PUT (replication): key='item:1559'
[dc3_node1] CONFLICT detected for key='item:1559', siblings=14
[dc3_node1] Saved 101 keys to disk
[dc3_node1] Client GET: key='item:2704'
[dc3_node1] Reading from preference list: ['localhost:50137', 'localhost:50114']
[dc3_node1] Key='item:2704' not found
[dc3_node1] CONFLICT: 28 sibling versions for 'item:2704'
[dc3_node1] Client PUT: key='item:2497', value='value_2497_update_client3_op1737'
[dc3_node1] Preference list for 'item:2497': ['localhost:50234', 'localhost:50189', 'localhost:50207']
[dc3_node1] Coordinator NOT in preference list, forwarding only
[dc3_node1] Replicated to localhost:50207
[dc3_node1] Internal PUT (replication): key='item:1624'
[dc3_node1] CONFLICT detected for key='item:1624', siblings=12
[dc3_node1] Internal PUT (replication): key='item:1513'
[dc3_node1] Replicated to localhost:50234
[dc3_node1] Saved 101 keys to disk
[dc3_node1] CONFLICT detected for key='item:1513', siblings=9
[dc3_node1] W-quorum achieved (2 writes), returning to client
[dc3_node1] Background replication continues for remaining nodes
[dc3_node1] Successful writes: 2/3
[dc3_node1] Internal PUT (replication): key='item:2619'
[dc3_node1] Client PUT: key='item:2182', value='value_2182_update_client42_op1677'
[dc3_node1] Preference list for 'item:2182': ['localhost:50214', 'localhost:50105', 'localhost:50064']
[dc3_node1] Coordinator NOT in preference list, forwarding only
[dc3_node1] Replicated to localhost:50214
[dc3_node1] Client PUT: key='item:4614', value='value_4614_update_client1_op1695'
[dc3_node1] Preference list for 'item:4614': ['localhost:50135', 'localhost:50126', 'localhost:50234']
[dc3_node1] Coordinator NOT in preference list, forwarding only
[dc3_node1] Replicated to localhost:50126
[dc3_node1] Replicated to localhost:50234
[dc3_node1] W-quorum achieved (2 writes), returning to client
[dc3_node1] Background replication continues for remaining nodes
[dc3_node1] Successful writes: 2/3
[dc3_node1] Replicated to localhost:50064
[dc3_node1] Saved 101 keys to disk
[dc3_node1] CONFLICT detected for key='item:2619', siblings=13
[dc3_node1] Replicated to localhost:50189
[dc3_node1] W-quorum achieved (2 writes), returning to client
[dc3_node1] Background replication continues for remaining nodes
[dc3_node1] Successful writes: 2/3
[dc3_node1] Replicated to localhost:50105
[dc3_node1] Internal PUT (replication): key='item:1084'
[dc3_node1] Internal PUT (replication): key='item:2529'
[dc3_node1] Saved 101 keys to disk
[dc3_node1] Retrieved key='item:0044', versions=10
[dc3_node1] CONFLICT detected for key='item:1084', siblings=15
[dc3_node1] Replicated to localhost:50135
[dc3_node1] Internal PUT (replication): key='item:1130'
[dc3_node1] Internal PUT (replication): key='item:1982'
[dc3_node1] Saved 101 keys to disk
[dc3_node1] CONFLICT detected for key='item:2529', siblings=15
[dc3_node1] Internal PUT (replication): key='item:1763'
[dc3_node1] Saved 101 keys to disk
[dc3_node1] CONFLICT detected for key='item:1130', siblings=10
[dc3_node1] Saved 101 keys to disk
[dc3_node1] CONFLICT detected for key='item:1982', siblings=10
[dc3_node1] Internal PUT (replication): key='item:1822'
[dc3_node1] Saved 101 keys to disk
[dc3_node1] CONFLICT detected for key='item:1763', siblings=16
[dc3_node1] Client GET: key='item:2528'
[dc3_node1] Reading from preference list: ['localhost:50183', 'localhost:50108']
[dc3_node1] Saved 101 keys to disk
[dc3_node1] CONFLICT detected for key='item:1822', siblings=20
[dc3_node1] Client PUT: key='item:3441', value='value_3441_update_client25_op1698'
[dc3_node1] Preference list for 'item:3441': ['localhost:50076', 'localhost:50102', 'localhost:50227']
[dc3_node1] Coordinator NOT in preference list, forwarding only
[dc3_node1] Replicated to localhost:50102
[dc3_node1] Saved 101 keys to disk
[dc3_node1] Key='item:2528' not found
[dc3_node1] CONFLICT: 24 sibling versions for 'item:2528'
[dc3_node1] Replicated to localhost:50076
[dc3_node1] W-quorum achieved (2 writes), returning to client
[dc3_node1] Background replication continues for remaining nodes
[dc3_node1] Successful writes: 2/3
[dc3_node1] Internal PUT (replication): key='item:4467'
[dc3_node1] CONFLICT detected for key='item:4467', siblings=19
[dc3_node1] Saved 101 keys to disk
[dc3_node1] Replicated to localhost:50227
[dc3_node1] Internal PUT (replication): key='item:1822'
[dc3_node1] CONFLICT detected for key='item:1822', siblings=21
[dc3_node1] Saved 101 keys to disk
[dc3_node1] Retrieved key='item:0651', versions=13
[dc3_node1] Internal PUT (replication): key='item:4771'
[dc3_node1] CONFLICT detected for key='item:4771', siblings=8
[dc3_node1] Saved 101 keys to disk
[dc3_node1] Retrieved key='item:1317', versions=8
[dc3_node1] Internal PUT (replication): key='item:1559'
[dc3_node1] CONFLICT detected for key='item:1559', siblings=15
[dc3_node1] Saved 101 keys to disk
[dc3_node1] Retrieved key='item:2345', versions=11
[dc3_node1] Internal PUT (replication): key='item:0651'
[dc3_node1] CONFLICT detected for key='item:0651', siblings=14
[dc3_node1] Saved 101 keys to disk
[dc3_node1] Client PUT: key='item:2804', value='value_2804_client6_op1715'
[dc3_node1] Preference list for 'item:2804': ['localhost:50211', 'localhost:50076', 'localhost:50130']
[dc3_node1] Coordinator NOT in preference list, forwarding only
[dc3_node1] Replicated to localhost:50211
[dc3_node1] Replicated to localhost:50130
[dc3_node1] Replicated to localhost:50076
[dc3_node1] W-quorum achieved (2 writes), returning to client
[dc3_node1] Background replication continues for remaining nodes
[dc3_node1] Successful writes: 3/3
[dc3_node1] Client GET: key='item:2689'
[dc3_node1] Reading from preference list: ['localhost:50069', 'localhost:50157']
[dc3_node1] Key='item:2689' not found
[dc3_node1] Retrieved key='item:4949', versions=12
[dc3_node1] Internal PUT (replication): key='item:1832'
[dc3_node1] CONFLICT detected for key='item:1832', siblings=9
[dc3_node1] CONFLICT: 36 sibling versions for 'item:2689'
[dc3_node1] Saved 101 keys to disk
[dc3_node1] Client GET: key='item:1724'
[dc3_node1] Reading from preference list: ['localhost:50185', 'localhost:50071']
[dc3_node1] Key='item:1724' not found
[dc3_node1] Client PUT: key='item:1092', value='value_1092_update_client20_op1736'
[dc3_node1] Preference list for 'item:1092': ['localhost:50132', 'localhost:50227', 'localhost:50210']
[dc3_node1] Coordinator NOT in preference list, forwarding only
[dc3_node1] CONFLICT: 24 sibling versions for 'item:1724'
[dc3_node1] Replicated to localhost:50210
[dc3_node1] Internal PUT (replication): key='item:1561'
[dc3_node1] CONFLICT detected for key='item:1561', siblings=13
[dc3_node1] Replicated to localhost:50227
[dc3_node1] W-quorum achieved (2 writes), returning to client
[dc3_node1] Background replication continues for remaining nodes
[dc3_node1] Successful writes: 2/3
[dc3_node1] Saved 101 keys to disk
[dc3_node1] Retrieved key='item:1084', versions=15
[dc3_node1] Replicated to localhost:50132
[dc3_node1] Internal PUT (replication): key='item:4586'
[dc3_node1] CONFLICT detected for key='item:4586', siblings=15
[dc3_node1] Client GET: key='item:0674'
[dc3_node1] Reading from preference list: ['localhost:50121', 'localhost:50077']
[dc3_node1] Internal PUT (replication): key='item:0274'
[dc3_node1] Saved 101 keys to disk
[dc3_node1] Retrieved key='item:0674', versions=12
[dc3_node1] CONFLICT detected for key='item:0274', siblings=13
[dc3_node1] Saved 101 keys to disk
[dc3_node1] CONFLICT: 36 sibling versions for 'item:0674'
[dc3_node1] Internal PUT (replication): key='item:1352'
[dc3_node1] CONFLICT detected for key='item:1352', siblings=19
[dc3_node1] Saved 101 keys to disk
[dc3_node1] Internal PUT (replication): key='item:4335'
[dc3_node1] CONFLICT detected for key='item:4335', siblings=13
[dc3_node1] Internal PUT (replication): key='item:1663'
[dc3_node1] Internal PUT (replication): key='item:1365'
[dc3_node1] Saved 101 keys to disk
[dc3_node1] CONFLICT detected for key='item:1663', siblings=12
[dc3_node1] Saved 101 keys to disk
[dc3_node1] CONFLICT detected for key='item:1365', siblings=12
[dc3_node1] Saved 101 keys to disk
[dc3_node1] Internal PUT (replication): key='item:4771'
[dc3_node1] CONFLICT detected for key='item:4771', siblings=9
[dc3_node1] Saved 101 keys to disk
[dc3_node1] Internal PUT (replication): key='item:3796'
[dc3_node1] CONFLICT detected for key='item:3796', siblings=8
[dc3_node1] Saved 101 keys to disk
[dc3_node1] Internal PUT (replication): key='item:4467'
[dc3_node1] CONFLICT detected for key='item:4467', siblings=19
[dc3_node1] Saved 101 keys to disk
[dc3_node1] Client GET: key='item:4503'
[dc3_node1] Reading from preference list: ['localhost:50135', 'localhost:50201']
[dc3_node1] Key='item:4503' not found
[dc3_node1] CONFLICT: 22 sibling versions for 'item:4503'
[dc3_node1] Internal PUT (replication): key='item:1325'
[dc3_node1] CONFLICT detected for key='item:1325', siblings=9
[dc3_node1] Client PUT: key='item:4653', value='value_4653_update_client35_op1710'
[dc3_node1] Preference list for 'item:4653': ['localhost:50207', 'localhost:50141', 'localhost:50076']
[dc3_node1] Coordinator NOT in preference list, forwarding only
[dc3_node1] Replicated to localhost:50141
[dc3_node1] Internal PUT (replication): key='item:0063'
[dc3_node1] Saved 101 keys to disk
[dc3_node1] CONFLICT detected for key='item:0063', siblings=20
[dc3_node1] Saved 101 keys to disk
[dc3_node1] Replicated to localhost:50207
[dc3_node1] W-quorum achieved (2 writes), returning to client
[dc3_node1] Background replication continues for remaining nodes
[dc3_node1] Successful writes: 2/3
[dc3_node1] Replicated to localhost:50076
[dc3_node1] Internal PUT (replication): key='item:4710'
[dc3_node1] CONFLICT detected for key='item:4710', siblings=10
[dc3_node1] Saved 101 keys to disk
[dc3_node1] Client PUT: key='item:0860', value='value_860_update_client44_op1723'
[dc3_node1] Preference list for 'item:0860': ['localhost:50085', 'localhost:50164', 'localhost:50146']
[dc3_node1] Coordinator NOT in preference list, forwarding only
[dc3_node1] Replicated to localhost:50146
[dc3_node1] Internal PUT (replication): key='item:4710'
[dc3_node1] CONFLICT detected for key='item:4710', siblings=11
[dc3_node1] Saved 101 keys to disk
[dc3_node1] Replicated to localhost:50164
[dc3_node1] W-quorum achieved (2 writes), returning to client
[dc3_node1] Background replication continues for remaining nodes
[dc3_node1] Successful writes: 2/3
[dc3_node1] Replicated to localhost:50085
[dc3_node1] Client PUT: key='item:1083', value='value_1083_update_client20_op1755'
[dc3_node1] Preference list for 'item:1083': ['localhost:50180', 'localhost:50224', 'localhost:50079']
[dc3_node1] Coordinator NOT in preference list, forwarding only
[dc3_node1] Replicated to localhost:50180
[dc3_node1] Internal PUT (replication): key='item:2332'
[dc3_node1] Stored NEW key='item:2332', value='value_2332_client25_op1741', clock={dc1_node3:1}
[dc3_node1] Replicated to localhost:50224
[dc3_node1] Replicated to localhost:50079
[dc3_node1] W-quorum achieved (2 writes), returning to client
[dc3_node1] Background replication continues for remaining nodes
[dc3_node1] Successful writes: 3/3
[dc3_node1] Saved 102 keys to disk
[dc3_node1] Internal PUT (replication): key='item:3413'
[dc3_node1] CONFLICT detected for key='item:3413', siblings=16
[dc3_node1] Saved 102 keys to disk
[dc3_node1] Retrieved key='item:2897', versions=12
[dc3_node1] Internal PUT (replication): key='item:0627'
[dc3_node1] CONFLICT detected for key='item:0627', siblings=16
[dc3_node1] Saved 102 keys to disk
[dc3_node1] Retrieved key='item:1883', versions=8
[dc3_node1] Client PUT: key='item:1091', value='value_1091_client32_op1772'
[dc3_node1] Preference list for 'item:1091': ['localhost:50150', 'localhost:50111', 'localhost:50244']
[dc3_node1] Coordinator NOT in preference list, forwarding only
[dc3_node1] Replicated to localhost:50150
[dc3_node1] Client PUT: key='item:4686', value='value_4686_client1_op1756'
[dc3_node1] Preference list for 'item:4686': ['localhost:50059', 'localhost:50161', 'localhost:50130']
[dc3_node1] Coordinator NOT in preference list, forwarding only
[dc3_node1] Replicated to localhost:50111
[dc3_node1] W-quorum achieved (2 writes), returning to client
[dc3_node1] Background replication continues for remaining nodes
[dc3_node1] Successful writes: 2/3
[dc3_node1] Replicated to localhost:50059
[dc3_node1] Replicated to localhost:50161
[dc3_node1] W-quorum achieved (2 writes), returning to client
[dc3_node1] Background replication continues for remaining nodes
[dc3_node1] Successful writes: 2/3
[dc3_node1] Replicated to localhost:50244
[dc3_node1] Replicated to localhost:50130
[dc3_node1] Internal PUT (replication): key='item:1308'
[dc3_node1] CONFLICT detected for key='item:1308', siblings=6
[dc3_node1] Internal PUT (replication): key='item:2529'
[dc3_node1] Saved 102 keys to disk
[dc3_node1] CONFLICT detected for key='item:2529', siblings=16
[dc3_node1] Saved 102 keys to disk
[dc3_node1] Internal PUT (replication): key='item:0604'
[dc3_node1] CONFLICT detected for key='item:0604', siblings=10
[dc3_node1] Internal PUT (replication): key='item:3969'
[dc3_node1] Internal PUT (replication): key='item:4403'
[dc3_node1] Saved 102 keys to disk
[dc3_node1] CONFLICT detected for key='item:3969', siblings=14
[dc3_node1] Saved 102 keys to disk
[dc3_node1] CONFLICT detected for key='item:4403', siblings=14
[dc3_node1] Saved 102 keys to disk
[dc3_node1] Client GET: key='item:3527'
[dc3_node1] Reading from preference list: ['localhost:50091', 'localhost:50151']
[dc3_node1] Retrieved key='item:3527', versions=17
[dc3_node1] CONFLICT: 23 sibling versions for 'item:3527'
[dc3_node1] Internal PUT (replication): key='item:3726'
[dc3_node1] CONFLICT detected for key='item:3726', siblings=15
[dc3_node1] Saved 102 keys to disk
[dc3_node1] Client GET: key='item:4830'
[dc3_node1] Reading from preference list: ['localhost:50066', 'localhost:50244']
[dc3_node1] Key='item:4830' not found
[dc3_node1] CONFLICT: 33 sibling versions for 'item:4830'
[dc3_node1] Internal PUT (replication): key='item:1822'
[dc3_node1] CONFLICT detected for key='item:1822', siblings=21
[dc3_node1] Internal PUT (replication): key='item:2607'
[dc3_node1] Saved 102 keys to disk
[dc3_node1] CONFLICT detected for key='item:2607', siblings=14
[dc3_node1] Internal PUT (replication): key='item:1822'
[dc3_node1] Saved 102 keys to disk
[dc3_node1] CONFLICT detected for key='item:1822', siblings=22
[dc3_node1] Saved 102 keys to disk
[dc3_node1] Internal PUT (replication): key='item:1088'
[dc3_node1] CONFLICT detected for key='item:1088', siblings=12
[dc3_node1] Saved 102 keys to disk
[dc3_node1] Retrieved key='item:1317', versions=8
[dc3_node1] Internal PUT (replication): key='item:1749'
[dc3_node1] CONFLICT detected for key='item:1749', siblings=16
[dc3_node1] Saved 102 keys to disk
[dc3_node1] Internal PUT (replication): key='item:3796'
[dc3_node1] CONFLICT detected for key='item:3796', siblings=9
[dc3_node1] Internal PUT (replication): key='item:4339'
[dc3_node1] Client PUT: key='item:3971', value='value_3971_client49_op1793'
[dc3_node1] Preference list for 'item:3971': ['localhost:50158', 'localhost:50173', 'localhost:50055']
[dc3_node1] Coordinator NOT in preference list, forwarding only
[dc3_node1] Replicated to localhost:50158
[dc3_node1] Replicated to localhost:50055
[dc3_node1] W-quorum achieved (2 writes), returning to client
[dc3_node1] Background replication continues for remaining nodes
[dc3_node1] Successful writes: 2/3
[dc3_node1] Saved 102 keys to disk
[dc3_node1] CONFLICT detected for key='item:4339', siblings=10
[dc3_node1] Replicated to localhost:50173
[dc3_node1] Internal PUT (replication): key='item:1883'
[dc3_node1] Saved 102 keys to disk
[dc3_node1] CONFLICT detected for key='item:1883', siblings=9
[dc3_node1] Client PUT: key='item:1224', value='value_1224_update_client32_op1797'
[dc3_node1] Preference list for 'item:1224': ['localhost:50068', 'localhost:50147', 'localhost:50152']
[dc3_node1] Coordinator NOT in preference list, forwarding only
[dc3_node1] Replicated to localhost:50068
[dc3_node1] Replicated to localhost:50147
[dc3_node1] W-quorum achieved (2 writes), returning to client
[dc3_node1] Background replication continues for remaining nodes
[dc3_node1] Successful writes: 2/3
[dc3_node1] Saved 102 keys to disk
[dc3_node1] Retrieved key='item:4771', versions=9
[dc3_node1] Retrieved key='item:0869', versions=12
[dc3_node1] Replicated to localhost:50152
[dc3_node1] Client GET: key='item:4657'
[dc3_node1] Reading from preference list: ['localhost:50247', 'localhost:50089']
[dc3_node1] Key='item:4657' not found
[dc3_node1] CONFLICT: 26 sibling versions for 'item:4657'
[dc3_node1] Internal PUT (replication): key='item:3969'
[dc3_node1] CONFLICT detected for key='item:3969', siblings=15
[dc3_node1] Saved 102 keys to disk
[dc3_node1] Retrieved key='item:4949', versions=12
[dc3_node1] Internal PUT (replication): key='item:2423'
[dc3_node1] CONFLICT detected for key='item:2423', siblings=14
[dc3_node1] Saved 102 keys to disk
[dc3_node1] Internal PUT (replication): key='item:1561'
[dc3_node1] CONFLICT detected for key='item:1561', siblings=14
[dc3_node1] Saved 102 keys to disk
[dc3_node1] Internal PUT (replication): key='item:3230'
[dc3_node1] CONFLICT detected for key='item:3230', siblings=6
[dc3_node1] Internal PUT (replication): key='item:0148'
[dc3_node1] Internal PUT (replication): key='item:3246'
[dc3_node1] Saved 102 keys to disk
[dc3_node1] CONFLICT detected for key='item:0148', siblings=9
[dc3_node1] Saved 102 keys to disk
[dc3_node1] CONFLICT detected for key='item:3246', siblings=11
[dc3_node1] Saved 102 keys to disk
[dc3_node1] Client GET: key='item:4508'
[dc3_node1] Reading from preference list: ['localhost:50121', 'localhost:50244']
[dc3_node1] Key='item:4508' not found
[dc3_node1] CONFLICT: 22 sibling versions for 'item:4508'
[dc3_node1] Client PUT: key='item:0077', value='value_77_client14_op1771'
[dc3_node1] Preference list for 'item:0077': ['localhost:50126', 'localhost:50104', 'localhost:50176']
[dc3_node1] Coordinator NOT in preference list, forwarding only
[dc3_node1] Replicated to localhost:50176
[dc3_node1] Replicated to localhost:50126
[dc3_node1] W-quorum achieved (2 writes), returning to client
[dc3_node1] Background replication continues for remaining nodes
[dc3_node1] Successful writes: 2/3
[dc3_node1] Client PUT: key='item:2119', value='value_2119_update_client18_op1783'
[dc3_node1] Preference list for 'item:2119': ['localhost:50059', 'localhost:50151', 'localhost:50223']
[dc3_node1] Coordinator NOT in preference list, forwarding only
[dc3_node1] Replicated to localhost:50104
[dc3_node1] Replicated to localhost:50151
[dc3_node1] Replicated to localhost:50223
[dc3_node1] W-quorum achieved (2 writes), returning to client
[dc3_node1] Background replication continues for remaining nodes
[dc3_node1] Successful writes: 2/3
[dc3_node1] Replicated to localhost:50059
[dc3_node1] Internal PUT (replication): key='item:3019'
[dc3_node1] CONFLICT detected for key='item:3019', siblings=8
[dc3_node1] Internal PUT (replication): key='item:4335'
[dc3_node1] Saved 102 keys to disk
[dc3_node1] CONFLICT detected for key='item:4335', siblings=14
[dc3_node1] Internal PUT (replication): key='item:2049'
[dc3_node1] Saved 102 keys to disk
[dc3_node1] CONFLICT detected for key='item:2049', siblings=13
[dc3_node1] Saved 102 keys to disk
[dc3_node1] Retrieved key='item:1559', versions=15
[dc3_node1] Client PUT: key='item:2840', value='value_2840_client12_op1853'
[dc3_node1] Preference list for 'item:2840': ['localhost:50091', 'localhost:50166', 'localhost:50076']
[dc3_node1] CONFLICT detected for key='item:2840', siblings=11
[dc3_node1] Saved 102 keys to disk
[dc3_node1] Coordinator IS in preference list, stored locally
[dc3_node1] Replicated to localhost:50076
[dc3_node1] W-quorum achieved (2 writes), returning to client
[dc3_node1] Background replication continues for remaining nodes
[dc3_node1] Successful writes: 2/3
[dc3_node1] Replicated to localhost:50166
[dc3_node1] Internal PUT (replication): key='item:1706'
[dc3_node1] CONFLICT detected for key='item:1706', siblings=14
[dc3_node1] Saved 102 keys to disk
[dc3_node1] Retrieved key='item:3413', versions=16
[dc3_node1] Retrieved key='item:1706', versions=14
[dc3_node1] Client PUT: key='item:4685', value='value_4685_update_client18_op1793'
[dc3_node1] Preference list for 'item:4685': ['localhost:50132', 'localhost:50122', 'localhost:50226']
[dc3_node1] Coordinator NOT in preference list, forwarding only
[dc3_node1] Replicated to localhost:50122
[dc3_node1] Replicated to localhost:50226
[dc3_node1] W-quorum achieved (2 writes), returning to client
[dc3_node1] Background replication continues for remaining nodes
[dc3_node1] Successful writes: 2/3
[dc3_node1] Internal PUT (replication): key='item:1352'
[dc3_node1] CONFLICT detected for key='item:1352', siblings=20
[dc3_node1] Saved 102 keys to disk
[dc3_node1] Internal PUT (replication): key='item:2006'
[dc3_node1] CONFLICT detected for key='item:2006', siblings=12
[dc3_node1] Replicated to localhost:50132
[dc3_node1] Internal PUT (replication): key='item:0044'
[dc3_node1] Saved 102 keys to disk
[dc3_node1] CONFLICT detected for key='item:0044', siblings=11
[dc3_node1] Internal PUT (replication): key='item:0915'
[dc3_node1] Saved 102 keys to disk
[dc3_node1] CONFLICT detected for key='item:0915', siblings=9
[dc3_node1] Saved 102 keys to disk
[dc3_node1] Client GET: key='item:4027'
[dc3_node1] Reading from preference list: ['localhost:50139', 'localhost:50210']
[dc3_node1] Key='item:4027' not found
[dc3_node1] CONFLICT: 26 sibling versions for 'item:4027'
[dc3_node1] Retrieved key='item:3796', versions=9
[dc3_node1] Internal PUT (replication): key='item:4403'
[dc3_node1] CONFLICT detected for key='item:4403', siblings=14
[dc3_node1] Internal PUT (replication): key='item:1683'
[dc3_node1] Internal PUT (replication): key='item:3527'
[dc3_node1] Saved 102 keys to disk
[dc3_node1] CONFLICT detected for key='item:1683', siblings=9
[dc3_node1] Saved 102 keys to disk
[dc3_node1] Retrieved key='item:2840', versions=11
[dc3_node1] CONFLICT detected for key='item:3527', siblings=18
[dc3_node1] Saved 102 keys to disk
[dc3_node1] Retrieved key='item:2345', versions=11
[dc3_node1] Internal PUT (replication): key='item:0131'
[dc3_node1] CONFLICT detected for key='item:0131', siblings=8
[dc3_node1] Saved 102 keys to disk
[dc3_node1] Internal PUT (replication): key='item:4467'
[dc3_node1] CONFLICT detected for key='item:4467', siblings=20
[dc3_node1] Saved 102 keys to disk
[dc3_node1] Retrieved key='item:4949', versions=12
[dc3_node1] Internal PUT (replication): key='item:1820'
[dc3_node1] CONFLICT detected for key='item:1820', siblings=14
[dc3_node1] Internal PUT (replication): key='item:3246'
[dc3_node1] Saved 102 keys to disk
[dc3_node1] CONFLICT detected for key='item:3246', siblings=12
[dc3_node1] Internal PUT (replication): key='item:4710'
[dc3_node1] Saved 102 keys to disk
[dc3_node1] CONFLICT detected for key='item:4710', siblings=12
[dc3_node1] Saved 102 keys to disk
[dc3_node1] Internal PUT (replication): key='item:1820'
[dc3_node1] CONFLICT detected for key='item:1820', siblings=15
[dc3_node1] Saved 102 keys to disk
[dc3_node1] Retrieved key='item:3527', versions=18
[dc3_node1] Internal PUT (replication): key='item:0604'
[dc3_node1] CONFLICT detected for key='item:0604', siblings=11
[dc3_node1] Saved 102 keys to disk
[dc3_node1] Internal PUT (replication): key='item:2345'
[dc3_node1] CONFLICT detected for key='item:2345', siblings=12
[dc3_node1] Internal PUT (replication): key='item:1084'
[dc3_node1] Saved 102 keys to disk
[dc3_node1] CONFLICT detected for key='item:1084', siblings=16
[dc3_node1] Saved 102 keys to disk
[dc3_node1] Internal PUT (replication): key='item:0915'
[dc3_node1] CONFLICT detected for key='item:0915', siblings=10
[dc3_node1] Client PUT: key='item:2110', value='value_2110_client48_op1825'
[dc3_node1] Preference list for 'item:2110': ['localhost:50063', 'localhost:50128', 'localhost:50089']
[dc3_node1] Coordinator NOT in preference list, forwarding only
[dc3_node1] Client PUT: key='item:3846', value='value_3846_client39_op1859'
[dc3_node1] Preference list for 'item:3846': ['localhost:50213', 'localhost:50193', 'localhost:50142']
[dc3_node1] Coordinator NOT in preference list, forwarding only
[dc3_node1] Client PUT: key='item:4317', value='value_4317_update_client25_op1818'
[dc3_node1] Preference list for 'item:4317': ['localhost:50063', 'localhost:50221', 'localhost:50121']
[dc3_node1] Coordinator NOT in preference list, forwarding only
[dc3_node1] Saved 102 keys to disk
[dc3_node1] Replicated to localhost:50213
[dc3_node1] Replicated to localhost:50121
[dc3_node1] Replicated to localhost:50128
[dc3_node1] Replicated to localhost:50142
[dc3_node1] W-quorum achieved (2 writes), returning to client
[dc3_node1] Background replication continues for remaining nodes
[dc3_node1] Successful writes: 2/3
[dc3_node1] Replicated to localhost:50063
[dc3_node1] W-quorum achieved (2 writes), returning to client
[dc3_node1] Background replication continues for remaining nodes
[dc3_node1] Successful writes: 2/3
[dc3_node1] Replicated to localhost:50193
[dc3_node1] Replicated to localhost:50221
[dc3_node1] W-quorum achieved (2 writes), returning to client
[dc3_node1] Background replication continues for remaining nodes
[dc3_node1] Successful writes: 2/3
[dc3_node1] Replicated to localhost:50063
[dc3_node1] Replicated to localhost:50089
[dc3_node1] Client GET: key='item:2562'
[dc3_node1] Reading from preference list: ['localhost:50101', 'localhost:50136']
[dc3_node1] Key='item:2562' not found
[dc3_node1] CONFLICT: 38 sibling versions for 'item:2562'
[dc3_node1] Internal PUT (replication): key='item:0674'
[dc3_node1] CONFLICT detected for key='item:0674', siblings=13
[dc3_node1] Internal PUT (replication): key='item:2529'
[dc3_node1] Saved 102 keys to disk
[dc3_node1] CONFLICT detected for key='item:2529', siblings=17
[dc3_node1] Internal PUT (replication): key='item:1365'
[dc3_node1] Saved 102 keys to disk
[dc3_node1] CONFLICT detected for key='item:1365', siblings=13
[dc3_node1] Internal PUT (replication): key='item:2196'
[dc3_node1] Saved 102 keys to disk
[dc3_node1] CONFLICT detected for key='item:2196', siblings=16
[dc3_node1] Saved 102 keys to disk
[dc3_node1] Retrieved key='item:2607', versions=14
[dc3_node1] Internal PUT (replication): key='item:4771'
[dc3_node1] CONFLICT detected for key='item:4771', siblings=10
[dc3_node1] Saved 102 keys to disk
[dc3_node1] Internal PUT (replication): key='item:1365'
[dc3_node1] CONFLICT detected for key='item:1365', siblings=14
[dc3_node1] Internal PUT (replication): key='item:2418'
[dc3_node1] Saved 102 keys to disk
[dc3_node1] CONFLICT detected for key='item:2418', siblings=15
[dc3_node1] Saved 102 keys to disk
[dc3_node1] Client GET: key='item:3324'
[dc3_node1] Reading from preference list: ['localhost:50188', 'localhost:50153']
[dc3_node1] Key='item:3324' not found
[dc3_node1] CONFLICT: 33 sibling versions for 'item:3324'
[dc3_node1] Internal PUT (replication): key='item:4732'
[dc3_node1] CONFLICT detected for key='item:4732', siblings=10
[dc3_node1] Saved 102 keys to disk
[dc3_node1] Internal PUT (replication): key='item:1822'
[dc3_node1] CONFLICT detected for key='item:1822', siblings=23
[dc3_node1] Saved 102 keys to disk
[dc3_node1] Internal PUT (replication): key='item:0970'
[dc3_node1] CONFLICT detected for key='item:0970', siblings=13
[dc3_node1] Client PUT: key='item:3536', value='value_3536_update_client11_op1841'
[dc3_node1] Preference list for 'item:3536': ['localhost:50155', 'localhost:50114', 'localhost:50058']
[dc3_node1] Coordinator NOT in preference list, forwarding only
[dc3_node1] Saved 102 keys to disk
[dc3_node1] Replicated to localhost:50114
[dc3_node1] Replicated to localhost:50155
[dc3_node1] W-quorum achieved (2 writes), returning to client
[dc3_node1] Background replication continues for remaining nodes
[dc3_node1] Successful writes: 2/3
[dc3_node1] Replicated to localhost:50058
[dc3_node1] Internal PUT (replication): key='item:3295'
[dc3_node1] CONFLICT detected for key='item:3295', siblings=15
[dc3_node1] Saved 102 keys to disk
[dc3_node1] Internal PUT (replication): key='item:2897'
[dc3_node1] CONFLICT detected for key='item:2897', siblings=13
[dc3_node1] Saved 102 keys to disk
[dc3_node1] Retrieved key='item:4732', versions=10
[dc3_node1] Internal PUT (replication): key='item:1365'
[dc3_node1] CONFLICT detected for key='item:1365', siblings=15
[dc3_node1] Saved 102 keys to disk
[dc3_node1] Internal PUT (replication): key='item:1130'
[dc3_node1] CONFLICT detected for key='item:1130', siblings=10
[dc3_node1] Internal PUT (replication): key='item:1749'
[dc3_node1] Internal PUT (replication): key='item:4335'
[dc3_node1] Saved 102 keys to disk
[dc3_node1] CONFLICT detected for key='item:1749', siblings=17
[dc3_node1] Saved 102 keys to disk
[dc3_node1] CONFLICT detected for key='item:4335', siblings=15
[dc3_node1] Saved 102 keys to disk
[dc3_node1] Internal PUT (replication): key='item:3295'
[dc3_node1] CONFLICT detected for key='item:3295', siblings=16
[dc3_node1] Internal PUT (replication): key='item:2779'
[dc3_node1] Saved 102 keys to disk
[dc3_node1] CONFLICT detected for key='item:2779', siblings=11
[dc3_node1] Internal PUT (replication): key='item:0970'
[dc3_node1] Internal PUT (replication): key='item:0604'
[dc3_node1] Saved 102 keys to disk
[dc3_node1] CONFLICT detected for key='item:0970', siblings=14
[dc3_node1] Saved 102 keys to disk
[dc3_node1] CONFLICT detected for key='item:0604', siblings=12
[dc3_node1] Internal PUT (replication): key='item:1369'
[dc3_node1] Saved 102 keys to disk
[dc3_node1] CONFLICT detected for key='item:1369', siblings=17
[dc3_node1] Saved 102 keys to disk
[dc3_node1] Retrieved key='item:1982', versions=10
[dc3_node1] Retrieved key='item:3019', versions=8
[dc3_node1] Retrieved key='item:1883', versions=9
[dc3_node1] Internal PUT (replication): key='item:0674'
[dc3_node1] CONFLICT detected for key='item:0674', siblings=14
[dc3_node1] Internal PUT (replication): key='item:1559'
[dc3_node1] Saved 102 keys to disk
[dc3_node1] CONFLICT detected for key='item:1559', siblings=15
[dc3_node1] Saved 102 keys to disk
[dc3_node1] Retrieved key='item:4771', versions=10
[dc3_node1] Client GET: key='item:3848'
[dc3_node1] Reading from preference list: ['localhost:50180', 'localhost:50059']
[dc3_node1] Key='item:3848' not found
[dc3_node1] Client PUT: key='item:0493', value='value_493_update_client48_op1869'
[dc3_node1] Preference list for 'item:0493': ['localhost:50109', 'localhost:50074', 'localhost:50127']
[dc3_node1] Coordinator NOT in preference list, forwarding only
[dc3_node1] Internal PUT (replication): key='item:4738'
[dc3_node1] CONFLICT detected for key='item:4738', siblings=16
[dc3_node1] Saved 102 keys to disk
[dc3_node1] Replicated to localhost:50127
[dc3_node1] Client GET: key='item:0379'
[dc3_node1] Reading from preference list: ['localhost:50236', 'localhost:50076']
[dc3_node1] Key='item:0379' not found
[dc3_node1] CONFLICT: 20 sibling versions for 'item:0379'
[dc3_node1] Retrieved key='item:3230', versions=6
[dc3_node1] CONFLICT: 27 sibling versions for 'item:3848'
[dc3_node1] Replicated to localhost:50074
[dc3_node1] W-quorum achieved (2 writes), returning to client
[dc3_node1] Background replication continues for remaining nodes
[dc3_node1] Successful writes: 2/3
[dc3_node1] Replicated to localhost:50109
[dc3_node1] Client GET: key='item:2496'
[dc3_node1] Reading from preference list: ['localhost:50076', 'localhost:50150']
[dc3_node1] Key='item:2496' not found
[dc3_node1] CONFLICT: 28 sibling versions for 'item:2496'
[dc3_node1] Internal PUT (replication): key='item:0627'
[dc3_node1] CONFLICT detected for key='item:0627', siblings=17
[dc3_node1] Client PUT: key='item:2946', value='value_2946_update_client39_op1910'
[dc3_node1] Preference list for 'item:2946': ['localhost:50166', 'localhost:50232', 'localhost:50216']
[dc3_node1] Coordinator NOT in preference list, forwarding only
[dc3_node1] Saved 102 keys to disk
[dc3_node1] Internal PUT (replication): key='item:2006'
[dc3_node1] CONFLICT detected for key='item:2006', siblings=13
[dc3_node1] Replicated to localhost:50232
[dc3_node1] Saved 102 keys to disk
[dc3_node1] Internal PUT (replication): key='item:0131'
[dc3_node1] CONFLICT detected for key='item:0131', siblings=9
[dc3_node1] Saved 102 keys to disk
[dc3_node1] Replicated to localhost:50166
[dc3_node1] W-quorum achieved (2 writes), returning to client
[dc3_node1] Background replication continues for remaining nodes
[dc3_node1] Successful writes: 2/3
[dc3_node1] Retrieved key='item:4710', versions=12
[dc3_node1] Replicated to localhost:50216
[dc3_node1] Internal PUT (replication): key='item:1365'
[dc3_node1] CONFLICT detected for key='item:1365', siblings=16
[dc3_node1] Saved 102 keys to disk
[dc3_node1] Internal PUT (replication): key='item:1561'
[dc3_node1] CONFLICT detected for key='item:1561', siblings=15
[dc3_node1] Client PUT: key='item:0690', value='value_690_update_client36_op1869'
[dc3_node1] Preference list for 'item:0690': ['localhost:50214', 'localhost:50109', 'localhost:50184']
[dc3_node1] Coordinator NOT in preference list, forwarding only
[dc3_node1] Saved 102 keys to disk
[dc3_node1] Retrieved key='item:3246', versions=12
[dc3_node1] Internal PUT (replication): key='item:1513'
[dc3_node1] CONFLICT detected for key='item:1513', siblings=10
[dc3_node1] Replicated to localhost:50214
[dc3_node1] Replicated to localhost:50109
[dc3_node1] W-quorum achieved (2 writes), returning to client
[dc3_node1] Background replication continues for remaining nodes
[dc3_node1] Successful writes: 2/3
[dc3_node1] Internal PUT (replication): key='item:3796'
[dc3_node1] Replicated to localhost:50184
[dc3_node1] Saved 102 keys to disk
[dc3_node1] CONFLICT detected for key='item:3796', siblings=10
[dc3_node1] Internal PUT (replication): key='item:4620'
[dc3_node1] Saved 102 keys to disk
[dc3_node1] CONFLICT detected for key='item:4620', siblings=15
[dc3_node1] Saved 102 keys to disk
[dc3_node1] Internal PUT (replication): key='item:0767'
[dc3_node1] CONFLICT detected for key='item:0767', siblings=5
[dc3_node1] Internal PUT (replication): key='item:1820'
[dc3_node1] Saved 102 keys to disk
[dc3_node1] CONFLICT detected for key='item:1820', siblings=15
[dc3_node1] Saved 102 keys to disk
[dc3_node1] Retrieved key='item:3527', versions=18
[dc3_node1] Internal PUT (replication): key='item:3969'
[dc3_node1] CONFLICT detected for key='item:3969', siblings=16
[dc3_node1] Saved 102 keys to disk
[dc3_node1] Internal PUT (replication): key='item:3230'
[dc3_node1] CONFLICT detected for key='item:3230', siblings=7
[dc3_node1] Client PUT: key='item:0140', value='value_140_client39_op1922'
[dc3_node1] Preference list for 'item:0140': ['localhost:50128', 'localhost:50067', 'localhost:50179']
[dc3_node1] Coordinator NOT in preference list, forwarding only
[dc3_node1] Replicated to localhost:50179
[dc3_node1] Saved 102 keys to disk
[dc3_node1] Replicated to localhost:50128
[dc3_node1] W-quorum achieved (2 writes), returning to client
[dc3_node1] Background replication continues for remaining nodes
[dc3_node1] Successful writes: 2/3
[dc3_node1] Replicated to localhost:50067
[dc3_node1] Internal PUT (replication): key='item:0106'
[dc3_node1] CONFLICT detected for key='item:0106', siblings=13
[dc3_node1] Saved 102 keys to disk
[dc3_node1] Internal PUT (replication): key='item:0627'
[dc3_node1] CONFLICT detected for key='item:0627', siblings=17
[dc3_node1] Client PUT: key='item:0135', value='value_135_client14_op1867'
[dc3_node1] Preference list for 'item:0135': ['localhost:50057', 'localhost:50079', 'localhost:50126']
[dc3_node1] Coordinator NOT in preference list, forwarding only
[dc3_node1] Replicated to localhost:50126
[dc3_node1] Internal PUT (replication): key='item:0148'
[dc3_node1] Saved 102 keys to disk
[dc3_node1] CONFLICT detected for key='item:0148', siblings=10
[dc3_node1] Replicated to localhost:50057
[dc3_node1] W-quorum achieved (2 writes), returning to client
[dc3_node1] Background replication continues for remaining nodes
[dc3_node1] Successful writes: 2/3
[dc3_node1] Saved 102 keys to disk
[dc3_node1] Replicated to localhost:50079
[dc3_node1] Internal PUT (replication): key='item:1820'
[dc3_node1] CONFLICT detected for key='item:1820', siblings=16
[dc3_node1] Saved 102 keys to disk
[dc3_node1] Internal PUT (replication): key='item:1084'
[dc3_node1] CONFLICT detected for key='item:1084', siblings=17
[dc3_node1] Internal PUT (replication): key='item:0869'
[dc3_node1] Saved 102 keys to disk
[dc3_node1] CONFLICT detected for key='item:0869', siblings=13
[dc3_node1] Saved 102 keys to disk
[dc3_node1] Internal PUT (replication): key='item:2083'
[dc3_node1] CONFLICT detected for key='item:2083', siblings=21
[dc3_node1] Saved 102 keys to disk
[dc3_node1] Retrieved key='item:1084', versions=17
[dc3_node1] Internal PUT (replication): key='item:1308'
[dc3_node1] CONFLICT detected for key='item:1308', siblings=7
[dc3_node1] Saved 102 keys to disk
[dc3_node1] Internal PUT (replication): key='item:1706'
[dc3_node1] CONFLICT detected for key='item:1706', siblings=15
[dc3_node1] Saved 102 keys to disk
[dc3_node1] Internal PUT (replication): key='item:4490'
[dc3_node1] CONFLICT detected for key='item:4490', siblings=16
[dc3_node1] Saved 102 keys to disk
[dc3_node1] Internal PUT (replication): key='item:4710'
[dc3_node1] CONFLICT detected for key='item:4710', siblings=12
[dc3_node1] Saved 102 keys to disk
[dc3_node1] Internal PUT (replication): key='item:1088'
[dc3_node1] CONFLICT detected for key='item:1088', siblings=13
[dc3_node1] Saved 102 keys to disk
[dc3_node1] Internal PUT (replication): key='item:4620'
[dc3_node1] CONFLICT detected for key='item:4620', siblings=16
[dc3_node1] Saved 102 keys to disk
[dc3_node1] Internal PUT (replication): key='item:4771'
[dc3_node1] CONFLICT detected for key='item:4771', siblings=11
[dc3_node1] Internal PUT (replication): key='item:4339'
[dc3_node1] Client GET: key='item:3515'
[dc3_node1] Reading from preference list: ['localhost:50057', 'localhost:50161']
[dc3_node1] Saved 102 keys to disk
[dc3_node1] CONFLICT detected for key='item:4339', siblings=11
[dc3_node1] Internal PUT (replication): key='item:2345'
[dc3_node1] Internal PUT (replication): key='item:0970'
[dc3_node1] Internal PUT (replication): key='item:1130'
[dc3_node1] Saved 102 keys to disk
[dc3_node1] Key='item:3515' not found
[dc3_node1] CONFLICT detected for key='item:2345', siblings=13
[dc3_node1] Client PUT: key='item:2122', value='value_2122_update_client43_op1911'
[dc3_node1] Preference list for 'item:2122': ['localhost:50120', 'localhost:50133', 'localhost:50075']
[dc3_node1] Coordinator NOT in preference list, forwarding only
[dc3_node1] Replicated to localhost:50075
[dc3_node1] Saved 102 keys to disk
[dc3_node1] Replicated to localhost:50133
[dc3_node1] CONFLICT detected for key='item:0970', siblings=15
[dc3_node1] W-quorum achieved (2 writes), returning to client
[dc3_node1] Background replication continues for remaining nodes
[dc3_node1] Successful writes: 2/3
[dc3_node1] Internal PUT (replication): key='item:2006'
[dc3_node1] Internal PUT (replication): key='item:4024'
[dc3_node1] CONFLICT: 20 sibling versions for 'item:3515'
[dc3_node1] Replicated to localhost:50120
[dc3_node1] Saved 102 keys to disk
[dc3_node1] CONFLICT detected for key='item:1130', siblings=11
[dc3_node1] Internal PUT (replication): key='item:1822'
[dc3_node1] Saved 102 keys to disk
[dc3_node1] Retrieved key='item:1832', versions=9
[dc3_node1] CONFLICT detected for key='item:2006', siblings=14
[dc3_node1] Saved 102 keys to disk
[dc3_node1] Stored NEW key='item:4024', value='value_4024_update_client42_op1881', clock={dc2_node5:1}
[dc3_node1] Internal PUT (replication): key='item:0063'
[dc3_node1] Saved 103 keys to disk
[dc3_node1] CONFLICT detected for key='item:1822', siblings=24
[dc3_node1] Saved 103 keys to disk
[dc3_node1] CONFLICT detected for key='item:0063', siblings=21
[dc3_node1] Saved 103 keys to disk
[dc3_node1] Internal PUT (replication): key='item:1559'
[dc3_node1] CONFLICT detected for key='item:1559', siblings=16
[dc3_node1] Saved 103 keys to disk
[dc3_node1] Retrieved key='item:0106', versions=13
[dc3_node1] Internal PUT (replication): key='item:4732'
[dc3_node1] CONFLICT detected for key='item:4732', siblings=11
[dc3_node1] Client GET: key='item:3397'
[dc3_node1] Reading from preference list: ['localhost:50053', 'localhost:50115']
[dc3_node1] Saved 103 keys to disk
[dc3_node1] Key='item:3397' not found
[dc3_node1] CONFLICT: 30 sibling versions for 'item:3397'
[dc3_node1] Internal PUT (replication): key='item:0044'
[dc3_node1] CONFLICT detected for key='item:0044', siblings=12
[dc3_node1] Internal PUT (replication): key='item:1749'
[dc3_node1] Saved 103 keys to disk
[dc3_node1] CONFLICT detected for key='item:1749', siblings=18
[dc3_node1] Saved 103 keys to disk
[dc3_node1] Internal PUT (replication): key='item:1369'
[dc3_node1] CONFLICT detected for key='item:1369', siblings=18
[dc3_node1] Saved 103 keys to disk
[dc3_node1] Internal PUT (replication): key='item:1683'
[dc3_node1] CONFLICT detected for key='item:1683', siblings=10
[dc3_node1] Client PUT: key='item:0434', value='value_434_update_client28_op1931'
[dc3_node1] Preference list for 'item:0434': ['localhost:50162', 'localhost:50172', 'localhost:50138']
[dc3_node1] Coordinator NOT in preference list, forwarding only
[dc3_node1] Saved 103 keys to disk
[dc3_node1] Replicated to localhost:50172
[dc3_node1] Retrieved key='item:1883', versions=9
[dc3_node1] Replicated to localhost:50138
[dc3_node1] W-quorum achieved (2 writes), returning to client
[dc3_node1] Background replication continues for remaining nodes
[dc3_node1] Successful writes: 2/3
[dc3_node1] Replicated to localhost:50162
[dc3_node1] Internal PUT (replication): key='item:2871'
[dc3_node1] CONFLICT detected for key='item:2871', siblings=13
[dc3_node1] Saved 103 keys to disk
[dc3_node1] Internal PUT (replication): key='item:4738'
[dc3_node1] CONFLICT detected for key='item:4738', siblings=17
[dc3_node1] Saved 103 keys to disk
[dc3_node1] Client PUT: key='item:3442', value='value_3442_update_client13_op1958'
[dc3_node1] Preference list for 'item:3442': ['localhost:50079', 'localhost:50208', 'localhost:50053']
[dc3_node1] Coordinator NOT in preference list, forwarding only
[dc3_node1] Replicated to localhost:50208
[dc3_node1] Replicated to localhost:50053
[dc3_node1] W-quorum achieved (2 writes), returning to client
[dc3_node1] Background replication continues for remaining nodes
[dc3_node1] Successful writes: 2/3
[dc3_node1] Internal PUT (replication): key='item:0274'
[dc3_node1] CONFLICT detected for key='item:0274', siblings=14
[dc3_node1] Saved 103 keys to disk
[dc3_node1] Replicated to localhost:50079
[dc3_node1] Internal PUT (replication): key='item:3689'
[dc3_node1] CONFLICT detected for key='item:3689', siblings=15
[dc3_node1] Internal PUT (replication): key='item:0387'
[dc3_node1] Saved 103 keys to disk
[dc3_node1] CONFLICT detected for key='item:0387', siblings=12
[dc3_node1] Saved 103 keys to disk
[dc3_node1] Internal PUT (replication): key='item:0150'
[dc3_node1] CONFLICT detected for key='item:0150', siblings=21
[dc3_node1] Saved 103 keys to disk
[dc3_node1] Internal PUT (replication): key='item:2006'
[dc3_node1] CONFLICT detected for key='item:2006', siblings=15
[dc3_node1] Saved 103 keys to disk
[dc3_node1] Internal PUT (replication): key='item:4620'
[dc3_node1] CONFLICT detected for key='item:4620', siblings=16
[dc3_node1] Internal PUT (replication): key='item:2619'
[dc3_node1] Client PUT: key='item:0581', value='value_581_client32_op1960'
[dc3_node1] Preference list for 'item:0581': ['localhost:50172', 'localhost:50242', 'localhost:50224']
[dc3_node1] Coordinator NOT in preference list, forwarding only
[dc3_node1] Replicated to localhost:50224
[dc3_node1] Replicated to localhost:50172
[dc3_node1] Replicated to localhost:50242
[dc3_node1] W-quorum achieved (2 writes), returning to client
[dc3_node1] Background replication continues for remaining nodes
[dc3_node1] Successful writes: 3/3
[dc3_node1] Saved 103 keys to disk
[dc3_node1] CONFLICT detected for key='item:2619', siblings=14
[dc3_node1] Saved 103 keys to disk
[dc3_node1] Retrieved key='item:2840', versions=11
[dc3_node1] Retrieved key='item:2083', versions=21
[dc3_node1] Internal PUT (replication): key='item:0651'
[dc3_node1] CONFLICT detected for key='item:0651', siblings=15
[dc3_node1] Saved 103 keys to disk
[dc3_node1] Internal PUT (replication): key='item:2418'
[dc3_node1] CONFLICT detected for key='item:2418', siblings=16
[dc3_node1] Saved 103 keys to disk
[dc3_node1] Internal PUT (replication): key='item:0044'
[dc3_node1] CONFLICT detected for key='item:0044', siblings=13
[dc3_node1] Saved 103 keys to disk
[dc3_node1] Retrieved key='item:2619', versions=14
[dc3_node1] Internal PUT (replication): key='item:0106'
[dc3_node1] CONFLICT detected for key='item:0106', siblings=14
[dc3_node1] Saved 103 keys to disk
[dc3_node1] Retrieved key='item:4720', versions=13
[dc3_node1] Internal PUT (replication): key='item:2006'
[dc3_node1] CONFLICT detected for key='item:2006', siblings=16
[dc3_node1] Saved 103 keys to disk
[dc3_node1] Internal PUT (replication): key='item:1982'
[dc3_node1] CONFLICT detected for key='item:1982', siblings=11
[dc3_node1] Saved 103 keys to disk
[dc3_node1] Internal PUT (replication): key='item:4949'
[dc3_node1] CONFLICT detected for key='item:4949', siblings=13
[dc3_node1] Saved 103 keys to disk
[dc3_node1] Internal PUT (replication): key='item:0387'
[dc3_node1] CONFLICT detected for key='item:0387', siblings=13
[dc3_node1] Saved 103 keys to disk
[dc3_node1] Internal PUT (replication): key='item:3969'
[dc3_node1] CONFLICT detected for key='item:3969', siblings=17
[dc3_node1] Saved 103 keys to disk
[dc3_node1] Retrieved key='item:2529', versions=17
[dc3_node1] Internal PUT (replication): key='item:4586'
[dc3_node1] CONFLICT detected for key='item:4586', siblings=16
[dc3_node1] Saved 103 keys to disk
[dc3_node1] Internal PUT (replication): key='item:1749'
[dc3_node1] CONFLICT detected for key='item:1749', siblings=19
[dc3_node1] Saved 103 keys to disk
[dc3_node1] Client GET: key='item:0210'
[dc3_node1] Reading from preference list: ['localhost:50153', 'localhost:50249']
[dc3_node1] Key='item:0210' not found
[dc3_node1] Internal PUT (replication): key='item:4949'
[dc3_node1] CONFLICT detected for key='item:4949', siblings=14
[dc3_node1] Saved 103 keys to disk
[dc3_node1] CONFLICT: 32 sibling versions for 'item:0210'
[dc3_node1] Internal PUT (replication): key='item:0063'
[dc3_node1] CONFLICT detected for key='item:0063', siblings=22
[dc3_node1] Saved 103 keys to disk
[dc3_node1] Client PUT: key='item:3548', value='value_3548_client35_op1940'
[dc3_node1] Preference list for 'item:3548': ['localhost:50250', 'localhost:50118', 'localhost:50197']
[dc3_node1] Coordinator NOT in preference list, forwarding only
[dc3_node1] Replicated to localhost:50118
[dc3_node1] Client GET: key='item:4509'
[dc3_node1] Reading from preference list: ['localhost:50129', 'localhost:50218']
[dc3_node1] Key='item:4509' not found
[dc3_node1] CONFLICT: 30 sibling versions for 'item:4509'
[dc3_node1] Replicated to localhost:50250
[dc3_node1] Client PUT: key='item:1023', value='value_1023_update_client0_op1943'
[dc3_node1] Preference list for 'item:1023': ['localhost:50146', 'localhost:50176', 'localhost:50193']
[dc3_node1] Coordinator NOT in preference list, forwarding only
[dc3_node1] W-quorum achieved (2 writes), returning to client
[dc3_node1] Background replication continues for remaining nodes
[dc3_node1] Successful writes: 2/3
[dc3_node1] Replicated to localhost:50176
[dc3_node1] Replicated to localhost:50197
[dc3_node1] Replicated to localhost:50193
[dc3_node1] W-quorum achieved (2 writes), returning to client
[dc3_node1] Background replication continues for remaining nodes
[dc3_node1] Successful writes: 2/3
[dc3_node1] Replicated to localhost:50146
[dc3_node1] Internal PUT (replication): key='item:0767'
[dc3_node1] CONFLICT detected for key='item:0767', siblings=6
[dc3_node1] Client PUT: key='item:1132', value='value_1132_update_client29_op1984'
[dc3_node1] Preference list for 'item:1132': ['localhost:50088', 'localhost:50116', 'localhost:50189']
[dc3_node1] Coordinator NOT in preference list, forwarding only
[dc3_node1] Saved 103 keys to disk
[dc3_node1] Replicated to localhost:50088
[dc3_node1] Replicated to localhost:50189
[dc3_node1] W-quorum achieved (2 writes), returning to client
[dc3_node1] Background replication continues for remaining nodes
[dc3_node1] Successful writes: 2/3
[dc3_node1] Internal PUT (replication): key='item:1365'
[dc3_node1] CONFLICT detected for key='item:1365', siblings=17
[dc3_node1] Internal PUT (replication): key='item:1084'
[dc3_node1] Replicated to localhost:50116
[dc3_node1] Saved 103 keys to disk
[dc3_node1] CONFLICT detected for key='item:1084', siblings=18
[dc3_node1] Saved 103 keys to disk
[dc3_node1] Internal PUT (replication): key='item:1513'
[dc3_node1] CONFLICT detected for key='item:1513', siblings=11
[dc3_node1] Saved 103 keys to disk
[dc3_node1] Internal PUT (replication): key='item:0893'
[dc3_node1] CONFLICT detected for key='item:0893', siblings=15
[dc3_node1] Internal PUT (replication): key='item:1365'
[dc3_node1] Internal PUT (replication): key='item:2871'
[dc3_node1] Saved 103 keys to disk
[dc3_node1] CONFLICT detected for key='item:1365', siblings=18
[dc3_node1] Saved 103 keys to disk
[dc3_node1] CONFLICT detected for key='item:2871', siblings=14
[dc3_node1] Saved 103 keys to disk
[dc3_node1] Internal PUT (replication): key='item:1352'
[dc3_node1] CONFLICT detected for key='item:1352', siblings=21
[dc3_node1] Internal PUT (replication): key='item:3413'
[dc3_node1] Saved 103 keys to disk
[dc3_node1] Retrieved key='item:0392', versions=14
[dc3_node1] CONFLICT detected for key='item:3413', siblings=17
[dc3_node1] Saved 103 keys to disk
[dc3_node1] Internal PUT (replication): key='item:3230'
[dc3_node1] CONFLICT detected for key='item:3230', siblings=8
[dc3_node1] Internal PUT (replication): key='item:1369'
[dc3_node1] Client PUT: key='item:1245', value='value_1245_client30_op1976'
[dc3_node1] Preference list for 'item:1245': ['localhost:50183', 'localhost:50128', 'localhost:50097']
[dc3_node1] Coordinator NOT in preference list, forwarding only
[dc3_node1] Saved 103 keys to disk
[dc3_node1] CONFLICT detected for key='item:1369', siblings=19
[dc3_node1] Saved 103 keys to disk
[dc3_node1] Retrieved key='item:2619', versions=14
[dc3_node1] Replicated to localhost:50128
[dc3_node1] Replicated to localhost:50097
[dc3_node1] W-quorum achieved (2 writes), returning to client
[dc3_node1] Background replication continues for remaining nodes
[dc3_node1] Successful writes: 2/3
[dc3_node1] Replicated to localhost:50183
[dc3_node1] Retrieved key='item:0869', versions=13
[dc3_node1] Internal PUT (replication): key='item:1369'
[dc3_node1] CONFLICT detected for key='item:1369', siblings=20
[dc3_node1] Saved 103 keys to disk
[dc3_node1] Internal PUT (replication): key='item:4732'
[dc3_node1] CONFLICT detected for key='item:4732', siblings=12
[dc3_node1] Client PUT: key='item:4557', value='value_4557_update_client5_op1997'
[dc3_node1] Preference list for 'item:4557': ['localhost:50097', 'localhost:50203', 'localhost:50218']
[dc3_node1] Coordinator NOT in preference list, forwarding only
[dc3_node1] Client GET: key='item:2227'
[dc3_node1] Reading from preference list: ['localhost:50127', 'localhost:50185']
[dc3_node1] Replicated to localhost:50218
[dc3_node1] Replicated to localhost:50203
[dc3_node1] W-quorum achieved (2 writes), returning to client
[dc3_node1] Background replication continues for remaining nodes
[dc3_node1] Successful writes: 2/3
[dc3_node1] Saved 103 keys to disk
[dc3_node1] Key='item:2227' not found
[dc3_node1] Replicated to localhost:50097
[dc3_node1] Retrieved key='item:2619', versions=14
[dc3_node1] Client GET: key='item:4008'
[dc3_node1] Reading from preference list: ['localhost:50084', 'localhost:50096']
[dc3_node1] Key='item:4008' not found
[dc3_node1] CONFLICT: 28 sibling versions for 'item:2227'
[dc3_node1] CONFLICT: 34 sibling versions for 'item:4008'
[dc3_node1] Retrieved key='item:1069', versions=13
[dc3_node1] Internal PUT (replication): key='item:2871'
[dc3_node1] CONFLICT detected for key='item:2871', siblings=15
[dc3_node1] Saved 103 keys to disk
[dc3_node1] Internal PUT (replication): key='item:3796'
[dc3_node1] CONFLICT detected for key='item:3796', siblings=11
[dc3_node1] Saved 103 keys to disk
[dc3_node1] Internal PUT (replication): key='item:1624'
[dc3_node1] CONFLICT detected for key='item:1624', siblings=12
[dc3_node1] Saved 103 keys to disk
[dc3_node1] Retrieved key='item:1365', versions=18
[dc3_node1] Internal PUT (replication): key='item:2840'
[dc3_node1] CONFLICT detected for key='item:2840', siblings=12
[dc3_node1] Saved 103 keys to disk
[dc3_node1] Retrieved key='item:0387', versions=13
[dc3_node1] Internal PUT (replication): key='item:4620'
[dc3_node1] CONFLICT detected for key='item:4620', siblings=17
[dc3_node1] Client PUT: key='item:0753', value='value_753_update_client14_op1981'
[dc3_node1] Preference list for 'item:0753': ['localhost:50237', 'localhost:50209', 'localhost:50175']
[dc3_node1] Coordinator NOT in preference list, forwarding only
[dc3_node1] Internal PUT (replication): key='item:1706'
[dc3_node1] Saved 103 keys to disk
[dc3_node1] CONFLICT detected for key='item:1706', siblings=16
[dc3_node1] Replicated to localhost:50209
[dc3_node1] Saved 103 keys to disk
[dc3_node1] Replicated to localhost:50237
[dc3_node1] W-quorum achieved (2 writes), returning to client
[dc3_node1] Background replication continues for remaining nodes
[dc3_node1] Successful writes: 2/3
[dc3_node1] Replicated to localhost:50175
[dc3_node1] Client PUT: key='item:2699', value='value_2699_update_client36_op1999'
[dc3_node1] Preference list for 'item:2699': ['localhost:50216', 'localhost:50203', 'localhost:50147']
[dc3_node1] Coordinator NOT in preference list, forwarding only
[dc3_node1] Replicated to localhost:50216
[dc3_node1] Replicated to localhost:50147
[dc3_node1] Replicated to localhost:50203
[dc3_node1] W-quorum achieved (2 writes), returning to client
[dc3_node1] Background replication continues for remaining nodes
[dc3_node1] Successful writes: 3/3
[dc3_node1] Internal PUT (replication): key='item:3246'
[dc3_node1] CONFLICT detected for key='item:3246', siblings=13
[dc3_node1] Saved 103 keys to disk
[dc3_node1] Internal PUT (replication): key='item:3689'
[dc3_node1] CONFLICT detected for key='item:3689', siblings=16
[dc3_node1] Saved 103 keys to disk
[dc3_node1] Internal PUT (replication): key='item:0869'
[dc3_node1] CONFLICT detected for key='item:0869', siblings=14
[dc3_node1] Saved 103 keys to disk
[dc3_node1] Client PUT: key='item:0563', value='value_during_failure_70'
[dc3_node1] Preference list for 'item:0563': ['localhost:50242', 'localhost:50125', 'localhost:50223']
[dc3_node1] Coordinator NOT in preference list, forwarding only
[dc3_node1] Replicated to localhost:50223
[dc3_node1] Replicated to localhost:50242
[dc3_node1] Replicated to localhost:50125
[dc3_node1] W-quorum achieved (2 writes), returning to client
[dc3_node1] Background replication continues for remaining nodes
[dc3_node1] Successful writes: 3/3
[dc3_node1] Internal PUT (replication): key='item:3246'
[dc3_node1] CONFLICT detected for key='item:3246', siblings=14
[dc3_node1] Saved 103 keys to disk
[dc3_node1] Retrieved key='item:2006', versions=16
[dc3_node1] Retrieved key='item:2006', versions=16
[dc3_node1] Retrieved key='item:2006', versions=16
[dc3_node1] Retrieved key='item:2006', versions=16
[dc3_node1] Retrieved key='item:2006', versions=16
[dc3_node1] Client GET: key='item:1238'
[dc3_node1] Reading from preference list: ['localhost:50185', 'localhost:50149']
[dc3_node1] Key='item:1238' not found
[dc3_node1] CONFLICT: 20 sibling versions for 'item:1238'
[dc3_node1] Client GET: key='item:1791'
[dc3_node1] Reading from preference list: ['localhost:50145', 'localhost:50165']
[dc3_node1] Key='item:1791' not found
[dc3_node1] CONFLICT: 26 sibling versions for 'item:1791'
[dc3_node1] Retrieved key='item:1317', versions=8
[dc3_node1] Retrieved key='item:1317', versions=8
[dc3_node1] Retrieved key='item:1317', versions=8
[dc3_node1] Retrieved key='item:1317', versions=8
[dc3_node1] Retrieved key='item:1317', versions=8
[dc3_node1] Client GET: key='item:4898'
[dc3_node1] Reading from preference list: ['localhost:50164', 'localhost:50133']
[dc3_node1] Key='item:4898' not found
[dc3_node1] CONFLICT: 18 sibling versions for 'item:4898'
[dc3_node1] Retrieved key='item:1513', versions=11
[dc3_node1] Retrieved key='item:1513', versions=11
[dc3_node1] Retrieved key='item:1513', versions=11
[dc3_node1] Retrieved key='item:1513', versions=11
[dc3_node1] Retrieved key='item:1513', versions=11
[dc3_node1] Internal PUT (replication): key='item:1822'
[dc3_node1] CONFLICT detected for key='item:1822', siblings=25
[dc3_node1] Saved 103 keys to disk
[dc3_node1] Internal PUT (replication): key='item:1513'
[dc3_node1] CONFLICT detected for key='item:1513', siblings=12
[dc3_node1] Internal PUT (replication): key='item:2006'
[dc3_node1] Saved 103 keys to disk
[dc3_node1] CONFLICT detected for key='item:2006', siblings=16
[dc3_node1] Saved 103 keys to disk
[dc3_node1] Retrieved key='item:1325', versions=9
[dc3_node1] Internal PUT (replication): key='item:0970'
[dc3_node1] CONFLICT detected for key='item:0970', siblings=16
[dc3_node1] Saved 103 keys to disk
[dc3_node1] Internal PUT (replication): key='item:1084'
[dc3_node1] CONFLICT detected for key='item:1084', siblings=19
[dc3_node1] Saved 103 keys to disk
[dc3_node1] Internal PUT (replication): key='item:1559'
[dc3_node1] CONFLICT detected for key='item:1559', siblings=17
[dc3_node1] Saved 103 keys to disk
[dc3_node1] Internal PUT (replication): key='item:4732'
[dc3_node1] CONFLICT detected for key='item:4732', siblings=13
[dc3_node1] Saved 103 keys to disk
[dc3_node1] Internal PUT (replication): key='item:2619'
[dc3_node1] CONFLICT detected for key='item:2619', siblings=15
[dc3_node1] Saved 103 keys to disk
[dc3_node1] Internal PUT (replication): key='item:4403'
[dc3_node1] CONFLICT detected for key='item:4403', siblings=15
[dc3_node1] Saved 103 keys to disk
[dc3_node1] Retrieved key='item:3527', versions=18
[dc3_node1] Internal PUT (replication): key='item:1130'
[dc3_node1] CONFLICT detected for key='item:1130', siblings=12
[dc3_node1] Saved 103 keys to disk
[dc3_node1] Retrieved key='item:0044', versions=13
[dc3_node1] Internal PUT (replication): key='item:1369'
[dc3_node1] CONFLICT detected for key='item:1369', siblings=21
[dc3_node1] Saved 103 keys to disk
[dc3_node1] Retrieved key='item:4467', versions=20
[dc3_node1] Internal PUT (replication): key='item:4710'
[dc3_node1] CONFLICT detected for key='item:4710', siblings=13
[dc3_node1] Internal PUT (replication): key='item:4949'
[dc3_node1] Saved 103 keys to disk
[dc3_node1] CONFLICT detected for key='item:4949', siblings=15
[dc3_node1] Saved 103 keys to disk
[dc3_node1] Retrieved key='item:1706', versions=16
[dc3_node1] Internal PUT (replication): key='item:0392'
[dc3_node1] CONFLICT detected for key='item:0392', siblings=15
[dc3_node1] Saved 103 keys to disk
[dc3_node1] Retrieved key='item:2006', versions=16
[dc3_node1] Internal PUT (replication): key='item:1822'
[dc3_node1] CONFLICT detected for key='item:1822', siblings=26
[dc3_node1] Saved 103 keys to disk
[dc3_node1] Internal PUT (replication): key='item:3823'
[dc3_node1] CONFLICT detected for key='item:3823', siblings=15
[dc3_node1] Saved 103 keys to disk
[dc3_node1] Client PUT: key='item:1258', value='stress_5_116'
[dc3_node1] Preference list for 'item:1258': ['localhost:50169', 'localhost:50137', 'localhost:50120']
[dc3_node1] Coordinator NOT in preference list, forwarding only
[dc3_node1] Replicated to localhost:50169
[dc3_node1] Replicated to localhost:50120
[dc3_node1] Replicated to localhost:50137
[dc3_node1] W-quorum achieved (2 writes), returning to client
[dc3_node1] Background replication continues for remaining nodes
[dc3_node1] Successful writes: 3/3
[dc3_node1] Retrieved key='item:0869', versions=14
[dc3_node1] Internal PUT (replication): key='item:4339'
[dc3_node1] CONFLICT detected for key='item:4339', siblings=12
[dc3_node1] Saved 103 keys to disk
[dc3_node1] Retrieved key='item:4490', versions=16
[dc3_node1] Retrieved key='item:2196', versions=16
[dc3_node1] Client PUT: key='item:3331', value='stress_7_142'
[dc3_node1] Preference list for 'item:3331': ['localhost:50116', 'localhost:50148', 'localhost:50190']
[dc3_node1] Coordinator NOT in preference list, forwarding only
[dc3_node1] Replicated to localhost:50116
[dc3_node1] Replicated to localhost:50190
[dc3_node1] Replicated to localhost:50148
[dc3_node1] W-quorum achieved (2 writes), returning to client
[dc3_node1] Background replication continues for remaining nodes
[dc3_node1] Successful writes: 3/3
[dc3_node1] Client PUT: key='item:0811', value='stress_1_158'
[dc3_node1] Preference list for 'item:0811': ['localhost:50215', 'localhost:50180', 'localhost:50096']
[dc3_node1] Coordinator NOT in preference list, forwarding only
[dc3_node1] Replicated to localhost:50180
[dc3_node1] Replicated to localhost:50096
[dc3_node1] Replicated to localhost:50215
[dc3_node1] W-quorum achieved (2 writes), returning to client
[dc3_node1] Background replication continues for remaining nodes
[dc3_node1] Successful writes: 3/3
[dc3_node1] Client GET: key='item:1693'
[dc3_node1] Reading from preference list: ['localhost:50056', 'localhost:50093']
[dc3_node1] Key='item:1693' not found
[dc3_node1] CONFLICT: 22 sibling versions for 'item:1693'
[dc3_node1] Internal PUT (replication): key='item:4949'
[dc3_node1] CONFLICT detected for key='item:4949', siblings=16
[dc3_node1] Saved 103 keys to disk
[dc3_node1] Client PUT: key='item:0669', value='stress_4_169'
[dc3_node1] Preference list for 'item:0669': ['localhost:50185', 'localhost:50058', 'localhost:50237']
[dc3_node1] Coordinator NOT in preference list, forwarding only
[dc3_node1] Replicated to localhost:50237
[dc3_node1] Replicated to localhost:50185
[dc3_node1] W-quorum achieved (2 writes), returning to client
[dc3_node1] Background replication continues for remaining nodes
[dc3_node1] Successful writes: 2/3
[dc3_node1] Replicated to localhost:50058
[dc3_node1] Retrieved key='item:4301', versions=12
[dc3_node1] Internal PUT (replication): key='item:1369'
[dc3_node1] CONFLICT detected for key='item:1369', siblings=22
[dc3_node1] Saved 103 keys to disk
[dc3_node1] Internal PUT (replication): key='item:1365'
[dc3_node1] CONFLICT detected for key='item:1365', siblings=19
[dc3_node1] Saved 103 keys to disk
[dc3_node1] Retrieved key='item:1706', versions=16
[dc3_node1] Retrieved key='item:0651', versions=15
[dc3_node1] Client PUT: key='item:0799', value='stress_8_198'
[dc3_node1] Preference list for 'item:0799': ['localhost:50150', 'localhost:50089', 'localhost:50065']
[dc3_node1] Coordinator NOT in preference list, forwarding only
[dc3_node1] Replicated to localhost:50089
[dc3_node1] Replicated to localhost:50150
[dc3_node1] Replicated to localhost:50065
[dc3_node1] W-quorum achieved (2 writes), returning to client
[dc3_node1] Background replication continues for remaining nodes
[dc3_node1] Successful writes: 3/3
[dc3_node1] Internal PUT (replication): key='item:0836'
[dc3_node1] CONFLICT detected for key='item:0836', siblings=9
[dc3_node1] Saved 103 keys to disk
[dc3_node1] Retrieved key='item:0063', versions=22
[dc3_node1] Internal PUT (replication): key='item:4710'
[dc3_node1] CONFLICT detected for key='item:4710', siblings=14
[dc3_node1] Saved 103 keys to disk
[dc3_node1] Internal PUT (replication): key='item:3726'
[dc3_node1] CONFLICT detected for key='item:3726', siblings=15
[dc3_node1] Saved 103 keys to disk
[dc3_node1] Client PUT: key='item:2292', value='stress_7_221'
[dc3_node1] Preference list for 'item:2292': ['localhost:50190', 'localhost:50054', 'localhost:50221']
[dc3_node1] Coordinator NOT in preference list, forwarding only
[dc3_node1] Replicated to localhost:50190
[dc3_node1] Replicated to localhost:50221
[dc3_node1] Replicated to localhost:50054
[dc3_node1] W-quorum achieved (2 writes), returning to client
[dc3_node1] Background replication continues for remaining nodes
[dc3_node1] Successful writes: 3/3
[dc3_node1] Client PUT: key='item:1098', value='stress_6_215'
[dc3_node1] Preference list for 'item:1098': ['localhost:50167', 'localhost:50236', 'localhost:50118']
[dc3_node1] Coordinator NOT in preference list, forwarding only
[dc3_node1] Replicated to localhost:50236
[dc3_node1] Replicated to localhost:50167
[dc3_node1] Replicated to localhost:50118
[dc3_node1] W-quorum achieved (2 writes), returning to client
[dc3_node1] Background replication continues for remaining nodes
[dc3_node1] Successful writes: 3/3
[dc3_node1] Retrieved key='item:3246', versions=14
[dc3_node1] Client GET: key='item:1572'
[dc3_node1] Reading from preference list: ['localhost:50188', 'localhost:50093']
[dc3_node1] Key='item:1572' not found
[dc3_node1] CONFLICT: 34 sibling versions for 'item:1572'
[dc3_node1] Retrieved key='item:3413', versions=17
[dc3_node1] Internal PUT (replication): key='item:2840'
[dc3_node1] CONFLICT detected for key='item:2840', siblings=13
[dc3_node1] Saved 103 keys to disk
[dc3_node1] Internal PUT (replication): key='item:4586'
[dc3_node1] CONFLICT detected for key='item:4586', siblings=17
[dc3_node1] Saved 103 keys to disk
[dc3_node1] Retrieved key='item:1559', versions=17
[dc3_node1] Internal PUT (replication): key='item:4586'
[dc3_node1] CONFLICT detected for key='item:4586', siblings=18
[dc3_node1] Saved 103 keys to disk
[dc3_node1] Internal PUT (replication): key='item:0150'
[dc3_node1] CONFLICT detected for key='item:0150', siblings=22
[dc3_node1] Saved 103 keys to disk
[dc3_node1] Internal PUT (replication): key='item:3404'
[dc3_node1] CONFLICT detected for key='item:3404', siblings=2
[dc3_node1] Internal PUT (replication): key='item:1763'
[dc3_node1] Saved 103 keys to disk
[dc3_node1] CONFLICT detected for key='item:1763', siblings=17
[dc3_node1] Saved 103 keys to disk
[dc3_node1] Internal PUT (replication): key='item:4738'
[dc3_node1] CONFLICT detected for key='item:4738', siblings=18
[dc3_node1] Internal PUT (replication): key='item:1683'
[dc3_node1] Saved 103 keys to disk
[dc3_node1] CONFLICT detected for key='item:1683', siblings=10
[dc3_node1] Saved 103 keys to disk
[dc3_node1] Client PUT: key='item:2523', value='stress_0_273'
[dc3_node1] Preference list for 'item:2523': ['localhost:50120', 'localhost:50155', 'localhost:50194']
[dc3_node1] Coordinator NOT in preference list, forwarding only
[dc3_node1] Replicated to localhost:50194
[dc3_node1] Client PUT: key='item:0051', value='stress_2_278'
[dc3_node1] Preference list for 'item:0051': ['localhost:50105', 'localhost:50059', 'localhost:50232']
[dc3_node1] Coordinator NOT in preference list, forwarding only
[dc3_node1] Replicated to localhost:50155
[dc3_node1] Replicated to localhost:50120
[dc3_node1] W-quorum achieved (2 writes), returning to client
[dc3_node1] Background replication continues for remaining nodes
[dc3_node1] Successful writes: 3/3
[dc3_node1] Replicated to localhost:50232
[dc3_node1] Replicated to localhost:50105
[dc3_node1] Replicated to localhost:50059
[dc3_node1] W-quorum achieved (2 writes), returning to client
[dc3_node1] Background replication continues for remaining nodes
[dc3_node1] Successful writes: 3/3
[dc3_node1] Internal PUT (replication): key='item:0627'
[dc3_node1] CONFLICT detected for key='item:0627', siblings=18
[dc3_node1] Saved 103 keys to disk
[dc3_node1] Internal PUT (replication): key='item:1822'
[dc3_node1] CONFLICT detected for key='item:1822', siblings=26
[dc3_node1] Saved 103 keys to disk
[dc3_node1] Internal PUT (replication): key='item:4339'
[dc3_node1] CONFLICT detected for key='item:4339', siblings=13
[dc3_node1] Saved 103 keys to disk
[dc3_node1] Retrieved key='item:1822', versions=26
[dc3_node1] Internal PUT (replication): key='item:2840'
[dc3_node1] CONFLICT detected for key='item:2840', siblings=14
[dc3_node1] Saved 103 keys to disk
[dc3_node1] Internal PUT (replication): key='item:0330'
[dc3_node1] CONFLICT detected for key='item:0330', siblings=11
[dc3_node1] Saved 103 keys to disk
[dc3_node1] Retrieved key='item:1513', versions=12
[dc3_node1] Internal PUT (replication): key='item:3726'
[dc3_node1] CONFLICT detected for key='item:3726', siblings=15
[dc3_node1] Internal PUT (replication): key='item:3246'
[dc3_node1] Saved 103 keys to disk
[dc3_node1] CONFLICT detected for key='item:3246', siblings=15
[dc3_node1] Saved 103 keys to disk
[dc3_node1] Retrieved key='item:4732', versions=13
[dc3_node1] Retrieved key='item:3230', versions=8
[dc3_node1] Retrieved key='item:1069', versions=13
[dc3_node1] Internal PUT (replication): key='item:1883'
[dc3_node1] CONFLICT detected for key='item:1883', siblings=10
[dc3_node1] Saved 103 keys to disk
[dc3_node1] Client GET: key='item:2404'
[dc3_node1] Reading from preference list: ['localhost:50101', 'localhost:50078']
[dc3_node1] Key='item:2404' not found
[dc3_node1] CONFLICT: 22 sibling versions for 'item:2404'
[dc3_node1] Internal PUT (replication): key='item:0915'
[dc3_node1] CONFLICT detected for key='item:0915', siblings=11
[dc3_node1] Client GET: key='item:0363'
[dc3_node1] Reading from preference list: ['localhost:50074', 'localhost:50216']
[dc3_node1] Saved 103 keys to disk
[dc3_node1] Key='item:0363' not found
[dc3_node1] CONFLICT: 26 sibling versions for 'item:0363'
[dc3_node1] Retrieved key='item:2607', versions=14
[dc3_node1] Internal PUT (replication): key='item:2345'
[dc3_node1] CONFLICT detected for key='item:2345', siblings=14
[dc3_node1] Saved 103 keys to disk
[dc3_node1] Internal PUT (replication): key='item:0044'
[dc3_node1] CONFLICT detected for key='item:0044', siblings=14
[dc3_node1] Internal PUT (replication): key='item:0274'
[dc3_node1] Saved 103 keys to disk
[dc3_node1] CONFLICT detected for key='item:0274', siblings=15
[dc3_node1] Internal PUT (replication): key='item:2345'
[dc3_node1] Saved 103 keys to disk
[dc3_node1] CONFLICT detected for key='item:2345', siblings=15
[dc3_node1] Saved 103 keys to disk
[dc3_node1] Retrieved key='item:2083', versions=21
[dc3_node1] Internal PUT (replication): key='item:2871'
[dc3_node1] CONFLICT detected for key='item:2871', siblings=16
[dc3_node1] Saved 103 keys to disk
[dc3_node1] Retrieved key='item:2619', versions=15
[dc3_node1] Internal PUT (replication): key='item:1749'
[dc3_node1] CONFLICT detected for key='item:1749', siblings=20
[dc3_node1] Client PUT: key='item:0528', value='stress_2_381'
[dc3_node1] Preference list for 'item:0528': ['localhost:50058', 'localhost:50244', 'localhost:50223']
[dc3_node1] Coordinator NOT in preference list, forwarding only
[dc3_node1] Saved 103 keys to disk
[dc3_node1] Replicated to localhost:50058
[dc3_node1] Replicated to localhost:50244
[dc3_node1] Replicated to localhost:50223
[dc3_node1] W-quorum achieved (2 writes), returning to client
[dc3_node1] Background replication continues for remaining nodes
[dc3_node1] Successful writes: 3/3
[dc3_node1] Retrieved key='item:1317', versions=8
[dc3_node1] Client GET: key='item:1210'
[dc3_node1] Reading from preference list: ['localhost:50183', 'localhost:50095']
[dc3_node1] Key='item:1210' not found
[dc3_node1] CONFLICT: 15 sibling versions for 'item:1210'
[dc3_node1] Internal PUT (replication): key='item:4949'
[dc3_node1] CONFLICT detected for key='item:4949', siblings=17
[dc3_node1] Saved 103 keys to disk
[dc3_node1] Retrieved key='item:0044', versions=14
[dc3_node1] Retrieved key='item:4720', versions=13
[dc3_node1] Internal PUT (replication): key='item:0651'
[dc3_node1] CONFLICT detected for key='item:0651', siblings=16
[dc3_node1] Saved 103 keys to disk
[dc3_node1] Client GET: key='item:0437'
[dc3_node1] Reading from preference list: ['localhost:50098', 'localhost:50220']
[dc3_node1] Key='item:0437' not found
[dc3_node1] CONFLICT: 32 sibling versions for 'item:0437'
[dc3_node1] Internal PUT (replication): key='item:4720'
[dc3_node1] CONFLICT detected for key='item:4720', siblings=14
[dc3_node1] Saved 103 keys to disk
[dc3_node1] Internal PUT (replication): key='item:2345'
[dc3_node1] CONFLICT detected for key='item:2345', siblings=16
[dc3_node1] Saved 103 keys to disk
[dc3_node1] Internal PUT (replication): key='item:3726'
[dc3_node1] CONFLICT detected for key='item:3726', siblings=16
[dc3_node1] Saved 103 keys to disk
[dc3_node1] Retrieved key='item:4949', versions=17
[dc3_node1] Client GET: key='item:0478'
[dc3_node1] Reading from preference list: ['localhost:50073', 'localhost:50248']
[dc3_node1] Key='item:0478' not found
[dc3_node1] CONFLICT: 38 sibling versions for 'item:0478'
[dc3_node1] Client GET: key='item:3373'
[dc3_node1] Reading from preference list: ['localhost:50184', 'localhost:50130']
[dc3_node1] Key='item:3373' not found
[dc3_node1] CONFLICT: 34 sibling versions for 'item:3373'
[dc3_node1] Client PUT: key='item:0181', value='stress_3_466'
[dc3_node1] Preference list for 'item:0181': ['localhost:50181', 'localhost:50249', 'localhost:50111']
[dc3_node1] Coordinator NOT in preference list, forwarding only
[dc3_node1] Retrieved key='item:3796', versions=11
[dc3_node1] Replicated to localhost:50111
[dc3_node1] Replicated to localhost:50181
[dc3_node1] W-quorum achieved (2 writes), returning to client
[dc3_node1] Background replication continues for remaining nodes
[dc3_node1] Successful writes: 2/3
[dc3_node1] Replicated to localhost:50249
[dc3_node1] Client GET: key='item:0303'
[dc3_node1] Reading from preference list: ['localhost:50163', 'localhost:50142']
[dc3_node1] Key='item:0303' not found
[dc3_node1] Client GET: key='item:4056'
[dc3_node1] Reading from preference list: ['localhost:50052', 'localhost:50150']
[dc3_node1] Key='item:4056' not found
[dc3_node1] CONFLICT: 30 sibling versions for 'item:0303'
[dc3_node1] CONFLICT: 36 sibling versions for 'item:4056'
[dc3_node1] Internal PUT (replication): key='item:1317'
[dc3_node1] CONFLICT detected for key='item:1317', siblings=9
[dc3_node1] Saved 103 keys to disk
[dc3_node1] Client GET: key='item:1307'
[dc3_node1] Reading from preference list: ['localhost:50093', 'localhost:50190']
[dc3_node1] Key='item:1307' not found
[dc3_node1] CONFLICT: 22 sibling versions for 'item:1307'
[dc3_node1] Internal PUT (replication): key='item:0767'
[dc3_node1] CONFLICT detected for key='item:0767', siblings=7
[dc3_node1] Saved 103 keys to disk
[dc3_node1] Client PUT: key='item:4707', value='stress_2_493'
[dc3_node1] Preference list for 'item:4707': ['localhost:50107', 'localhost:50070', 'localhost:50079']
[dc3_node1] Coordinator NOT in preference list, forwarding only
[dc3_node1] Replicated to localhost:50107
[dc3_node1] Replicated to localhost:50079
[dc3_node1] Retrieved key='item:4771', versions=11
[dc3_node1] W-quorum achieved (2 writes), returning to client
[dc3_node1] Background replication continues for remaining nodes
[dc3_node1] Successful writes: 2/3
[dc3_node1] Replicated to localhost:50070
[dc3_node1] Internal PUT (replication): key='item:2840'
[dc3_node1] CONFLICT detected for key='item:2840', siblings=15
[dc3_node1] Saved 103 keys to disk
[dc3_node1] Internal PUT (replication): key='item:1706'
[dc3_node1] CONFLICT detected for key='item:1706', siblings=17
[dc3_node1] Saved 103 keys to disk
[dc3_node1] Internal PUT (replication): key='item:2529'
[dc3_node1] CONFLICT detected for key='item:2529', siblings=18
[dc3_node1] Saved 103 keys to disk
[dc3_node1] Client PUT: key='item:3671', value='stress_2_506'
[dc3_node1] Preference list for 'item:3671': ['localhost:50184', 'localhost:50195', 'localhost:50079']
[dc3_node1] Coordinator NOT in preference list, forwarding only
[dc3_node1] Replicated to localhost:50184
[dc3_node1] Replicated to localhost:50079
[dc3_node1] W-quorum achieved (2 writes), returning to client
[dc3_node1] Background replication continues for remaining nodes
[dc3_node1] Successful writes: 2/3
[dc3_node1] Replicated to localhost:50195
[dc3_node1] Retrieved key='item:1706', versions=17
[dc3_node1] Client GET: key='item:1280'
[dc3_node1] Reading from preference list: ['localhost:50075', 'localhost:50200']
[dc3_node1] Key='item:1280' not found
[dc3_node1] CONFLICT: 31 sibling versions for 'item:1280'
[dc3_node1] Retrieved key='item:3413', versions=17
[dc3_node1] Retrieved key='item:1365', versions=19
[dc3_node1] Internal PUT (replication): key='item:3295'
[dc3_node1] CONFLICT detected for key='item:3295', siblings=17
[dc3_node1] Saved 103 keys to disk
[dc3_node1] Internal PUT (replication): key='item:2049'
[dc3_node1] CONFLICT detected for key='item:2049', siblings=14
[dc3_node1] Saved 103 keys to disk
[dc3_node1] Internal PUT (replication): key='item:2345'
[dc3_node1] CONFLICT detected for key='item:2345', siblings=17
[dc3_node1] Saved 103 keys to disk
[dc3_node1] Internal PUT (replication): key='item:1325'
[dc3_node1] CONFLICT detected for key='item:1325', siblings=10
[dc3_node1] Client GET: key='item:2610'
[dc3_node1] Reading from preference list: ['localhost:50181', 'localhost:50157']
[dc3_node1] Saved 103 keys to disk
[dc3_node1] Key='item:2610' not found
[dc3_node1] CONFLICT: 16 sibling versions for 'item:2610'
[dc3_node1] Retrieved key='item:1832', versions=9
[dc3_node1] Internal PUT (replication): key='item:0063'
[dc3_node1] CONFLICT detected for key='item:0063', siblings=23
[dc3_node1] Saved 103 keys to disk
[dc3_node1] Client GET: key='item:4148'
[dc3_node1] Reading from preference list: ['localhost:50127', 'localhost:50154']
[dc3_node1] Key='item:4148' not found
[dc3_node1] CONFLICT: 46 sibling versions for 'item:4148'
[dc3_node1] Internal PUT (replication): key='item:3726'
[dc3_node1] CONFLICT detected for key='item:3726', siblings=17
[dc3_node1] Saved 103 keys to disk
[dc3_node1] Client PUT: key='item:1829', value='stress_8_588'
[dc3_node1] Preference list for 'item:1829': ['localhost:50071', 'localhost:50100', 'localhost:50189']
[dc3_node1] Coordinator NOT in preference list, forwarding only
[dc3_node1] Client PUT: key='item:1201', value='stress_5_591'
[dc3_node1] Preference list for 'item:1201': ['localhost:50178', 'localhost:50161', 'localhost:50140']
[dc3_node1] Coordinator NOT in preference list, forwarding only
[dc3_node1] Replicated to localhost:50100
[dc3_node1] Replicated to localhost:50071
[dc3_node1] Replicated to localhost:50189
[dc3_node1] Replicated to localhost:50178
[dc3_node1] W-quorum achieved (2 writes), returning to client
[dc3_node1] Background replication continues for remaining nodes
[dc3_node1] Successful writes: 3/3
[dc3_node1] Replicated to localhost:50140
[dc3_node1] Replicated to localhost:50161
[dc3_node1] W-quorum achieved (2 writes), returning to client
[dc3_node1] Background replication continues for remaining nodes
[dc3_node1] Successful writes: 3/3
[dc3_node1] Retrieved key='item:1069', versions=13
[dc3_node1] Internal PUT (replication): key='item:1763'
[dc3_node1] CONFLICT detected for key='item:1763', siblings=18
[dc3_node1] Client PUT: key='item:2052', value='stress_3_603'
[dc3_node1] Preference list for 'item:2052': ['localhost:50185', 'localhost:50100', 'localhost:50222']
[dc3_node1] Coordinator NOT in preference list, forwarding only
[dc3_node1] Saved 103 keys to disk
[dc3_node1] Replicated to localhost:50222
[dc3_node1] Replicated to localhost:50100
[dc3_node1] Replicated to localhost:50185
[dc3_node1] W-quorum achieved (2 writes), returning to client
[dc3_node1] Background replication continues for remaining nodes
[dc3_node1] Successful writes: 3/3
[dc3_node1] Internal PUT (replication): key='item:4949'
[dc3_node1] CONFLICT detected for key='item:4949', siblings=18
[dc3_node1] Saved 103 keys to disk
[dc3_node1] Client PUT: key='item:4487', value='stress_2_589'
[dc3_node1] Preference list for 'item:4487': ['localhost:50247', 'localhost:50179', 'localhost:50136']
[dc3_node1] Coordinator NOT in preference list, forwarding only
[dc3_node1] Replicated to localhost:50247
[dc3_node1] Replicated to localhost:50179
[dc3_node1] Replicated to localhost:50136
[dc3_node1] W-quorum achieved (2 writes), returning to client
[dc3_node1] Background replication continues for remaining nodes
[dc3_node1] Successful writes: 3/3
[dc3_node1] Internal PUT (replication): key='item:0392'
[dc3_node1] CONFLICT detected for key='item:0392', siblings=15
[dc3_node1] Saved 103 keys to disk
[dc3_node1] Internal PUT (replication): key='item:1513'
[dc3_node1] CONFLICT detected for key='item:1513', siblings=13
[dc3_node1] Saved 103 keys to disk
[dc3_node1] Internal PUT (replication): key='item:4949'
[dc3_node1] CONFLICT detected for key='item:4949', siblings=19
[dc3_node1] Saved 103 keys to disk
[dc3_node1] Internal PUT (replication): key='item:2049'
[dc3_node1] CONFLICT detected for key='item:2049', siblings=15
[dc3_node1] Saved 103 keys to disk
[dc3_node1] Client GET: key='item:1770'
[dc3_node1] Reading from preference list: ['localhost:50175', 'localhost:50086']
[dc3_node1] Key='item:1770' not found
[dc3_node1] CONFLICT: 32 sibling versions for 'item:1770'
[dc3_node1] Retrieved key='item:1832', versions=9
[dc3_node1] Internal PUT (replication): key='item:1308'
[dc3_node1] CONFLICT detected for key='item:1308', siblings=8
[dc3_node1] Saved 103 keys to disk
[dc3_node1] Internal PUT (replication): key='item:0150'
[dc3_node1] CONFLICT detected for key='item:0150', siblings=22
[dc3_node1] Saved 103 keys to disk
[dc3_node1] Client PUT: key='item:3308', value='stress_4_660'
[dc3_node1] Preference list for 'item:3308': ['localhost:50209', 'localhost:50110', 'localhost:50065']
[dc3_node1] Coordinator NOT in preference list, forwarding only
[dc3_node1] Replicated to localhost:50110
[dc3_node1] Replicated to localhost:50209
[dc3_node1] Replicated to localhost:50065
[dc3_node1] W-quorum achieved (2 writes), returning to client
[dc3_node1] Background replication continues for remaining nodes
[dc3_node1] Successful writes: 3/3
[dc3_node1] Internal PUT (replication): key='item:2529'
[dc3_node1] CONFLICT detected for key='item:2529', siblings=19
[dc3_node1] Saved 103 keys to disk
[dc3_node1] Internal PUT (replication): key='item:3413'
[dc3_node1] CONFLICT detected for key='item:3413', siblings=18
[dc3_node1] Client GET: key='item:4632'
[dc3_node1] Reading from preference list: ['localhost:50226', 'localhost:50093']
[dc3_node1] Saved 103 keys to disk
[dc3_node1] Key='item:4632' not found
[dc3_node1] CONFLICT: 22 sibling versions for 'item:4632'
[dc3_node1] Internal PUT (replication): key='item:1749'
[dc3_node1] CONFLICT detected for key='item:1749', siblings=21
[dc3_node1] Saved 103 keys to disk
[dc3_node1] Retrieved key='item:1706', versions=17
[dc3_node1] Internal PUT (replication): key='item:4339'
[dc3_node1] CONFLICT detected for key='item:4339', siblings=14
[dc3_node1] Saved 103 keys to disk
[dc3_node1] Internal PUT (replication): key='item:2840'
[dc3_node1] CONFLICT detected for key='item:2840', siblings=16
[dc3_node1] Client GET: key='item:3222'
[dc3_node1] Reading from preference list: ['localhost:50072', 'localhost:50241']
[dc3_node1] Saved 103 keys to disk
[dc3_node1] Key='item:3222' not found
[dc3_node1] CONFLICT: 29 sibling versions for 'item:3222'
[dc3_node1] Internal PUT (replication): key='item:3527'
[dc3_node1] CONFLICT detected for key='item:3527', siblings=19
[dc3_node1] Saved 103 keys to disk
[dc3_node1] Internal PUT (replication): key='item:0392'
[dc3_node1] CONFLICT detected for key='item:0392', siblings=16
[dc3_node1] Saved 103 keys to disk
[dc3_node1] Client GET: key='item:2887'
[dc3_node1] Reading from preference list: ['localhost:50198', 'localhost:50143']
[dc3_node1] Key='item:2887' not found
[dc3_node1] CONFLICT: 36 sibling versions for 'item:2887'
[dc3_node1] Internal PUT (replication): key='item:0869'
[dc3_node1] CONFLICT detected for key='item:0869', siblings=15
[dc3_node1] Saved 103 keys to disk
[dc3_node1] Internal PUT (replication): key='item:0915'
[dc3_node1] CONFLICT detected for key='item:0915', siblings=12
[dc3_node1] Saved 103 keys to disk
[dc3_node1] Internal PUT (replication): key='item:1832'
[dc3_node1] CONFLICT detected for key='item:1832', siblings=10
[dc3_node1] Saved 103 keys to disk
[dc3_node1] Internal PUT (replication): key='item:2049'
[dc3_node1] CONFLICT detected for key='item:2049', siblings=16
[dc3_node1] Saved 103 keys to disk
[dc3_node1] Internal PUT (replication): key='item:1352'
[dc3_node1] CONFLICT detected for key='item:1352', siblings=22
[dc3_node1] Saved 103 keys to disk
[dc3_node1] Internal PUT (replication): key='item:1982'
[dc3_node1] CONFLICT detected for key='item:1982', siblings=12
[dc3_node1] Saved 103 keys to disk
[dc3_node1] Client PUT: key='item:4323', value='stress_4_748'
[dc3_node1] Preference list for 'item:4323': ['localhost:50099', 'localhost:50245', 'localhost:50123']
[dc3_node1] Coordinator NOT in preference list, forwarding only
[dc3_node1] Replicated to localhost:50245
[dc3_node1] Replicated to localhost:50123
[dc3_node1] Replicated to localhost:50099
[dc3_node1] W-quorum achieved (2 writes), returning to client
[dc3_node1] Background replication continues for remaining nodes
[dc3_node1] Successful writes: 3/3
[dc3_node1] Internal PUT (replication): key='item:0869'
[dc3_node1] CONFLICT detected for key='item:0869', siblings=16
[dc3_node1] Saved 103 keys to disk
[dc3_node1] Internal PUT (replication): key='item:1369'
[dc3_node1] CONFLICT detected for key='item:1369', siblings=23
[dc3_node1] Saved 103 keys to disk
[dc3_node1] Internal PUT (replication): key='item:1352'
[dc3_node1] CONFLICT detected for key='item:1352', siblings=22
[dc3_node1] Saved 103 keys to disk
[dc3_node1] Internal PUT (replication): key='item:1832'
[dc3_node1] CONFLICT detected for key='item:1832', siblings=10
[dc3_node1] Saved 103 keys to disk
[dc3_node1] Internal PUT (replication): key='item:0106'
[dc3_node1] CONFLICT detected for key='item:0106', siblings=15
[dc3_node1] Saved 103 keys to disk
[dc3_node1] Client PUT: key='item:2530', value='stress_1_798'
[dc3_node1] Preference list for 'item:2530': ['localhost:50249', 'localhost:50186', 'localhost:50089']
[dc3_node1] Coordinator NOT in preference list, forwarding only
[dc3_node1] Replicated to localhost:50089
[dc3_node1] Replicated to localhost:50249
[dc3_node1] Replicated to localhost:50186
[dc3_node1] W-quorum achieved (2 writes), returning to client
[dc3_node1] Background replication continues for remaining nodes
[dc3_node1] Successful writes: 3/3
[dc3_node1] Internal PUT (replication): key='item:1749'
[dc3_node1] CONFLICT detected for key='item:1749', siblings=22
[dc3_node1] Client PUT: key='item:0248', value='stress_2_746'
[dc3_node1] Preference list for 'item:0248': ['localhost:50174', 'localhost:50063', 'localhost:50084']
[dc3_node1] Coordinator NOT in preference list, forwarding only
[dc3_node1] Saved 103 keys to disk
[dc3_node1] Replicated to localhost:50174
[dc3_node1] Replicated to localhost:50084
[dc3_node1] Replicated to localhost:50063
[dc3_node1] W-quorum achieved (2 writes), returning to client
[dc3_node1] Background replication continues for remaining nodes
[dc3_node1] Successful writes: 3/3
[dc3_node1] Retrieved key='item:2345', versions=17
[dc3_node1] Retrieved key='item:1513', versions=13
[dc3_node1] Internal PUT (replication): key='item:2345'
[dc3_node1] CONFLICT detected for key='item:2345', siblings=18
[dc3_node1] Saved 103 keys to disk
[dc3_node1] Internal PUT (replication): key='item:2529'
[dc3_node1] CONFLICT detected for key='item:2529', siblings=20
[dc3_node1] Saved 103 keys to disk
[dc3_node1] Client GET: key='item:3338'
[dc3_node1] Reading from preference list: ['localhost:50139', 'localhost:50067']
[dc3_node1] Key='item:3338' not found
[dc3_node1] CONFLICT: 34 sibling versions for 'item:3338'
[dc3_node1] Retrieved key='item:3796', versions=11
[dc3_node1] Retrieved key='item:1365', versions=19
[dc3_node1] Client GET: key='item:0740'
[dc3_node1] Reading from preference list: ['localhost:50051', 'localhost:50117']
[dc3_node1] Key='item:0740' not found
[dc3_node1] CONFLICT: 24 sibling versions for 'item:0740'
[dc3_node1] Retrieved key='item:1069', versions=13
[dc3_node1] Internal PUT (replication): key='item:1624'
[dc3_node1] CONFLICT detected for key='item:1624', siblings=13
[dc3_node1] Saved 103 keys to disk
[dc3_node1] Retrieved key='item:3413', versions=18
[dc3_node1] Retrieved key='item:0651', versions=16
[dc3_node1] Retrieved key='item:1084', versions=19
[dc3_node1] Retrieved key='item:2607', versions=14
[dc3_node1] Internal PUT (replication): key='item:2049'
[dc3_node1] CONFLICT detected for key='item:2049', siblings=17
[dc3_node1] Saved 103 keys to disk
[dc3_node1] Client GET: key='item:1134'
[dc3_node1] Reading from preference list: ['localhost:50065', 'localhost:50133']
[dc3_node1] Key='item:1134' not found
[dc3_node1] CONFLICT: 28 sibling versions for 'item:1134'
[dc3_node1] Internal PUT (replication): key='item:2418'
[dc3_node1] CONFLICT detected for key='item:2418', siblings=17
[dc3_node1] Saved 103 keys to disk
[dc3_node1] Internal PUT (replication): key='item:0063'
[dc3_node1] CONFLICT detected for key='item:0063', siblings=23
[dc3_node1] Saved 103 keys to disk
[dc3_node1] Client PUT: key='item:2377', value='stress_7_894'
[dc3_node1] Preference list for 'item:2377': ['localhost:50058', 'localhost:50215', 'localhost:50122']
[dc3_node1] Coordinator NOT in preference list, forwarding only
[dc3_node1] Retrieved key='item:2840', versions=16
[dc3_node1] Retrieved key='item:0063', versions=23
[dc3_node1] Replicated to localhost:50058
[dc3_node1] Internal PUT (replication): key='item:0131'
[dc3_node1] CONFLICT detected for key='item:0131', siblings=9
[dc3_node1] Replicated to localhost:50215
[dc3_node1] Replicated to localhost:50122
[dc3_node1] W-quorum achieved (2 writes), returning to client
[dc3_node1] Background replication continues for remaining nodes
[dc3_node1] Successful writes: 3/3
[dc3_node1] Saved 103 keys to disk
[dc3_node1] Retrieved key='item:0836', versions=9
[dc3_node1] Client PUT: key='item:3563', value='stress_8_911'
[dc3_node1] Preference list for 'item:3563': ['localhost:50052', 'localhost:50227', 'localhost:50111']
[dc3_node1] Coordinator NOT in preference list, forwarding only
[dc3_node1] Replicated to localhost:50227
[dc3_node1] Replicated to localhost:50111
[dc3_node1] Replicated to localhost:50052
[dc3_node1] W-quorum achieved (2 writes), returning to client
[dc3_node1] Background replication continues for remaining nodes
[dc3_node1] Successful writes: 3/3
[dc3_node1] Client PUT: key='item:2400', value='stress_1_961'
[dc3_node1] Preference list for 'item:2400': ['localhost:50150', 'localhost:50111', 'localhost:50244']
[dc3_node1] Coordinator NOT in preference list, forwarding only
[dc3_node1] Client GET: key='item:1250'
[dc3_node1] Reading from preference list: ['localhost:50065', 'localhost:50123']
[dc3_node1] Key='item:1250' not found
[dc3_node1] CONFLICT: 40 sibling versions for 'item:1250'
[dc3_node1] Replicated to localhost:50111
[dc3_node1] Replicated to localhost:50244
[dc3_node1] W-quorum achieved (2 writes), returning to client
[dc3_node1] Background replication continues for remaining nodes
[dc3_node1] Successful writes: 2/3
[dc3_node1] Replicated to localhost:50150
[dc3_node1] Client GET: key='item:2419'
[dc3_node1] Reading from preference list: ['localhost:50156', 'localhost:50237']
[dc3_node1] Key='item:2419' not found
[dc3_node1] CONFLICT: 29 sibling versions for 'item:2419'
[dc3_node1] Internal PUT (replication): key='item:0893'
[dc3_node1] CONFLICT detected for key='item:0893', siblings=16
[dc3_node1] Saved 103 keys to disk
[dc3_node1] Internal PUT (replication): key='item:0651'
[dc3_node1] CONFLICT detected for key='item:0651', siblings=17
[dc3_node1] Saved 103 keys to disk
[dc3_node1] Retrieved key='item:2840', versions=16
[dc3_node1] Retrieved key='item:4949', versions=19
[dc3_node1] Retrieved key='item:4403', versions=15
[dc3_node1] Client PUT: key='item:0529', value='stress_0_992'
[dc3_node1] Preference list for 'item:0529': ['localhost:50236', 'localhost:50058', 'localhost:50214']
[dc3_node1] Coordinator NOT in preference list, forwarding only
[dc3_node1] Replicated to localhost:50236
[dc3_node1] Replicated to localhost:50058
[dc3_node1] Replicated to localhost:50214
[dc3_node1] W-quorum achieved (2 writes), returning to client
[dc3_node1] Background replication continues for remaining nodes
[dc3_node1] Successful writes: 3/3
[dc3_node1] Internal PUT (replication): key='item:4620'
[dc3_node1] CONFLICT detected for key='item:4620', siblings=18
[dc3_node1] Saved 103 keys to disk
[dc3_node1] Retrieved key='item:1883', versions=10
[dc3_node1] Client PUT: key='item:2824', value='stress_1_1034'
[dc3_node1] Preference list for 'item:2824': ['localhost:50143', 'localhost:50099', 'localhost:50232']
[dc3_node1] Coordinator NOT in preference list, forwarding only
[dc3_node1] Replicated to localhost:50143
[dc3_node1] Replicated to localhost:50232
[dc3_node1] Replicated to localhost:50099
[dc3_node1] W-quorum achieved (2 writes), returning to client
[dc3_node1] Background replication continues for remaining nodes
[dc3_node1] Successful writes: 3/3
[dc3_node1] Retrieved key='item:1069', versions=13
[dc3_node1] Client GET: key='item:0238'
[dc3_node1] Reading from preference list: ['localhost:50085', 'localhost:50140']
[dc3_node1] Key='item:0238' not found
[dc3_node1] CONFLICT: 22 sibling versions for 'item:0238'
[dc3_node1] Retrieved key='item:1832', versions=10
[dc3_node1] Client GET: key='item:0810'
[dc3_node1] Reading from preference list: ['localhost:50186', 'localhost:50107']
[dc3_node1] Key='item:0810' not found
[dc3_node1] CONFLICT: 17 sibling versions for 'item:0810'
[dc3_node1] Retrieved key='item:4467', versions=20
[dc3_node1] Internal PUT (replication): key='item:1352'
[dc3_node1] CONFLICT detected for key='item:1352', siblings=23
[dc3_node1] Saved 103 keys to disk
[dc3_node1] Internal PUT (replication): key='item:1624'
[dc3_node1] CONFLICT detected for key='item:1624', siblings=14
[dc3_node1] Saved 103 keys to disk
[dc3_node1] Internal PUT (replication): key='item:1624'
[dc3_node1] CONFLICT detected for key='item:1624', siblings=15
[dc3_node1] Saved 103 keys to disk
[dc3_node1] Internal PUT (replication): key='item:0041'
[dc3_node1] CONFLICT detected for key='item:0041', siblings=3
[dc3_node1] Saved 103 keys to disk
[dc3_node1] Retrieved key='item:1822', versions=26
[dc3_node1] Client PUT: key='item:2960', value='stress_4_1066'
[dc3_node1] Preference list for 'item:2960': ['localhost:50201', 'localhost:50073', 'localhost:50158']
[dc3_node1] Coordinator NOT in preference list, forwarding only
[dc3_node1] Replicated to localhost:50201
[dc3_node1] Replicated to localhost:50073
[dc3_node1] Replicated to localhost:50158
[dc3_node1] W-quorum achieved (2 writes), returning to client
[dc3_node1] Background replication continues for remaining nodes
[dc3_node1] Successful writes: 3/3
[dc3_node1] Internal PUT (replication): key='item:2196'
[dc3_node1] CONFLICT detected for key='item:2196', siblings=17
[dc3_node1] Saved 103 keys to disk
[dc3_node1] Retrieved key='item:0392', versions=16
[dc3_node1] Client GET: key='item:0852'
[dc3_node1] Reading from preference list: ['localhost:50068', 'localhost:50184']
[dc3_node1] Key='item:0852' not found
[dc3_node1] CONFLICT: 37 sibling versions for 'item:0852'
[dc3_node1] Internal PUT (replication): key='item:2607'
[dc3_node1] CONFLICT detected for key='item:2607', siblings=15
[dc3_node1] Saved 103 keys to disk
[dc3_node1] Retrieved key='item:2196', versions=17
[dc3_node1] Retrieved key='item:3230', versions=8
[dc3_node1] Internal PUT (replication): key='item:1763'
[dc3_node1] CONFLICT detected for key='item:1763', siblings=19
[dc3_node1] Saved 103 keys to disk
[dc3_node1] Retrieved key='item:3796', versions=11
[dc3_node1] Retrieved key='item:1365', versions=19
[dc3_node1] Client GET: key='item:3130'
[dc3_node1] Reading from preference list: ['localhost:50147', 'localhost:50116']
[dc3_node1] Key='item:3130' not found
[dc3_node1] CONFLICT: 36 sibling versions for 'item:3130'
[dc3_node1] Client PUT: key='item:4427', value='stress_9_1090'
[dc3_node1] Preference list for 'item:4427': ['localhost:50066', 'localhost:50102', 'localhost:50084']
[dc3_node1] Coordinator NOT in preference list, forwarding only
[dc3_node1] Internal PUT (replication): key='item:0869'
[dc3_node1] CONFLICT detected for key='item:0869', siblings=17
[dc3_node1] Replicated to localhost:50066
[dc3_node1] Replicated to localhost:50102
[dc3_node1] Replicated to localhost:50084
[dc3_node1] Saved 103 keys to disk
[dc3_node1] W-quorum achieved (2 writes), returning to client
[dc3_node1] Background replication continues for remaining nodes
[dc3_node1] Successful writes: 3/3
[dc3_node1] Internal PUT (replication): key='item:1675'
[dc3_node1] CONFLICT detected for key='item:1675', siblings=3
[dc3_node1] Saved 103 keys to disk
[dc3_node1] Retrieved key='item:1822', versions=26
[dc3_node1] Retrieved key='item:0063', versions=23
[dc3_node1] Retrieved key='item:3230', versions=8
[dc3_node1] Internal PUT (replication): key='item:4710'
[dc3_node1] CONFLICT detected for key='item:4710', siblings=15
[dc3_node1] Saved 103 keys to disk
[dc3_node1] Client PUT: key='item:1955', value='stress_3_1187'
[dc3_node1] Preference list for 'item:1955': ['localhost:50117', 'localhost:50062', 'localhost:50224']
[dc3_node1] Coordinator NOT in preference list, forwarding only
[dc3_node1] Replicated to localhost:50224
[dc3_node1] Replicated to localhost:50062
[dc3_node1] Replicated to localhost:50117
[dc3_node1] W-quorum achieved (2 writes), returning to client
[dc3_node1] Background replication continues for remaining nodes
[dc3_node1] Successful writes: 3/3
[dc3_node1] Client PUT: key='item:0369', value='stress_9_1140'
[dc3_node1] Preference list for 'item:0369': ['localhost:50132', 'localhost:50070', 'localhost:50223']
[dc3_node1] Coordinator NOT in preference list, forwarding only
[dc3_node1] Replicated to localhost:50223
[dc3_node1] Replicated to localhost:50070
[dc3_node1] Replicated to localhost:50132
[dc3_node1] Client GET: key='item:0294'
[dc3_node1] Reading from preference list: ['localhost:50226', 'localhost:50080']
[dc3_node1] Key='item:0294' not found
[dc3_node1] W-quorum achieved (2 writes), returning to client
[dc3_node1] Background replication continues for remaining nodes
[dc3_node1] Successful writes: 3/3
[dc3_node1] CONFLICT: 28 sibling versions for 'item:0294'
[dc3_node1] Internal PUT (replication): key='item:3230'
[dc3_node1] CONFLICT detected for key='item:3230', siblings=9
[dc3_node1] Saved 103 keys to disk
[dc3_node1] Retrieved key='item:0387', versions=13
[dc3_node1] Internal PUT (replication): key='item:0836'
[dc3_node1] CONFLICT detected for key='item:0836', siblings=10
[dc3_node1] Saved 103 keys to disk
[dc3_node1] Internal PUT (replication): key='item:2607'
[dc3_node1] CONFLICT detected for key='item:2607', siblings=16
[dc3_node1] Client GET: key='item:1484'
[dc3_node1] Reading from preference list: ['localhost:50152', 'localhost:50194']
[dc3_node1] Saved 103 keys to disk
[dc3_node1] Retrieved key='item:1832', versions=10
[dc3_node1] Key='item:1484' not found
[dc3_node1] CONFLICT: 26 sibling versions for 'item:1484'
[dc3_node1] Internal PUT (replication): key='item:1308'
[dc3_node1] CONFLICT detected for key='item:1308', siblings=9
[dc3_node1] Saved 103 keys to disk
[dc3_node1] Internal PUT (replication): key='item:2871'
[dc3_node1] CONFLICT detected for key='item:2871', siblings=17
[dc3_node1] Saved 103 keys to disk
[dc3_node1] Internal PUT (replication): key='item:4732'
[dc3_node1] CONFLICT detected for key='item:4732', siblings=14
[dc3_node1] Saved 103 keys to disk
[dc3_node1] Client GET: key='item:3097'
[dc3_node1] Reading from preference list: ['localhost:50121', 'localhost:50065']
[dc3_node1] Key='item:3097' not found
[dc3_node1] CONFLICT: 34 sibling versions for 'item:3097'
[dc3_node1] Client GET: key='item:1717'
[dc3_node1] Reading from preference list: ['localhost:50098', 'localhost:50135']
[dc3_node1] Key='item:1717' not found
[dc3_node1] CONFLICT: 20 sibling versions for 'item:1717'
[dc3_node1] Client GET: key='item:3371'
[dc3_node1] Reading from preference list: ['localhost:50109', 'localhost:50153']
[dc3_node1] Key='item:3371' not found
[dc3_node1] CONFLICT: 24 sibling versions for 'item:3371'
[dc3_node1] Retrieved key='item:3413', versions=18
[dc3_node1] Internal PUT (replication): key='item:4301'
[dc3_node1] CONFLICT detected for key='item:4301', siblings=13
[dc3_node1] Saved 103 keys to disk
[dc3_node1] Internal PUT (replication): key='item:2006'
[dc3_node1] CONFLICT detected for key='item:2006', siblings=17
[dc3_node1] Saved 103 keys to disk
[dc3_node1] Client GET: key='item:2577'
[dc3_node1] Reading from preference list: ['localhost:50105', 'localhost:50175']
[dc3_node1] Key='item:2577' not found
[dc3_node1] CONFLICT: 26 sibling versions for 'item:2577'
[dc3_node1] Client PUT: key='item:0037', value='stress_9_1266'
[dc3_node1] Preference list for 'item:0037': ['localhost:50118', 'localhost:50135', 'localhost:50218']
[dc3_node1] Coordinator NOT in preference list, forwarding only
[dc3_node1] Internal PUT (replication): key='item:1513'
[dc3_node1] CONFLICT detected for key='item:1513', siblings=14
[dc3_node1] Replicated to localhost:50118
[dc3_node1] Saved 103 keys to disk
[dc3_node1] Retrieved key='item:0869', versions=17
[dc3_node1] Retrieved key='item:1317', versions=9
[dc3_node1] Replicated to localhost:50218
[dc3_node1] Replicated to localhost:50135
[dc3_node1] W-quorum achieved (2 writes), returning to client
[dc3_node1] Background replication continues for remaining nodes
[dc3_node1] Successful writes: 3/3
[dc3_node1] Internal PUT (replication): key='item:3362'
[dc3_node1] Updated key='item:3362', value='stress_1_1324', clock={dc1_node9:1}
[dc3_node1] Saved 103 keys to disk
[dc3_node1] Client PUT: key='item:2378', value='stress_0_1325'
[dc3_node1] Preference list for 'item:2378': ['localhost:50162', 'localhost:50077', 'localhost:50097']
[dc3_node1] Coordinator NOT in preference list, forwarding only
[dc3_node1] Replicated to localhost:50097
[dc3_node1] Replicated to localhost:50077
[dc3_node1] Replicated to localhost:50162
[dc3_node1] W-quorum achieved (2 writes), returning to client
[dc3_node1] Background replication continues for remaining nodes
[dc3_node1] Successful writes: 3/3
[dc3_node1] Internal PUT (replication): key='item:3295'
[dc3_node1] CONFLICT detected for key='item:3295', siblings=18
[dc3_node1] Saved 103 keys to disk
[dc3_node1] Internal PUT (replication): key='item:1749'
[dc3_node1] CONFLICT detected for key='item:1749', siblings=23
[dc3_node1] Saved 103 keys to disk
[dc3_node1] Internal PUT (replication): key='item:0915'
[dc3_node1] CONFLICT detected for key='item:0915', siblings=13
[dc3_node1] Saved 103 keys to disk
[dc3_node1] Internal PUT (replication): key='item:3796'
[dc3_node1] CONFLICT detected for key='item:3796', siblings=12
[dc3_node1] Saved 103 keys to disk
[dc3_node1] Client PUT: key='item:3141', value='stress_7_1332'
[dc3_node1] Preference list for 'item:3141': ['localhost:50176', 'localhost:50168', 'localhost:50057']
[dc3_node1] Coordinator NOT in preference list, forwarding only
[dc3_node1] Replicated to localhost:50168
[dc3_node1] Replicated to localhost:50176
[dc3_node1] Replicated to localhost:50057
[dc3_node1] Internal PUT (replication): key='item:0604'
[dc3_node1] CONFLICT detected for key='item:0604', siblings=12
[dc3_node1] W-quorum achieved (2 writes), returning to client
[dc3_node1] Background replication continues for remaining nodes
[dc3_node1] Successful writes: 3/3
[dc3_node1] Saved 103 keys to disk
[dc3_node1] Internal PUT (replication): key='item:0106'
[dc3_node1] CONFLICT detected for key='item:0106', siblings=16
[dc3_node1] Saved 103 keys to disk
[dc3_node1] Retrieved key='item:0063', versions=23
[dc3_node1] Internal PUT (replication): key='item:1348'
[dc3_node1] CONFLICT detected for key='item:1348', siblings=3
[dc3_node1] Saved 103 keys to disk
[dc3_node1] Client GET: key='item:2223'
[dc3_node1] Reading from preference list: ['localhost:50114', 'localhost:50210']
[dc3_node1] Key='item:2223' not found
[dc3_node1] CONFLICT: 31 sibling versions for 'item:2223'
[dc3_node1] Internal PUT (replication): key='item:1130'
[dc3_node1] CONFLICT detected for key='item:1130', siblings=13
[dc3_node1] Saved 103 keys to disk
[dc3_node1] Client PUT: key='item:4586', value='stress_6_1391'
[dc3_node1] Preference list for 'item:4586': ['localhost:50166', 'localhost:50091', 'localhost:50067']
[dc3_node1] CONFLICT detected for key='item:4586', siblings=18
[dc3_node1] Saved 103 keys to disk
[dc3_node1] Coordinator IS in preference list, stored locally
[dc3_node1] Replicated to localhost:50166
[dc3_node1] Replicated to localhost:50067
[dc3_node1] W-quorum achieved (2 writes), returning to client
[dc3_node1] Background replication continues for remaining nodes
[dc3_node1] Successful writes: 3/3
[dc3_node1] Retrieved key='item:2418', versions=17
[dc3_node1] Internal PUT (replication): key='item:0893'
[dc3_node1] CONFLICT detected for key='item:0893', siblings=17
[dc3_node1] Saved 103 keys to disk
[dc3_node1] Client GET: key='item:1413'
[dc3_node1] Reading from preference list: ['localhost:50146', 'localhost:50111']
[dc3_node1] Key='item:1413' not found
[dc3_node1] CONFLICT: 34 sibling versions for 'item:1413'
[dc3_node1] Internal PUT (replication): key='item:4335'
[dc3_node1] CONFLICT detected for key='item:4335', siblings=16
[dc3_node1] Client GET: key='item:2512'
[dc3_node1] Reading from preference list: ['localhost:50132', 'localhost:50084']
[dc3_node1] Saved 103 keys to disk
[dc3_node1] Key='item:2512' not found
[dc3_node1] CONFLICT: 44 sibling versions for 'item:2512'
[dc3_node1] Internal PUT (replication): key='item:2196'
[dc3_node1] CONFLICT detected for key='item:2196', siblings=18
[dc3_node1] Saved 103 keys to disk
[dc3_node1] Client PUT: key='item:4658', value='stress_7_1418'
[dc3_node1] Preference list for 'item:4658': ['localhost:50186', 'localhost:50142', 'localhost:50226']
[dc3_node1] Coordinator NOT in preference list, forwarding only
[dc3_node1] Replicated to localhost:50226
[dc3_node1] Replicated to localhost:50142
[dc3_node1] W-quorum achieved (2 writes), returning to client
[dc3_node1] Background replication continues for remaining nodes
[dc3_node1] Successful writes: 2/3
[dc3_node1] Replicated to localhost:50186
[dc3_node1] Internal PUT (replication): key='item:0150'
[dc3_node1] CONFLICT detected for key='item:0150', siblings=23
[dc3_node1] Saved 103 keys to disk
[dc3_node1] Client PUT: key='item:4528', value='stress_4_1481'
[dc3_node1] Preference list for 'item:4528': ['localhost:50188', 'localhost:50157', 'localhost:50135']
[dc3_node1] Coordinator NOT in preference list, forwarding only
[dc3_node1] Replicated to localhost:50157
[dc3_node1] Replicated to localhost:50188
[dc3_node1] W-quorum achieved (2 writes), returning to client
[dc3_node1] Background replication continues for remaining nodes
[dc3_node1] Successful writes: 2/3
[dc3_node1] Replicated to localhost:50135
[dc3_node1] Internal PUT (replication): key='item:1352'
[dc3_node1] CONFLICT detected for key='item:1352', siblings=24
[dc3_node1] Saved 103 keys to disk
[dc3_node1] Internal PUT (replication): key='item:0387'
[dc3_node1] CONFLICT detected for key='item:0387', siblings=14
[dc3_node1] Saved 103 keys to disk
[dc3_node1] Retrieved key='item:3230', versions=9
[dc3_node1] Internal PUT (replication): key='item:0106'
[dc3_node1] CONFLICT detected for key='item:0106', siblings=16
[dc3_node1] Saved 103 keys to disk
[dc3_node1] Client GET: key='item:3834'
[dc3_node1] Reading from preference list: ['localhost:50097', 'localhost:50199']
[dc3_node1] Key='item:3834' not found
[dc3_node1] CONFLICT: 20 sibling versions for 'item:3834'
[dc3_node1] Client PUT: key='item:3738', value='stress_0_1483'
[dc3_node1] Preference list for 'item:3738': ['localhost:50136', 'localhost:50158', 'localhost:50090']
[dc3_node1] Coordinator NOT in preference list, forwarding only
[dc3_node1] Replicated to localhost:50090
[dc3_node1] Replicated to localhost:50158
[dc3_node1] Replicated to localhost:50136
[dc3_node1] W-quorum achieved (2 writes), returning to client
[dc3_node1] Background replication continues for remaining nodes
[dc3_node1] Successful writes: 3/3
[dc3_node1] Retrieved key='item:2840', versions=16
[dc3_node1] Retrieved key='item:2418', versions=17
[dc3_node1] Internal PUT (replication): key='item:1663'
[dc3_node1] CONFLICT detected for key='item:1663', siblings=13
[dc3_node1] Saved 103 keys to disk
[dc3_node1] Internal PUT (replication): key='item:4490'
[dc3_node1] CONFLICT detected for key='item:4490', siblings=17
[dc3_node1] Saved 103 keys to disk
[dc3_node1] Internal PUT (replication): key='item:4403'
[dc3_node1] CONFLICT detected for key='item:4403', siblings=16
[dc3_node1] Saved 103 keys to disk
[dc3_node1] Retrieved key='item:4720', versions=14
[dc3_node1] Internal PUT (replication): key='item:2006'
[dc3_node1] CONFLICT detected for key='item:2006', siblings=18
[dc3_node1] Saved 103 keys to disk
[dc3_node1] Client GET: key='item:2659'
[dc3_node1] Reading from preference list: ['localhost:50244', 'localhost:50214']
[dc3_node1] Key='item:2659' not found
[dc3_node1] CONFLICT: 22 sibling versions for 'item:2659'
[dc3_node1] Internal PUT (replication): key='item:0893'
[dc3_node1] CONFLICT detected for key='item:0893', siblings=18
[dc3_node1] Saved 103 keys to disk
[dc3_node1] Internal PUT (replication): key='item:4738'
[dc3_node1] CONFLICT detected for key='item:4738', siblings=19
[dc3_node1] Saved 103 keys to disk
[dc3_node1] Client PUT: key='item:3429', value='stress_3_1538'
[dc3_node1] Preference list for 'item:3429': ['localhost:50071', 'localhost:50057', 'localhost:50200']
[dc3_node1] Coordinator NOT in preference list, forwarding only
[dc3_node1] Replicated to localhost:50071
[dc3_node1] Replicated to localhost:50057
[dc3_node1] Replicated to localhost:50200
[dc3_node1] W-quorum achieved (2 writes), returning to client
[dc3_node1] Background replication continues for remaining nodes
[dc3_node1] Successful writes: 3/3
[dc3_node1] Client PUT: key='item:0775', value='stress_6_1522'
[dc3_node1] Preference list for 'item:0775': ['localhost:50137', 'localhost:50092', 'localhost:50181']
[dc3_node1] Coordinator NOT in preference list, forwarding only
[dc3_node1] Replicated to localhost:50092
[dc3_node1] Replicated to localhost:50181
[dc3_node1] W-quorum achieved (2 writes), returning to client
[dc3_node1] Background replication continues for remaining nodes
[dc3_node1] Successful writes: 2/3
[dc3_node1] Replicated to localhost:50137
[dc3_node1] Client PUT: key='item:4314', value='stress_8_1538'
[dc3_node1] Preference list for 'item:4314': ['localhost:50087', 'localhost:50198', 'localhost:50229']
[dc3_node1] Coordinator NOT in preference list, forwarding only
[dc3_node1] Replicated to localhost:50229
[dc3_node1] Replicated to localhost:50198
[dc3_node1] Replicated to localhost:50087
[dc3_node1] W-quorum achieved (2 writes), returning to client
[dc3_node1] Background replication continues for remaining nodes
[dc3_node1] Successful writes: 3/3
[dc3_node1] Internal PUT (replication): key='item:1325'
[dc3_node1] CONFLICT detected for key='item:1325', siblings=11
[dc3_node1] Saved 103 keys to disk
[dc3_node1] Internal PUT (replication): key='item:0063'
[dc3_node1] CONFLICT detected for key='item:0063', siblings=24
[dc3_node1] Saved 103 keys to disk
[dc3_node1] Retrieved key='item:2529', versions=20
[dc3_node1] Retrieved key='item:2418', versions=17
[dc3_node1] Internal PUT (replication): key='item:1088'
[dc3_node1] CONFLICT detected for key='item:1088', siblings=14
[dc3_node1] Client GET: key='item:0309'
[dc3_node1] Reading from preference list: ['localhost:50155', 'localhost:50052']
[dc3_node1] Saved 103 keys to disk
[dc3_node1] Key='item:0309' not found
[dc3_node1] CONFLICT: 34 sibling versions for 'item:0309'
[dc3_node1] Internal PUT (replication): key='item:1982'
[dc3_node1] CONFLICT detected for key='item:1982', siblings=13
[dc3_node1] Saved 103 keys to disk
[dc3_node1] Internal PUT (replication): key='item:4339'
[dc3_node1] CONFLICT detected for key='item:4339', siblings=15
[dc3_node1] Saved 103 keys to disk
[dc3_node1] Retrieved key='item:1822', versions=26
[dc3_node1] Internal PUT (replication): key='item:0063'
[dc3_node1] CONFLICT detected for key='item:0063', siblings=24
[dc3_node1] Saved 103 keys to disk
[dc3_node1] Internal PUT (replication): key='item:1965'
[dc3_node1] CONFLICT detected for key='item:1965', siblings=11
[dc3_node1] Saved 103 keys to disk
[dc3_node1] Internal PUT (replication): key='item:2897'
[dc3_node1] CONFLICT detected for key='item:2897', siblings=14
[dc3_node1] Saved 103 keys to disk
[dc3_node1] Client PUT: key='item:0566', value='stress_7_1573'
[dc3_node1] Preference list for 'item:0566': ['localhost:50097', 'localhost:50086', 'localhost:50166']
[dc3_node1] Coordinator NOT in preference list, forwarding only
[dc3_node1] Replicated to localhost:50097
[dc3_node1] Replicated to localhost:50166
[dc3_node1] Replicated to localhost:50086
[dc3_node1] W-quorum achieved (2 writes), returning to client
[dc3_node1] Background replication continues for remaining nodes
[dc3_node1] Successful writes: 3/3
[dc3_node1] Internal PUT (replication): key='item:0387'
[dc3_node1] CONFLICT detected for key='item:0387', siblings=15
[dc3_node1] Saved 103 keys to disk
[dc3_node1] Retrieved key='item:1069', versions=13
[dc3_node1] Internal PUT (replication): key='item:2840'
[dc3_node1] CONFLICT detected for key='item:2840', siblings=17
[dc3_node1] Saved 103 keys to disk
[dc3_node1] Internal PUT (replication): key='item:0148'
[dc3_node1] CONFLICT detected for key='item:0148', siblings=11
[dc3_node1] Saved 103 keys to disk
[dc3_node1] Retrieved key='item:1559', versions=17
[dc3_node1] Internal PUT (replication): key='item:0330'
[dc3_node1] CONFLICT detected for key='item:0330', siblings=12
[dc3_node1] Saved 103 keys to disk
[dc3_node1] Internal PUT (replication): key='item:2006'
[dc3_node1] CONFLICT detected for key='item:2006', siblings=18
[dc3_node1] Saved 103 keys to disk
[dc3_node1] Retrieved key='item:1069', versions=13
[dc3_node1] Internal PUT (replication): key='item:0604'
[dc3_node1] CONFLICT detected for key='item:0604', siblings=13
[dc3_node1] Saved 103 keys to disk
[dc3_node1] Internal PUT (replication): key='item:4738'
[dc3_node1] CONFLICT detected for key='item:4738', siblings=20
[dc3_node1] Saved 103 keys to disk
[dc3_node1] Internal PUT (replication): key='item:1763'
[dc3_node1] CONFLICT detected for key='item:1763', siblings=20
[dc3_node1] Client GET: key='item:2422'
[dc3_node1] Reading from preference list: ['localhost:50216', 'localhost:50063']
[dc3_node1] Saved 103 keys to disk
[dc3_node1] Key='item:2422' not found
[dc3_node1] CONFLICT: 34 sibling versions for 'item:2422'
[dc3_node1] Internal PUT (replication): key='item:1130'
[dc3_node1] CONFLICT detected for key='item:1130', siblings=14
[dc3_node1] Saved 103 keys to disk
[dc3_node1] Retrieved key='item:4771', versions=11
[dc3_node1] Client GET: key='item:3356'
[dc3_node1] Reading from preference list: ['localhost:50123', 'localhost:50072']
[dc3_node1] Key='item:3356' not found
[dc3_node1] CONFLICT: 28 sibling versions for 'item:3356'
[dc3_node1] Client PUT: key='item:0637', value='stress_5_1761'
[dc3_node1] Preference list for 'item:0637': ['localhost:50167', 'localhost:50104', 'localhost:50215']
[dc3_node1] Coordinator NOT in preference list, forwarding only
[dc3_node1] Replicated to localhost:50167
[dc3_node1] Replicated to localhost:50104
[dc3_node1] Replicated to localhost:50215
[dc3_node1] W-quorum achieved (2 writes), returning to client
[dc3_node1] Background replication continues for remaining nodes
[dc3_node1] Successful writes: 3/3
[dc3_node1] Client GET: key='item:0877'
[dc3_node1] Reading from preference list: ['localhost:50119', 'localhost:50157']
[dc3_node1] Key='item:0877' not found
[dc3_node1] CONFLICT: 44 sibling versions for 'item:0877'
[dc3_node1] Client GET: key='item:0720'
[dc3_node1] Reading from preference list: ['localhost:50094', 'localhost:50118']
[dc3_node1] Key='item:0720' not found
[dc3_node1] CONFLICT: 32 sibling versions for 'item:0720'
[dc3_node1] Client GET: key='item:4775'
[dc3_node1] Reading from preference list: ['localhost:50127', 'localhost:50184']
[dc3_node1] Key='item:4775' not found
[dc3_node1] CONFLICT: 28 sibling versions for 'item:4775'
[dc3_node1] Retrieved key='item:3019', versions=8
[dc3_node1] Internal PUT (replication): key='item:3527'
[dc3_node1] CONFLICT detected for key='item:3527', siblings=20
[dc3_node1] Saved 103 keys to disk
[dc3_node1] Internal PUT (replication): key='item:4732'
[dc3_node1] CONFLICT detected for key='item:4732', siblings=15
[dc3_node1] Saved 103 keys to disk
[dc3_node1] Internal PUT (replication): key='item:2619'
[dc3_node1] CONFLICT detected for key='item:2619', siblings=16
[dc3_node1] Saved 103 keys to disk
[dc3_node1] Retrieved key='item:3969', versions=17
[dc3_node1] Internal PUT (replication): key='item:2619'
[dc3_node1] CONFLICT detected for key='item:2619', siblings=17
[dc3_node1] Saved 103 keys to disk
[dc3_node1] Internal PUT (replication): key='item:3796'
[dc3_node1] CONFLICT detected for key='item:3796', siblings=13
[dc3_node1] Saved 103 keys to disk
[dc3_node1] Client GET: key='item:0596'
[dc3_node1] Reading from preference list: ['localhost:50058', 'localhost:50150']
[dc3_node1] Key='item:0596' not found
[dc3_node1] CONFLICT: 38 sibling versions for 'item:0596'
[dc3_node1] Client PUT: key='item:3546', value='stress_5_1835'
[dc3_node1] Preference list for 'item:3546': ['localhost:50227', 'localhost:50067', 'localhost:50084']
[dc3_node1] Coordinator NOT in preference list, forwarding only
[dc3_node1] Replicated to localhost:50227
[dc3_node1] Replicated to localhost:50067
[dc3_node1] Replicated to localhost:50084
[dc3_node1] W-quorum achieved (2 writes), returning to client
[dc3_node1] Background replication continues for remaining nodes
[dc3_node1] Successful writes: 3/3
[dc3_node1] Internal PUT (replication): key='item:4732'
[dc3_node1] CONFLICT detected for key='item:4732', siblings=16
[dc3_node1] Saved 103 keys to disk
[dc3_node1] Internal PUT (replication): key='item:1365'
[dc3_node1] CONFLICT detected for key='item:1365', siblings=20
[dc3_node1] Internal PUT (replication): key='item:2840'
[dc3_node1] Saved 103 keys to disk
[dc3_node1] CONFLICT detected for key='item:2840', siblings=18
[dc3_node1] Saved 103 keys to disk
[dc3_node1] Internal PUT (replication): key='item:4620'
[dc3_node1] CONFLICT detected for key='item:4620', siblings=19
[dc3_node1] Internal PUT (replication): key='item:1822'
[dc3_node1] Saved 103 keys to disk
[dc3_node1] CONFLICT detected for key='item:1822', siblings=27
