[dc3_node2] No existing data file found, starting fresh
[dc3_node2] No existing hints file found, starting fresh
[ConsistentHash] No ring state file found for dc3_node2
Added node localhost:50092 with 150 virtual nodes
[Config] Added localhost:50092 to DC3
Added node localhost:50051 with 150 virtual nodes
[ConsistentHash] Saved ring state for dc3_node2
[dc3_node2] Hint delivery loop started
[dc3_node2] Started hint delivery thread
[dc3_node2] Initialized at localhost:50092 (DC: DC3)
[dc3_node2] Known nodes: ['localhost:50092', 'localhost:50051']
[dc3_node2] Replication: N=3, R=2, W=2
[dc3_node2] Datacenter-aware: True
[dc3_node2] Hinted handoff: True

======================================================================
DHT Node 'dc3_node2' started (Phase 2+3 Features)
Address: localhost:50092
Datacenter: DC3
Replication: N=3, R=2, W=2
======================================================================

[Config] Strong consistency: R + W > N ✓
[dc3_node2] Announcing presence to cluster...
[dc3_node2] Successfully announced to localhost:50051: Successfully joined cluster. Ring has 42 nodes
[dc3_node2] Discovering nodes from known nodes...
Added node localhost:50052 with 150 virtual nodes
[Config] Added localhost:50052 to DC1
Added node localhost:50053 with 150 virtual nodes
[Config] Added localhost:50053 to DC1
Added node localhost:50064 with 150 virtual nodes
[Config] Added localhost:50064 to DC1
Added node localhost:50090 with 150 virtual nodes
[Config] Added localhost:50090 to DC2
Added node localhost:50081 with 150 virtual nodes
[Config] Added localhost:50081 to DC2
Added node localhost:50068 with 150 virtual nodes
[Config] Added localhost:50068 to DC1
Added node localhost:50067 with 150 virtual nodes
[Config] Added localhost:50067 to DC1
Added node localhost:50054 with 150 virtual nodes
[Config] Added localhost:50054 to DC1
Added node localhost:50058 with 150 virtual nodes
[Config] Added localhost:50058 to DC1
Added node localhost:50055 with 150 virtual nodes
[Config] Added localhost:50055 to DC1
Added node localhost:50061 with 150 virtual nodes
[Config] Added localhost:50061 to DC1
Added node localhost:50069 with 150 virtual nodes
[Config] Added localhost:50069 to DC1
Added node localhost:50071 with 150 virtual nodes
[Config] Added localhost:50071 to DC2
Added node localhost:50086 with 150 virtual nodes
[Config] Added localhost:50086 to DC2
Added node localhost:50087 with 150 virtual nodes
[Config] Added localhost:50087 to DC2
Added node localhost:50082 with 150 virtual nodes
[Config] Added localhost:50082 to DC2
Added node localhost:50080 with 150 virtual nodes
[Config] Added localhost:50080 to DC2
Added node localhost:50060 with 150 virtual nodes
[Config] Added localhost:50060 to DC1
Added node localhost:50066 with 150 virtual nodes
[Config] Added localhost:50066 to DC1
Added node localhost:50070 with 150 virtual nodes
[Config] Added localhost:50070 to DC1
Added node localhost:50091 with 150 virtual nodes
[Config] Added localhost:50091 to DC3
Added node localhost:50072 with 150 virtual nodes
[Config] Added localhost:50072 to DC2
Added node localhost:50073 with 150 virtual nodes
[Config] Added localhost:50073 to DC2
Added node localhost:50076 with 150 virtual nodes
[Config] Added localhost:50076 to DC2
Added node localhost:50074 with 150 virtual nodes
[Config] Added localhost:50074 to DC2
[Config] Added localhost:50051 to DC1
Added node localhost:50056 with 150 virtual nodes
[Config] Added localhost:50056 to DC1
Added node localhost:50085 with 150 virtual nodes
[Config] Added localhost:50085 to DC2
Added node localhost:50075 with 150 virtual nodes
[Config] Added localhost:50075 to DC2
Added node localhost:50063 with 150 virtual nodes
[Config] Added localhost:50063 to DC1
Added node localhost:50084 with 150 virtual nodes
[Config] Added localhost:50084 to DC2
Added node localhost:50062 with 150 virtual nodes
[Config] Added localhost:50062 to DC1
Added node localhost:50088 with 150 virtual nodes
[Config] Added localhost:50088 to DC2
Added node localhost:50079 with 150 virtual nodes
[Config] Added localhost:50079 to DC2
Added node localhost:50065 with 150 virtual nodes
[Config] Added localhost:50065 to DC1
Added node localhost:50078 with 150 virtual nodes
[Config] Added localhost:50078 to DC2
Added node localhost:50059 with 150 virtual nodes
[Config] Added localhost:50059 to DC1
Added node localhost:50083 with 150 virtual nodes
[Config] Added localhost:50083 to DC2
Added node localhost:50089 with 150 virtual nodes
[Config] Added localhost:50089 to DC2
Added node localhost:50057 with 150 virtual nodes
[Config] Added localhost:50057 to DC1
Added node localhost:50077 with 150 virtual nodes
[Config] Added localhost:50077 to DC2
[dc3_node2] Round 1: discovered 41 new nodes, ring now has 42 nodes
[dc3_node2] Join request from localhost:50093 (DC: DC3)
Added node localhost:50093 with 150 virtual nodes
[Config] Added localhost:50093 to DC3
[ConsistentHash] Saved ring state for dc3_node2
[dc3_node2] Added localhost:50093 to ring. Ring now has 43 nodes
[dc3_node2] Join request from localhost:50093 (DC: DC3)
[dc3_node2] Join request from localhost:50093 (DC: DC3)
[dc3_node2] Join request from localhost:50094 (DC: DC3)
Added node localhost:50094 with 150 virtual nodes
[Config] Added localhost:50094 to DC3
[ConsistentHash] Saved ring state for dc3_node2
[dc3_node2] Added localhost:50094 to ring. Ring now has 44 nodes
[dc3_node2] Join request from localhost:50094 (DC: DC3)
[dc3_node2] Join request from localhost:50095 (DC: DC3)
Added node localhost:50095 with 150 virtual nodes
[Config] Added localhost:50095 to DC3
[ConsistentHash] Saved ring state for dc3_node2
[dc3_node2] Added localhost:50095 to ring. Ring now has 45 nodes
[dc3_node2] Join request from localhost:50095 (DC: DC3)
[dc3_node2] Join request from localhost:50095 (DC: DC3)
[dc3_node2] Join request from localhost:50095 (DC: DC3)
[dc3_node2] Join request from localhost:50096 (DC: DC3)
Added node localhost:50096 with 150 virtual nodes
[Config] Added localhost:50096 to DC3
[ConsistentHash] Saved ring state for dc3_node2
[dc3_node2] Added localhost:50096 to ring. Ring now has 46 nodes
[dc3_node2] Join request from localhost:50096 (DC: DC3)
[dc3_node2] Join request from localhost:50096 (DC: DC3)
[dc3_node2] Join request from localhost:50096 (DC: DC3)
[dc3_node2] Join request from localhost:50096 (DC: DC3)
[dc3_node2] Join request from localhost:50096 (DC: DC3)
[dc3_node2] Join request from localhost:50097 (DC: DC3)
Added node localhost:50097 with 150 virtual nodes
[Config] Added localhost:50097 to DC3
[dc3_node2] Join request from localhost:50097 (DC: DC3)
[dc3_node2] Join request from localhost:50097 (DC: DC3)
[ConsistentHash] Saved ring state for dc3_node2
[dc3_node2] Added localhost:50097 to ring. Ring now has 47 nodes
[dc3_node2] Join request from localhost:50098 (DC: DC3)
Added node localhost:50098 with 150 virtual nodes
[Config] Added localhost:50098 to DC3
[dc3_node2] Join request from localhost:50098 (DC: DC3)
[ConsistentHash] Saved ring state for dc3_node2
[dc3_node2] Added localhost:50098 to ring. Ring now has 48 nodes
[dc3_node2] Join request from localhost:50098 (DC: DC3)
[dc3_node2] Join request from localhost:50099 (DC: DC3)
Added node localhost:50099 with 150 virtual nodes
[Config] Added localhost:50099 to DC3
[ConsistentHash] Saved ring state for dc3_node2
[dc3_node2] Added localhost:50099 to ring. Ring now has 49 nodes
[dc3_node2] Join request from localhost:50099 (DC: DC3)
[dc3_node2] Join request from localhost:50100 (DC: DC3)
Added node localhost:50100 with 150 virtual nodes
[Config] Added localhost:50100 to DC3
[ConsistentHash] Saved ring state for dc3_node2
[dc3_node2] Added localhost:50100 to ring. Ring now has 50 nodes
[dc3_node2] Join request from localhost:50100 (DC: DC3)
[dc3_node2] Join request from localhost:50100 (DC: DC3)
[dc3_node2] Join request from localhost:50100 (DC: DC3)
[dc3_node2] Join request from localhost:50101 (DC: DC3)
Added node localhost:50101 with 150 virtual nodes
[Config] Added localhost:50101 to DC3
[dc3_node2] Join request from localhost:50101 (DC: DC3)
[ConsistentHash] Saved ring state for dc3_node2
[dc3_node2] Added localhost:50101 to ring. Ring now has 51 nodes
[dc3_node2] Join request from localhost:50102 (DC: DC3)
Added node localhost:50102 with 150 virtual nodes
[Config] Added localhost:50102 to DC3
[dc3_node2] Join request from localhost:50102 (DC: DC3)
[ConsistentHash] Saved ring state for dc3_node2
[dc3_node2] Added localhost:50102 to ring. Ring now has 52 nodes
[dc3_node2] Join request from localhost:50102 (DC: DC3)
[dc3_node2] Join request from localhost:50103 (DC: DC3)
Added node localhost:50103 with 150 virtual nodes
[Config] Added localhost:50103 to DC3
[ConsistentHash] Saved ring state for dc3_node2
[dc3_node2] Added localhost:50103 to ring. Ring now has 53 nodes
[dc3_node2] Join request from localhost:50103 (DC: DC3)
[dc3_node2] Join request from localhost:50103 (DC: DC3)
[dc3_node2] Join request from localhost:50103 (DC: DC3)
[dc3_node2] Join request from localhost:50103 (DC: DC3)
[dc3_node2] GetRing request from dc1_node9
[dc3_node2] GetRing request from dc2_node4
[dc3_node2] Join request from localhost:50104 (DC: DC3)
Added node localhost:50104 with 150 virtual nodes
[Config] Added localhost:50104 to DC3
[dc3_node2] Join request from localhost:50104 (DC: DC3)
[ConsistentHash] Saved ring state for dc3_node2
[dc3_node2] Added localhost:50104 to ring. Ring now has 54 nodes
[dc3_node2] Join request from localhost:50106 (DC: DC3)
Added node localhost:50106 with 150 virtual nodes
[Config] Added localhost:50106 to DC3
[ConsistentHash] Saved ring state for dc3_node2
[dc3_node2] Added localhost:50106 to ring. Ring now has 55 nodes
[Config] Added localhost:50100 to DC3
Added node localhost:50107 with 150 virtual nodes
[Config] Added localhost:50107 to DC3
[Config] Added localhost:50094 to DC3
[Config] Added localhost:50099 to DC3
[Config] Added localhost:50098 to DC3
[Config] Added localhost:50095 to DC3
[Config] Added localhost:50106 to DC3
[Config] Added localhost:50096 to DC3
[Config] Added localhost:50104 to DC3
[Config] Added localhost:50102 to DC3
[Config] Added localhost:50101 to DC3
[Config] Added localhost:50093 to DC3
[Config] Added localhost:50103 to DC3
Added node localhost:50105 with 150 virtual nodes
[Config] Added localhost:50105 to DC3
[Config] Added localhost:50097 to DC3
[dc3_node2] Round 2: discovered 15 new nodes, ring now has 57 nodes
[dc3_node2] Join request from localhost:50108 (DC: DC3)
Added node localhost:50108 with 150 virtual nodes
[Config] Added localhost:50108 to DC3
[ConsistentHash] Saved ring state for dc3_node2
[dc3_node2] Added localhost:50108 to ring. Ring now has 58 nodes
[dc3_node2] Join request from localhost:50108 (DC: DC3)
[dc3_node2] Join request from localhost:50109 (DC: DC3)
Added node localhost:50109 with 150 virtual nodes
[Config] Added localhost:50109 to DC3
[ConsistentHash] Saved ring state for dc3_node2
[dc3_node2] Added localhost:50109 to ring. Ring now has 59 nodes
[dc3_node2] Join request from localhost:50109 (DC: DC3)
[dc3_node2] Join request from localhost:50109 (DC: DC3)
[dc3_node2] Join request from localhost:50109 (DC: DC3)
[dc3_node2] Join request from localhost:50109 (DC: DC3)
[dc3_node2] Join request from localhost:50109 (DC: DC3)
[dc3_node2] Join request from localhost:50109 (DC: DC3)
[dc3_node2] Join request from localhost:50109 (DC: DC3)
[dc3_node2] Join request from localhost:50109 (DC: DC3)
[dc3_node2] Join request from localhost:50110 (DC: DC3)
Added node localhost:50110 with 150 virtual nodes
[Config] Added localhost:50110 to DC3
[dc3_node2] Join request from localhost:50110 (DC: DC3)
[dc3_node2] Join request from localhost:50110 (DC: DC3)
[ConsistentHash] Saved ring state for dc3_node2
[dc3_node2] Added localhost:50110 to ring. Ring now has 60 nodes
[dc3_node2] Join request from localhost:50111 (DC: DC4)
Added node localhost:50111 with 150 virtual nodes
[Config] Added localhost:50111 to DC4
[ConsistentHash] Saved ring state for dc3_node2
[dc3_node2] Added localhost:50111 to ring. Ring now has 61 nodes
[dc3_node2] Join request from localhost:50111 (DC: DC4)
[dc3_node2] Join request from localhost:50112 (DC: DC4)
Added node localhost:50112 with 150 virtual nodes
[Config] Added localhost:50112 to DC4
[dc3_node2] Join request from localhost:50112 (DC: DC4)
[ConsistentHash] Saved ring state for dc3_node2
[dc3_node2] Added localhost:50112 to ring. Ring now has 62 nodes
[dc3_node2] Join request from localhost:50112 (DC: DC4)
[dc3_node2] Join request from localhost:50112 (DC: DC4)
[dc3_node2] Join request from localhost:50113 (DC: DC4)
Added node localhost:50113 with 150 virtual nodes
[Config] Added localhost:50113 to DC4
[ConsistentHash] Saved ring state for dc3_node2
[dc3_node2] Added localhost:50113 to ring. Ring now has 63 nodes
[dc3_node2] Join request from localhost:50114 (DC: DC4)
Added node localhost:50114 with 150 virtual nodes
[Config] Added localhost:50114 to DC4
[ConsistentHash] Saved ring state for dc3_node2
[dc3_node2] Added localhost:50114 to ring. Ring now has 64 nodes
[dc3_node2] Join request from localhost:50114 (DC: DC4)
[dc3_node2] Join request from localhost:50114 (DC: DC4)
[dc3_node2] Join request from localhost:50114 (DC: DC4)
[dc3_node2] Join request from localhost:50114 (DC: DC4)
[dc3_node2] Join request from localhost:50115 (DC: DC4)
Added node localhost:50115 with 150 virtual nodes
[Config] Added localhost:50115 to DC4
[ConsistentHash] Saved ring state for dc3_node2
[dc3_node2] Added localhost:50115 to ring. Ring now has 65 nodes
[dc3_node2] Join request from localhost:50115 (DC: DC4)
[dc3_node2] Join request from localhost:50115 (DC: DC4)
[dc3_node2] Join request from localhost:50115 (DC: DC4)
[dc3_node2] GetRing request from dc1_node6
[dc3_node2] Join request from localhost:50116 (DC: DC4)
Added node localhost:50116 with 150 virtual nodes
[Config] Added localhost:50116 to DC4
[ConsistentHash] Saved ring state for dc3_node2
[dc3_node2] Added localhost:50116 to ring. Ring now has 66 nodes
[dc3_node2] Join request from localhost:50116 (DC: DC4)
[dc3_node2] Join request from localhost:50116 (DC: DC4)
[dc3_node2] Join request from localhost:50116 (DC: DC4)
[dc3_node2] Join request from localhost:50117 (DC: DC4)
Added node localhost:50117 with 150 virtual nodes
[Config] Added localhost:50117 to DC4
[ConsistentHash] Saved ring state for dc3_node2
[dc3_node2] Added localhost:50117 to ring. Ring now has 67 nodes
[dc3_node2] Join request from localhost:50117 (DC: DC4)
[dc3_node2] Join request from localhost:50118 (DC: DC4)
Added node localhost:50118 with 150 virtual nodes
[Config] Added localhost:50118 to DC4
[ConsistentHash] Saved ring state for dc3_node2
[dc3_node2] Added localhost:50118 to ring. Ring now has 68 nodes
[dc3_node2] Join request from localhost:50118 (DC: DC4)
[dc3_node2] Join request from localhost:50118 (DC: DC4)
[dc3_node2] Join request from localhost:50119 (DC: DC4)
Added node localhost:50119 with 150 virtual nodes
[Config] Added localhost:50119 to DC4
[ConsistentHash] Saved ring state for dc3_node2
[dc3_node2] Added localhost:50119 to ring. Ring now has 69 nodes
[dc3_node2] Join request from localhost:50120 (DC: DC4)
Added node localhost:50120 with 150 virtual nodes
[Config] Added localhost:50120 to DC4
[ConsistentHash] Saved ring state for dc3_node2
[dc3_node2] Added localhost:50120 to ring. Ring now has 70 nodes
[dc3_node2] Join request from localhost:50120 (DC: DC4)
[dc3_node2] Join request from localhost:50120 (DC: DC4)
[dc3_node2] Join request from localhost:50120 (DC: DC4)
[dc3_node2] Join request from localhost:50120 (DC: DC4)
[dc3_node2] Join request from localhost:50120 (DC: DC4)
[dc3_node2] GetRing request from dc2_node6
[dc3_node2] Join request from localhost:50121 (DC: DC4)
Added node localhost:50121 with 150 virtual nodes
[Config] Added localhost:50121 to DC4
[dc3_node2] Join request from localhost:50121 (DC: DC4)
[ConsistentHash] Saved ring state for dc3_node2
[dc3_node2] Added localhost:50121 to ring. Ring now has 71 nodes
[dc3_node2] Join request from localhost:50121 (DC: DC4)
[Config] Added localhost:50108 to DC3
[Config] Added localhost:50121 to DC4
[Config] Added localhost:50114 to DC4
[Config] Added localhost:50116 to DC4
[Config] Added localhost:50118 to DC4
[Config] Added localhost:50111 to DC4
[Config] Added localhost:50113 to DC4
[Config] Added localhost:50110 to DC3
[Config] Added localhost:50112 to DC4
[Config] Added localhost:50120 to DC4
[Config] Added localhost:50115 to DC4
[Config] Added localhost:50117 to DC4
[Config] Added localhost:50109 to DC3
[Config] Added localhost:50119 to DC4
[dc3_node2] Round 3: discovered 14 new nodes, ring now has 71 nodes
[dc3_node2] Join request from localhost:50122 (DC: DC4)
Added node localhost:50122 with 150 virtual nodes
[Config] Added localhost:50122 to DC4
[dc3_node2] Join request from localhost:50122 (DC: DC4)
[ConsistentHash] Saved ring state for dc3_node2
[dc3_node2] Added localhost:50122 to ring. Ring now has 72 nodes
[dc3_node2] Join request from localhost:50122 (DC: DC4)
[dc3_node2] Join request from localhost:50122 (DC: DC4)
[dc3_node2] Join request from localhost:50122 (DC: DC4)
[dc3_node2] GetRing request from dc3_node3
[dc3_node2] Join request from localhost:50123 (DC: DC4)
Added node localhost:50123 with 150 virtual nodes
[Config] Added localhost:50123 to DC4
[ConsistentHash] Saved ring state for dc3_node2
[dc3_node2] Added localhost:50123 to ring. Ring now has 73 nodes
[dc3_node2] Join request from localhost:50123 (DC: DC4)
[dc3_node2] Join request from localhost:50123 (DC: DC4)
[dc3_node2] Join request from localhost:50124 (DC: DC4)
Added node localhost:50124 with 150 virtual nodes
[Config] Added localhost:50124 to DC4
[ConsistentHash] Saved ring state for dc3_node2
[dc3_node2] Added localhost:50124 to ring. Ring now has 74 nodes
[dc3_node2] Join request from localhost:50124 (DC: DC4)
[dc3_node2] Join request from localhost:50124 (DC: DC4)
[dc3_node2] Join request from localhost:50125 (DC: DC4)
Added node localhost:50125 with 150 virtual nodes
[Config] Added localhost:50125 to DC4
[ConsistentHash] Saved ring state for dc3_node2
[dc3_node2] Added localhost:50125 to ring. Ring now has 75 nodes
[dc3_node2] Join request from localhost:50125 (DC: DC4)
[dc3_node2] Join request from localhost:50125 (DC: DC4)
[dc3_node2] Join request from localhost:50126 (DC: DC4)
Added node localhost:50126 with 150 virtual nodes
[Config] Added localhost:50126 to DC4
[ConsistentHash] Saved ring state for dc3_node2
[dc3_node2] Added localhost:50126 to ring. Ring now has 76 nodes
[dc3_node2] GetRing request from dc3_node7
[dc3_node2] Join request from localhost:50127 (DC: DC4)
Added node localhost:50127 with 150 virtual nodes
[Config] Added localhost:50127 to DC4
[ConsistentHash] Saved ring state for dc3_node2
[dc3_node2] Added localhost:50127 to ring. Ring now has 77 nodes
[dc3_node2] GetRing request from dc1_node18
[dc3_node2] Join request from localhost:50128 (DC: DC4)
Added node localhost:50128 with 150 virtual nodes
[Config] Added localhost:50128 to DC4
[dc3_node2] Join request from localhost:50128 (DC: DC4)
[dc3_node2] Join request from localhost:50128 (DC: DC4)
[ConsistentHash] Saved ring state for dc3_node2
[dc3_node2] Added localhost:50128 to ring. Ring now has 78 nodes
[dc3_node2] Join request from localhost:50128 (DC: DC4)
[dc3_node2] Join request from localhost:50128 (DC: DC4)
[dc3_node2] GetRing request from dc1_node19
[dc3_node2] Join request from localhost:50128 (DC: DC4)
[dc3_node2] Join request from localhost:50129 (DC: DC4)
Added node localhost:50129 with 150 virtual nodes
[Config] Added localhost:50129 to DC4
[ConsistentHash] Saved ring state for dc3_node2
[dc3_node2] Added localhost:50129 to ring. Ring now has 79 nodes
[dc3_node2] Join request from localhost:50130 (DC: DC4)
Added node localhost:50130 with 150 virtual nodes
[Config] Added localhost:50130 to DC4
[ConsistentHash] Saved ring state for dc3_node2
[dc3_node2] Added localhost:50130 to ring. Ring now has 80 nodes
[dc3_node2] Join request from localhost:50130 (DC: DC4)
[dc3_node2] Join request from localhost:50131 (DC: DC5)
Added node localhost:50131 with 150 virtual nodes
[Config] Added localhost:50131 to DC5
[dc3_node2] GetRing request from dc2_node2
[ConsistentHash] Saved ring state for dc3_node2
[dc3_node2] Added localhost:50131 to ring. Ring now has 81 nodes
[dc3_node2] Join request from localhost:50131 (DC: DC5)
[dc3_node2] Join request from localhost:50132 (DC: DC5)
Added node localhost:50132 with 150 virtual nodes
[Config] Added localhost:50132 to DC5
[ConsistentHash] Saved ring state for dc3_node2
[dc3_node2] Added localhost:50132 to ring. Ring now has 82 nodes
[dc3_node2] Join request from localhost:50132 (DC: DC5)
[dc3_node2] GetRing request from dc2_node3
[dc3_node2] Join request from localhost:50132 (DC: DC5)
[dc3_node2] Join request from localhost:50132 (DC: DC5)
[dc3_node2] Join request from localhost:50132 (DC: DC5)
[dc3_node2] Join request from localhost:50133 (DC: DC5)
Added node localhost:50133 with 150 virtual nodes
[Config] Added localhost:50133 to DC5
[ConsistentHash] Saved ring state for dc3_node2
[dc3_node2] Added localhost:50133 to ring. Ring now has 83 nodes
[dc3_node2] Join request from localhost:50133 (DC: DC5)
[dc3_node2] Join request from localhost:50133 (DC: DC5)
[dc3_node2] Join request from localhost:50133 (DC: DC5)
[dc3_node2] Join request from localhost:50134 (DC: DC5)
Added node localhost:50134 with 150 virtual nodes
[Config] Added localhost:50134 to DC5
[dc3_node2] Join request from localhost:50134 (DC: DC5)
[ConsistentHash] Saved ring state for dc3_node2
[dc3_node2] Added localhost:50134 to ring. Ring now has 84 nodes
[dc3_node2] Join request from localhost:50135 (DC: DC5)
Added node localhost:50135 with 150 virtual nodes
[Config] Added localhost:50135 to DC5
[ConsistentHash] Saved ring state for dc3_node2
[dc3_node2] Added localhost:50135 to ring. Ring now has 85 nodes
[dc3_node2] Join request from localhost:50135 (DC: DC5)
[dc3_node2] Join request from localhost:50136 (DC: DC5)
Added node localhost:50136 with 150 virtual nodes
[Config] Added localhost:50136 to DC5
[Config] Added localhost:50126 to DC4
[Config] Added localhost:50132 to DC5
[Config] Added localhost:50125 to DC4
[Config] Added localhost:50133 to DC5
[Config] Added localhost:50128 to DC4
[Config] Added localhost:50127 to DC4
[Config] Added localhost:50131 to DC5
[Config] Added localhost:50135 to DC5
[Config] Added localhost:50134 to DC5
[Config] Added localhost:50130 to DC4
[Config] Added localhost:50124 to DC4
[Config] Added localhost:50122 to DC4
[Config] Added localhost:50123 to DC4
[Config] Added localhost:50129 to DC4
[dc3_node2] Join request from localhost:50136 (DC: DC5)
[Config] Added localhost:50136 to DC5
[dc3_node2] Round 4: discovered 15 new nodes, ring now has 86 nodes
[ConsistentHash] Saved ring state for dc3_node2
[dc3_node2] Added localhost:50136 to ring. Ring now has 86 nodes
[dc3_node2] Join request from localhost:50136 (DC: DC5)
[dc3_node2] Join request from localhost:50137 (DC: DC5)
Added node localhost:50137 with 150 virtual nodes
[Config] Added localhost:50137 to DC5
[dc3_node2] Join request from localhost:50137 (DC: DC5)
[ConsistentHash] Saved ring state for dc3_node2
[dc3_node2] Added localhost:50137 to ring. Ring now has 87 nodes
[dc3_node2] Join request from localhost:50137 (DC: DC5)
[dc3_node2] Join request from localhost:50137 (DC: DC5)
[dc3_node2] Join request from localhost:50137 (DC: DC5)
[dc3_node2] Join request from localhost:50138 (DC: DC5)
Added node localhost:50138 with 150 virtual nodes
[Config] Added localhost:50138 to DC5
[ConsistentHash] Saved ring state for dc3_node2
[dc3_node2] Added localhost:50138 to ring. Ring now has 88 nodes
[dc3_node2] Join request from localhost:50138 (DC: DC5)
[dc3_node2] GetRing request from dc3_node19
[dc3_node2] GetRing request from dc2_node10
[dc3_node2] Join request from localhost:50139 (DC: DC5)
Added node localhost:50139 with 150 virtual nodes
[Config] Added localhost:50139 to DC5
[ConsistentHash] Saved ring state for dc3_node2
[dc3_node2] Added localhost:50139 to ring. Ring now has 89 nodes
[dc3_node2] Join request from localhost:50140 (DC: DC5)
Added node localhost:50140 with 150 virtual nodes
[Config] Added localhost:50140 to DC5
[ConsistentHash] Saved ring state for dc3_node2
[dc3_node2] Added localhost:50140 to ring. Ring now has 90 nodes
[dc3_node2] GetRing request from dc1_node17
[dc3_node2] Join request from localhost:50141 (DC: DC5)
Added node localhost:50141 with 150 virtual nodes
[Config] Added localhost:50141 to DC5
[ConsistentHash] Saved ring state for dc3_node2
[dc3_node2] Added localhost:50141 to ring. Ring now has 91 nodes
[dc3_node2] Join request from localhost:50143 (DC: DC5)
Added node localhost:50143 with 150 virtual nodes
[Config] Added localhost:50143 to DC5
[ConsistentHash] Saved ring state for dc3_node2
[dc3_node2] Added localhost:50143 to ring. Ring now has 92 nodes
[dc3_node2] Join request from localhost:50143 (DC: DC5)
[dc3_node2] Join request from localhost:50143 (DC: DC5)
[dc3_node2] Join request from localhost:50143 (DC: DC5)
[dc3_node2] Join request from localhost:50143 (DC: DC5)
[dc3_node2] Join request from localhost:50144 (DC: DC5)
Added node localhost:50144 with 150 virtual nodes
[Config] Added localhost:50144 to DC5
[ConsistentHash] Saved ring state for dc3_node2
[dc3_node2] Added localhost:50144 to ring. Ring now has 93 nodes
[dc3_node2] Join request from localhost:50144 (DC: DC5)
[dc3_node2] Join request from localhost:50144 (DC: DC5)
[dc3_node2] Join request from localhost:50145 (DC: DC5)
Added node localhost:50145 with 150 virtual nodes
[Config] Added localhost:50145 to DC5
[dc3_node2] Join request from localhost:50145 (DC: DC5)
[ConsistentHash] Saved ring state for dc3_node2
[dc3_node2] Added localhost:50145 to ring. Ring now has 94 nodes
[dc3_node2] Join request from localhost:50145 (DC: DC5)
[dc3_node2] Join request from localhost:50145 (DC: DC5)
[dc3_node2] Join request from localhost:50145 (DC: DC5)
[dc3_node2] Join request from localhost:50145 (DC: DC5)
[dc3_node2] Join request from localhost:50146 (DC: DC5)
Added node localhost:50146 with 150 virtual nodes
[Config] Added localhost:50146 to DC5
[ConsistentHash] Saved ring state for dc3_node2
[dc3_node2] Added localhost:50146 to ring. Ring now has 95 nodes
[dc3_node2] Join request from localhost:50146 (DC: DC5)
[dc3_node2] GetRing request from dc2_node18
[dc3_node2] Join request from localhost:50147 (DC: DC5)
Added node localhost:50147 with 150 virtual nodes
[Config] Added localhost:50147 to DC5
[dc3_node2] Join request from localhost:50147 (DC: DC5)
[ConsistentHash] Saved ring state for dc3_node2
[dc3_node2] Added localhost:50147 to ring. Ring now has 96 nodes
[dc3_node2] GetRing request from dc4_node9
[dc3_node2] Join request from localhost:50148 (DC: DC5)
Added node localhost:50148 with 150 virtual nodes
[Config] Added localhost:50148 to DC5
[ConsistentHash] Saved ring state for dc3_node2
[dc3_node2] Added localhost:50148 to ring. Ring now has 97 nodes
[dc3_node2] Join request from localhost:50148 (DC: DC5)
[dc3_node2] Join request from localhost:50148 (DC: DC5)
[dc3_node2] Join request from localhost:50149 (DC: DC5)
Added node localhost:50149 with 150 virtual nodes
[Config] Added localhost:50149 to DC5
[ConsistentHash] Saved ring state for dc3_node2
[dc3_node2] Added localhost:50149 to ring. Ring now has 98 nodes
[dc3_node2] Join request from localhost:50149 (DC: DC5)
[dc3_node2] Join request from localhost:50149 (DC: DC5)
[dc3_node2] Join request from localhost:50150 (DC: DC5)
Added node localhost:50150 with 150 virtual nodes
[Config] Added localhost:50150 to DC5
[Config] Added localhost:50137 to DC5
[Config] Added localhost:50144 to DC5
[Config] Added localhost:50149 to DC5
[Config] Added localhost:50140 to DC5
[Config] Added localhost:50141 to DC5
[Config] Added localhost:50146 to DC5
[Config] Added localhost:50143 to DC5
[Config] Added localhost:50148 to DC5
[Config] Added localhost:50139 to DC5
[Config] Added localhost:50138 to DC5
Added node localhost:50142 with 150 virtual nodes
[Config] Added localhost:50142 to DC5
[Config] Added localhost:50147 to DC5
[Config] Added localhost:50145 to DC5
[Config] Added localhost:50150 to DC5
[dc3_node2] Round 5: discovered 14 new nodes, ring now has 100 nodes
[ConsistentHash] Saved ring state for dc3_node2
[dc3_node2] Added localhost:50150 to ring. Ring now has 100 nodes
[dc3_node2] Join request from localhost:50150 (DC: DC5)
[dc3_node2] Join request from localhost:50151 (DC: DC6)
Added node localhost:50151 with 150 virtual nodes
[Config] Added localhost:50151 to DC6
[ConsistentHash] Saved ring state for dc3_node2
[dc3_node2] Added localhost:50151 to ring. Ring now has 101 nodes
[dc3_node2] Join request from localhost:50152 (DC: DC6)
Added node localhost:50152 with 150 virtual nodes
[Config] Added localhost:50152 to DC6
[ConsistentHash] Saved ring state for dc3_node2
[dc3_node2] Added localhost:50152 to ring. Ring now has 102 nodes
[dc3_node2] Join request from localhost:50152 (DC: DC6)
[dc3_node2] Join request from localhost:50153 (DC: DC6)
Added node localhost:50153 with 150 virtual nodes
[Config] Added localhost:50153 to DC6
[dc3_node2] Join request from localhost:50153 (DC: DC6)
[dc3_node2] Join request from localhost:50154 (DC: DC6)
Added node localhost:50154 with 150 virtual nodes
[Config] Added localhost:50154 to DC6
[dc3_node2] Join request from localhost:50153 (DC: DC6)
[dc3_node2] Join request from localhost:50153 (DC: DC6)
[dc3_node2] Join request from localhost:50153 (DC: DC6)
[ConsistentHash] Saved ring state for dc3_node2
[dc3_node2] Added localhost:50154 to ring. Ring now has 104 nodes
[ConsistentHash] Error saving ring state: [Errno 2] No such file or directory: 'data/dc3_node2_ring.json.tmp' -> 'data/dc3_node2_ring.json'
[dc3_node2] Added localhost:50153 to ring. Ring now has 104 nodes
[dc3_node2] Join request from localhost:50153 (DC: DC6)
[dc3_node2] Join request from localhost:50153 (DC: DC6)
[dc3_node2] Join request from localhost:50154 (DC: DC6)
[dc3_node2] Join request from localhost:50153 (DC: DC6)
[dc3_node2] Join request from localhost:50155 (DC: DC6)
Added node localhost:50155 with 150 virtual nodes
[Config] Added localhost:50155 to DC6
[ConsistentHash] Saved ring state for dc3_node2
[dc3_node2] Added localhost:50155 to ring. Ring now has 105 nodes
[dc3_node2] Join request from localhost:50155 (DC: DC6)
[dc3_node2] Join request from localhost:50155 (DC: DC6)
[dc3_node2] Join request from localhost:50155 (DC: DC6)
[dc3_node2] Join request from localhost:50156 (DC: DC6)
Added node localhost:50156 with 150 virtual nodes
[Config] Added localhost:50156 to DC6
[dc3_node2] Join request from localhost:50157 (DC: DC6)
Added node localhost:50157 with 150 virtual nodes
[Config] Added localhost:50157 to DC6
[dc3_node2] Join request from localhost:50156 (DC: DC6)
[ConsistentHash] Saved ring state for dc3_node2
[dc3_node2] Added localhost:50157 to ring. Ring now has 107 nodes
[ConsistentHash] Error saving ring state: [Errno 2] No such file or directory: 'data/dc3_node2_ring.json.tmp' -> 'data/dc3_node2_ring.json'
[dc3_node2] Added localhost:50156 to ring. Ring now has 107 nodes
[dc3_node2] Join request from localhost:50157 (DC: DC6)
[dc3_node2] Join request from localhost:50157 (DC: DC6)
[dc3_node2] Join request from localhost:50158 (DC: DC6)
Added node localhost:50158 with 150 virtual nodes
[Config] Added localhost:50158 to DC6
[dc3_node2] Join request from localhost:50157 (DC: DC6)
[dc3_node2] Join request from localhost:50158 (DC: DC6)
[ConsistentHash] Saved ring state for dc3_node2
[dc3_node2] Added localhost:50158 to ring. Ring now has 108 nodes
[dc3_node2] Join request from localhost:50158 (DC: DC6)
[dc3_node2] Join request from localhost:50159 (DC: DC6)
Added node localhost:50159 with 150 virtual nodes
[Config] Added localhost:50159 to DC6
[dc3_node2] Join request from localhost:50157 (DC: DC6)
[ConsistentHash] Saved ring state for dc3_node2
[dc3_node2] Added localhost:50159 to ring. Ring now has 109 nodes
[dc3_node2] Join request from localhost:50158 (DC: DC6)
[dc3_node2] Join request from localhost:50158 (DC: DC6)
[dc3_node2] Join request from localhost:50159 (DC: DC6)
[dc3_node2] Join request from localhost:50159 (DC: DC6)
[dc3_node2] Join request from localhost:50160 (DC: DC6)
Added node localhost:50160 with 150 virtual nodes
[Config] Added localhost:50160 to DC6
[ConsistentHash] Saved ring state for dc3_node2
[dc3_node2] Added localhost:50160 to ring. Ring now has 110 nodes
[dc3_node2] GetRing request from dc3_node14
[dc3_node2] Join request from localhost:50161 (DC: DC6)
Added node localhost:50161 with 150 virtual nodes
[Config] Added localhost:50161 to DC6
[dc3_node2] Join request from localhost:50161 (DC: DC6)
[ConsistentHash] Saved ring state for dc3_node2
[dc3_node2] Added localhost:50161 to ring. Ring now has 111 nodes
[dc3_node2] Join request from localhost:50161 (DC: DC6)
[dc3_node2] Join request from localhost:50161 (DC: DC6)
[dc3_node2] Join request from localhost:50162 (DC: DC6)
Added node localhost:50162 with 150 virtual nodes
[Config] Added localhost:50162 to DC6
[dc3_node2] Join request from localhost:50162 (DC: DC6)
[dc3_node2] GetRing request from dc4_node11
[ConsistentHash] Saved ring state for dc3_node2
[dc3_node2] Added localhost:50162 to ring. Ring now has 112 nodes
[dc3_node2] Join request from localhost:50163 (DC: DC6)
Added node localhost:50163 with 150 virtual nodes
[Config] Added localhost:50163 to DC6
[ConsistentHash] Saved ring state for dc3_node2
[dc3_node2] Added localhost:50163 to ring. Ring now has 113 nodes
[Config] Added localhost:50154 to DC6
[Config] Added localhost:50163 to DC6
[Config] Added localhost:50152 to DC6
[Config] Added localhost:50155 to DC6
[Config] Added localhost:50159 to DC6
[Config] Added localhost:50151 to DC6
[Config] Added localhost:50161 to DC6
[Config] Added localhost:50153 to DC6
[Config] Added localhost:50160 to DC6
[Config] Added localhost:50157 to DC6
[Config] Added localhost:50156 to DC6
[Config] Added localhost:50158 to DC6
[Config] Added localhost:50162 to DC6
Added node localhost:50164 with 150 virtual nodes
[Config] Added localhost:50164 to DC6
Added node localhost:50165 with 150 virtual nodes
[Config] Added localhost:50165 to DC6
[dc3_node2] Round 6: discovered 15 new nodes, ring now has 115 nodes
[dc3_node2] Join request from localhost:50161 (DC: DC6)
[dc3_node2] Join request from localhost:50163 (DC: DC6)
[dc3_node2] Join request from localhost:50163 (DC: DC6)
[dc3_node2] Join request from localhost:50163 (DC: DC6)
[dc3_node2] Join request from localhost:50166 (DC: DC6)
Added node localhost:50166 with 150 virtual nodes
[Config] Added localhost:50166 to DC6
[dc3_node2] Join request from localhost:50163 (DC: DC6)
[ConsistentHash] Saved ring state for dc3_node2
[dc3_node2] Added localhost:50166 to ring. Ring now has 116 nodes
[dc3_node2] GetRing request from dc3_node4
[dc3_node2] Join request from localhost:50164 (DC: DC6)
[dc3_node2] Join request from localhost:50164 (DC: DC6)
[dc3_node2] Join request from localhost:50167 (DC: DC6)
Added node localhost:50167 with 150 virtual nodes
[Config] Added localhost:50167 to DC6
[ConsistentHash] Saved ring state for dc3_node2
[dc3_node2] Added localhost:50167 to ring. Ring now has 117 nodes
[dc3_node2] Join request from localhost:50169 (DC: DC6)
Added node localhost:50169 with 150 virtual nodes
[Config] Added localhost:50169 to DC6
[dc3_node2] GetRing request from dc2_node13
[dc3_node2] Join request from localhost:50165 (DC: DC6)
[ConsistentHash] Saved ring state for dc3_node2
[dc3_node2] Added localhost:50169 to ring. Ring now has 118 nodes
[dc3_node2] Join request from localhost:50167 (DC: DC6)
[dc3_node2] Join request from localhost:50168 (DC: DC6)
Added node localhost:50168 with 150 virtual nodes
[Config] Added localhost:50168 to DC6
[dc3_node2] Join request from localhost:50168 (DC: DC6)
[dc3_node2] Join request from localhost:50166 (DC: DC6)
[ConsistentHash] Saved ring state for dc3_node2
[dc3_node2] Added localhost:50168 to ring. Ring now has 119 nodes
[dc3_node2] Join request from localhost:50170 (DC: DC6)
Added node localhost:50170 with 150 virtual nodes
[Config] Added localhost:50170 to DC6
[dc3_node2] Join request from localhost:50170 (DC: DC6)
[dc3_node2] Join request from localhost:50169 (DC: DC6)
[ConsistentHash] Saved ring state for dc3_node2
[dc3_node2] Added localhost:50170 to ring. Ring now has 120 nodes
[dc3_node2] Join request from localhost:50168 (DC: DC6)
[dc3_node2] Join request from localhost:50170 (DC: DC6)
[dc3_node2] Join request from localhost:50171 (DC: DC7)
Added node localhost:50171 with 150 virtual nodes
[Config] Added localhost:50171 to DC7
[dc3_node2] Join request from localhost:50171 (DC: DC7)
[dc3_node2] Join request from localhost:50171 (DC: DC7)
[dc3_node2] Join request from localhost:50170 (DC: DC6)
[dc3_node2] Join request from localhost:50170 (DC: DC6)
[dc3_node2] Join request from localhost:50168 (DC: DC6)
[dc3_node2] Join request from localhost:50170 (DC: DC6)
[dc3_node2] Join request from localhost:50172 (DC: DC7)
Added node localhost:50172 with 150 virtual nodes
[Config] Added localhost:50172 to DC7
[dc3_node2] Join request from localhost:50170 (DC: DC6)
[dc3_node2] Join request from localhost:50172 (DC: DC7)
[ConsistentHash] Saved ring state for dc3_node2
[dc3_node2] Added localhost:50171 to ring. Ring now has 122 nodes
[dc3_node2] Join request from localhost:50174 (DC: DC7)
Added node localhost:50174 with 150 virtual nodes
[Config] Added localhost:50174 to DC7
[ConsistentHash] Saved ring state for dc3_node2
[dc3_node2] Added localhost:50172 to ring. Ring now has 123 nodes
[dc3_node2] Join request from localhost:50171 (DC: DC7)
[ConsistentHash] Error saving ring state: [Errno 2] No such file or directory: 'data/dc3_node2_ring.json.tmp' -> 'data/dc3_node2_ring.json'
[dc3_node2] Added localhost:50174 to ring. Ring now has 123 nodes
[dc3_node2] GetRing request from dc5_node19
[dc3_node2] Join request from localhost:50175 (DC: DC7)
Added node localhost:50175 with 150 virtual nodes
[Config] Added localhost:50175 to DC7
[ConsistentHash] Saved ring state for dc3_node2
[dc3_node2] Added localhost:50175 to ring. Ring now has 124 nodes
[dc3_node2] Join request from localhost:50172 (DC: DC7)
[dc3_node2] Join request from localhost:50171 (DC: DC7)
[dc3_node2] Join request from localhost:50171 (DC: DC7)
[dc3_node2] GetRing request from dc4_node11
[dc3_node2] Join request from localhost:50174 (DC: DC7)
[dc3_node2] Join request from localhost:50175 (DC: DC7)
Added node localhost:50173 with 150 virtual nodes
[Config] Added localhost:50173 to DC7
[Config] Added localhost:50166 to DC6
[Config] Added localhost:50174 to DC7
[Config] Added localhost:50172 to DC7
[Config] Added localhost:50169 to DC6
[Config] Added localhost:50168 to DC6
[Config] Added localhost:50167 to DC6
[Config] Added localhost:50170 to DC6
[Config] Added localhost:50175 to DC7
[Config] Added localhost:50171 to DC7
[dc3_node2] Round 7: discovered 10 new nodes, ring now has 125 nodes
[dc3_node2] GetRing request from dc6_node2
[dc3_node2] Join request from localhost:50170 (DC: DC6)
[dc3_node2] Join request from localhost:50177 (DC: DC7)
Added node localhost:50177 with 150 virtual nodes
[Config] Added localhost:50177 to DC7
[dc3_node2] Join request from localhost:50173 (DC: DC7)
[dc3_node2] Join request from localhost:50174 (DC: DC7)
[dc3_node2] Join request from localhost:50174 (DC: DC7)
[dc3_node2] Join request from localhost:50183 (DC: DC7)
Added node localhost:50183 with 150 virtual nodes
[Config] Added localhost:50183 to DC7
[dc3_node2] Join request from localhost:50174 (DC: DC7)
[ConsistentHash] Saved ring state for dc3_node2
[dc3_node2] Added localhost:50177 to ring. Ring now has 127 nodes
[dc3_node2] GetRing request from dc3_node6
[dc3_node2] GetRing request from dc4_node16
[ConsistentHash] Saved ring state for dc3_node2
[dc3_node2] Added localhost:50183 to ring. Ring now has 127 nodes
[dc3_node2] Join request from localhost:50175 (DC: DC7)
[dc3_node2] Join request from localhost:50182 (DC: DC7)
Added node localhost:50182 with 150 virtual nodes
[Config] Added localhost:50182 to DC7
[ConsistentHash] Saved ring state for dc3_node2
[dc3_node2] Added localhost:50182 to ring. Ring now has 128 nodes
[dc3_node2] Join request from localhost:50178 (DC: DC7)
Added node localhost:50178 with 150 virtual nodes
[Config] Added localhost:50178 to DC7
[dc3_node2] Join request from localhost:50182 (DC: DC7)
[ConsistentHash] Saved ring state for dc3_node2
[dc3_node2] Added localhost:50178 to ring. Ring now has 129 nodes
[dc3_node2] Join request from localhost:50176 (DC: DC7)
Added node localhost:50176 with 150 virtual nodes
[Config] Added localhost:50176 to DC7
[dc3_node2] Join request from localhost:50180 (DC: DC7)
Added node localhost:50180 with 150 virtual nodes
[Config] Added localhost:50180 to DC7
[dc3_node2] Join request from localhost:50181 (DC: DC7)
Added node localhost:50181 with 150 virtual nodes
[Config] Added localhost:50181 to DC7
[dc3_node2] Join request from localhost:50183 (DC: DC7)
[ConsistentHash] Saved ring state for dc3_node2
[dc3_node2] Added localhost:50181 to ring. Ring now has 132 nodes
[dc3_node2] GetRing request from dc4_node9
[ConsistentHash] Saved ring state for dc3_node2
[dc3_node2] Added localhost:50176 to ring. Ring now has 132 nodes
[ConsistentHash] Saved ring state for dc3_node2
[dc3_node2] Added localhost:50180 to ring. Ring now has 132 nodes
[dc3_node2] Join request from localhost:50184 (DC: DC7)
Added node localhost:50184 with 150 virtual nodes
[Config] Added localhost:50184 to DC7
[dc3_node2] Join request from localhost:50184 (DC: DC7)
[Config] Added localhost:50178 to DC7
[Config] Added localhost:50181 to DC7
[Config] Added localhost:50182 to DC7
[Config] Added localhost:50183 to DC7
Added node localhost:50185 with 150 virtual nodes
[Config] Added localhost:50185 to DC7
[Config] Added localhost:50184 to DC7
Added node localhost:50191 with 150 virtual nodes
[Config] Added localhost:50191 to DC8
[Config] Added localhost:50180 to DC7
Added node localhost:50179 with 150 virtual nodes
[Config] Added localhost:50179 to DC7
[Config] Added localhost:50177 to DC7
[Config] Added localhost:50176 to DC7
Added node localhost:50188 with 150 virtual nodes
[Config] Added localhost:50188 to DC7
Added node localhost:50187 with 150 virtual nodes
[Config] Added localhost:50187 to DC7
[dc3_node2] Join request from localhost:50187 (DC: DC7)
Added node localhost:50186 with 150 virtual nodes
[Config] Added localhost:50186 to DC7
[dc3_node2] Join request from localhost:50183 (DC: DC7)
Added node localhost:50189 with 150 virtual nodes
[Config] Added localhost:50189 to DC7
[ConsistentHash] Saved ring state for dc3_node2
[dc3_node2] Added localhost:50184 to ring. Ring now has 140 nodes
[dc3_node2] Round 8: discovered 15 new nodes, ring now has 140 nodes
[dc3_node2] Join request from localhost:50190 (DC: DC7)
Added node localhost:50190 with 150 virtual nodes
[Config] Added localhost:50190 to DC7
[dc3_node2] GetRing request from dc5_node8
[ConsistentHash] Saved ring state for dc3_node2
[dc3_node2] Discovery complete: ring contains 141 nodes
[dc3_node2] Join request from localhost:50187 (DC: DC7)
[dc3_node2] Join request from localhost:50192 (DC: DC8)
Added node localhost:50192 with 150 virtual nodes
[Config] Added localhost:50192 to DC8
[dc3_node2] Join request from localhost:50186 (DC: DC7)
[dc3_node2] GetRing request from dc6_node19
[dc3_node2] Join request from localhost:50195 (DC: DC8)
Added node localhost:50195 with 150 virtual nodes
[Config] Added localhost:50195 to DC8
[ConsistentHash] Saved ring state for dc3_node2
[dc3_node2] Added localhost:50190 to ring. Ring now has 143 nodes
[ConsistentHash] Saved ring state for dc3_node2
[dc3_node2] Added localhost:50192 to ring. Ring now has 143 nodes
[dc3_node2] Join request from localhost:50187 (DC: DC7)
[ConsistentHash] Error saving ring state: [Errno 2] No such file or directory: 'data/dc3_node2_ring.json.tmp' -> 'data/dc3_node2_ring.json'
[dc3_node2] Added localhost:50195 to ring. Ring now has 143 nodes
[dc3_node2] GetRing request from dc3_node7
[dc3_node2] Join request from localhost:50190 (DC: DC7)
[dc3_node2] Join request from localhost:50195 (DC: DC8)
[dc3_node2] Join request from localhost:50190 (DC: DC7)
[dc3_node2] Join request from localhost:50195 (DC: DC8)
[dc3_node2] GetRing request from dc6_node10
[dc3_node2] Join request from localhost:50193 (DC: DC8)
Added node localhost:50193 with 150 virtual nodes
[Config] Added localhost:50193 to DC8
[dc3_node2] Join request from localhost:50194 (DC: DC8)
Added node localhost:50194 with 150 virtual nodes
[Config] Added localhost:50194 to DC8
[ConsistentHash] Error saving ring state: dictionary changed size during iteration
[dc3_node2] Added localhost:50193 to ring. Ring now has 145 nodes
[ConsistentHash] Saved ring state for dc3_node2
[dc3_node2] Added localhost:50194 to ring. Ring now has 145 nodes
[dc3_node2] GetRing request from dc5_node3
[dc3_node2] Join request from localhost:50189 (DC: DC7)
[dc3_node2] Join request from localhost:50193 (DC: DC8)
[dc3_node2] GetRing request from dc7_node7
[dc3_node2] Join request from localhost:50195 (DC: DC8)
[dc3_node2] Join request from localhost:50196 (DC: DC8)
Added node localhost:50196 with 150 virtual nodes
[Config] Added localhost:50196 to DC8
[dc3_node2] Join request from localhost:50198 (DC: DC8)
Added node localhost:50198 with 150 virtual nodes
[Config] Added localhost:50198 to DC8
[dc3_node2] Join request from localhost:50193 (DC: DC8)
[dc3_node2] Join request from localhost:50197 (DC: DC8)
Added node localhost:50197 with 150 virtual nodes
[Config] Added localhost:50197 to DC8
[dc3_node2] GetRing request from dc3_node18
[dc3_node2] Join request from localhost:50200 (DC: DC8)
Added node localhost:50200 with 150 virtual nodes
[Config] Added localhost:50200 to DC8
[dc3_node2] Join request from localhost:50201 (DC: DC8)
Added node localhost:50201 with 150 virtual nodes
[Config] Added localhost:50201 to DC8
[ConsistentHash] Saved ring state for dc3_node2
[dc3_node2] Added localhost:50196 to ring. Ring now has 150 nodes
[dc3_node2] Join request from localhost:50200 (DC: DC8)
[ConsistentHash] Saved ring state for dc3_node2
[dc3_node2] Added localhost:50198 to ring. Ring now has 150 nodes
[dc3_node2] Join request from localhost:50200 (DC: DC8)
[dc3_node2] Join request from localhost:50196 (DC: DC8)
[ConsistentHash] Error saving ring state: [Errno 2] No such file or directory: 'data/dc3_node2_ring.json.tmp' -> 'data/dc3_node2_ring.json'
[dc3_node2] Added localhost:50197 to ring. Ring now has 150 nodes
[ConsistentHash] Error saving ring state: [Errno 2] No such file or directory: 'data/dc3_node2_ring.json.tmp' -> 'data/dc3_node2_ring.json'
[dc3_node2] Added localhost:50201 to ring. Ring now has 150 nodes
[dc3_node2] GetRing request from dc6_node18
[dc3_node2] Join request from localhost:50205 (DC: DC8)
Added node localhost:50205 with 150 virtual nodes
[Config] Added localhost:50205 to DC8
[dc3_node2] GetRing request from dc7_node10
[ConsistentHash] Saved ring state for dc3_node2
[dc3_node2] Added localhost:50200 to ring. Ring now has 151 nodes
[ConsistentHash] Error saving ring state: [Errno 2] No such file or directory: 'data/dc3_node2_ring.json.tmp' -> 'data/dc3_node2_ring.json'
[dc3_node2] Added localhost:50205 to ring. Ring now has 151 nodes
[dc3_node2] Join request from localhost:50207 (DC: DC8)
Added node localhost:50207 with 150 virtual nodes
[Config] Added localhost:50207 to DC8
[dc3_node2] Join request from localhost:50202 (DC: DC8)
Added node localhost:50202 with 150 virtual nodes
[Config] Added localhost:50202 to DC8
[ConsistentHash] Error saving ring state: dictionary changed size during iteration
[dc3_node2] Added localhost:50207 to ring. Ring now has 153 nodes
[ConsistentHash] Saved ring state for dc3_node2
[dc3_node2] Added localhost:50202 to ring. Ring now has 153 nodes
[dc3_node2] Join request from localhost:50204 (DC: DC8)
Added node localhost:50204 with 150 virtual nodes
[Config] Added localhost:50204 to DC8
[dc3_node2] GetRing request from dc6_node10
[dc3_node2] Join request from localhost:50202 (DC: DC8)
[dc3_node2] Join request from localhost:50207 (DC: DC8)
[dc3_node2] Join request from localhost:50204 (DC: DC8)
[ConsistentHash] Saved ring state for dc3_node2
[dc3_node2] Added localhost:50204 to ring. Ring now has 154 nodes
[dc3_node2] GetRing request from dc7_node8
[dc3_node2] GetRing request from dc5_node20
[dc3_node2] Join request from localhost:50210 (DC: DC8)
Added node localhost:50210 with 150 virtual nodes
[Config] Added localhost:50210 to DC8
[dc3_node2] Join request from localhost:50202 (DC: DC8)
[dc3_node2] GetRing request from dc6_node2
[dc3_node2] Join request from localhost:50218 (DC: DC9)
Added node localhost:50218 with 150 virtual nodes
[Config] Added localhost:50218 to DC9
[ConsistentHash] Saved ring state for dc3_node2
[dc3_node2] Added localhost:50210 to ring. Ring now has 156 nodes
[ConsistentHash] Error saving ring state: [Errno 2] No such file or directory: 'data/dc3_node2_ring.json.tmp' -> 'data/dc3_node2_ring.json'
[dc3_node2] Added localhost:50218 to ring. Ring now has 156 nodes
[dc3_node2] Join request from localhost:50215 (DC: DC9)
Added node localhost:50215 with 150 virtual nodes
[Config] Added localhost:50215 to DC9
[dc3_node2] Join request from localhost:50219 (DC: DC9)
Added node localhost:50219 with 150 virtual nodes
[Config] Added localhost:50219 to DC9
[dc3_node2] Join request from localhost:50217 (DC: DC9)
Added node localhost:50217 with 150 virtual nodes
[Config] Added localhost:50217 to DC9
[dc3_node2] Join request from localhost:50227 (DC: DC9)
Added node localhost:50227 with 150 virtual nodes
[Config] Added localhost:50227 to DC9
[dc3_node2] Join request from localhost:50218 (DC: DC9)
[dc3_node2] Join request from localhost:50216 (DC: DC9)
Added node localhost:50216 with 150 virtual nodes
[Config] Added localhost:50216 to DC9
[dc3_node2] Join request from localhost:50222 (DC: DC9)
Added node localhost:50222 with 150 virtual nodes
[Config] Added localhost:50222 to DC9
[dc3_node2] Join request from localhost:50218 (DC: DC9)
[ConsistentHash] Saved ring state for dc3_node2
[dc3_node2] Added localhost:50219 to ring. Ring now has 162 nodes
[dc3_node2] Join request from localhost:50217 (DC: DC9)
[ConsistentHash] Saved ring state for dc3_node2
[dc3_node2] Added localhost:50227 to ring. Ring now has 162 nodes
[ConsistentHash] Saved ring state for dc3_node2
[dc3_node2] Added localhost:50215 to ring. Ring now has 162 nodes
[dc3_node2] Join request from localhost:50218 (DC: DC9)
[ConsistentHash] Error saving ring state: [Errno 2] No such file or directory: 'data/dc3_node2_ring.json.tmp' -> 'data/dc3_node2_ring.json'
[dc3_node2] Added localhost:50222 to ring. Ring now has 162 nodes
[ConsistentHash] Error saving ring state: [Errno 2] No such file or directory: 'data/dc3_node2_ring.json.tmp' -> 'data/dc3_node2_ring.json'
[dc3_node2] Added localhost:50217 to ring. Ring now has 162 nodes
[dc3_node2] Join request from localhost:50221 (DC: DC9)
Added node localhost:50221 with 150 virtual nodes
[Config] Added localhost:50221 to DC9
[ConsistentHash] Error saving ring state: [Errno 2] No such file or directory: 'data/dc3_node2_ring.json.tmp' -> 'data/dc3_node2_ring.json'
[dc3_node2] Added localhost:50216 to ring. Ring now has 163 nodes
[dc3_node2] GetRing request from dc5_node6
[dc3_node2] GetRing request from dc6_node18
[ConsistentHash] Saved ring state for dc3_node2
[dc3_node2] Added localhost:50221 to ring. Ring now has 163 nodes
[dc3_node2] GetRing request from dc9_node1
[dc3_node2] Join request from localhost:50222 (DC: DC9)
[dc3_node2] Join request from localhost:50228 (DC: DC9)
Added node localhost:50228 with 150 virtual nodes
[Config] Added localhost:50228 to DC9
[dc3_node2] Join request from localhost:50220 (DC: DC9)
Added node localhost:50220 with 150 virtual nodes
[Config] Added localhost:50220 to DC9
[ConsistentHash] Error saving ring state: dictionary changed size during iteration
[dc3_node2] Added localhost:50228 to ring. Ring now has 165 nodes
[dc3_node2] Join request from localhost:50221 (DC: DC9)
[dc3_node2] Join request from localhost:50226 (DC: DC9)
Added node localhost:50226 with 150 virtual nodes
[Config] Added localhost:50226 to DC9
[dc3_node2] GetRing request from dc8_node10
[ConsistentHash] Saved ring state for dc3_node2
[dc3_node2] Added localhost:50226 to ring. Ring now has 166 nodes
[dc3_node2] GetRing request from dc7_node16
[dc3_node2] Join request from localhost:50234 (DC: DC10)
Added node localhost:50234 with 150 virtual nodes
[Config] Added localhost:50234 to DC10
[ConsistentHash] Saved ring state for dc3_node2
[dc3_node2] Added localhost:50220 to ring. Ring now has 167 nodes
[dc3_node2] Join request from localhost:50236 (DC: DC10)
Added node localhost:50236 with 150 virtual nodes
[Config] Added localhost:50236 to DC10
[dc3_node2] Join request from localhost:50229 (DC: DC9)
Added node localhost:50229 with 150 virtual nodes
[Config] Added localhost:50229 to DC9
[dc3_node2] Join request from localhost:50223 (DC: DC9)
Added node localhost:50223 with 150 virtual nodes
[Config] Added localhost:50223 to DC9
[dc3_node2] Join request from localhost:50229 (DC: DC9)
[dc3_node2] Join request from localhost:50228 (DC: DC9)
[dc3_node2] Join request from localhost:50228 (DC: DC9)
[dc3_node2] Join request from localhost:50239 (DC: DC10)
Added node localhost:50239 with 150 virtual nodes
[Config] Added localhost:50239 to DC10
[dc3_node2] Join request from localhost:50238 (DC: DC10)
Added node localhost:50238 with 150 virtual nodes
[Config] Added localhost:50238 to DC10
[ConsistentHash] Error saving ring state: dictionary changed size during iteration
[dc3_node2] Added localhost:50239 to ring. Ring now has 172 nodes
[dc3_node2] Join request from localhost:50228 (DC: DC9)
[ConsistentHash] Saved ring state for dc3_node2
[dc3_node2] Added localhost:50234 to ring. Ring now has 172 nodes
[ConsistentHash] Error saving ring state: [Errno 2] No such file or directory: 'data/dc3_node2_ring.json.tmp' -> 'data/dc3_node2_ring.json'
[dc3_node2] Added localhost:50223 to ring. Ring now has 172 nodes
[ConsistentHash] Error saving ring state: [Errno 2] No such file or directory: 'data/dc3_node2_ring.json.tmp' -> 'data/dc3_node2_ring.json'
[dc3_node2] Added localhost:50236 to ring. Ring now has 172 nodes
[dc3_node2] GetRing request from dc6_node15
[dc3_node2] Join request from localhost:50227 (DC: DC9)
[ConsistentHash] Saved ring state for dc3_node2
[dc3_node2] Added localhost:50238 to ring. Ring now has 172 nodes
[ConsistentHash] Error saving ring state: [Errno 2] No such file or directory: 'data/dc3_node2_ring.json.tmp' -> 'data/dc3_node2_ring.json'
[dc3_node2] Added localhost:50229 to ring. Ring now has 172 nodes
[dc3_node2] Join request from localhost:50226 (DC: DC9)
[dc3_node2] Join request from localhost:50228 (DC: DC9)
[dc3_node2] Join request from localhost:50236 (DC: DC10)
[dc3_node2] Join request from localhost:50232 (DC: DC10)
Added node localhost:50232 with 150 virtual nodes
[Config] Added localhost:50232 to DC10
[dc3_node2] Join request from localhost:50223 (DC: DC9)
[dc3_node2] GetRing request from dc9_node19
[dc3_node2] Join request from localhost:50239 (DC: DC10)
[dc3_node2] Join request from localhost:50238 (DC: DC10)
[dc3_node2] GetRing request from dc7_node17
[dc3_node2] Join request from localhost:50232 (DC: DC10)
[dc3_node2] Join request from localhost:50237 (DC: DC10)
Added node localhost:50237 with 150 virtual nodes
[Config] Added localhost:50237 to DC10
[dc3_node2] Join request from localhost:50246 (DC: DC10)
Added node localhost:50246 with 150 virtual nodes
[Config] Added localhost:50246 to DC10
[dc3_node2] Join request from localhost:50230 (DC: DC9)
Added node localhost:50230 with 150 virtual nodes
[Config] Added localhost:50230 to DC9
[ConsistentHash] Saved ring state for dc3_node2
[dc3_node2] Added localhost:50232 to ring. Ring now has 176 nodes
[ConsistentHash] Error saving ring state: [Errno 2] No such file or directory: 'data/dc3_node2_ring.json.tmp' -> 'data/dc3_node2_ring.json'
[dc3_node2] Added localhost:50246 to ring. Ring now has 176 nodes
[dc3_node2] Join request from localhost:50237 (DC: DC10)
[dc3_node2] Join request from localhost:50246 (DC: DC10)
[dc3_node2] Join request from localhost:50231 (DC: DC10)
Added node localhost:50231 with 150 virtual nodes
[Config] Added localhost:50231 to DC10
[dc3_node2] Join request from localhost:50232 (DC: DC10)
[dc3_node2] GetRing request from dc6_node16
[dc3_node2] Join request from localhost:50240 (DC: DC10)
Added node localhost:50240 with 150 virtual nodes
[Config] Added localhost:50240 to DC10
[dc3_node2] Join request from localhost:50238 (DC: DC10)
[ConsistentHash] Saved ring state for dc3_node2
[dc3_node2] Added localhost:50230 to ring. Ring now has 178 nodes
[dc3_node2] GetRing request from dc8_node17
[dc3_node2] GetRing request from dc8_node5
[dc3_node2] GetRing request from dc6_node17
[dc3_node2] Join request from localhost:50237 (DC: DC10)
[dc3_node2] Join request from localhost:50246 (DC: DC10)
[ConsistentHash] Error saving ring state: [Errno 2] No such file or directory: 'data/dc3_node2_ring.json.tmp' -> 'data/dc3_node2_ring.json'
[dc3_node2] Added localhost:50231 to ring. Ring now has 178 nodes
[ConsistentHash] Error saving ring state: [Errno 2] No such file or directory: 'data/dc3_node2_ring.json.tmp' -> 'data/dc3_node2_ring.json'
[dc3_node2] Added localhost:50237 to ring. Ring now has 178 nodes
[dc3_node2] Join request from localhost:50233 (DC: DC10)
Added node localhost:50233 with 150 virtual nodes
[Config] Added localhost:50233 to DC10
[dc3_node2] Join request from localhost:50240 (DC: DC10)
[ConsistentHash] Saved ring state for dc3_node2
[dc3_node2] Added localhost:50240 to ring. Ring now has 179 nodes
[dc3_node2] Join request from localhost:50245 (DC: DC10)
Added node localhost:50245 with 150 virtual nodes
[Config] Added localhost:50245 to DC10
[dc3_node2] Join request from localhost:50241 (DC: DC10)
Added node localhost:50241 with 150 virtual nodes
[Config] Added localhost:50241 to DC10
[ConsistentHash] Error saving ring state: dictionary changed size during iteration
[dc3_node2] Added localhost:50245 to ring. Ring now has 181 nodes
[dc3_node2] Join request from localhost:50247 (DC: DC10)
Added node localhost:50247 with 150 virtual nodes
[Config] Added localhost:50247 to DC10
[ConsistentHash] Error saving ring state: dictionary changed size during iteration
[dc3_node2] Added localhost:50241 to ring. Ring now has 182 nodes
[dc3_node2] Join request from localhost:50250 (DC: DC10)
Added node localhost:50250 with 150 virtual nodes
[Config] Added localhost:50250 to DC10
[dc3_node2] Join request from localhost:50246 (DC: DC10)
[dc3_node2] Join request from localhost:50239 (DC: DC10)
[dc3_node2] Join request from localhost:50245 (DC: DC10)
[dc3_node2] Join request from localhost:50246 (DC: DC10)
[dc3_node2] Join request from localhost:50242 (DC: DC10)
Added node localhost:50242 with 150 virtual nodes
[Config] Added localhost:50242 to DC10
[ConsistentHash] Saved ring state for dc3_node2
[dc3_node2] Added localhost:50233 to ring. Ring now has 184 nodes
[dc3_node2] Join request from localhost:50247 (DC: DC10)
[ConsistentHash] Error saving ring state: [Errno 2] No such file or directory: 'data/dc3_node2_ring.json.tmp' -> 'data/dc3_node2_ring.json'
[dc3_node2] Added localhost:50247 to ring. Ring now has 184 nodes
[dc3_node2] Join request from localhost:50243 (DC: DC10)
Added node localhost:50243 with 150 virtual nodes
[Config] Added localhost:50243 to DC10
[dc3_node2] Join request from localhost:50245 (DC: DC10)
[ConsistentHash] Saved ring state for dc3_node2
[dc3_node2] Added localhost:50250 to ring. Ring now has 185 nodes
[ConsistentHash] Error saving ring state: [Errno 2] No such file or directory: 'data/dc3_node2_ring.json.tmp' -> 'data/dc3_node2_ring.json'
[dc3_node2] Added localhost:50242 to ring. Ring now has 185 nodes
[dc3_node2] Join request from localhost:50241 (DC: DC10)
[ConsistentHash] Error saving ring state: [Errno 2] No such file or directory: 'data/dc3_node2_ring.json.tmp' -> 'data/dc3_node2_ring.json'
[dc3_node2] Added localhost:50243 to ring. Ring now has 185 nodes
[dc3_node2] Join request from localhost:50244 (DC: DC10)
Added node localhost:50244 with 150 virtual nodes
[Config] Added localhost:50244 to DC10
[ConsistentHash] Saved ring state for dc3_node2
[dc3_node2] Added localhost:50244 to ring. Ring now has 186 nodes
[dc3_node2] Join request from localhost:50244 (DC: DC10)
[dc3_node2] Join request from localhost:50238 (DC: DC10)
[dc3_node2] Join request from localhost:50244 (DC: DC10)
[dc3_node2] GetRing request from dc8_node9
[dc3_node2] Internal PUT (replication): key='item:0021'
[dc3_node2] Stored NEW key='item:0021', value='value_21_initial', clock={dc6_node9:1}
[dc3_node2] Saved 1 keys to disk
[dc3_node2] Internal PUT (replication): key='item:0025'
[dc3_node2] Stored NEW key='item:0025', value='value_25_initial', clock={dc5_node5:1}
[dc3_node2] Saved 2 keys to disk
[dc3_node2] Client PUT: key='item:0056', value='value_56_initial'
[dc3_node2] Preference list for 'item:0056': ['localhost:50204', 'localhost:50061', 'localhost:50165']
[dc3_node2] Coordinator NOT in preference list, forwarding only
[dc3_node2] Replicated to localhost:50204
[dc3_node2] Replicated to localhost:50061
[dc3_node2] Replicated to localhost:50165
[dc3_node2] W-quorum achieved (2 writes), returning to client
[dc3_node2] Background replication continues for remaining nodes
[dc3_node2] Successful writes: 3/3
[dc3_node2] Internal PUT (replication): key='item:0122'
[dc3_node2] Stored NEW key='item:0122', value='value_122_initial', clock={dc8_node10:1}
[dc3_node2] Saved 3 keys to disk
[dc3_node2] Internal PUT (replication): key='item:0171'
[dc3_node2] Stored NEW key='item:0171', value='value_171_initial', clock={dc3_node7:1}
[dc3_node2] Saved 4 keys to disk
[dc3_node2] Internal PUT (replication): key='item:0204'
[dc3_node2] Stored NEW key='item:0204', value='value_204_initial', clock={dc4_node2:1}
[dc3_node2] Saved 5 keys to disk
[dc3_node2] Internal PUT (replication): key='item:0254'
[dc3_node2] Stored NEW key='item:0254', value='value_254_initial', clock={dc5_node3:1}
[dc3_node2] Saved 6 keys to disk
[dc3_node2] Internal PUT (replication): key='item:0255'
[dc3_node2] Stored NEW key='item:0255', value='value_255_initial', clock={dc7_node8:1}
[dc3_node2] Saved 7 keys to disk
[dc3_node2] Internal PUT (replication): key='item:0296'
[dc3_node2] Stored NEW key='item:0296', value='value_296_initial', clock={dc10_node10:1}
[dc3_node2] Saved 8 keys to disk
[dc3_node2] Internal PUT (replication): key='item:0312'
[dc3_node2] Stored NEW key='item:0312', value='value_312_initial', clock={dc10_node13:1}
[dc3_node2] Saved 9 keys to disk
[dc3_node2] Internal PUT (replication): key='item:0406'
[dc3_node2] Stored NEW key='item:0406', value='value_406_initial', clock={dc9_node17:1}
[dc3_node2] Saved 10 keys to disk
[dc3_node2] Internal PUT (replication): key='item:0619'
[dc3_node2] Stored NEW key='item:0619', value='value_619_initial', clock={dc4_node12:1}
[dc3_node2] Saved 11 keys to disk
[dc3_node2] Client PUT: key='item:0622', value='value_622_initial'
[dc3_node2] Preference list for 'item:0622': ['localhost:50104', 'localhost:50192', 'localhost:50166']
[dc3_node2] Coordinator NOT in preference list, forwarding only
[dc3_node2] Replicated to localhost:50104
[dc3_node2] Replicated to localhost:50166
[dc3_node2] Replicated to localhost:50192
[dc3_node2] W-quorum achieved (2 writes), returning to client
[dc3_node2] Background replication continues for remaining nodes
[dc3_node2] Successful writes: 3/3
[dc3_node2] Internal PUT (replication): key='item:0654'
[dc3_node2] Stored NEW key='item:0654', value='value_654_initial', clock={dc7_node6:1}
[dc3_node2] Saved 12 keys to disk
[dc3_node2] Internal PUT (replication): key='item:0698'
[dc3_node2] Stored NEW key='item:0698', value='value_698_initial', clock={dc1_node19:1}
[dc3_node2] Saved 13 keys to disk
[dc3_node2] Internal PUT (replication): key='item:0736'
[dc3_node2] Stored NEW key='item:0736', value='value_736_initial', clock={dc2_node19:1}
[dc3_node2] Saved 14 keys to disk
[dc3_node2] Internal PUT (replication): key='item:0775'
[dc3_node2] Stored NEW key='item:0775', value='value_775_initial', clock={dc2_node19:1}
[dc3_node2] Saved 15 keys to disk
[dc3_node2] Internal PUT (replication): key='item:0793'
[dc3_node2] Stored NEW key='item:0793', value='value_793_initial', clock={dc4_node18:1}
[dc3_node2] Saved 16 keys to disk
[dc3_node2] Internal PUT (replication): key='item:0806'
[dc3_node2] Stored NEW key='item:0806', value='value_806_initial', clock={dc9_node20:1}
[dc3_node2] Saved 17 keys to disk
[dc3_node2] Internal PUT (replication): key='item:0863'
[dc3_node2] Stored NEW key='item:0863', value='value_863_initial', clock={dc3_node1:1}
[dc3_node2] Saved 18 keys to disk
[dc3_node2] Internal PUT (replication): key='item:1002'
[dc3_node2] Stored NEW key='item:1002', value='value_1002_initial', clock={dc9_node11:1}
[dc3_node2] Saved 19 keys to disk
[dc3_node2] Internal PUT (replication): key='item:1074'
[dc3_node2] Stored NEW key='item:1074', value='value_1074_initial', clock={dc3_node3:1}
[dc3_node2] Saved 20 keys to disk
[dc3_node2] Client PUT: key='item:1083', value='value_1083_initial'
[dc3_node2] Preference list for 'item:1083': ['localhost:50217', 'localhost:50180', 'localhost:50079']
[dc3_node2] Coordinator NOT in preference list, forwarding only
[dc3_node2] Replicated to localhost:50217
[dc3_node2] Replicated to localhost:50079
[dc3_node2] Replicated to localhost:50180
[dc3_node2] W-quorum achieved (2 writes), returning to client
[dc3_node2] Background replication continues for remaining nodes
[dc3_node2] Successful writes: 3/3
[dc3_node2] Client PUT: key='item:1226', value='value_1226_initial'
[dc3_node2] Preference list for 'item:1226': ['localhost:50136', 'localhost:50104', 'localhost:50127']
[dc3_node2] Coordinator NOT in preference list, forwarding only
[dc3_node2] Replicated to localhost:50136
[dc3_node2] Replicated to localhost:50127
[dc3_node2] Replicated to localhost:50104
[dc3_node2] W-quorum achieved (2 writes), returning to client
[dc3_node2] Background replication continues for remaining nodes
[dc3_node2] Successful writes: 3/3
[dc3_node2] Internal PUT (replication): key='item:1236'
[dc3_node2] Stored NEW key='item:1236', value='value_1236_initial', clock={dc10_node13:1}
[dc3_node2] Saved 21 keys to disk
[dc3_node2] Internal PUT (replication): key='item:1271'
[dc3_node2] Stored NEW key='item:1271', value='value_1271_initial', clock={dc8_node16:1}
[dc3_node2] Saved 22 keys to disk
[dc3_node2] Internal PUT (replication): key='item:1281'
[dc3_node2] Stored NEW key='item:1281', value='value_1281_initial', clock={dc6_node14:1}
[dc3_node2] Saved 23 keys to disk
[dc3_node2] Internal PUT (replication): key='item:1366'
[dc3_node2] Stored NEW key='item:1366', value='value_1366_initial', clock={dc5_node6:1}
[dc3_node2] Saved 24 keys to disk
[dc3_node2] Internal PUT (replication): key='item:1379'
[dc3_node2] Stored NEW key='item:1379', value='value_1379_initial', clock={dc8_node14:1}
[dc3_node2] Saved 25 keys to disk
[dc3_node2] Internal PUT (replication): key='item:1444'
[dc3_node2] Stored NEW key='item:1444', value='value_1444_initial', clock={dc10_node8:1}
[dc3_node2] Saved 26 keys to disk
[dc3_node2] Internal PUT (replication): key='item:1532'
[dc3_node2] Stored NEW key='item:1532', value='value_1532_initial', clock={dc7_node19:1}
[dc3_node2] Saved 27 keys to disk
[dc3_node2] Internal PUT (replication): key='item:1625'
[dc3_node2] Stored NEW key='item:1625', value='value_1625_initial', clock={dc9_node1:1}
[dc3_node2] Saved 28 keys to disk
[dc3_node2] Internal PUT (replication): key='item:1642'
[dc3_node2] Stored NEW key='item:1642', value='value_1642_initial', clock={dc4_node7:1}
[dc3_node2] Saved 29 keys to disk
[dc3_node2] Internal PUT (replication): key='item:1649'
[dc3_node2] Stored NEW key='item:1649', value='value_1649_initial', clock={dc7_node12:1}
[dc3_node2] Saved 30 keys to disk
[dc3_node2] Internal PUT (replication): key='item:1754'
[dc3_node2] Stored NEW key='item:1754', value='value_1754_initial', clock={dc6_node11:1}
[dc3_node2] Saved 31 keys to disk
[dc3_node2] Internal PUT (replication): key='item:1924'
[dc3_node2] Stored NEW key='item:1924', value='value_1924_initial', clock={dc5_node8:1}
[dc3_node2] Saved 32 keys to disk
[dc3_node2] Internal PUT (replication): key='item:2194'
[dc3_node2] Stored NEW key='item:2194', value='value_2194_initial', clock={dc3_node11:1}
[dc3_node2] Saved 33 keys to disk
[dc3_node2] Client PUT: key='item:2359', value='value_2359_initial'
[dc3_node2] Preference list for 'item:2359': ['localhost:50078', 'localhost:50161', 'localhost:50183']
[dc3_node2] Coordinator NOT in preference list, forwarding only
[dc3_node2] Replicated to localhost:50078
[dc3_node2] Replicated to localhost:50183
[dc3_node2] Replicated to localhost:50161
[dc3_node2] W-quorum achieved (2 writes), returning to client
[dc3_node2] Background replication continues for remaining nodes
[dc3_node2] Successful writes: 3/3
[dc3_node2] Client PUT: key='item:2443', value='value_2443_initial'
[dc3_node2] Preference list for 'item:2443': ['localhost:50174', 'localhost:50076', 'localhost:50221']
[dc3_node2] Coordinator NOT in preference list, forwarding only
[dc3_node2] Replicated to localhost:50174
[dc3_node2] Replicated to localhost:50076
[dc3_node2] Replicated to localhost:50221
[dc3_node2] W-quorum achieved (2 writes), returning to client
[dc3_node2] Background replication continues for remaining nodes
[dc3_node2] Successful writes: 3/3
[dc3_node2] Client PUT: key='item:2453', value='value_2453_initial'
[dc3_node2] Preference list for 'item:2453': ['localhost:50092', 'localhost:50079', 'localhost:50135']
[dc3_node2] Stored NEW key='item:2453', value='value_2453_initial', clock={dc3_node2:1}
[dc3_node2] Saved 34 keys to disk
[dc3_node2] Coordinator IS in preference list, stored locally
[dc3_node2] Replicated to localhost:50079
[dc3_node2] Replicated to localhost:50135
[dc3_node2] W-quorum achieved (2 writes), returning to client
[dc3_node2] Background replication continues for remaining nodes
[dc3_node2] Successful writes: 3/3
[dc3_node2] Internal PUT (replication): key='item:2495'
[dc3_node2] Stored NEW key='item:2495', value='value_2495_initial', clock={dc1_node3:1}
[dc3_node2] Saved 35 keys to disk
[dc3_node2] Internal PUT (replication): key='item:2573'
[dc3_node2] Stored NEW key='item:2573', value='value_2573_initial', clock={dc1_node17:1}
[dc3_node2] Saved 36 keys to disk
[dc3_node2] Internal PUT (replication): key='item:2587'
[dc3_node2] Stored NEW key='item:2587', value='value_2587_initial', clock={dc2_node19:1}
[dc3_node2] Saved 37 keys to disk
[dc3_node2] Client PUT: key='item:2591', value='value_2591_initial'
[dc3_node2] Preference list for 'item:2591': ['localhost:50077', 'localhost:50230', 'localhost:50102']
[dc3_node2] Coordinator NOT in preference list, forwarding only
[dc3_node2] Replicated to localhost:50102
[dc3_node2] Replicated to localhost:50077
[dc3_node2] Replicated to localhost:50230
[dc3_node2] W-quorum achieved (2 writes), returning to client
[dc3_node2] Background replication continues for remaining nodes
[dc3_node2] Successful writes: 3/3
[dc3_node2] Internal PUT (replication): key='item:2592'
[dc3_node2] Stored NEW key='item:2592', value='value_2592_initial', clock={dc2_node13:1}
[dc3_node2] Saved 38 keys to disk
[dc3_node2] Internal PUT (replication): key='item:2672'
[dc3_node2] Stored NEW key='item:2672', value='value_2672_initial', clock={dc10_node10:1}
[dc3_node2] Saved 39 keys to disk
[dc3_node2] Internal PUT (replication): key='item:2698'
[dc3_node2] Stored NEW key='item:2698', value='value_2698_initial', clock={dc5_node13:1}
[dc3_node2] Saved 40 keys to disk
[dc3_node2] Client PUT: key='item:2715', value='value_2715_initial'
[dc3_node2] Preference list for 'item:2715': ['localhost:50243', 'localhost:50201', 'localhost:50142']
[dc3_node2] Coordinator NOT in preference list, forwarding only
[dc3_node2] Replicated to localhost:50243
[dc3_node2] Replicated to localhost:50142
[dc3_node2] Replicated to localhost:50201
[dc3_node2] W-quorum achieved (2 writes), returning to client
[dc3_node2] Background replication continues for remaining nodes
[dc3_node2] Successful writes: 3/3
[dc3_node2] Internal PUT (replication): key='item:2719'
[dc3_node2] Stored NEW key='item:2719', value='value_2719_initial', clock={dc8_node3:1}
[dc3_node2] Saved 41 keys to disk
[dc3_node2] Internal PUT (replication): key='item:2763'
[dc3_node2] Stored NEW key='item:2763', value='value_2763_initial', clock={dc1_node8:1}
[dc3_node2] Saved 42 keys to disk
[dc3_node2] Internal PUT (replication): key='item:2844'
[dc3_node2] Stored NEW key='item:2844', value='value_2844_initial', clock={dc8_node20:1}
[dc3_node2] Saved 43 keys to disk
[dc3_node2] Internal PUT (replication): key='item:2857'
[dc3_node2] Stored NEW key='item:2857', value='value_2857_initial', clock={dc2_node12:1}
[dc3_node2] Saved 44 keys to disk
[dc3_node2] Internal PUT (replication): key='item:2895'
[dc3_node2] Stored NEW key='item:2895', value='value_2895_initial', clock={dc2_node20:1}
[dc3_node2] Saved 45 keys to disk
[dc3_node2] Internal PUT (replication): key='item:3043'
[dc3_node2] Stored NEW key='item:3043', value='value_3043_initial', clock={dc7_node19:1}
[dc3_node2] Saved 46 keys to disk
[dc3_node2] Internal PUT (replication): key='item:3059'
[dc3_node2] Stored NEW key='item:3059', value='value_3059_initial', clock={dc1_node10:1}
[dc3_node2] Saved 47 keys to disk
[dc3_node2] Internal PUT (replication): key='item:3119'
[dc3_node2] Stored NEW key='item:3119', value='value_3119_initial', clock={dc6_node12:1}
[dc3_node2] Saved 48 keys to disk
[dc3_node2] Internal PUT (replication): key='item:3130'
[dc3_node2] Stored NEW key='item:3130', value='value_3130_initial', clock={dc1_node2:1}
[dc3_node2] Saved 49 keys to disk
[dc3_node2] Internal PUT (replication): key='item:3144'
[dc3_node2] Stored NEW key='item:3144', value='value_3144_initial', clock={dc6_node16:1}
[dc3_node2] Saved 50 keys to disk
[dc3_node2] Internal PUT (replication): key='item:3204'
[dc3_node2] Stored NEW key='item:3204', value='value_3204_initial', clock={dc6_node8:1}
[dc3_node2] Saved 51 keys to disk
[dc3_node2] Client PUT: key='item:3239', value='value_3239_initial'
[dc3_node2] Preference list for 'item:3239': ['localhost:50170', 'localhost:50247', 'localhost:50084']
[dc3_node2] Coordinator NOT in preference list, forwarding only
[dc3_node2] Replicated to localhost:50170
[dc3_node2] Replicated to localhost:50247
[dc3_node2] Replicated to localhost:50084
[dc3_node2] W-quorum achieved (2 writes), returning to client
[dc3_node2] Background replication continues for remaining nodes
[dc3_node2] Successful writes: 3/3
[dc3_node2] Internal PUT (replication): key='item:3263'
[dc3_node2] Stored NEW key='item:3263', value='value_3263_initial', clock={dc8_node6:1}
[dc3_node2] Saved 52 keys to disk
[dc3_node2] Client PUT: key='item:3363', value='value_3363_initial'
[dc3_node2] Preference list for 'item:3363': ['localhost:50232', 'localhost:50128', 'localhost:50094']
[dc3_node2] Coordinator NOT in preference list, forwarding only
[dc3_node2] Replicated to localhost:50094
[dc3_node2] Replicated to localhost:50232
[dc3_node2] Replicated to localhost:50128
[dc3_node2] W-quorum achieved (2 writes), returning to client
[dc3_node2] Background replication continues for remaining nodes
[dc3_node2] Successful writes: 3/3
[dc3_node2] Internal PUT (replication): key='item:3451'
[dc3_node2] Stored NEW key='item:3451', value='value_3451_initial', clock={dc10_node6:1}
[dc3_node2] Saved 53 keys to disk
[dc3_node2] Client PUT: key='item:3464', value='value_3464_initial'
[dc3_node2] Preference list for 'item:3464': ['localhost:50059', 'localhost:50207', 'localhost:50145']
[dc3_node2] Coordinator NOT in preference list, forwarding only
[dc3_node2] Replicated to localhost:50059
[dc3_node2] Replicated to localhost:50207
[dc3_node2] Replicated to localhost:50145
[dc3_node2] W-quorum achieved (2 writes), returning to client
[dc3_node2] Background replication continues for remaining nodes
[dc3_node2] Successful writes: 3/3
[dc3_node2] Internal PUT (replication): key='item:3479'
[dc3_node2] Stored NEW key='item:3479', value='value_3479_initial', clock={dc6_node19:1}
[dc3_node2] Saved 54 keys to disk
[dc3_node2] Client PUT: key='item:3517', value='value_3517_initial'
[dc3_node2] Preference list for 'item:3517': ['localhost:50070', 'localhost:50162', 'localhost:50210']
[dc3_node2] Coordinator NOT in preference list, forwarding only
[dc3_node2] Replicated to localhost:50162
[dc3_node2] Replicated to localhost:50070
[dc3_node2] Replicated to localhost:50210
[dc3_node2] W-quorum achieved (2 writes), returning to client
[dc3_node2] Background replication continues for remaining nodes
[dc3_node2] Successful writes: 3/3
[dc3_node2] Internal PUT (replication): key='item:3543'
[dc3_node2] Stored NEW key='item:3543', value='value_3543_initial', clock={dc10_node6:1}
[dc3_node2] Saved 55 keys to disk
[dc3_node2] Client PUT: key='item:3587', value='value_3587_initial'
[dc3_node2] Preference list for 'item:3587': ['localhost:50239', 'localhost:50053', 'localhost:50207']
[dc3_node2] Coordinator NOT in preference list, forwarding only
[dc3_node2] Replicated to localhost:50207
[dc3_node2] Replicated to localhost:50053
[dc3_node2] Replicated to localhost:50239
[dc3_node2] W-quorum achieved (2 writes), returning to client
[dc3_node2] Background replication continues for remaining nodes
[dc3_node2] Successful writes: 3/3
[dc3_node2] Internal PUT (replication): key='item:3603'
[dc3_node2] Stored NEW key='item:3603', value='value_3603_initial', clock={dc9_node11:1}
[dc3_node2] Saved 56 keys to disk
[dc3_node2] Internal PUT (replication): key='item:3618'
[dc3_node2] Stored NEW key='item:3618', value='value_3618_initial', clock={dc10_node5:1}
[dc3_node2] Saved 57 keys to disk
[dc3_node2] Internal PUT (replication): key='item:3632'
[dc3_node2] Stored NEW key='item:3632', value='value_3632_initial', clock={dc4_node6:1}
[dc3_node2] Saved 58 keys to disk
[dc3_node2] Internal PUT (replication): key='item:3633'
[dc3_node2] Stored NEW key='item:3633', value='value_3633_initial', clock={dc8_node12:1}
[dc3_node2] Saved 59 keys to disk
[dc3_node2] Internal PUT (replication): key='item:3695'
[dc3_node2] Stored NEW key='item:3695', value='value_3695_initial', clock={dc9_node4:1}
[dc3_node2] Saved 60 keys to disk
[dc3_node2] Internal PUT (replication): key='item:3699'
[dc3_node2] Stored NEW key='item:3699', value='value_3699_initial', clock={dc7_node9:1}
[dc3_node2] Saved 61 keys to disk
[dc3_node2] Internal PUT (replication): key='item:3708'
[dc3_node2] Stored NEW key='item:3708', value='value_3708_initial', clock={dc6_node12:1}
[dc3_node2] Saved 62 keys to disk
[dc3_node2] Client PUT: key='item:3768', value='value_3768_initial'
[dc3_node2] Preference list for 'item:3768': ['localhost:50157', 'localhost:50246', 'localhost:50197']
[dc3_node2] Coordinator NOT in preference list, forwarding only
[dc3_node2] Replicated to localhost:50246
[dc3_node2] Replicated to localhost:50157
[dc3_node2] Replicated to localhost:50197
[dc3_node2] W-quorum achieved (2 writes), returning to client
[dc3_node2] Background replication continues for remaining nodes
[dc3_node2] Successful writes: 3/3
[dc3_node2] Internal PUT (replication): key='item:3822'
[dc3_node2] Stored NEW key='item:3822', value='value_3822_initial', clock={dc9_node14:1}
[dc3_node2] Saved 63 keys to disk
[dc3_node2] Client PUT: key='item:3899', value='value_3899_initial'
[dc3_node2] Preference list for 'item:3899': ['localhost:50207', 'localhost:50183', 'localhost:50239']
[dc3_node2] Coordinator NOT in preference list, forwarding only
[dc3_node2] Replicated to localhost:50207
[dc3_node2] Replicated to localhost:50183
[dc3_node2] Replicated to localhost:50239
[dc3_node2] W-quorum achieved (2 writes), returning to client
[dc3_node2] Background replication continues for remaining nodes
[dc3_node2] Successful writes: 3/3
[dc3_node2] Internal PUT (replication): key='item:3928'
[dc3_node2] Stored NEW key='item:3928', value='value_3928_initial', clock={dc1_node10:1}
[dc3_node2] Saved 64 keys to disk
[dc3_node2] Internal PUT (replication): key='item:4058'
[dc3_node2] Stored NEW key='item:4058', value='value_4058_initial', clock={dc4_node2:1}
[dc3_node2] Saved 65 keys to disk
[dc3_node2] Internal PUT (replication): key='item:4102'
[dc3_node2] Stored NEW key='item:4102', value='value_4102_initial', clock={dc2_node11:1}
[dc3_node2] Saved 66 keys to disk
[dc3_node2] Client PUT: key='item:4129', value='value_4129_initial'
[dc3_node2] Preference list for 'item:4129': ['localhost:50223', 'localhost:50115', 'localhost:50094']
[dc3_node2] Coordinator NOT in preference list, forwarding only
[dc3_node2] Replicated to localhost:50223
[dc3_node2] Replicated to localhost:50115
[dc3_node2] Replicated to localhost:50094
[dc3_node2] W-quorum achieved (2 writes), returning to client
[dc3_node2] Background replication continues for remaining nodes
[dc3_node2] Successful writes: 3/3
[dc3_node2] Client PUT: key='item:4164', value='value_4164_initial'
[dc3_node2] Preference list for 'item:4164': ['localhost:50054', 'localhost:50094', 'localhost:50216']
[dc3_node2] Coordinator NOT in preference list, forwarding only
[dc3_node2] Replicated to localhost:50054
[dc3_node2] Replicated to localhost:50216
[dc3_node2] Replicated to localhost:50094
[dc3_node2] W-quorum achieved (2 writes), returning to client
[dc3_node2] Background replication continues for remaining nodes
[dc3_node2] Successful writes: 3/3
[dc3_node2] Internal PUT (replication): key='item:4199'
[dc3_node2] Stored NEW key='item:4199', value='value_4199_initial', clock={dc3_node9:1}
[dc3_node2] Saved 67 keys to disk
[dc3_node2] Client PUT: key='item:4206', value='value_4206_initial'
[dc3_node2] Preference list for 'item:4206': ['localhost:50246', 'localhost:50119', 'localhost:50165']
[dc3_node2] Coordinator NOT in preference list, forwarding only
[dc3_node2] Replicated to localhost:50246
[dc3_node2] Replicated to localhost:50119
[dc3_node2] Replicated to localhost:50165
[dc3_node2] W-quorum achieved (2 writes), returning to client
[dc3_node2] Background replication continues for remaining nodes
[dc3_node2] Successful writes: 3/3
[dc3_node2] Internal PUT (replication): key='item:4222'
[dc3_node2] Stored NEW key='item:4222', value='value_4222_initial', clock={dc3_node12:1}
[dc3_node2] Saved 68 keys to disk
[dc3_node2] Internal PUT (replication): key='item:4271'
[dc3_node2] Stored NEW key='item:4271', value='value_4271_initial', clock={dc2_node20:1}
[dc3_node2] Saved 69 keys to disk
[dc3_node2] Client PUT: key='item:4297', value='value_4297_initial'
[dc3_node2] Preference list for 'item:4297': ['localhost:50089', 'localhost:50134', 'localhost:50236']
[dc3_node2] Coordinator NOT in preference list, forwarding only
[dc3_node2] Replicated to localhost:50089
[dc3_node2] Replicated to localhost:50134
[dc3_node2] Replicated to localhost:50236
[dc3_node2] W-quorum achieved (2 writes), returning to client
[dc3_node2] Background replication continues for remaining nodes
[dc3_node2] Successful writes: 3/3
[dc3_node2] Internal PUT (replication): key='item:4334'
[dc3_node2] Stored NEW key='item:4334', value='value_4334_initial', clock={dc2_node13:1}
[dc3_node2] Saved 70 keys to disk
[dc3_node2] Internal PUT (replication): key='item:4377'
[dc3_node2] Stored NEW key='item:4377', value='value_4377_initial', clock={dc9_node9:1}
[dc3_node2] Saved 71 keys to disk
[dc3_node2] Internal PUT (replication): key='item:4390'
[dc3_node2] Stored NEW key='item:4390', value='value_4390_initial', clock={dc10_node2:1}
[dc3_node2] Saved 72 keys to disk
[dc3_node2] Client PUT: key='item:4445', value='value_4445_initial'
[dc3_node2] Preference list for 'item:4445': ['localhost:50128', 'localhost:50176', 'localhost:50145']
[dc3_node2] Coordinator NOT in preference list, forwarding only
[dc3_node2] Replicated to localhost:50176
[dc3_node2] Replicated to localhost:50145
[dc3_node2] Replicated to localhost:50128
[dc3_node2] W-quorum achieved (2 writes), returning to client
[dc3_node2] Background replication continues for remaining nodes
[dc3_node2] Successful writes: 3/3
[dc3_node2] Internal PUT (replication): key='item:4485'
[dc3_node2] Stored NEW key='item:4485', value='value_4485_initial', clock={dc10_node19:1}
[dc3_node2] Saved 73 keys to disk
[dc3_node2] Client PUT: key='item:4624', value='value_4624_initial'
[dc3_node2] Preference list for 'item:4624': ['localhost:50246', 'localhost:50056', 'localhost:50085']
[dc3_node2] Coordinator NOT in preference list, forwarding only
[dc3_node2] Replicated to localhost:50246
[dc3_node2] Replicated to localhost:50056
[dc3_node2] Replicated to localhost:50085
[dc3_node2] W-quorum achieved (2 writes), returning to client
[dc3_node2] Background replication continues for remaining nodes
[dc3_node2] Successful writes: 3/3
[dc3_node2] Internal PUT (replication): key='item:4674'
[dc3_node2] Stored NEW key='item:4674', value='value_4674_initial', clock={dc10_node19:1}
[dc3_node2] Saved 74 keys to disk
[dc3_node2] Internal PUT (replication): key='item:4676'
[dc3_node2] Stored NEW key='item:4676', value='value_4676_initial', clock={dc1_node4:1}
[dc3_node2] Saved 75 keys to disk
[dc3_node2] Internal PUT (replication): key='item:4704'
[dc3_node2] Stored NEW key='item:4704', value='value_4704_initial', clock={dc3_node19:1}
[dc3_node2] Saved 76 keys to disk
[dc3_node2] Client PUT: key='item:4708', value='value_4708_initial'
[dc3_node2] Preference list for 'item:4708': ['localhost:50153', 'localhost:50083', 'localhost:50070']
[dc3_node2] Coordinator NOT in preference list, forwarding only
[dc3_node2] Replicated to localhost:50153
[dc3_node2] Replicated to localhost:50083
[dc3_node2] Replicated to localhost:50070
[dc3_node2] W-quorum achieved (2 writes), returning to client
[dc3_node2] Background replication continues for remaining nodes
[dc3_node2] Successful writes: 3/3
[dc3_node2] Internal PUT (replication): key='item:4730'
[dc3_node2] Stored NEW key='item:4730', value='value_4730_initial', clock={dc8_node14:1}
[dc3_node2] Saved 77 keys to disk
[dc3_node2] Internal PUT (replication): key='item:4751'
[dc3_node2] Stored NEW key='item:4751', value='value_4751_initial', clock={dc5_node14:1}
[dc3_node2] Saved 78 keys to disk
[dc3_node2] Internal PUT (replication): key='item:4774'
[dc3_node2] Stored NEW key='item:4774', value='value_4774_initial', clock={dc6_node8:1}
[dc3_node2] Saved 79 keys to disk
[dc3_node2] Internal PUT (replication): key='item:4793'
[dc3_node2] Stored NEW key='item:4793', value='value_4793_initial', clock={dc3_node18:1}
[dc3_node2] Saved 80 keys to disk
[dc3_node2] Internal PUT (replication): key='item:4831'
[dc3_node2] Stored NEW key='item:4831', value='value_4831_initial', clock={dc10_node6:1}
[dc3_node2] Saved 81 keys to disk
[dc3_node2] Internal PUT (replication): key='item:4866'
[dc3_node2] Stored NEW key='item:4866', value='value_4866_initial', clock={dc3_node15:1}
[dc3_node2] Saved 82 keys to disk
[dc3_node2] Client GET: key='item:1728'
[dc3_node2] Reading from preference list: ['localhost:50150', 'localhost:50054']
[dc3_node2] Key='item:1728' not found
[dc3_node2] Performing read repair for key='item:1728'
[dc3_node2] Read repair to localhost:50150 succeeded
[dc3_node2] Read repair to localhost:50054 succeeded
[dc3_node2] Read repair to localhost:50073 succeeded
[dc3_node2] Internal PUT (replication): key='item:1924'
[dc3_node2] CONFLICT detected for key='item:1924', siblings=2
[dc3_node2] Saved 82 keys to disk
[dc3_node2] Client PUT: key='item:0651', value='value_651_client21_op3'
[dc3_node2] Preference list for 'item:0651': ['localhost:50091', 'localhost:50210', 'localhost:50082']
[dc3_node2] Coordinator NOT in preference list, forwarding only
[dc3_node2] Replicated to localhost:50091
[dc3_node2] Replicated to localhost:50082
[dc3_node2] Replicated to localhost:50210
[dc3_node2] W-quorum achieved (2 writes), returning to client
[dc3_node2] Background replication continues for remaining nodes
[dc3_node2] Successful writes: 3/3
[dc3_node2] Internal PUT (replication): key='item:1271'
[dc3_node2] CONFLICT detected for key='item:1271', siblings=2
[dc3_node2] Saved 82 keys to disk
[dc3_node2] Client PUT: key='item:0911', value='value_911_client18_op7'
[dc3_node2] Preference list for 'item:0911': ['localhost:50151', 'localhost:50137', 'localhost:50070']
[dc3_node2] Coordinator NOT in preference list, forwarding only
[dc3_node2] Replicated to localhost:50151
[dc3_node2] Client PUT: key='item:1798', value='value_1798_update_client47_op1'
[dc3_node2] Preference list for 'item:1798': ['localhost:50181', 'localhost:50140', 'localhost:50125']
[dc3_node2] Coordinator NOT in preference list, forwarding only
[dc3_node2] Replicated to localhost:50070
[dc3_node2] Replicated to localhost:50137
[dc3_node2] Replicated to localhost:50140
[dc3_node2] Replicated to localhost:50181
[dc3_node2] W-quorum achieved (2 writes), returning to client
[dc3_node2] Background replication continues for remaining nodes
[dc3_node2] Successful writes: 3/3
[dc3_node2] W-quorum achieved (2 writes), returning to client
[dc3_node2] Background replication continues for remaining nodes
[dc3_node2] Successful writes: 2/3
[dc3_node2] Replicated to localhost:50125
[dc3_node2] Internal PUT (replication): key='item:4377'
[dc3_node2] CONFLICT detected for key='item:4377', siblings=2
[dc3_node2] Saved 82 keys to disk
[dc3_node2] Merged versions for key='item:1074', result=1 versions
[dc3_node2] Saved 82 keys to disk
[dc3_node2] Merged versions for key='item:3543', result=1 versions
[dc3_node2] Saved 82 keys to disk
[dc3_node2] Internal PUT (replication): key='item:4793'
[dc3_node2] CONFLICT detected for key='item:4793', siblings=2
[dc3_node2] Saved 82 keys to disk
[dc3_node2] Internal PUT (replication): key='item:1236'
[dc3_node2] CONFLICT detected for key='item:1236', siblings=2
[dc3_node2] Saved 82 keys to disk
[dc3_node2] Internal PUT (replication): key='item:3632'
[dc3_node2] CONFLICT detected for key='item:3632', siblings=2
[dc3_node2] Saved 82 keys to disk
[dc3_node2] Internal PUT (replication): key='item:0171'
[dc3_node2] CONFLICT detected for key='item:0171', siblings=2
[dc3_node2] Saved 82 keys to disk
[dc3_node2] Client PUT: key='item:4177', value='value_4177_update_client34_op11'
[dc3_node2] Preference list for 'item:4177': ['localhost:50175', 'localhost:50162', 'localhost:50193']
[dc3_node2] Coordinator NOT in preference list, forwarding only
[dc3_node2] Replicated to localhost:50175
[dc3_node2] Replicated to localhost:50162
[dc3_node2] Replicated to localhost:50193
[dc3_node2] W-quorum achieved (2 writes), returning to client
[dc3_node2] Background replication continues for remaining nodes
[dc3_node2] Successful writes: 3/3
[dc3_node2] Client GET: key='item:0019'
[dc3_node2] Reading from preference list: ['localhost:50109', 'localhost:50122']
[dc3_node2] Key='item:0019' not found
[dc3_node2] Performing read repair for key='item:0019'
[dc3_node2] Read repair to localhost:50109 succeeded
[dc3_node2] Read repair to localhost:50122 succeeded
[dc3_node2] Read repair to localhost:50182 succeeded
[dc3_node2] Internal PUT (replication): key='item:4377'
[dc3_node2] CONFLICT detected for key='item:4377', siblings=3
[dc3_node2] Saved 82 keys to disk
[dc3_node2] Internal PUT (replication): key='item:0806'
[dc3_node2] CONFLICT detected for key='item:0806', siblings=2
[dc3_node2] Saved 82 keys to disk
[dc3_node2] Internal PUT (replication): key='item:4334'
[dc3_node2] CONFLICT detected for key='item:4334', siblings=2
[dc3_node2] Saved 82 keys to disk
[dc3_node2] Internal PUT (replication): key='item:3204'
[dc3_node2] CONFLICT detected for key='item:3204', siblings=2
[dc3_node2] Saved 82 keys to disk
[dc3_node2] Retrieved key='item:0736', versions=1
[dc3_node2] Merged versions for key='item:0736', result=1 versions
[dc3_node2] Saved 82 keys to disk
[dc3_node2] Merged versions for key='item:3699', result=1 versions
[dc3_node2] Saved 82 keys to disk
[dc3_node2] Internal PUT (replication): key='item:3618'
[dc3_node2] CONFLICT detected for key='item:3618', siblings=2
[dc3_node2] Saved 82 keys to disk
[dc3_node2] Internal PUT (replication): key='item:4334'
[dc3_node2] CONFLICT detected for key='item:4334', siblings=3
[dc3_node2] Saved 82 keys to disk
[dc3_node2] Retrieved key='item:4377', versions=3
[dc3_node2] Retrieved key='item:4831', versions=1
[dc3_node2] Merged versions for key='item:4831', result=1 versions
[dc3_node2] Saved 82 keys to disk
[dc3_node2] Retrieved key='item:0863', versions=1
[dc3_node2] Merged versions for key='item:0863', result=1 versions
[dc3_node2] Saved 82 keys to disk
[dc3_node2] Internal PUT (replication): key='item:3144'
[dc3_node2] CONFLICT detected for key='item:3144', siblings=2
[dc3_node2] Saved 82 keys to disk
[dc3_node2] Retrieved key='item:3708', versions=1
[dc3_node2] Merged versions for key='item:3708', result=1 versions
[dc3_node2] Saved 82 keys to disk
[dc3_node2] Internal PUT (replication): key='item:4485'
[dc3_node2] CONFLICT detected for key='item:4485', siblings=2
[dc3_node2] Saved 82 keys to disk
[dc3_node2] Merged versions for key='item:0312', result=1 versions
[dc3_node2] Saved 82 keys to disk
[dc3_node2] Retrieved key='item:3043', versions=1
[dc3_node2] Merged versions for key='item:3043', result=1 versions
[dc3_node2] Saved 82 keys to disk
[dc3_node2] Internal PUT (replication): key='item:2698'
[dc3_node2] CONFLICT detected for key='item:2698', siblings=2
[dc3_node2] Saved 82 keys to disk
[dc3_node2] Merged versions for key='item:3451', result=1 versions
[dc3_node2] Saved 82 keys to disk
[dc3_node2] Retrieved key='item:4866', versions=1
[dc3_node2] Merged versions for key='item:4866', result=1 versions
[dc3_node2] Saved 82 keys to disk
[dc3_node2] Retrieved key='item:0025', versions=1
[dc3_node2] Merged versions for key='item:0025', result=1 versions
[dc3_node2] Saved 82 keys to disk
[dc3_node2] Internal PUT (replication): key='item:0698'
[dc3_node2] CONFLICT detected for key='item:0698', siblings=2
[dc3_node2] Saved 82 keys to disk
[dc3_node2] Internal PUT (replication): key='item:0204'
[dc3_node2] CONFLICT detected for key='item:0204', siblings=2
[dc3_node2] Saved 82 keys to disk
[dc3_node2] Internal PUT (replication): key='item:1649'
[dc3_node2] CONFLICT detected for key='item:1649', siblings=2
[dc3_node2] Saved 82 keys to disk
[dc3_node2] Internal PUT (replication): key='item:0025'
[dc3_node2] CONFLICT detected for key='item:0025', siblings=2
[dc3_node2] Saved 82 keys to disk
[dc3_node2] Retrieved key='item:4102', versions=1
[dc3_node2] Merged versions for key='item:4102', result=1 versions
[dc3_node2] Saved 82 keys to disk
[dc3_node2] Internal PUT (replication): key='item:4377'
[dc3_node2] CONFLICT detected for key='item:4377', siblings=4
[dc3_node2] Saved 82 keys to disk
[dc3_node2] Client PUT: key='item:1828', value='value_1828_update_client40_op39'
[dc3_node2] Preference list for 'item:1828': ['localhost:50169', 'localhost:50227', 'localhost:50202']
[dc3_node2] Coordinator NOT in preference list, forwarding only
[dc3_node2] Internal PUT (replication): key='item:4676'
[dc3_node2] CONFLICT detected for key='item:4676', siblings=2
[dc3_node2] Saved 82 keys to disk
[dc3_node2] Replicated to localhost:50169
[dc3_node2] Replicated to localhost:50227
[dc3_node2] Replicated to localhost:50202
[dc3_node2] W-quorum achieved (2 writes), returning to client
[dc3_node2] Background replication continues for remaining nodes
[dc3_node2] Successful writes: 3/3
[dc3_node2] Client PUT: key='item:4778', value='value_4778_client6_op42'
[dc3_node2] Preference list for 'item:4778': ['localhost:50105', 'localhost:50156', 'localhost:50239']
[dc3_node2] Coordinator NOT in preference list, forwarding only
[dc3_node2] Replicated to localhost:50105
[dc3_node2] Replicated to localhost:50156
[dc3_node2] Replicated to localhost:50239
[dc3_node2] W-quorum achieved (2 writes), returning to client
[dc3_node2] Background replication continues for remaining nodes
[dc3_node2] Successful writes: 3/3
[dc3_node2] Client PUT: key='item:4200', value='value_4200_client39_op46'
[dc3_node2] Preference list for 'item:4200': ['localhost:50096', 'localhost:50145', 'localhost:50088']
[dc3_node2] Coordinator NOT in preference list, forwarding only
[dc3_node2] Replicated to localhost:50088
[dc3_node2] Replicated to localhost:50096
[dc3_node2] Replicated to localhost:50145
[dc3_node2] W-quorum achieved (2 writes), returning to client
[dc3_node2] Background replication continues for remaining nodes
[dc3_node2] Successful writes: 3/3
[dc3_node2] Internal PUT (replication): key='item:0255'
[dc3_node2] CONFLICT detected for key='item:0255', siblings=2
[dc3_node2] Saved 82 keys to disk
[dc3_node2] Internal PUT (replication): key='item:3708'
[dc3_node2] CONFLICT detected for key='item:3708', siblings=2
[dc3_node2] Saved 82 keys to disk
[dc3_node2] Client PUT: key='item:4097', value='value_4097_client27_op50'
[dc3_node2] Preference list for 'item:4097': ['localhost:50237', 'localhost:50106', 'localhost:50160']
[dc3_node2] Coordinator NOT in preference list, forwarding only
[dc3_node2] Replicated to localhost:50106
[dc3_node2] Replicated to localhost:50160
[dc3_node2] Replicated to localhost:50237
[dc3_node2] W-quorum achieved (2 writes), returning to client
[dc3_node2] Background replication continues for remaining nodes
[dc3_node2] Successful writes: 3/3
[dc3_node2] Internal PUT (replication): key='item:0171'
[dc3_node2] CONFLICT detected for key='item:0171', siblings=3
[dc3_node2] Client PUT: key='item:1676', value='value_1676_update_client45_op45'
[dc3_node2] Preference list for 'item:1676': ['localhost:50109', 'localhost:50138', 'localhost:50052']
[dc3_node2] Coordinator NOT in preference list, forwarding only
[dc3_node2] Internal PUT (replication): key='item:0736'
[dc3_node2] Saved 82 keys to disk
[dc3_node2] Replicated to localhost:50138
[dc3_node2] Replicated to localhost:50052
[dc3_node2] CONFLICT detected for key='item:0736', siblings=2
[dc3_node2] Replicated to localhost:50109
[dc3_node2] Saved 82 keys to disk
[dc3_node2] Internal PUT (replication): key='item:3633'
[dc3_node2] CONFLICT detected for key='item:3633', siblings=2
[dc3_node2] Saved 82 keys to disk
[dc3_node2] W-quorum achieved (2 writes), returning to client
[dc3_node2] Background replication continues for remaining nodes
[dc3_node2] Successful writes: 3/3
[dc3_node2] Internal PUT (replication): key='item:1754'
[dc3_node2] CONFLICT detected for key='item:1754', siblings=2
[dc3_node2] Saved 82 keys to disk
[dc3_node2] Merged versions for key='item:0021', result=1 versions
[dc3_node2] Saved 82 keys to disk
[dc3_node2] Internal PUT (replication): key='item:3695'
[dc3_node2] CONFLICT detected for key='item:3695', siblings=2
[dc3_node2] Saved 82 keys to disk
[dc3_node2] Internal PUT (replication): key='item:3204'
[dc3_node2] CONFLICT detected for key='item:3204', siblings=3
[dc3_node2] Saved 82 keys to disk
[dc3_node2] Retrieved key='item:4730', versions=1
[dc3_node2] Merged versions for key='item:4730', result=1 versions
[dc3_node2] Saved 82 keys to disk
[dc3_node2] Internal PUT (replication): key='item:4749'
[dc3_node2] Stored NEW key='item:4749', value='value_4749_update_client43_op52', clock={dc2_node20:1}
[dc3_node2] Saved 83 keys to disk
[dc3_node2] Retrieved key='item:3119', versions=1
[dc3_node2] Merged versions for key='item:3119', result=1 versions
[dc3_node2] Saved 83 keys to disk
[dc3_node2] Internal PUT (replication): key='item:1924'
[dc3_node2] CONFLICT detected for key='item:1924', siblings=3
[dc3_node2] Saved 83 keys to disk
[dc3_node2] Client GET: key='item:2965'
[dc3_node2] Reading from preference list: ['localhost:50102', 'localhost:50215']
[dc3_node2] Key='item:2965' not found
[dc3_node2] Performing read repair for key='item:2965'
[dc3_node2] Read repair to localhost:50102 succeeded
[dc3_node2] Read repair to localhost:50215 succeeded
[dc3_node2] Read repair to localhost:50153 succeeded
[dc3_node2] Client GET: key='item:2320'
[dc3_node2] Reading from preference list: ['localhost:50097', 'localhost:50123']
[dc3_node2] Key='item:2320' not found
[dc3_node2] Performing read repair for key='item:2320'
[dc3_node2] Read repair to localhost:50097 succeeded
[dc3_node2] Read repair to localhost:50123 succeeded
[dc3_node2] Read repair to localhost:50052 succeeded
[dc3_node2] Internal PUT (replication): key='item:1754'
[dc3_node2] CONFLICT detected for key='item:1754', siblings=3
[dc3_node2] Saved 83 keys to disk
[dc3_node2] Client PUT: key='item:2883', value='value_2883_update_client5_op63'
[dc3_node2] Preference list for 'item:2883': ['localhost:50113', 'localhost:50250', 'localhost:50098']
[dc3_node2] Coordinator NOT in preference list, forwarding only
[dc3_node2] Replicated to localhost:50113
[dc3_node2] Replicated to localhost:50098
[dc3_node2] Replicated to localhost:50250
[dc3_node2] W-quorum achieved (2 writes), returning to client
[dc3_node2] Background replication continues for remaining nodes
[dc3_node2] Successful writes: 3/3
[dc3_node2] Internal PUT (replication): key='item:0254'
[dc3_node2] CONFLICT detected for key='item:0254', siblings=2
[dc3_node2] Saved 83 keys to disk
[dc3_node2] Retrieved key='item:1642', versions=1
[dc3_node2] Merged versions for key='item:1642', result=1 versions
[dc3_node2] Saved 83 keys to disk
[dc3_node2] Retrieved key='item:1444', versions=1
[dc3_node2] Internal PUT (replication): key='item:0863'
[dc3_node2] CONFLICT detected for key='item:0863', siblings=2
[dc3_node2] Saved 83 keys to disk
[dc3_node2] Merged versions for key='item:1444', result=1 versions
[dc3_node2] Saved 83 keys to disk
[dc3_node2] Client PUT: key='item:1687', value='value_1687_update_client12_op70'
[dc3_node2] Preference list for 'item:1687': ['localhost:50179', 'localhost:50070', 'localhost:50196']
[dc3_node2] Coordinator NOT in preference list, forwarding only
[dc3_node2] Replicated to localhost:50070
[dc3_node2] Replicated to localhost:50179
[dc3_node2] Replicated to localhost:50196
[dc3_node2] W-quorum achieved (2 writes), returning to client
[dc3_node2] Background replication continues for remaining nodes
[dc3_node2] Successful writes: 3/3
[dc3_node2] Client GET: key='item:4377'
[dc3_node2] Reading from preference list: ['localhost:50205', 'localhost:50092']
[dc3_node2] Retrieved key='item:4377', versions=4
[dc3_node2] CONFLICT: 8 sibling versions for 'item:4377'
[dc3_node2] Retrieved key='item:3603', versions=1
[dc3_node2] Merged versions for key='item:3603', result=1 versions
[dc3_node2] Saved 83 keys to disk
[dc3_node2] Internal PUT (replication): key='item:2719'
[dc3_node2] CONFLICT detected for key='item:2719', siblings=2
[dc3_node2] Saved 83 keys to disk
[dc3_node2] Internal PUT (replication): key='item:2592'
[dc3_node2] CONFLICT detected for key='item:2592', siblings=2
[dc3_node2] Saved 83 keys to disk
[dc3_node2] Client PUT: key='item:1147', value='value_1147_update_client23_op78'
[dc3_node2] Preference list for 'item:1147': ['localhost:50085', 'localhost:50193', 'localhost:50109']
[dc3_node2] Coordinator NOT in preference list, forwarding only
[dc3_node2] Replicated to localhost:50085
[dc3_node2] Replicated to localhost:50109
[dc3_node2] Replicated to localhost:50193
[dc3_node2] W-quorum achieved (2 writes), returning to client
[dc3_node2] Background replication continues for remaining nodes
[dc3_node2] Successful writes: 3/3
[dc3_node2] Client PUT: key='item:3733', value='value_3733_update_client5_op74'
[dc3_node2] Preference list for 'item:3733': ['localhost:50104', 'localhost:50138', 'localhost:50126']
[dc3_node2] Coordinator NOT in preference list, forwarding only
[dc3_node2] Replicated to localhost:50104
[dc3_node2] Replicated to localhost:50138
[dc3_node2] Replicated to localhost:50126
[dc3_node2] W-quorum achieved (2 writes), returning to client
[dc3_node2] Background replication continues for remaining nodes
[dc3_node2] Successful writes: 3/3
[dc3_node2] Client GET: key='item:2752'
[dc3_node2] Reading from preference list: ['localhost:50223', 'localhost:50237']
[dc3_node2] Key='item:2752' not found
[dc3_node2] Performing read repair for key='item:2752'
[dc3_node2] Read repair to localhost:50223 succeeded
[dc3_node2] Internal PUT (replication): key='item:3119'
[dc3_node2] CONFLICT detected for key='item:3119', siblings=2
[dc3_node2] Saved 83 keys to disk
[dc3_node2] Read repair to localhost:50237 succeeded
[dc3_node2] Read repair to localhost:50189 succeeded
[dc3_node2] Retrieved key='item:4485', versions=2
[dc3_node2] Internal PUT (replication): key='item:2495'
[dc3_node2] CONFLICT detected for key='item:2495', siblings=2
[dc3_node2] Saved 83 keys to disk
[dc3_node2] Retrieved key='item:0171', versions=3
[dc3_node2] Internal PUT (replication): key='item:1532'
[dc3_node2] CONFLICT detected for key='item:1532', siblings=2
[dc3_node2] Saved 83 keys to disk
[dc3_node2] Internal PUT (replication): key='item:3479'
[dc3_node2] CONFLICT detected for key='item:3479', siblings=2
[dc3_node2] Saved 83 keys to disk
[dc3_node2] Internal PUT (replication): key='item:1924'
[dc3_node2] CONFLICT detected for key='item:1924', siblings=4
[dc3_node2] Saved 83 keys to disk
[dc3_node2] Internal PUT (replication): key='item:0171'
[dc3_node2] CONFLICT detected for key='item:0171', siblings=4
[dc3_node2] Saved 83 keys to disk
[dc3_node2] Internal PUT (replication): key='item:1625'
[dc3_node2] CONFLICT detected for key='item:1625', siblings=2
[dc3_node2] Saved 83 keys to disk
[dc3_node2] Internal PUT (replication): key='item:4866'
[dc3_node2] CONFLICT detected for key='item:4866', siblings=2
[dc3_node2] Saved 83 keys to disk
[dc3_node2] Client PUT: key='item:4925', value='value_4925_update_client0_op83'
[dc3_node2] Preference list for 'item:4925': ['localhost:50114', 'localhost:50183', 'localhost:50133']
[dc3_node2] Coordinator NOT in preference list, forwarding only
[dc3_node2] Replicated to localhost:50114
[dc3_node2] Replicated to localhost:50183
[dc3_node2] Replicated to localhost:50133
[dc3_node2] W-quorum achieved (2 writes), returning to client
[dc3_node2] Background replication continues for remaining nodes
[dc3_node2] Successful writes: 3/3
[dc3_node2] Retrieved key='item:3603', versions=1
[dc3_node2] Merged versions for key='item:3603', result=1 versions
[dc3_node2] Saved 83 keys to disk
[dc3_node2] Internal PUT (replication): key='item:3603'
[dc3_node2] CONFLICT detected for key='item:3603', siblings=2
[dc3_node2] Saved 83 keys to disk
[dc3_node2] Internal PUT (replication): key='item:4271'
[dc3_node2] CONFLICT detected for key='item:4271', siblings=2
[dc3_node2] Saved 83 keys to disk
[dc3_node2] Client GET: key='item:4260'
[dc3_node2] Reading from preference list: ['localhost:50238', 'localhost:50064']
[dc3_node2] Key='item:4260' not found
[dc3_node2] CONFLICT: 6 sibling versions for 'item:4260'
[dc3_node2] Retrieved key='item:2844', versions=1
[dc3_node2] Merged versions for key='item:2844', result=1 versions
[dc3_node2] Saved 83 keys to disk
[dc3_node2] Internal PUT (replication): key='item:4334'
[dc3_node2] CONFLICT detected for key='item:4334', siblings=4
[dc3_node2] Saved 83 keys to disk
[dc3_node2] Internal PUT (replication): key='item:4730'
[dc3_node2] CONFLICT detected for key='item:4730', siblings=2
[dc3_node2] Saved 83 keys to disk
[dc3_node2] Retrieved key='item:1366', versions=1
[dc3_node2] Merged versions for key='item:1366', result=1 versions
[dc3_node2] Saved 83 keys to disk
[dc3_node2] Retrieved key='item:1924', versions=4
[dc3_node2] Internal PUT (replication): key='item:1625'
[dc3_node2] CONFLICT detected for key='item:1625', siblings=3
[dc3_node2] Saved 83 keys to disk
[dc3_node2] Internal PUT (replication): key='item:3043'
[dc3_node2] CONFLICT detected for key='item:3043', siblings=2
[dc3_node2] Saved 83 keys to disk
[dc3_node2] Retrieved key='item:1002', versions=1
[dc3_node2] Merged versions for key='item:1002', result=1 versions
[dc3_node2] Internal PUT (replication): key='item:0793'
[dc3_node2] Internal PUT (replication): key='item:0698'
[dc3_node2] Saved 83 keys to disk
[dc3_node2] CONFLICT detected for key='item:0793', siblings=2
[dc3_node2] Saved 83 keys to disk
[dc3_node2] CONFLICT detected for key='item:0698', siblings=3
[dc3_node2] Saved 83 keys to disk
[dc3_node2] Retrieved key='item:3708', versions=2
[dc3_node2] Internal PUT (replication): key='item:1366'
[dc3_node2] CONFLICT detected for key='item:1366', siblings=2
[dc3_node2] Saved 83 keys to disk
[dc3_node2] Internal PUT (replication): key='item:4704'
[dc3_node2] CONFLICT detected for key='item:4704', siblings=2
[dc3_node2] Saved 83 keys to disk
[dc3_node2] Internal PUT (replication): key='item:4334'
[dc3_node2] CONFLICT detected for key='item:4334', siblings=5
[dc3_node2] Saved 83 keys to disk
[dc3_node2] Retrieved key='item:4377', versions=4
[dc3_node2] Retrieved key='item:3603', versions=2
[dc3_node2] Internal PUT (replication): key='item:3633'
[dc3_node2] CONFLICT detected for key='item:3633', siblings=3
[dc3_node2] Saved 83 keys to disk
[dc3_node2] Internal PUT (replication): key='item:1649'
[dc3_node2] CONFLICT detected for key='item:1649', siblings=3
[dc3_node2] Saved 83 keys to disk
[dc3_node2] Client PUT: key='item:2982', value='value_2982_update_client45_op103'
[dc3_node2] Preference list for 'item:2982': ['localhost:50065', 'localhost:50179', 'localhost:50112']
[dc3_node2] Coordinator NOT in preference list, forwarding only
[dc3_node2] Replicated to localhost:50179
[dc3_node2] Replicated to localhost:50065
[dc3_node2] Replicated to localhost:50112
[dc3_node2] W-quorum achieved (2 writes), returning to client
[dc3_node2] Background replication continues for remaining nodes
[dc3_node2] Successful writes: 3/3
[dc3_node2] Retrieved key='item:4058', versions=1
[dc3_node2] Merged versions for key='item:4058', result=1 versions
[dc3_node2] Saved 83 keys to disk
[dc3_node2] Internal PUT (replication): key='item:0654'
[dc3_node2] CONFLICT detected for key='item:0654', siblings=2
[dc3_node2] Saved 83 keys to disk
[dc3_node2] Internal PUT (replication): key='item:2194'
[dc3_node2] CONFLICT detected for key='item:2194', siblings=2
[dc3_node2] Saved 83 keys to disk
[dc3_node2] Internal PUT (replication): key='item:1074'
[dc3_node2] CONFLICT detected for key='item:1074', siblings=2
[dc3_node2] Saved 83 keys to disk
[dc3_node2] Client GET: key='item:4784'
[dc3_node2] Reading from preference list: ['localhost:50146', 'localhost:50221']
[dc3_node2] Key='item:4784' not found
[dc3_node2] CONFLICT: 6 sibling versions for 'item:4784'
[dc3_node2] Internal PUT (replication): key='item:1379'
[dc3_node2] CONFLICT detected for key='item:1379', siblings=2
[dc3_node2] Saved 83 keys to disk
[dc3_node2] Retrieved key='item:0254', versions=2
[dc3_node2] Client PUT: key='item:1646', value='value_1646_client5_op114'
[dc3_node2] Preference list for 'item:1646': ['localhost:50076', 'localhost:50140', 'localhost:50107']
[dc3_node2] Coordinator NOT in preference list, forwarding only
[dc3_node2] Replicated to localhost:50076
[dc3_node2] Replicated to localhost:50107
[dc3_node2] Replicated to localhost:50140
[dc3_node2] W-quorum achieved (2 writes), returning to client
[dc3_node2] Background replication continues for remaining nodes
[dc3_node2] Successful writes: 3/3
[dc3_node2] Retrieved key='item:2857', versions=1
[dc3_node2] Merged versions for key='item:2857', result=1 versions
[dc3_node2] Saved 83 keys to disk
[dc3_node2] Internal PUT (replication): key='item:2194'
[dc3_node2] CONFLICT detected for key='item:2194', siblings=3
[dc3_node2] Saved 83 keys to disk
[dc3_node2] Retrieved key='item:2895', versions=1
[dc3_node2] Merged versions for key='item:2895', result=1 versions
[dc3_node2] Saved 83 keys to disk
[dc3_node2] Client GET: key='item:2964'
[dc3_node2] Reading from preference list: ['localhost:50161', 'localhost:50129']
[dc3_node2] Key='item:2964' not found
[dc3_node2] CONFLICT: 4 sibling versions for 'item:2964'
[dc3_node2] Internal PUT (replication): key='item:4390'
[dc3_node2] CONFLICT detected for key='item:4390', siblings=2
[dc3_node2] Saved 83 keys to disk
[dc3_node2] Client GET: key='item:4198'
[dc3_node2] Reading from preference list: ['localhost:50082', 'localhost:50057']
[dc3_node2] Key='item:4198' not found
[dc3_node2] Performing read repair for key='item:4198'
[dc3_node2] Read repair to localhost:50082 succeeded
[dc3_node2] Client PUT: key='item:2840', value='value_2840_client48_op121'
[dc3_node2] Preference list for 'item:2840': ['localhost:50091', 'localhost:50166', 'localhost:50076']
[dc3_node2] Coordinator NOT in preference list, forwarding only
[dc3_node2] Replicated to localhost:50091
[dc3_node2] Read repair to localhost:50057 succeeded
[dc3_node2] Replicated to localhost:50166
[dc3_node2] Replicated to localhost:50076
[dc3_node2] Read repair to localhost:50194 succeeded
[dc3_node2] W-quorum achieved (2 writes), returning to client
[dc3_node2] Background replication continues for remaining nodes
[dc3_node2] Successful writes: 3/3
[dc3_node2] Retrieved key='item:2763', versions=1
[dc3_node2] Internal PUT (replication): key='item:4774'
[dc3_node2] CONFLICT detected for key='item:4774', siblings=2
[dc3_node2] Saved 83 keys to disk
[dc3_node2] Merged versions for key='item:2763', result=1 versions
[dc3_node2] Saved 83 keys to disk
[dc3_node2] Internal PUT (replication): key='item:3633'
[dc3_node2] CONFLICT detected for key='item:3633', siblings=4
[dc3_node2] Saved 83 keys to disk
[dc3_node2] Internal PUT (replication): key='item:3263'
[dc3_node2] CONFLICT detected for key='item:3263', siblings=2
[dc3_node2] Saved 83 keys to disk
[dc3_node2] Retrieved key='item:2587', versions=1
[dc3_node2] Merged versions for key='item:2587', result=1 versions
[dc3_node2] Saved 83 keys to disk
[dc3_node2] Internal PUT (replication): key='item:4058'
[dc3_node2] CONFLICT detected for key='item:4058', siblings=2
[dc3_node2] Saved 83 keys to disk
[dc3_node2] Retrieved key='item:3708', versions=2
[dc3_node2] Internal PUT (replication): key='item:3204'
[dc3_node2] CONFLICT detected for key='item:3204', siblings=4
[dc3_node2] Saved 83 keys to disk
[dc3_node2] Retrieved key='item:4676', versions=2
[dc3_node2] Client PUT: key='item:0156', value='value_156_update_client6_op131'
[dc3_node2] Preference list for 'item:0156': ['localhost:50151', 'localhost:50192', 'localhost:50085']
[dc3_node2] Coordinator NOT in preference list, forwarding only
[dc3_node2] Replicated to localhost:50192
[dc3_node2] Replicated to localhost:50151
[dc3_node2] Replicated to localhost:50085
[dc3_node2] W-quorum achieved (2 writes), returning to client
[dc3_node2] Background replication continues for remaining nodes
[dc3_node2] Successful writes: 3/3
[dc3_node2] Internal PUT (replication): key='item:1924'
[dc3_node2] CONFLICT detected for key='item:1924', siblings=5
[dc3_node2] Saved 83 keys to disk
[dc3_node2] Client PUT: key='item:0240', value='value_240_update_client21_op140'
[dc3_node2] Preference list for 'item:0240': ['localhost:50075', 'localhost:50200', 'localhost:50165']
[dc3_node2] Coordinator NOT in preference list, forwarding only
[dc3_node2] Replicated to localhost:50075
[dc3_node2] Replicated to localhost:50200
[dc3_node2] Replicated to localhost:50165
[dc3_node2] W-quorum achieved (2 writes), returning to client
[dc3_node2] Background replication continues for remaining nodes
[dc3_node2] Successful writes: 3/3
[dc3_node2] Internal PUT (replication): key='item:4704'
[dc3_node2] CONFLICT detected for key='item:4704', siblings=3
[dc3_node2] Saved 83 keys to disk
[dc3_node2] Client PUT: key='item:0339', value='value_339_update_client6_op139'
[dc3_node2] Preference list for 'item:0339': ['localhost:50157', 'localhost:50082', 'localhost:50174']
[dc3_node2] Coordinator NOT in preference list, forwarding only
[dc3_node2] Replicated to localhost:50174
[dc3_node2] Replicated to localhost:50082
[dc3_node2] Replicated to localhost:50157
[dc3_node2] Retrieved key='item:4390', versions=2
[dc3_node2] W-quorum achieved (2 writes), returning to client
[dc3_node2] Background replication continues for remaining nodes
[dc3_node2] Successful writes: 3/3
[dc3_node2] Merged versions for key='item:0122', result=1 versions
[dc3_node2] Saved 83 keys to disk
[dc3_node2] Retrieved key='item:3479', versions=2
[dc3_node2] Internal PUT (replication): key='item:0255'
[dc3_node2] CONFLICT detected for key='item:0255', siblings=3
[dc3_node2] Saved 83 keys to disk
[dc3_node2] Internal PUT (replication): key='item:3822'
[dc3_node2] CONFLICT detected for key='item:3822', siblings=2
[dc3_node2] Saved 83 keys to disk
[dc3_node2] Retrieved key='item:0204', versions=2
[dc3_node2] Internal PUT (replication): key='item:4222'
[dc3_node2] CONFLICT detected for key='item:4222', siblings=2
[dc3_node2] Client PUT: key='item:4581', value='value_4581_client16_op134'
[dc3_node2] Preference list for 'item:4581': ['localhost:50142', 'localhost:50127', 'localhost:50158']
[dc3_node2] Coordinator NOT in preference list, forwarding only
[dc3_node2] Saved 83 keys to disk
[dc3_node2] Replicated to localhost:50142
[dc3_node2] Replicated to localhost:50158
[dc3_node2] Replicated to localhost:50127
[dc3_node2] W-quorum achieved (2 writes), returning to client
[dc3_node2] Background replication continues for remaining nodes
[dc3_node2] Successful writes: 3/3
[dc3_node2] Internal PUT (replication): key='item:0654'
[dc3_node2] CONFLICT detected for key='item:0654', siblings=3
[dc3_node2] Saved 83 keys to disk
[dc3_node2] Internal PUT (replication): key='item:2592'
[dc3_node2] CONFLICT detected for key='item:2592', siblings=3
[dc3_node2] Saved 83 keys to disk
[dc3_node2] Client GET: key='item:2988'
[dc3_node2] Reading from preference list: ['localhost:50161', 'localhost:50223']
[dc3_node2] Key='item:2988' not found
[dc3_node2] Performing read repair for key='item:2988'
[dc3_node2] Read repair to localhost:50161 succeeded
[dc3_node2] Read repair to localhost:50223 succeeded
[dc3_node2] Read repair to localhost:50098 succeeded
[dc3_node2] Internal PUT (replication): key='item:3822'
[dc3_node2] CONFLICT detected for key='item:3822', siblings=3
[dc3_node2] Client PUT: key='item:1714', value='value_1714_client30_op140'
[dc3_node2] Preference list for 'item:1714': ['localhost:50244', 'localhost:50167', 'localhost:50071']
[dc3_node2] Coordinator NOT in preference list, forwarding only
[dc3_node2] Saved 83 keys to disk
[dc3_node2] Replicated to localhost:50167
[dc3_node2] Replicated to localhost:50071
[dc3_node2] Replicated to localhost:50244
[dc3_node2] W-quorum achieved (2 writes), returning to client
[dc3_node2] Background replication continues for remaining nodes
[dc3_node2] Successful writes: 3/3
[dc3_node2] Internal PUT (replication): key='item:1271'
[dc3_node2] CONFLICT detected for key='item:1271', siblings=3
[dc3_node2] Saved 83 keys to disk
[dc3_node2] Merged versions for key='item:0021', result=1 versions
[dc3_node2] Saved 83 keys to disk
[dc3_node2] Internal PUT (replication): key='item:1074'
[dc3_node2] CONFLICT detected for key='item:1074', siblings=3
[dc3_node2] Saved 83 keys to disk
[dc3_node2] Internal PUT (replication): key='item:3695'
[dc3_node2] CONFLICT detected for key='item:3695', siblings=3
[dc3_node2] Saved 83 keys to disk
[dc3_node2] Internal PUT (replication): key='item:0619'
[dc3_node2] CONFLICT detected for key='item:0619', siblings=2
[dc3_node2] Saved 83 keys to disk
[dc3_node2] Internal PUT (replication): key='item:4704'
[dc3_node2] CONFLICT detected for key='item:4704', siblings=4
[dc3_node2] Saved 83 keys to disk
[dc3_node2] Internal PUT (replication): key='item:4676'
[dc3_node2] CONFLICT detected for key='item:4676', siblings=3
[dc3_node2] Saved 83 keys to disk
[dc3_node2] Client PUT: key='item:4423', value='value_4423_client6_op159'
[dc3_node2] Preference list for 'item:4423': ['localhost:50131', 'localhost:50229', 'localhost:50247']
[dc3_node2] Coordinator NOT in preference list, forwarding only
[dc3_node2] Retrieved key='item:0312', versions=1
[dc3_node2] Replicated to localhost:50229
[dc3_node2] Replicated to localhost:50131
[dc3_node2] Replicated to localhost:50247
[dc3_node2] Merged versions for key='item:0312', result=1 versions
[dc3_node2] Saved 83 keys to disk
[dc3_node2] W-quorum achieved (2 writes), returning to client
[dc3_node2] Background replication continues for remaining nodes
[dc3_node2] Successful writes: 3/3
[dc3_node2] Retrieved key='item:2719', versions=2
[dc3_node2] Client PUT: key='item:2336', value='value_2336_client0_op148'
[dc3_node2] Preference list for 'item:2336': ['localhost:50051', 'localhost:50172', 'localhost:50218']
[dc3_node2] Coordinator NOT in preference list, forwarding only
[dc3_node2] Replicated to localhost:50051
[dc3_node2] Replicated to localhost:50218
[dc3_node2] Replicated to localhost:50172
[dc3_node2] W-quorum achieved (2 writes), returning to client
[dc3_node2] Background replication continues for remaining nodes
[dc3_node2] Successful writes: 3/3
[dc3_node2] Client PUT: key='item:2049', value='value_2049_client24_op163'
[dc3_node2] Preference list for 'item:2049': ['localhost:50165', 'localhost:50242', 'localhost:50091']
[dc3_node2] Coordinator NOT in preference list, forwarding only
[dc3_node2] Replicated to localhost:50242
[dc3_node2] Replicated to localhost:50165
[dc3_node2] Replicated to localhost:50091
[dc3_node2] W-quorum achieved (2 writes), returning to client
[dc3_node2] Background replication continues for remaining nodes
[dc3_node2] Successful writes: 3/3
[dc3_node2] Client PUT: key='item:0736', value='value_736_client38_op157'
[dc3_node2] Preference list for 'item:0736': ['localhost:50092', 'localhost:50245', 'localhost:50171']
[dc3_node2] CONFLICT detected for key='item:0736', siblings=3
[dc3_node2] Saved 83 keys to disk
[dc3_node2] Coordinator IS in preference list, stored locally
[dc3_node2] Replicated to localhost:50245
[dc3_node2] Replicated to localhost:50171
[dc3_node2] W-quorum achieved (2 writes), returning to client
[dc3_node2] Background replication continues for remaining nodes
[dc3_node2] Successful writes: 3/3
[dc3_node2] Client PUT: key='item:4117', value='value_4117_update_client36_op155'
[dc3_node2] Preference list for 'item:4117': ['localhost:50053', 'localhost:50243', 'localhost:50226']
[dc3_node2] Coordinator NOT in preference list, forwarding only
[dc3_node2] Replicated to localhost:50243
[dc3_node2] Replicated to localhost:50053
[dc3_node2] Replicated to localhost:50226
[dc3_node2] Internal PUT (replication): key='item:0255'
[dc3_node2] CONFLICT detected for key='item:0255', siblings=4
[dc3_node2] W-quorum achieved (2 writes), returning to client
[dc3_node2] Background replication continues for remaining nodes
[dc3_node2] Successful writes: 3/3
[dc3_node2] Saved 83 keys to disk
[dc3_node2] Retrieved key='item:0698', versions=3
[dc3_node2] Internal PUT (replication): key='item:0736'
[dc3_node2] CONFLICT detected for key='item:0736', siblings=4
[dc3_node2] Saved 83 keys to disk
[dc3_node2] Internal PUT (replication): key='item:3603'
[dc3_node2] CONFLICT detected for key='item:3603', siblings=3
[dc3_node2] Saved 83 keys to disk
[dc3_node2] Retrieved key='item:2573', versions=1
[dc3_node2] Merged versions for key='item:2573', result=1 versions
[dc3_node2] Saved 83 keys to disk
[dc3_node2] Internal PUT (replication): key='item:0025'
[dc3_node2] CONFLICT detected for key='item:0025', siblings=3
[dc3_node2] Saved 83 keys to disk
[dc3_node2] Internal PUT (replication): key='item:2194'
[dc3_node2] CONFLICT detected for key='item:2194', siblings=4
[dc3_node2] Saved 83 keys to disk
[dc3_node2] Retrieved key='item:2857', versions=1
[dc3_node2] Merged versions for key='item:2857', result=1 versions
[dc3_node2] Saved 83 keys to disk
[dc3_node2] Merged versions for key='item:0406', result=1 versions
[dc3_node2] Saved 83 keys to disk
[dc3_node2] Internal PUT (replication): key='item:3603'
[dc3_node2] CONFLICT detected for key='item:3603', siblings=4
[dc3_node2] Saved 83 keys to disk
[dc3_node2] Retrieved key='item:1532', versions=2
[dc3_node2] Retrieved key='item:4377', versions=4
[dc3_node2] Client PUT: key='item:4703', value='value_4703_update_client3_op180'
[dc3_node2] Preference list for 'item:4703': ['localhost:50142', 'localhost:50234', 'localhost:50193']
[dc3_node2] Coordinator NOT in preference list, forwarding only
[dc3_node2] Replicated to localhost:50234
[dc3_node2] Replicated to localhost:50142
[dc3_node2] Replicated to localhost:50193
[dc3_node2] W-quorum achieved (2 writes), returning to client
[dc3_node2] Background replication continues for remaining nodes
[dc3_node2] Successful writes: 3/3
[dc3_node2] Internal PUT (replication): key='item:3603'
[dc3_node2] CONFLICT detected for key='item:3603', siblings=5
[dc3_node2] Saved 83 keys to disk
[dc3_node2] Retrieved key='item:1444', versions=1
[dc3_node2] Merged versions for key='item:1444', result=1 versions
[dc3_node2] Saved 83 keys to disk
[dc3_node2] Internal PUT (replication): key='item:3119'
[dc3_node2] CONFLICT detected for key='item:3119', siblings=3
[dc3_node2] Saved 83 keys to disk
[dc3_node2] Client GET: key='item:1991'
[dc3_node2] Reading from preference list: ['localhost:50099', 'localhost:50134']
[dc3_node2] Key='item:1991' not found
[dc3_node2] Performing read repair for key='item:1991'
[dc3_node2] Read repair to localhost:50099 succeeded
[dc3_node2] Read repair to localhost:50134 succeeded
[dc3_node2] Read repair to localhost:50089 succeeded
[dc3_node2] Merged versions for key='item:3451', result=1 versions
[dc3_node2] Saved 83 keys to disk
[dc3_node2] Client PUT: key='item:1824', value='value_1824_update_client10_op190'
[dc3_node2] Preference list for 'item:1824': ['localhost:50152', 'localhost:50137', 'localhost:50071']
[dc3_node2] Coordinator NOT in preference list, forwarding only
[dc3_node2] Replicated to localhost:50152
[dc3_node2] Replicated to localhost:50137
[dc3_node2] Replicated to localhost:50071
[dc3_node2] W-quorum achieved (2 writes), returning to client
[dc3_node2] Background replication continues for remaining nodes
[dc3_node2] Successful writes: 3/3
[dc3_node2] Internal PUT (replication): key='item:2719'
[dc3_node2] CONFLICT detected for key='item:2719', siblings=3
[dc3_node2] Saved 83 keys to disk
[dc3_node2] Retrieved key='item:0775', versions=1
[dc3_node2] Merged versions for key='item:0775', result=1 versions
[dc3_node2] Saved 83 keys to disk
[dc3_node2] Internal PUT (replication): key='item:0654'
[dc3_node2] CONFLICT detected for key='item:0654', siblings=4
[dc3_node2] Saved 83 keys to disk
[dc3_node2] Internal PUT (replication): key='item:4751'
[dc3_node2] CONFLICT detected for key='item:4751', siblings=2
[dc3_node2] Saved 83 keys to disk
[dc3_node2] Retrieved key='item:3928', versions=1
[dc3_node2] Merged versions for key='item:3928', result=1 versions
[dc3_node2] Saved 83 keys to disk
[dc3_node2] Internal PUT (replication): key='item:1366'
[dc3_node2] CONFLICT detected for key='item:1366', siblings=3
[dc3_node2] Saved 83 keys to disk
[dc3_node2] Internal PUT (replication): key='item:4334'
[dc3_node2] CONFLICT detected for key='item:4334', siblings=6
[dc3_node2] Saved 83 keys to disk
[dc3_node2] Client PUT: key='item:2482', value='value_2482_client40_op184'
[dc3_node2] Preference list for 'item:2482': ['localhost:50098', 'localhost:50052', 'localhost:50163']
[dc3_node2] Coordinator NOT in preference list, forwarding only
[dc3_node2] Client PUT: key='item:0982', value='value_982_update_client15_op196'
[dc3_node2] Preference list for 'item:0982': ['localhost:50054', 'localhost:50175', 'localhost:50140']
[dc3_node2] Coordinator NOT in preference list, forwarding only
[dc3_node2] Replicated to localhost:50098
[dc3_node2] Replicated to localhost:50052
[dc3_node2] Replicated to localhost:50163
[dc3_node2] Replicated to localhost:50054
[dc3_node2] Replicated to localhost:50175
[dc3_node2] Replicated to localhost:50140
[dc3_node2] W-quorum achieved (2 writes), returning to client
[dc3_node2] Background replication continues for remaining nodes
[dc3_node2] Successful writes: 3/3
[dc3_node2] W-quorum achieved (2 writes), returning to client
[dc3_node2] Background replication continues for remaining nodes
[dc3_node2] Successful writes: 3/3
[dc3_node2] Client PUT: key='item:1118', value='value_1118_client13_op184'
[dc3_node2] Preference list for 'item:1118': ['localhost:50151', 'localhost:50236', 'localhost:50228']
[dc3_node2] Coordinator NOT in preference list, forwarding only
[dc3_node2] Replicated to localhost:50228
[dc3_node2] Replicated to localhost:50236
[dc3_node2] Replicated to localhost:50151
[dc3_node2] Retrieved key='item:1366', versions=3
[dc3_node2] W-quorum achieved (2 writes), returning to client
[dc3_node2] Background replication continues for remaining nodes
[dc3_node2] Successful writes: 3/3
[dc3_node2] Client GET: key='item:1437'
[dc3_node2] Reading from preference list: ['localhost:50184', 'localhost:50193']
[dc3_node2] Key='item:1437' not found
[dc3_node2] CONFLICT: 6 sibling versions for 'item:1437'
[dc3_node2] Internal PUT (replication): key='item:0025'
[dc3_node2] CONFLICT detected for key='item:0025', siblings=4
[dc3_node2] Saved 83 keys to disk
[dc3_node2] Retrieved key='item:3119', versions=3
[dc3_node2] Internal PUT (replication): key='item:2592'
[dc3_node2] CONFLICT detected for key='item:2592', siblings=4
[dc3_node2] Saved 83 keys to disk
[dc3_node2] Internal PUT (replication): key='item:0171'
[dc3_node2] CONFLICT detected for key='item:0171', siblings=5
[dc3_node2] Saved 83 keys to disk
[dc3_node2] Client PUT: key='item:3220', value='value_3220_update_client20_op194'
[dc3_node2] Preference list for 'item:3220': ['localhost:50241', 'localhost:50192', 'localhost:50160']
[dc3_node2] Coordinator NOT in preference list, forwarding only
[dc3_node2] Replicated to localhost:50192
[dc3_node2] Replicated to localhost:50241
[dc3_node2] Replicated to localhost:50160
[dc3_node2] W-quorum achieved (2 writes), returning to client
[dc3_node2] Background replication continues for remaining nodes
[dc3_node2] Successful writes: 3/3
[dc3_node2] Internal PUT (replication): key='item:3059'
[dc3_node2] CONFLICT detected for key='item:3059', siblings=2
[dc3_node2] Saved 83 keys to disk
[dc3_node2] Retrieved key='item:3928', versions=1
[dc3_node2] Merged versions for key='item:3928', result=1 versions
[dc3_node2] Saved 83 keys to disk
[dc3_node2] Retrieved key='item:4831', versions=1
[dc3_node2] Client GET: key='item:0419'
[dc3_node2] Reading from preference list: ['localhost:50133', 'localhost:50099']
[dc3_node2] Key='item:0419' not found
[dc3_node2] Internal PUT (replication): key='item:3633'
[dc3_node2] CONFLICT detected for key='item:3633', siblings=5
[dc3_node2] CONFLICT: 4 sibling versions for 'item:0419'
[dc3_node2] Saved 83 keys to disk
[dc3_node2] Merged versions for key='item:4831', result=1 versions
[dc3_node2] Client GET: key='item:4583'
[dc3_node2] Reading from preference list: ['localhost:50184', 'localhost:50064']
[dc3_node2] Internal PUT (replication): key='item:4730'
[dc3_node2] Saved 83 keys to disk
[dc3_node2] Key='item:4583' not found
[dc3_node2] CONFLICT detected for key='item:4730', siblings=3
[dc3_node2] Saved 83 keys to disk
[dc3_node2] Performing read repair for key='item:4583'
[dc3_node2] Read repair to localhost:50184 succeeded
[dc3_node2] Read repair to localhost:50064 succeeded
[dc3_node2] Read repair to localhost:50132 succeeded
[dc3_node2] Internal PUT (replication): key='item:1281'
[dc3_node2] CONFLICT detected for key='item:1281', siblings=2
[dc3_node2] Saved 83 keys to disk
[dc3_node2] Internal PUT (replication): key='item:0204'
[dc3_node2] CONFLICT detected for key='item:0204', siblings=3
[dc3_node2] Saved 83 keys to disk
[dc3_node2] Internal PUT (replication): key='item:0619'
[dc3_node2] CONFLICT detected for key='item:0619', siblings=3
[dc3_node2] Saved 83 keys to disk
[dc3_node2] Internal PUT (replication): key='item:1649'
[dc3_node2] CONFLICT detected for key='item:1649', siblings=4
[dc3_node2] Saved 83 keys to disk
[dc3_node2] Internal PUT (replication): key='item:3119'
[dc3_node2] CONFLICT detected for key='item:3119', siblings=4
[dc3_node2] Saved 83 keys to disk
[dc3_node2] Retrieved key='item:4674', versions=1
[dc3_node2] Retrieved key='item:0793', versions=2
[dc3_node2] Merged versions for key='item:4674', result=1 versions
[dc3_node2] Saved 83 keys to disk
[dc3_node2] Internal PUT (replication): key='item:4199'
[dc3_node2] CONFLICT detected for key='item:4199', siblings=2
[dc3_node2] Saved 83 keys to disk
[dc3_node2] Internal PUT (replication): key='item:2453'
[dc3_node2] CONFLICT detected for key='item:2453', siblings=2
[dc3_node2] Saved 83 keys to disk
[dc3_node2] Internal PUT (replication): key='item:1271'
[dc3_node2] CONFLICT detected for key='item:1271', siblings=4
[dc3_node2] Saved 83 keys to disk
[dc3_node2] Internal PUT (replication): key='item:0254'
[dc3_node2] CONFLICT detected for key='item:0254', siblings=3
[dc3_node2] Saved 83 keys to disk
[dc3_node2] Internal PUT (replication): key='item:4058'
[dc3_node2] CONFLICT detected for key='item:4058', siblings=3
[dc3_node2] Saved 83 keys to disk
[dc3_node2] Client PUT: key='item:2624', value='value_2624_client5_op204'
[dc3_node2] Preference list for 'item:2624': ['localhost:50119', 'localhost:50056', 'localhost:50237']
[dc3_node2] Coordinator NOT in preference list, forwarding only
[dc3_node2] Replicated to localhost:50237
[dc3_node2] Replicated to localhost:50056
[dc3_node2] Replicated to localhost:50119
[dc3_node2] Internal PUT (replication): key='item:3618'
[dc3_node2] CONFLICT detected for key='item:3618', siblings=3
[dc3_node2] W-quorum achieved (2 writes), returning to client
[dc3_node2] Background replication continues for remaining nodes
[dc3_node2] Successful writes: 3/3
[dc3_node2] Saved 83 keys to disk
[dc3_node2] Retrieved key='item:2453', versions=2
[dc3_node2] Internal PUT (replication): key='item:1074'
[dc3_node2] CONFLICT detected for key='item:1074', siblings=4
[dc3_node2] Saved 83 keys to disk
[dc3_node2] Merged versions for key='item:0406', result=1 versions
[dc3_node2] Saved 83 keys to disk
[dc3_node2] Internal PUT (replication): key='item:4199'
[dc3_node2] CONFLICT detected for key='item:4199', siblings=3
[dc3_node2] Saved 83 keys to disk
[dc3_node2] Retrieved key='item:0171', versions=5
[dc3_node2] Internal PUT (replication): key='item:4674'
[dc3_node2] CONFLICT detected for key='item:4674', siblings=2
[dc3_node2] Saved 83 keys to disk
[dc3_node2] Internal PUT (replication): key='item:4831'
[dc3_node2] CONFLICT detected for key='item:4831', siblings=2
[dc3_node2] Client PUT: key='item:4201', value='value_4201_update_client22_op221'
[dc3_node2] Preference list for 'item:4201': ['localhost:50113', 'localhost:50075', 'localhost:50145']
[dc3_node2] Coordinator NOT in preference list, forwarding only
[dc3_node2] Saved 83 keys to disk
[dc3_node2] Replicated to localhost:50113
[dc3_node2] Replicated to localhost:50075
[dc3_node2] Replicated to localhost:50145
[dc3_node2] W-quorum achieved (2 writes), returning to client
[dc3_node2] Background replication continues for remaining nodes
[dc3_node2] Successful writes: 3/3
[dc3_node2] Internal PUT (replication): key='item:2453'
[dc3_node2] CONFLICT detected for key='item:2453', siblings=3
[dc3_node2] Internal PUT (replication): key='item:2592'
[dc3_node2] Internal PUT (replication): key='item:0793'
[dc3_node2] Saved 83 keys to disk
[dc3_node2] CONFLICT detected for key='item:2592', siblings=5
[dc3_node2] Saved 83 keys to disk
[dc3_node2] CONFLICT detected for key='item:0793', siblings=3
[dc3_node2] Saved 83 keys to disk
[dc3_node2] Internal PUT (replication): key='item:0021'
[dc3_node2] CONFLICT detected for key='item:0021', siblings=2
[dc3_node2] Saved 83 keys to disk
[dc3_node2] Internal PUT (replication): key='item:0698'
[dc3_node2] CONFLICT detected for key='item:0698', siblings=4
[dc3_node2] Internal PUT (replication): key='item:4730'
[dc3_node2] Saved 83 keys to disk
[dc3_node2] CONFLICT detected for key='item:4730', siblings=4
[dc3_node2] Saved 83 keys to disk
[dc3_node2] Client PUT: key='item:3811', value='value_3811_client28_op232'
[dc3_node2] Preference list for 'item:3811': ['localhost:50088', 'localhost:50145', 'localhost:50188']
[dc3_node2] Coordinator NOT in preference list, forwarding only
[dc3_node2] Replicated to localhost:50088
[dc3_node2] Replicated to localhost:50145
[dc3_node2] Replicated to localhost:50188
[dc3_node2] W-quorum achieved (2 writes), returning to client
[dc3_node2] Background replication continues for remaining nodes
[dc3_node2] Successful writes: 3/3
[dc3_node2] Retrieved key='item:3603', versions=5
[dc3_node2] Client PUT: key='item:3709', value='value_3709_client17_op226'
[dc3_node2] Preference list for 'item:3709': ['localhost:50138', 'localhost:50161', 'localhost:50093']
[dc3_node2] Coordinator NOT in preference list, forwarding only
[dc3_node2] Retrieved key='item:2895', versions=1
[dc3_node2] Replicated to localhost:50093
[dc3_node2] Replicated to localhost:50161
[dc3_node2] Replicated to localhost:50138
[dc3_node2] Merged versions for key='item:2895', result=1 versions
[dc3_node2] Saved 83 keys to disk
[dc3_node2] W-quorum achieved (2 writes), returning to client
[dc3_node2] Background replication continues for remaining nodes
[dc3_node2] Successful writes: 3/3
[dc3_node2] Internal PUT (replication): key='item:2194'
[dc3_node2] CONFLICT detected for key='item:2194', siblings=5
[dc3_node2] Saved 83 keys to disk
[dc3_node2] Retrieved key='item:1281', versions=2
[dc3_node2] Internal PUT (replication): key='item:0806'
[dc3_node2] CONFLICT detected for key='item:0806', siblings=3
[dc3_node2] Saved 83 keys to disk
[dc3_node2] Client GET: key='item:4706'
[dc3_node2] Reading from preference list: ['localhost:50125', 'localhost:50193']
[dc3_node2] Key='item:4706' not found
[dc3_node2] CONFLICT: 4 sibling versions for 'item:4706'
[dc3_node2] Internal PUT (replication): key='item:4222'
[dc3_node2] CONFLICT detected for key='item:4222', siblings=3
[dc3_node2] Saved 83 keys to disk
[dc3_node2] Internal PUT (replication): key='item:3263'
[dc3_node2] CONFLICT detected for key='item:3263', siblings=3
[dc3_node2] Saved 83 keys to disk
[dc3_node2] Retrieved key='item:3603', versions=5
[dc3_node2] Internal PUT (replication): key='item:2592'
[dc3_node2] CONFLICT detected for key='item:2592', siblings=6
[dc3_node2] Saved 83 keys to disk
[dc3_node2] Client PUT: key='item:4666', value='value_4666_update_client18_op242'
[dc3_node2] Preference list for 'item:4666': ['localhost:50097', 'localhost:50247', 'localhost:50054']
[dc3_node2] Coordinator NOT in preference list, forwarding only
[dc3_node2] Replicated to localhost:50097
[dc3_node2] Replicated to localhost:50054
[dc3_node2] W-quorum achieved (2 writes), returning to client
[dc3_node2] Background replication continues for remaining nodes
[dc3_node2] Successful writes: 2/3
[dc3_node2] Replicated to localhost:50247
[dc3_node2] Client PUT: key='item:2795', value='value_2795_update_client49_op221'
[dc3_node2] Preference list for 'item:2795': ['localhost:50242', 'localhost:50126', 'localhost:50070']
[dc3_node2] Coordinator NOT in preference list, forwarding only
[dc3_node2] Replicated to localhost:50242
[dc3_node2] Replicated to localhost:50126
[dc3_node2] Replicated to localhost:50070
[dc3_node2] Internal PUT (replication): key='item:2895'
[dc3_node2] CONFLICT detected for key='item:2895', siblings=2
[dc3_node2] Saved 83 keys to disk
[dc3_node2] W-quorum achieved (2 writes), returning to client
[dc3_node2] Background replication continues for remaining nodes
[dc3_node2] Successful writes: 3/3
[dc3_node2] Retrieved key='item:0736', versions=4
[dc3_node2] Internal PUT (replication): key='item:3204'
[dc3_node2] CONFLICT detected for key='item:3204', siblings=5
[dc3_node2] Saved 83 keys to disk
[dc3_node2] Client PUT: key='item:1114', value='value_1114_client37_op244'
[dc3_node2] Preference list for 'item:1114': ['localhost:50152', 'localhost:50056', 'localhost:50106']
[dc3_node2] Coordinator NOT in preference list, forwarding only
[dc3_node2] Replicated to localhost:50152
[dc3_node2] Replicated to localhost:50056
[dc3_node2] Replicated to localhost:50106
[dc3_node2] W-quorum achieved (2 writes), returning to client
[dc3_node2] Background replication continues for remaining nodes
[dc3_node2] Successful writes: 3/3
[dc3_node2] Client PUT: key='item:1127', value='value_1127_update_client1_op238'
[dc3_node2] Preference list for 'item:1127': ['localhost:50135', 'localhost:50196', 'localhost:50106']
[dc3_node2] Coordinator NOT in preference list, forwarding only
[dc3_node2] Replicated to localhost:50196
[dc3_node2] Replicated to localhost:50106
[dc3_node2] Replicated to localhost:50135
[dc3_node2] Client GET: key='item:4907'
[dc3_node2] Reading from preference list: ['localhost:50205', 'localhost:50222']
[dc3_node2] Key='item:4907' not found
[dc3_node2] Retrieved key='item:1444', versions=1
[dc3_node2] CONFLICT: 4 sibling versions for 'item:4907'
[dc3_node2] W-quorum achieved (2 writes), returning to client
[dc3_node2] Background replication continues for remaining nodes
[dc3_node2] Successful writes: 3/3
[dc3_node2] Merged versions for key='item:1444', result=1 versions
[dc3_node2] Saved 83 keys to disk
[dc3_node2] Retrieved key='item:2895', versions=2
[dc3_node2] Retrieved key='item:2844', versions=1
[dc3_node2] Merged versions for key='item:2844', result=1 versions
[dc3_node2] Saved 83 keys to disk
[dc3_node2] Client PUT: key='item:1873', value='value_1873_client41_op238'
[dc3_node2] Preference list for 'item:1873': ['localhost:50052', 'localhost:50075', 'localhost:50110']
[dc3_node2] Coordinator NOT in preference list, forwarding only
[dc3_node2] Client PUT: key='item:0277', value='value_277_client31_op247'
[dc3_node2] Preference list for 'item:0277': ['localhost:50131', 'localhost:50103', 'localhost:50202']
[dc3_node2] Coordinator NOT in preference list, forwarding only
[dc3_node2] Replicated to localhost:50052
[dc3_node2] Replicated to localhost:50110
[dc3_node2] Replicated to localhost:50075
[dc3_node2] Replicated to localhost:50131
[dc3_node2] W-quorum achieved (2 writes), returning to client
[dc3_node2] Background replication continues for remaining nodes
[dc3_node2] Successful writes: 3/3
[dc3_node2] Replicated to localhost:50103
[dc3_node2] Replicated to localhost:50202
[dc3_node2] W-quorum achieved (2 writes), returning to client
[dc3_node2] Background replication continues for remaining nodes
[dc3_node2] Successful writes: 3/3
[dc3_node2] Internal PUT (replication): key='item:0793'
[dc3_node2] CONFLICT detected for key='item:0793', siblings=4
[dc3_node2] Saved 83 keys to disk
[dc3_node2] Internal PUT (replication): key='item:4199'
[dc3_node2] CONFLICT detected for key='item:4199', siblings=4
[dc3_node2] Saved 83 keys to disk
[dc3_node2] Client GET: key='item:4179'
[dc3_node2] Reading from preference list: ['localhost:50157', 'localhost:50131']
[dc3_node2] Key='item:4179' not found
[dc3_node2] CONFLICT: 8 sibling versions for 'item:4179'
[dc3_node2] Client PUT: key='item:1583', value='value_1583_client3_op262'
[dc3_node2] Preference list for 'item:1583': ['localhost:50205', 'localhost:50250', 'localhost:50102']
[dc3_node2] Coordinator NOT in preference list, forwarding only
[dc3_node2] Replicated to localhost:50205
[dc3_node2] Replicated to localhost:50102
[dc3_node2] W-quorum achieved (2 writes), returning to client
[dc3_node2] Background replication continues for remaining nodes
[dc3_node2] Successful writes: 2/3
[dc3_node2] Replicated to localhost:50250
[dc3_node2] Internal PUT (replication): key='item:0863'
[dc3_node2] CONFLICT detected for key='item:0863', siblings=3
[dc3_node2] Saved 83 keys to disk
[dc3_node2] Internal PUT (replication): key='item:3451'
[dc3_node2] CONFLICT detected for key='item:3451', siblings=2
[dc3_node2] Saved 83 keys to disk
[dc3_node2] Client GET: key='item:2548'
[dc3_node2] Reading from preference list: ['localhost:50093', 'localhost:50161']
[dc3_node2] Key='item:2548' not found
[dc3_node2] CONFLICT: 8 sibling versions for 'item:2548'
[dc3_node2] Client PUT: key='item:3669', value='value_3669_update_client30_op252'
[dc3_node2] Preference list for 'item:3669': ['localhost:50182', 'localhost:50118', 'localhost:50076']
[dc3_node2] Coordinator NOT in preference list, forwarding only
[dc3_node2] Retrieved key='item:4676', versions=3
[dc3_node2] Replicated to localhost:50118
[dc3_node2] Replicated to localhost:50182
[dc3_node2] Replicated to localhost:50076
[dc3_node2] W-quorum achieved (2 writes), returning to client
[dc3_node2] Background replication continues for remaining nodes
[dc3_node2] Successful writes: 3/3
[dc3_node2] Client PUT: key='item:4673', value='value_4673_client13_op255'
[dc3_node2] Preference list for 'item:4673': ['localhost:50242', 'localhost:50173', 'localhost:50210']
[dc3_node2] Coordinator NOT in preference list, forwarding only
[dc3_node2] Replicated to localhost:50242
[dc3_node2] Replicated to localhost:50210
[dc3_node2] Replicated to localhost:50173
[dc3_node2] Retrieved key='item:3632', versions=2
[dc3_node2] W-quorum achieved (2 writes), returning to client
[dc3_node2] Background replication continues for remaining nodes
[dc3_node2] Successful writes: 3/3
[dc3_node2] Client GET: key='item:0556'
[dc3_node2] Reading from preference list: ['localhost:50239', 'localhost:50131']
[dc3_node2] Key='item:0556' not found
[dc3_node2] CONFLICT: 6 sibling versions for 'item:0556'
[dc3_node2] Retrieved key='item:4334', versions=6
[dc3_node2] Internal PUT (replication): key='item:0863'
[dc3_node2] CONFLICT detected for key='item:0863', siblings=4
[dc3_node2] Saved 83 keys to disk
[dc3_node2] Client PUT: key='item:0290', value='value_290_client39_op265'
[dc3_node2] Preference list for 'item:0290': ['localhost:50182', 'localhost:50096', 'localhost:50136']
[dc3_node2] Coordinator NOT in preference list, forwarding only
[dc3_node2] Replicated to localhost:50182
[dc3_node2] Replicated to localhost:50136
[dc3_node2] Replicated to localhost:50096
[dc3_node2] W-quorum achieved (2 writes), returning to client
[dc3_node2] Background replication continues for remaining nodes
[dc3_node2] Successful writes: 3/3
[dc3_node2] Client GET: key='item:0193'
[dc3_node2] Reading from preference list: ['localhost:50105', 'localhost:50067']
[dc3_node2] Key='item:0193' not found
[dc3_node2] Client GET: key='item:4991'
[dc3_node2] Reading from preference list: ['localhost:50105', 'localhost:50159']
[dc3_node2] Key='item:4991' not found
[dc3_node2] Performing read repair for key='item:0193'
[dc3_node2] CONFLICT: 4 sibling versions for 'item:4991'
[dc3_node2] Read repair to localhost:50105 succeeded
[dc3_node2] Read repair to localhost:50067 succeeded
[dc3_node2] Read repair to localhost:50160 succeeded
[dc3_node2] Internal PUT (replication): key='item:4751'
[dc3_node2] CONFLICT detected for key='item:4751', siblings=3
[dc3_node2] Saved 83 keys to disk
[dc3_node2] Retrieved key='item:4704', versions=4
[dc3_node2] Retrieved key='item:4485', versions=2
[dc3_node2] Internal PUT (replication): key='item:4831'
[dc3_node2] CONFLICT detected for key='item:4831', siblings=3
[dc3_node2] Saved 83 keys to disk
[dc3_node2] Internal PUT (replication): key='item:0255'
[dc3_node2] CONFLICT detected for key='item:0255', siblings=5
[dc3_node2] Saved 83 keys to disk
[dc3_node2] Internal PUT (replication): key='item:0406'
[dc3_node2] CONFLICT detected for key='item:0406', siblings=2
[dc3_node2] Saved 83 keys to disk
[dc3_node2] Client GET: key='item:4245'
[dc3_node2] Reading from preference list: ['localhost:50137', 'localhost:50178']
[dc3_node2] Key='item:4245' not found
[dc3_node2] Retrieved key='item:4058', versions=3
[dc3_node2] CONFLICT: 7 sibling versions for 'item:4245'
[dc3_node2] Internal PUT (replication): key='item:1366'
[dc3_node2] CONFLICT detected for key='item:1366', siblings=4
[dc3_node2] Internal PUT (replication): key='item:4199'
[dc3_node2] Saved 83 keys to disk
[dc3_node2] CONFLICT detected for key='item:4199', siblings=5
[dc3_node2] Saved 83 keys to disk
[dc3_node2] Internal PUT (replication): key='item:3928'
[dc3_node2] CONFLICT detected for key='item:3928', siblings=2
[dc3_node2] Saved 83 keys to disk
[dc3_node2] Client GET: key='item:1064'
[dc3_node2] Reading from preference list: ['localhost:50172', 'localhost:50162']
[dc3_node2] Key='item:1064' not found
[dc3_node2] CONFLICT: 10 sibling versions for 'item:1064'
[dc3_node2] Retrieved key='item:3928', versions=2
[dc3_node2] Client PUT: key='item:1958', value='value_1958_client15_op277'
[dc3_node2] Preference list for 'item:1958': ['localhost:50102', 'localhost:50055', 'localhost:50130']
[dc3_node2] Coordinator NOT in preference list, forwarding only
[dc3_node2] Replicated to localhost:50130
[dc3_node2] Replicated to localhost:50102
[dc3_node2] Replicated to localhost:50055
[dc3_node2] W-quorum achieved (2 writes), returning to client
[dc3_node2] Background replication continues for remaining nodes
[dc3_node2] Successful writes: 3/3
[dc3_node2] Retrieved key='item:3632', versions=2
[dc3_node2] Internal PUT (replication): key='item:0025'
[dc3_node2] CONFLICT detected for key='item:0025', siblings=5
[dc3_node2] Saved 83 keys to disk
[dc3_node2] Client GET: key='item:1454'
[dc3_node2] Reading from preference list: ['localhost:50101', 'localhost:50083']
[dc3_node2] Key='item:1454' not found
[dc3_node2] CONFLICT: 4 sibling versions for 'item:1454'
[dc3_node2] Client GET: key='item:1780'
[dc3_node2] Reading from preference list: ['localhost:50193', 'localhost:50228']
[dc3_node2] Key='item:1780' not found
[dc3_node2] CONFLICT: 3 sibling versions for 'item:1780'
[dc3_node2] Internal PUT (replication): key='item:2895'
[dc3_node2] CONFLICT detected for key='item:2895', siblings=3
[dc3_node2] Saved 83 keys to disk
[dc3_node2] Client PUT: key='item:3481', value='value_3481_update_client30_op282'
[dc3_node2] Preference list for 'item:3481': ['localhost:50153', 'localhost:50125', 'localhost:50107']
[dc3_node2] Coordinator NOT in preference list, forwarding only
[dc3_node2] Replicated to localhost:50107
[dc3_node2] Replicated to localhost:50125
[dc3_node2] Replicated to localhost:50153
[dc3_node2] W-quorum achieved (2 writes), returning to client
[dc3_node2] Background replication continues for remaining nodes
[dc3_node2] Successful writes: 3/3
[dc3_node2] Retrieved key='item:3822', versions=3
[dc3_node2] Client PUT: key='item:4299', value='value_4299_client0_op277'
[dc3_node2] Preference list for 'item:4299': ['localhost:50113', 'localhost:50227', 'localhost:50062']
[dc3_node2] Coordinator NOT in preference list, forwarding only
[dc3_node2] Replicated to localhost:50227
[dc3_node2] Replicated to localhost:50113
[dc3_node2] Replicated to localhost:50062
[dc3_node2] W-quorum achieved (2 writes), returning to client
[dc3_node2] Background replication continues for remaining nodes
[dc3_node2] Successful writes: 3/3
[dc3_node2] Retrieved key='item:0204', versions=3
[dc3_node2] Retrieved key='item:1379', versions=2
[dc3_node2] Client PUT: key='item:4349', value='value_4349_client33_op268'
[dc3_node2] Preference list for 'item:4349': ['localhost:50178', 'localhost:50053', 'localhost:50159']
[dc3_node2] Coordinator NOT in preference list, forwarding only
[dc3_node2] Replicated to localhost:50178
[dc3_node2] Replicated to localhost:50159
[dc3_node2] Replicated to localhost:50053
[dc3_node2] W-quorum achieved (2 writes), returning to client
[dc3_node2] Background replication continues for remaining nodes
[dc3_node2] Successful writes: 3/3
[dc3_node2] Internal PUT (replication): key='item:3633'
[dc3_node2] CONFLICT detected for key='item:3633', siblings=5
[dc3_node2] Saved 83 keys to disk
[dc3_node2] Internal PUT (replication): key='item:0296'
[dc3_node2] CONFLICT detected for key='item:0296', siblings=2
[dc3_node2] Saved 83 keys to disk
[dc3_node2] Internal PUT (replication): key='item:1625'
[dc3_node2] CONFLICT detected for key='item:1625', siblings=3
[dc3_node2] Saved 83 keys to disk
[dc3_node2] Client PUT: key='item:4183', value='value_4183_update_client29_op306'
[dc3_node2] Preference list for 'item:4183': ['localhost:50133', 'localhost:50200', 'localhost:50127']
[dc3_node2] Coordinator NOT in preference list, forwarding only
[dc3_node2] Replicated to localhost:50200
[dc3_node2] Replicated to localhost:50127
[dc3_node2] Replicated to localhost:50133
[dc3_node2] W-quorum achieved (2 writes), returning to client
[dc3_node2] Background replication continues for remaining nodes
[dc3_node2] Successful writes: 3/3
[dc3_node2] Internal PUT (replication): key='item:4102'
[dc3_node2] CONFLICT detected for key='item:4102', siblings=2
[dc3_node2] Saved 83 keys to disk
[dc3_node2] Internal PUT (replication): key='item:0254'
[dc3_node2] CONFLICT detected for key='item:0254', siblings=4
[dc3_node2] Saved 83 keys to disk
[dc3_node2] Retrieved key='item:2844', versions=1
[dc3_node2] Retrieved key='item:1642', versions=1
[dc3_node2] Merged versions for key='item:2844', result=1 versions
[dc3_node2] Saved 83 keys to disk
[dc3_node2] Merged versions for key='item:1642', result=1 versions
[dc3_node2] Saved 83 keys to disk
[dc3_node2] Internal PUT (replication): key='item:2719'
[dc3_node2] CONFLICT detected for key='item:2719', siblings=4
[dc3_node2] Saved 83 keys to disk
[dc3_node2] Internal PUT (replication): key='item:2592'
[dc3_node2] CONFLICT detected for key='item:2592', siblings=7
[dc3_node2] Saved 83 keys to disk
[dc3_node2] Internal PUT (replication): key='item:4774'
[dc3_node2] CONFLICT detected for key='item:4774', siblings=3
[dc3_node2] Saved 83 keys to disk
[dc3_node2] Internal PUT (replication): key='item:4199'
[dc3_node2] CONFLICT detected for key='item:4199', siblings=6
[dc3_node2] Saved 83 keys to disk
[dc3_node2] Merged versions for key='item:3543', result=1 versions
[dc3_node2] Saved 83 keys to disk
[dc3_node2] Internal PUT (replication): key='item:0296'
[dc3_node2] CONFLICT detected for key='item:0296', siblings=3
[dc3_node2] Saved 83 keys to disk
[dc3_node2] Internal PUT (replication): key='item:3204'
[dc3_node2] CONFLICT detected for key='item:3204', siblings=6
[dc3_node2] Saved 83 keys to disk
[dc3_node2] Retrieved key='item:3263', versions=3
[dc3_node2] Client GET: key='item:2522'
[dc3_node2] Reading from preference list: ['localhost:50108', 'localhost:50138']
[dc3_node2] Key='item:2522' not found
[dc3_node2] CONFLICT: 6 sibling versions for 'item:2522'
[dc3_node2] Internal PUT (replication): key='item:4676'
[dc3_node2] CONFLICT detected for key='item:4676', siblings=4
[dc3_node2] Saved 83 keys to disk
[dc3_node2] Internal PUT (replication): key='item:3451'
[dc3_node2] CONFLICT detected for key='item:3451', siblings=3
[dc3_node2] Saved 83 keys to disk
[dc3_node2] Retrieved key='item:3043', versions=2
[dc3_node2] Client PUT: key='item:3901', value='value_3901_update_client48_op306'
[dc3_node2] Preference list for 'item:3901': ['localhost:50123', 'localhost:50145', 'localhost:50157']
[dc3_node2] Coordinator NOT in preference list, forwarding only
[dc3_node2] Replicated to localhost:50123
[dc3_node2] Replicated to localhost:50145
[dc3_node2] W-quorum achieved (2 writes), returning to client
[dc3_node2] Background replication continues for remaining nodes
[dc3_node2] Successful writes: 2/3
[dc3_node2] Replicated to localhost:50157
[dc3_node2] Retrieved key='item:1532', versions=2
[dc3_node2] Retrieved key='item:4102', versions=2
[dc3_node2] Internal PUT (replication): key='item:0806'
[dc3_node2] CONFLICT detected for key='item:0806', siblings=4
[dc3_node2] Saved 83 keys to disk
[dc3_node2] Client PUT: key='item:1447', value='value_1447_update_client33_op293'
[dc3_node2] Preference list for 'item:1447': ['localhost:50216', 'localhost:50136', 'localhost:50153']
[dc3_node2] Coordinator NOT in preference list, forwarding only
[dc3_node2] Replicated to localhost:50153
[dc3_node2] Replicated to localhost:50216
[dc3_node2] Replicated to localhost:50136
[dc3_node2] Client PUT: key='item:0318', value='value_318_client36_op311'
[dc3_node2] Preference list for 'item:0318': ['localhost:50124', 'localhost:50182', 'localhost:50064']
[dc3_node2] Coordinator NOT in preference list, forwarding only
[dc3_node2] W-quorum achieved (2 writes), returning to client
[dc3_node2] Background replication continues for remaining nodes
[dc3_node2] Successful writes: 3/3
[dc3_node2] Internal PUT (replication): key='item:0254'
[dc3_node2] CONFLICT detected for key='item:0254', siblings=5
[dc3_node2] Replicated to localhost:50124
[dc3_node2] Saved 83 keys to disk
[dc3_node2] Replicated to localhost:50182
[dc3_node2] Replicated to localhost:50064
[dc3_node2] W-quorum achieved (2 writes), returning to client
[dc3_node2] Background replication continues for remaining nodes
[dc3_node2] Successful writes: 3/3
[dc3_node2] Internal PUT (replication): key='item:4749'
[dc3_node2] CONFLICT detected for key='item:4749', siblings=2
[dc3_node2] Saved 83 keys to disk
[dc3_node2] Internal PUT (replication): key='item:2698'
[dc3_node2] CONFLICT detected for key='item:2698', siblings=3
[dc3_node2] Client PUT: key='item:3147', value='value_3147_client15_op324'
[dc3_node2] Preference list for 'item:3147': ['localhost:50101', 'localhost:50059', 'localhost:50148']
[dc3_node2] Coordinator NOT in preference list, forwarding only
[dc3_node2] Saved 83 keys to disk
[dc3_node2] Replicated to localhost:50101
[dc3_node2] Replicated to localhost:50148
[dc3_node2] Replicated to localhost:50059
[dc3_node2] Internal PUT (replication): key='item:3822'
[dc3_node2] CONFLICT detected for key='item:3822', siblings=4
[dc3_node2] W-quorum achieved (2 writes), returning to client
[dc3_node2] Background replication continues for remaining nodes
[dc3_node2] Successful writes: 3/3
[dc3_node2] Saved 83 keys to disk
[dc3_node2] Internal PUT (replication): key='item:2495'
[dc3_node2] CONFLICT detected for key='item:2495', siblings=3
[dc3_node2] Saved 83 keys to disk
[dc3_node2] Retrieved key='item:3479', versions=2
[dc3_node2] Internal PUT (replication): key='item:1649'
[dc3_node2] CONFLICT detected for key='item:1649', siblings=5
[dc3_node2] Saved 83 keys to disk
[dc3_node2] Retrieved key='item:1271', versions=4
[dc3_node2] Internal PUT (replication): key='item:4774'
[dc3_node2] CONFLICT detected for key='item:4774', siblings=4
[dc3_node2] Saved 83 keys to disk
[dc3_node2] Internal PUT (replication): key='item:4831'
[dc3_node2] CONFLICT detected for key='item:4831', siblings=4
[dc3_node2] Saved 83 keys to disk
[dc3_node2] Client PUT: key='item:1828', value='value_1828_client31_op325'
[dc3_node2] Preference list for 'item:1828': ['localhost:50169', 'localhost:50227', 'localhost:50202']
[dc3_node2] Coordinator NOT in preference list, forwarding only
[dc3_node2] Internal PUT (replication): key='item:0021'
[dc3_node2] CONFLICT detected for key='item:0021', siblings=3
[dc3_node2] Replicated to localhost:50227
[dc3_node2] Replicated to localhost:50169
[dc3_node2] Replicated to localhost:50202
[dc3_node2] W-quorum achieved (2 writes), returning to client
[dc3_node2] Background replication continues for remaining nodes
[dc3_node2] Successful writes: 3/3
[dc3_node2] Saved 83 keys to disk
[dc3_node2] Client PUT: key='item:1839', value='value_1839_client0_op317'
[dc3_node2] Preference list for 'item:1839': ['localhost:50218', 'localhost:50095', 'localhost:50210']
[dc3_node2] Coordinator NOT in preference list, forwarding only
[dc3_node2] Replicated to localhost:50218
[dc3_node2] Replicated to localhost:50095
[dc3_node2] Replicated to localhost:50210
[dc3_node2] W-quorum achieved (2 writes), returning to client
[dc3_node2] Background replication continues for remaining nodes
[dc3_node2] Successful writes: 3/3
[dc3_node2] Retrieved key='item:4730', versions=4
[dc3_node2] Internal PUT (replication): key='item:2573'
[dc3_node2] CONFLICT detected for key='item:2573', siblings=2
[dc3_node2] Saved 83 keys to disk
[dc3_node2] Retrieved key='item:3059', versions=2
[dc3_node2] Client GET: key='item:3973'
[dc3_node2] Reading from preference list: ['localhost:50068', 'localhost:50149']
[dc3_node2] Key='item:3973' not found
[dc3_node2] CONFLICT: 6 sibling versions for 'item:3973'
[dc3_node2] Client GET: key='item:1188'
[dc3_node2] Reading from preference list: ['localhost:50104', 'localhost:50147']
[dc3_node2] Key='item:1188' not found
[dc3_node2] CONFLICT: 4 sibling versions for 'item:1188'
[dc3_node2] Client GET: key='item:2558'
[dc3_node2] Reading from preference list: ['localhost:50096', 'localhost:50130']
[dc3_node2] Key='item:2558' not found
[dc3_node2] CONFLICT: 9 sibling versions for 'item:2558'
[dc3_node2] Retrieved key='item:4390', versions=2
[dc3_node2] Internal PUT (replication): key='item:1924'
[dc3_node2] CONFLICT detected for key='item:1924', siblings=6
[dc3_node2] Saved 83 keys to disk
[dc3_node2] Internal PUT (replication): key='item:4866'
[dc3_node2] CONFLICT detected for key='item:4866', siblings=3
[dc3_node2] Saved 83 keys to disk
[dc3_node2] Retrieved key='item:0254', versions=5
[dc3_node2] Retrieved key='item:0254', versions=5
[dc3_node2] Client PUT: key='item:4862', value='value_4862_update_client21_op344'
[dc3_node2] Preference list for 'item:4862': ['localhost:50081', 'localhost:50117', 'localhost:50186']
[dc3_node2] Coordinator NOT in preference list, forwarding only
[dc3_node2] Replicated to localhost:50186
[dc3_node2] Replicated to localhost:50117
[dc3_node2] Replicated to localhost:50081
[dc3_node2] W-quorum achieved (2 writes), returning to client
[dc3_node2] Background replication continues for remaining nodes
[dc3_node2] Successful writes: 3/3
[dc3_node2] Internal PUT (replication): key='item:0619'
[dc3_node2] CONFLICT detected for key='item:0619', siblings=4
[dc3_node2] Saved 83 keys to disk
[dc3_node2] Internal PUT (replication): key='item:3263'
[dc3_node2] CONFLICT detected for key='item:3263', siblings=4
[dc3_node2] Saved 83 keys to disk
[dc3_node2] Internal PUT (replication): key='item:4866'
[dc3_node2] CONFLICT detected for key='item:4866', siblings=4
[dc3_node2] Saved 83 keys to disk
[dc3_node2] Merged versions for key='item:3699', result=1 versions
[dc3_node2] Internal PUT (replication): key='item:2844'
[dc3_node2] Saved 83 keys to disk
[dc3_node2] CONFLICT detected for key='item:2844', siblings=2
[dc3_node2] Saved 83 keys to disk
[dc3_node2] Internal PUT (replication): key='item:1366'
[dc3_node2] CONFLICT detected for key='item:1366', siblings=5
[dc3_node2] Saved 83 keys to disk
[dc3_node2] Client GET: key='item:2770'
[dc3_node2] Reading from preference list: ['localhost:50177', 'localhost:50164']
[dc3_node2] Key='item:2770' not found
[dc3_node2] CONFLICT: 8 sibling versions for 'item:2770'
[dc3_node2] Client PUT: key='item:4885', value='value_4885_update_client19_op350'
[dc3_node2] Preference list for 'item:4885': ['localhost:50143', 'localhost:50085', 'localhost:50051']
[dc3_node2] Coordinator NOT in preference list, forwarding only
[dc3_node2] Replicated to localhost:50143
[dc3_node2] Replicated to localhost:50051
[dc3_node2] Replicated to localhost:50085
[dc3_node2] W-quorum achieved (2 writes), returning to client
[dc3_node2] Background replication continues for remaining nodes
[dc3_node2] Successful writes: 3/3
[dc3_node2] Client PUT: key='item:3201', value='value_3201_client17_op343'
[dc3_node2] Preference list for 'item:3201': ['localhost:50167', 'localhost:50236', 'localhost:50118']
[dc3_node2] Coordinator NOT in preference list, forwarding only
[dc3_node2] Replicated to localhost:50236
[dc3_node2] Replicated to localhost:50167
[dc3_node2] Replicated to localhost:50118
[dc3_node2] W-quorum achieved (2 writes), returning to client
[dc3_node2] Background replication continues for remaining nodes
[dc3_node2] Successful writes: 3/3
[dc3_node2] Retrieved key='item:3928', versions=2
[dc3_node2] Internal PUT (replication): key='item:3130'
[dc3_node2] CONFLICT detected for key='item:3130', siblings=2
[dc3_node2] Saved 83 keys to disk
[dc3_node2] Retrieved key='item:4102', versions=2
[dc3_node2] Internal PUT (replication): key='item:3822'
[dc3_node2] CONFLICT detected for key='item:3822', siblings=5
[dc3_node2] Saved 83 keys to disk
[dc3_node2] Internal PUT (replication): key='item:4751'
[dc3_node2] CONFLICT detected for key='item:4751', siblings=4
[dc3_node2] Saved 83 keys to disk
[dc3_node2] Client PUT: key='item:0615', value='value_615_update_client5_op348'
[dc3_node2] Preference list for 'item:0615': ['localhost:50052', 'localhost:50187', 'localhost:50236']
[dc3_node2] Coordinator NOT in preference list, forwarding only
[dc3_node2] Replicated to localhost:50187
[dc3_node2] Replicated to localhost:50236
[dc3_node2] W-quorum achieved (2 writes), returning to client
[dc3_node2] Background replication continues for remaining nodes
[dc3_node2] Successful writes: 2/3
[dc3_node2] Replicated to localhost:50052
[dc3_node2] Client GET: key='item:2553'
[dc3_node2] Reading from preference list: ['localhost:50128', 'localhost:50085']
[dc3_node2] Key='item:2553' not found
[dc3_node2] CONFLICT: 6 sibling versions for 'item:2553'
[dc3_node2] Retrieved key='item:1074', versions=4
[dc3_node2] Client GET: key='item:3044'
[dc3_node2] Reading from preference list: ['localhost:50054', 'localhost:50175']
[dc3_node2] Key='item:3044' not found
[dc3_node2] CONFLICT: 4 sibling versions for 'item:3044'
[dc3_node2] Internal PUT (replication): key='item:4730'
[dc3_node2] CONFLICT detected for key='item:4730', siblings=5
[dc3_node2] Saved 83 keys to disk
[dc3_node2] Client GET: key='item:2210'
[dc3_node2] Reading from preference list: ['localhost:50178', 'localhost:50222']
[dc3_node2] Key='item:2210' not found
[dc3_node2] CONFLICT: 4 sibling versions for 'item:2210'
[dc3_node2] Client GET: key='item:2185'
[dc3_node2] Reading from preference list: ['localhost:50179', 'localhost:50084']
[dc3_node2] Key='item:2185' not found
[dc3_node2] CONFLICT: 12 sibling versions for 'item:2185'
[dc3_node2] Internal PUT (replication): key='item:0793'
[dc3_node2] CONFLICT detected for key='item:0793', siblings=5
[dc3_node2] Saved 83 keys to disk
[dc3_node2] Internal PUT (replication): key='item:4674'
[dc3_node2] CONFLICT detected for key='item:4674', siblings=3
[dc3_node2] Saved 83 keys to disk
[dc3_node2] Internal PUT (replication): key='item:3479'
[dc3_node2] CONFLICT detected for key='item:3479', siblings=3
[dc3_node2] Saved 83 keys to disk
[dc3_node2] Retrieved key='item:3603', versions=5
[dc3_node2] Internal PUT (replication): key='item:2194'
[dc3_node2] CONFLICT detected for key='item:2194', siblings=6
[dc3_node2] Saved 83 keys to disk
[dc3_node2] Client PUT: key='item:1484', value='value_1484_client0_op357'
[dc3_node2] Preference list for 'item:1484': ['localhost:50152', 'localhost:50194', 'localhost:50090']
[dc3_node2] Coordinator NOT in preference list, forwarding only
[dc3_node2] Replicated to localhost:50152
[dc3_node2] Replicated to localhost:50194
[dc3_node2] Replicated to localhost:50090
[dc3_node2] W-quorum achieved (2 writes), returning to client
[dc3_node2] Background replication continues for remaining nodes
[dc3_node2] Successful writes: 3/3
[dc3_node2] Retrieved key='item:0204', versions=3
[dc3_node2] Retrieved key='item:0619', versions=4
[dc3_node2] Internal PUT (replication): key='item:1271'
[dc3_node2] CONFLICT detected for key='item:1271', siblings=5
[dc3_node2] Client PUT: key='item:0581', value='value_581_client6_op367'
[dc3_node2] Preference list for 'item:0581': ['localhost:50172', 'localhost:50242', 'localhost:50091']
[dc3_node2] Coordinator NOT in preference list, forwarding only
[dc3_node2] Saved 83 keys to disk
[dc3_node2] Replicated to localhost:50172
[dc3_node2] Replicated to localhost:50242
[dc3_node2] Replicated to localhost:50091
[dc3_node2] Client PUT: key='item:3811', value='value_3811_client11_op360'
[dc3_node2] Preference list for 'item:3811': ['localhost:50088', 'localhost:50145', 'localhost:50188']
[dc3_node2] Coordinator NOT in preference list, forwarding only
[dc3_node2] W-quorum achieved (2 writes), returning to client
[dc3_node2] Background replication continues for remaining nodes
[dc3_node2] Successful writes: 3/3
[dc3_node2] Replicated to localhost:50188
[dc3_node2] Replicated to localhost:50088
[dc3_node2] Replicated to localhost:50145
[dc3_node2] W-quorum achieved (2 writes), returning to client
[dc3_node2] Background replication continues for remaining nodes
[dc3_node2] Successful writes: 3/3
[dc3_node2] Client PUT: key='item:3862', value='value_3862_client27_op367'
[dc3_node2] Preference list for 'item:3862': ['localhost:50185', 'localhost:50108', 'localhost:50090']
[dc3_node2] Coordinator NOT in preference list, forwarding only
[dc3_node2] Replicated to localhost:50090
[dc3_node2] Replicated to localhost:50185
[dc3_node2] Replicated to localhost:50108
[dc3_node2] W-quorum achieved (2 writes), returning to client
[dc3_node2] Background replication continues for remaining nodes
[dc3_node2] Successful writes: 3/3
[dc3_node2] Client PUT: key='item:4368', value='value_4368_update_client39_op380'
[dc3_node2] Preference list for 'item:4368': ['localhost:50204', 'localhost:50068', 'localhost:50098']
[dc3_node2] Coordinator NOT in preference list, forwarding only
[dc3_node2] Replicated to localhost:50068
[dc3_node2] Replicated to localhost:50098
[dc3_node2] Replicated to localhost:50204
[dc3_node2] W-quorum achieved (2 writes), returning to client
[dc3_node2] Background replication continues for remaining nodes
[dc3_node2] Successful writes: 3/3
[dc3_node2] Internal PUT (replication): key='item:2592'
[dc3_node2] CONFLICT detected for key='item:2592', siblings=8
[dc3_node2] Saved 83 keys to disk
[dc3_node2] Retrieved key='item:1379', versions=2
[dc3_node2] Retrieved key='item:3603', versions=5
[dc3_node2] Internal PUT (replication): key='item:1271'
[dc3_node2] CONFLICT detected for key='item:1271', siblings=6
[dc3_node2] Saved 83 keys to disk
[dc3_node2] Client PUT: key='item:1473', value='value_1473_client14_op364'
[dc3_node2] Preference list for 'item:1473': ['localhost:50216', 'localhost:50095', 'localhost:50082']
[dc3_node2] Coordinator NOT in preference list, forwarding only
[dc3_node2] Replicated to localhost:50216
[dc3_node2] Replicated to localhost:50082
[dc3_node2] W-quorum achieved (2 writes), returning to client
[dc3_node2] Background replication continues for remaining nodes
[dc3_node2] Successful writes: 2/3
[dc3_node2] Replicated to localhost:50095
[dc3_node2] Internal PUT (replication): key='item:3699'
[dc3_node2] CONFLICT detected for key='item:3699', siblings=2
[dc3_node2] Saved 83 keys to disk
[dc3_node2] Internal PUT (replication): key='item:2587'
[dc3_node2] CONFLICT detected for key='item:2587', siblings=2
[dc3_node2] Saved 83 keys to disk
[dc3_node2] Retrieved key='item:0171', versions=5
[dc3_node2] Retrieved key='item:0619', versions=4
[dc3_node2] Internal PUT (replication): key='item:2495'
[dc3_node2] CONFLICT detected for key='item:2495', siblings=4
[dc3_node2] Saved 83 keys to disk
[dc3_node2] Internal PUT (replication): key='item:4222'
[dc3_node2] CONFLICT detected for key='item:4222', siblings=4
[dc3_node2] Saved 83 keys to disk
[dc3_node2] Client GET: key='item:0815'
[dc3_node2] Reading from preference list: ['localhost:50207', 'localhost:50171']
[dc3_node2] Key='item:0815' not found
[dc3_node2] CONFLICT: 6 sibling versions for 'item:0815'
[dc3_node2] Internal PUT (replication): key='item:1379'
[dc3_node2] CONFLICT detected for key='item:1379', siblings=3
[dc3_node2] Saved 83 keys to disk
[dc3_node2] Internal PUT (replication): key='item:0406'
[dc3_node2] CONFLICT detected for key='item:0406', siblings=3
[dc3_node2] Saved 83 keys to disk
[dc3_node2] Internal PUT (replication): key='item:3708'
[dc3_node2] CONFLICT detected for key='item:3708', siblings=3
[dc3_node2] Saved 83 keys to disk
[dc3_node2] Client GET: key='item:1053'
[dc3_node2] Reading from preference list: ['localhost:50140', 'localhost:50215']
[dc3_node2] Key='item:1053' not found
[dc3_node2] CONFLICT: 8 sibling versions for 'item:1053'
[dc3_node2] Retrieved key='item:2453', versions=3
[dc3_node2] Internal PUT (replication): key='item:4674'
[dc3_node2] CONFLICT detected for key='item:4674', siblings=4
[dc3_node2] Saved 83 keys to disk
[dc3_node2] Client PUT: key='item:3151', value='value_3151_client35_op389'
[dc3_node2] Preference list for 'item:3151': ['localhost:50101', 'localhost:50151', 'localhost:50132']
[dc3_node2] Coordinator NOT in preference list, forwarding only
[dc3_node2] Internal PUT (replication): key='item:0312'
[dc3_node2] CONFLICT detected for key='item:0312', siblings=2
[dc3_node2] Replicated to localhost:50132
[dc3_node2] Replicated to localhost:50151
[dc3_node2] Saved 83 keys to disk
[dc3_node2] Replicated to localhost:50101
[dc3_node2] W-quorum achieved (2 writes), returning to client
[dc3_node2] Background replication continues for remaining nodes
[dc3_node2] Successful writes: 3/3
[dc3_node2] Client GET: key='item:0483'
[dc3_node2] Reading from preference list: ['localhost:50174', 'localhost:50192']
[dc3_node2] Key='item:0483' not found
[dc3_node2] Retrieved key='item:0698', versions=4
[dc3_node2] Client GET: key='item:2191'
[dc3_node2] Reading from preference list: ['localhost:50062', 'localhost:50083']
[dc3_node2] Key='item:2191' not found
[dc3_node2] CONFLICT: 4 sibling versions for 'item:0483'
[dc3_node2] CONFLICT: 6 sibling versions for 'item:2191'
[dc3_node2] Retrieved key='item:1002', versions=1
[dc3_node2] Merged versions for key='item:1002', result=1 versions
[dc3_node2] Internal PUT (replication): key='item:3632'
[dc3_node2] Saved 83 keys to disk
[dc3_node2] CONFLICT detected for key='item:3632', siblings=3
[dc3_node2] Internal PUT (replication): key='item:0736'
[dc3_node2] Saved 83 keys to disk
[dc3_node2] CONFLICT detected for key='item:0736', siblings=5
[dc3_node2] Saved 83 keys to disk
[dc3_node2] Internal PUT (replication): key='item:3699'
[dc3_node2] CONFLICT detected for key='item:3699', siblings=3
[dc3_node2] Saved 83 keys to disk
[dc3_node2] Internal PUT (replication): key='item:2587'
[dc3_node2] CONFLICT detected for key='item:2587', siblings=3
[dc3_node2] Saved 83 keys to disk
[dc3_node2] Internal PUT (replication): key='item:4222'
[dc3_node2] CONFLICT detected for key='item:4222', siblings=5
[dc3_node2] Saved 83 keys to disk
[dc3_node2] Internal PUT (replication): key='item:4102'
[dc3_node2] CONFLICT detected for key='item:4102', siblings=3
[dc3_node2] Saved 83 keys to disk
[dc3_node2] Internal PUT (replication): key='item:4334'
[dc3_node2] CONFLICT detected for key='item:4334', siblings=7
[dc3_node2] Saved 83 keys to disk
[dc3_node2] Client PUT: key='item:1759', value='value_1759_update_client46_op379'
[dc3_node2] Preference list for 'item:1759': ['localhost:50180', 'localhost:50167', 'localhost:50059']
[dc3_node2] Coordinator NOT in preference list, forwarding only
[dc3_node2] Replicated to localhost:50167
[dc3_node2] Replicated to localhost:50180
[dc3_node2] Replicated to localhost:50059
[dc3_node2] W-quorum achieved (2 writes), returning to client
[dc3_node2] Background replication continues for remaining nodes
[dc3_node2] Successful writes: 3/3
[dc3_node2] Internal PUT (replication): key='item:1924'
[dc3_node2] CONFLICT detected for key='item:1924', siblings=7
[dc3_node2] Saved 83 keys to disk
[dc3_node2] Internal PUT (replication): key='item:1002'
[dc3_node2] CONFLICT detected for key='item:1002', siblings=2
[dc3_node2] Saved 83 keys to disk
[dc3_node2] Internal PUT (replication): key='item:1002'
[dc3_node2] CONFLICT detected for key='item:1002', siblings=3
[dc3_node2] Saved 83 keys to disk
[dc3_node2] Retrieved key='item:1642', versions=1
[dc3_node2] Retrieved key='item:2587', versions=3
[dc3_node2] Merged versions for key='item:1642', result=1 versions
[dc3_node2] Saved 83 keys to disk
[dc3_node2] Client PUT: key='item:4060', value='value_4060_client26_op404'
[dc3_node2] Preference list for 'item:4060': ['localhost:50191', 'localhost:50226', 'localhost:50184']
[dc3_node2] Coordinator NOT in preference list, forwarding only
[dc3_node2] Retrieved key='item:1924', versions=7
[dc3_node2] Internal PUT (replication): key='item:3603'
[dc3_node2] CONFLICT detected for key='item:3603', siblings=5
[dc3_node2] Replicated to localhost:50184
[dc3_node2] Saved 83 keys to disk
[dc3_node2] Replicated to localhost:50191
[dc3_node2] Replicated to localhost:50226
[dc3_node2] W-quorum achieved (2 writes), returning to client
[dc3_node2] Background replication continues for remaining nodes
[dc3_node2] Successful writes: 3/3
[dc3_node2] Client PUT: key='item:1586', value='value_1586_client12_op419'
[dc3_node2] Preference list for 'item:1586': ['localhost:50216', 'localhost:50133', 'localhost:50200']
[dc3_node2] Coordinator NOT in preference list, forwarding only
[dc3_node2] Replicated to localhost:50133
[dc3_node2] Replicated to localhost:50200
[dc3_node2] W-quorum achieved (2 writes), returning to client
[dc3_node2] Background replication continues for remaining nodes
[dc3_node2] Successful writes: 2/3
[dc3_node2] Replicated to localhost:50216
[dc3_node2] Client PUT: key='item:0090', value='value_90_client44_op416'
[dc3_node2] Preference list for 'item:0090': ['localhost:50155', 'localhost:50217', 'localhost:50246']
[dc3_node2] Coordinator NOT in preference list, forwarding only
[dc3_node2] Replicated to localhost:50155
[dc3_node2] Replicated to localhost:50217
[dc3_node2] W-quorum achieved (2 writes), returning to client
[dc3_node2] Background replication continues for remaining nodes
[dc3_node2] Successful writes: 2/3
[dc3_node2] Replicated to localhost:50246
[dc3_node2] Internal PUT (replication): key='item:0122'
[dc3_node2] CONFLICT detected for key='item:0122', siblings=2
[dc3_node2] Internal PUT (replication): key='item:4831'
[dc3_node2] Saved 83 keys to disk
[dc3_node2] CONFLICT detected for key='item:4831', siblings=5
[dc3_node2] Saved 83 keys to disk
[dc3_node2] Retrieved key='item:1444', versions=1
[dc3_node2] Merged versions for key='item:1444', result=1 versions
[dc3_node2] Saved 83 keys to disk
[dc3_node2] Internal PUT (replication): key='item:0654'
[dc3_node2] CONFLICT detected for key='item:0654', siblings=5
[dc3_node2] Saved 83 keys to disk
[dc3_node2] Internal PUT (replication): key='item:1532'
[dc3_node2] CONFLICT detected for key='item:1532', siblings=3
[dc3_node2] Saved 83 keys to disk
[dc3_node2] Internal PUT (replication): key='item:3603'
[dc3_node2] CONFLICT detected for key='item:3603', siblings=6
[dc3_node2] Saved 83 keys to disk
[dc3_node2] Retrieved key='item:0775', versions=1
[dc3_node2] Client PUT: key='item:0839', value='value_839_client38_op395'
[dc3_node2] Preference list for 'item:0839': ['localhost:50071', 'localhost:50100', 'localhost:50189']
[dc3_node2] Coordinator NOT in preference list, forwarding only
[dc3_node2] Replicated to localhost:50100
[dc3_node2] Replicated to localhost:50189
[dc3_node2] Merged versions for key='item:0775', result=1 versions
[dc3_node2] W-quorum achieved (2 writes), returning to client
[dc3_node2] Background replication continues for remaining nodes
[dc3_node2] Successful writes: 2/3
[dc3_node2] Saved 83 keys to disk
[dc3_node2] Replicated to localhost:50071
[dc3_node2] Internal PUT (replication): key='item:0619'
[dc3_node2] CONFLICT detected for key='item:0619', siblings=5
[dc3_node2] Saved 83 keys to disk
[dc3_node2] Internal PUT (replication): key='item:0698'
[dc3_node2] CONFLICT detected for key='item:0698', siblings=5
[dc3_node2] Saved 83 keys to disk
[dc3_node2] Retrieved key='item:3603', versions=6
[dc3_node2] Client PUT: key='item:4254', value='value_4254_client31_op406'
[dc3_node2] Preference list for 'item:4254': ['localhost:50146', 'localhost:50218', 'localhost:50159']
[dc3_node2] Coordinator NOT in preference list, forwarding only
[dc3_node2] Replicated to localhost:50159
[dc3_node2] Replicated to localhost:50146
[dc3_node2] W-quorum achieved (2 writes), returning to client
[dc3_node2] Background replication continues for remaining nodes
[dc3_node2] Successful writes: 2/3
[dc3_node2] Replicated to localhost:50218
[dc3_node2] Internal PUT (replication): key='item:3695'
[dc3_node2] CONFLICT detected for key='item:3695', siblings=4
[dc3_node2] Saved 83 keys to disk
[dc3_node2] Internal PUT (replication): key='item:3632'
[dc3_node2] CONFLICT detected for key='item:3632', siblings=4
[dc3_node2] Saved 83 keys to disk
[dc3_node2] Internal PUT (replication): key='item:1074'
[dc3_node2] CONFLICT detected for key='item:1074', siblings=5
[dc3_node2] Saved 83 keys to disk
[dc3_node2] Client PUT: key='item:2544', value='value_2544_client8_op411'
[dc3_node2] Preference list for 'item:2544': ['localhost:50193', 'localhost:50085', 'localhost:50138']
[dc3_node2] Coordinator NOT in preference list, forwarding only
[dc3_node2] Replicated to localhost:50085
[dc3_node2] Replicated to localhost:50193
[dc3_node2] W-quorum achieved (2 writes), returning to client
[dc3_node2] Background replication continues for remaining nodes
[dc3_node2] Successful writes: 2/3
[dc3_node2] Replicated to localhost:50138
[dc3_node2] Internal PUT (replication): key='item:2763'
[dc3_node2] CONFLICT detected for key='item:2763', siblings=2
[dc3_node2] Saved 83 keys to disk
[dc3_node2] Internal PUT (replication): key='item:4831'
[dc3_node2] CONFLICT detected for key='item:4831', siblings=6
[dc3_node2] Saved 83 keys to disk
[dc3_node2] Client GET: key='item:0614'
[dc3_node2] Reading from preference list: ['localhost:50201', 'localhost:50236']
[dc3_node2] Key='item:0614' not found
[dc3_node2] CONFLICT: 5 sibling versions for 'item:0614'
[dc3_node2] Internal PUT (replication): key='item:4058'
[dc3_node2] CONFLICT detected for key='item:4058', siblings=4
[dc3_node2] Saved 83 keys to disk
[dc3_node2] Internal PUT (replication): key='item:0204'
[dc3_node2] CONFLICT detected for key='item:0204', siblings=4
[dc3_node2] Saved 83 keys to disk
[dc3_node2] Internal PUT (replication): key='item:1754'
[dc3_node2] CONFLICT detected for key='item:1754', siblings=4
[dc3_node2] Internal PUT (replication): key='item:0025'
[dc3_node2] Saved 83 keys to disk
[dc3_node2] CONFLICT detected for key='item:0025', siblings=6
[dc3_node2] Internal PUT (replication): key='item:0171'
[dc3_node2] Saved 83 keys to disk
[dc3_node2] CONFLICT detected for key='item:0171', siblings=6
[dc3_node2] Saved 83 keys to disk
[dc3_node2] Client PUT: key='item:3181', value='value_3181_client14_op411'
[dc3_node2] Preference list for 'item:3181': ['localhost:50061', 'localhost:50210', 'localhost:50119']
[dc3_node2] Coordinator NOT in preference list, forwarding only
[dc3_node2] Replicated to localhost:50061
[dc3_node2] Replicated to localhost:50119
[dc3_node2] W-quorum achieved (2 writes), returning to client
[dc3_node2] Background replication continues for remaining nodes
[dc3_node2] Successful writes: 2/3
[dc3_node2] Replicated to localhost:50210
[dc3_node2] Client GET: key='item:2499'
[dc3_node2] Reading from preference list: ['localhost:50231', 'localhost:50066']
[dc3_node2] Key='item:2499' not found
[dc3_node2] Client GET: key='item:3237'
[dc3_node2] Reading from preference list: ['localhost:50063', 'localhost:50241']
[dc3_node2] Key='item:3237' not found
[dc3_node2] CONFLICT: 6 sibling versions for 'item:2499'
[dc3_node2] CONFLICT: 6 sibling versions for 'item:3237'
[dc3_node2] Retrieved key='item:2763', versions=2
[dc3_node2] Retrieved key='item:4102', versions=3
[dc3_node2] Retrieved key='item:3708', versions=3
[dc3_node2] Internal PUT (replication): key='item:4774'
[dc3_node2] CONFLICT detected for key='item:4774', siblings=5
[dc3_node2] Saved 83 keys to disk
[dc3_node2] Internal PUT (replication): key='item:2587'
[dc3_node2] CONFLICT detected for key='item:2587', siblings=4
[dc3_node2] Saved 83 keys to disk
[dc3_node2] Internal PUT (replication): key='item:1444'
[dc3_node2] CONFLICT detected for key='item:1444', siblings=2
[dc3_node2] Saved 83 keys to disk
[dc3_node2] Internal PUT (replication): key='item:2895'
[dc3_node2] CONFLICT detected for key='item:2895', siblings=4
[dc3_node2] Saved 83 keys to disk
[dc3_node2] Internal PUT (replication): key='item:3928'
[dc3_node2] CONFLICT detected for key='item:3928', siblings=3
[dc3_node2] Saved 83 keys to disk
[dc3_node2] Client PUT: key='item:3907', value='value_3907_client12_op455'
[dc3_node2] Preference list for 'item:3907': ['localhost:50132', 'localhost:50095', 'localhost:50198']
[dc3_node2] Coordinator NOT in preference list, forwarding only
[dc3_node2] Replicated to localhost:50095
[dc3_node2] Replicated to localhost:50132
[dc3_node2] Internal PUT (replication): key='item:1236'
[dc3_node2] CONFLICT detected for key='item:1236', siblings=3
[dc3_node2] Replicated to localhost:50198
[dc3_node2] W-quorum achieved (2 writes), returning to client
[dc3_node2] Background replication continues for remaining nodes
[dc3_node2] Successful writes: 3/3
[dc3_node2] Saved 83 keys to disk
[dc3_node2] Internal PUT (replication): key='item:1444'
[dc3_node2] CONFLICT detected for key='item:1444', siblings=3
[dc3_node2] Saved 83 keys to disk
[dc3_node2] Internal PUT (replication): key='item:2719'
[dc3_node2] CONFLICT detected for key='item:2719', siblings=5
[dc3_node2] Saved 83 keys to disk
[dc3_node2] Retrieved key='item:2844', versions=2
[dc3_node2] Internal PUT (replication): key='item:4866'
[dc3_node2] CONFLICT detected for key='item:4866', siblings=5
[dc3_node2] Saved 83 keys to disk
[dc3_node2] Client GET: key='item:4825'
[dc3_node2] Reading from preference list: ['localhost:50202', 'localhost:50126']
[dc3_node2] Key='item:4825' not found
[dc3_node2] Performing read repair for key='item:4825'
[dc3_node2] Read repair to localhost:50202 succeeded
[dc3_node2] Internal PUT (replication): key='item:1444'
[dc3_node2] CONFLICT detected for key='item:1444', siblings=4
[dc3_node2] Saved 83 keys to disk
[dc3_node2] Read repair to localhost:50126 succeeded
[dc3_node2] Read repair to localhost:50137 succeeded
[dc3_node2] Internal PUT (replication): key='item:3263'
[dc3_node2] CONFLICT detected for key='item:3263', siblings=5
[dc3_node2] Saved 83 keys to disk
[dc3_node2] Client GET: key='item:2729'
[dc3_node2] Reading from preference list: ['localhost:50146', 'localhost:50204']
[dc3_node2] Key='item:2729' not found
[dc3_node2] CONFLICT: 10 sibling versions for 'item:2729'
[dc3_node2] Internal PUT (replication): key='item:2857'
[dc3_node2] CONFLICT detected for key='item:2857', siblings=2
[dc3_node2] Saved 83 keys to disk
[dc3_node2] Internal PUT (replication): key='item:2763'
[dc3_node2] CONFLICT detected for key='item:2763', siblings=3
[dc3_node2] Saved 83 keys to disk
[dc3_node2] Internal PUT (replication): key='item:0122'
[dc3_node2] CONFLICT detected for key='item:0122', siblings=3
[dc3_node2] Saved 83 keys to disk
[dc3_node2] Internal PUT (replication): key='item:0775'
[dc3_node2] CONFLICT detected for key='item:0775', siblings=2
[dc3_node2] Saved 83 keys to disk
[dc3_node2] Internal PUT (replication): key='item:3928'
[dc3_node2] CONFLICT detected for key='item:3928', siblings=4
[dc3_node2] Saved 83 keys to disk
[dc3_node2] Internal PUT (replication): key='item:0122'
[dc3_node2] CONFLICT detected for key='item:0122', siblings=4
[dc3_node2] Internal PUT (replication): key='item:0736'
[dc3_node2] Saved 83 keys to disk
[dc3_node2] CONFLICT detected for key='item:0736', siblings=6
[dc3_node2] Saved 83 keys to disk
[dc3_node2] Client GET: key='item:1441'
[dc3_node2] Reading from preference list: ['localhost:50127', 'localhost:50143']
[dc3_node2] Key='item:1441' not found
[dc3_node2] CONFLICT: 6 sibling versions for 'item:1441'
[dc3_node2] Internal PUT (replication): key='item:2857'
[dc3_node2] CONFLICT detected for key='item:2857', siblings=3
[dc3_node2] Saved 83 keys to disk
[dc3_node2] Internal PUT (replication): key='item:4271'
[dc3_node2] CONFLICT detected for key='item:4271', siblings=3
[dc3_node2] Saved 83 keys to disk
[dc3_node2] Internal PUT (replication): key='item:3543'
[dc3_node2] CONFLICT detected for key='item:3543', siblings=2
[dc3_node2] Saved 83 keys to disk
[dc3_node2] Internal PUT (replication): key='item:1002'
[dc3_node2] CONFLICT detected for key='item:1002', siblings=4
[dc3_node2] Saved 83 keys to disk
[dc3_node2] Retrieved key='item:3928', versions=4
[dc3_node2] Internal PUT (replication): key='item:1532'
[dc3_node2] CONFLICT detected for key='item:1532', siblings=4
[dc3_node2] Saved 83 keys to disk
[dc3_node2] Retrieved key='item:2895', versions=4
[dc3_node2] Internal PUT (replication): key='item:4793'
[dc3_node2] CONFLICT detected for key='item:4793', siblings=3
[dc3_node2] Saved 83 keys to disk
[dc3_node2] Client PUT: key='item:3297', value='value_3297_update_client28_op474'
[dc3_node2] Preference list for 'item:3297': ['localhost:50096', 'localhost:50123', 'localhost:50207']
[dc3_node2] Coordinator NOT in preference list, forwarding only
[dc3_node2] Replicated to localhost:50096
[dc3_node2] Replicated to localhost:50123
[dc3_node2] W-quorum achieved (2 writes), returning to client
[dc3_node2] Background replication continues for remaining nodes
[dc3_node2] Successful writes: 2/3
[dc3_node2] Replicated to localhost:50207
[dc3_node2] Internal PUT (replication): key='item:3996'
[dc3_node2] Stored NEW key='item:3996', value='value_3996_update_client15_op472', clock={dc1_node18:1}
[dc3_node2] Saved 84 keys to disk
[dc3_node2] Internal PUT (replication): key='item:2719'
[dc3_node2] CONFLICT detected for key='item:2719', siblings=6
[dc3_node2] Saved 84 keys to disk
[dc3_node2] Internal PUT (replication): key='item:0021'
[dc3_node2] CONFLICT detected for key='item:0021', siblings=4
[dc3_node2] Saved 84 keys to disk
[dc3_node2] Client PUT: key='item:2290', value='value_2290_update_client46_op443'
[dc3_node2] Preference list for 'item:2290': ['localhost:50243', 'localhost:50159', 'localhost:50058']
[dc3_node2] Coordinator NOT in preference list, forwarding only
[dc3_node2] Replicated to localhost:50159
[dc3_node2] Replicated to localhost:50243
[dc3_node2] Replicated to localhost:50058
[dc3_node2] W-quorum achieved (2 writes), returning to client
[dc3_node2] Background replication continues for remaining nodes
[dc3_node2] Successful writes: 3/3
[dc3_node2] Internal PUT (replication): key='item:1444'
[dc3_node2] CONFLICT detected for key='item:1444', siblings=5
[dc3_node2] Saved 84 keys to disk
[dc3_node2] Internal PUT (replication): key='item:0806'
[dc3_node2] CONFLICT detected for key='item:0806', siblings=5
[dc3_node2] Saved 84 keys to disk
[dc3_node2] Internal PUT (replication): key='item:3144'
[dc3_node2] CONFLICT detected for key='item:3144', siblings=3
[dc3_node2] Saved 84 keys to disk
[dc3_node2] Retrieved key='item:0793', versions=5
[dc3_node2] Internal PUT (replication): key='item:1642'
[dc3_node2] CONFLICT detected for key='item:1642', siblings=2
[dc3_node2] Saved 84 keys to disk
[dc3_node2] Client PUT: key='item:0311', value='value_311_client44_op482'
[dc3_node2] Preference list for 'item:0311': ['localhost:50148', 'localhost:50215', 'localhost:50172']
[dc3_node2] Coordinator NOT in preference list, forwarding only
[dc3_node2] Replicated to localhost:50172
[dc3_node2] Replicated to localhost:50148
[dc3_node2] Replicated to localhost:50215
[dc3_node2] W-quorum achieved (2 writes), returning to client
[dc3_node2] Background replication continues for remaining nodes
[dc3_node2] Successful writes: 3/3
[dc3_node2] Internal PUT (replication): key='item:1754'
[dc3_node2] CONFLICT detected for key='item:1754', siblings=4
[dc3_node2] Saved 84 keys to disk
[dc3_node2] Client PUT: key='item:0714', value='value_714_client12_op493'
[dc3_node2] Preference list for 'item:0714': ['localhost:50195', 'localhost:50140', 'localhost:50180']
[dc3_node2] Coordinator NOT in preference list, forwarding only
[dc3_node2] Replicated to localhost:50180
[dc3_node2] Replicated to localhost:50140
[dc3_node2] W-quorum achieved (2 writes), returning to client
[dc3_node2] Background replication continues for remaining nodes
[dc3_node2] Successful writes: 2/3
[dc3_node2] Replicated to localhost:50195
[dc3_node2] Client PUT: key='item:1918', value='value_1918_client29_op498'
[dc3_node2] Preference list for 'item:1918': ['localhost:50075', 'localhost:50173', 'localhost:50159']
[dc3_node2] Coordinator NOT in preference list, forwarding only
[dc3_node2] Replicated to localhost:50173
[dc3_node2] Replicated to localhost:50075
[dc3_node2] W-quorum achieved (2 writes), returning to client
[dc3_node2] Background replication continues for remaining nodes
[dc3_node2] Successful writes: 2/3
[dc3_node2] Replicated to localhost:50159
[dc3_node2] Client GET: key='item:0884'
[dc3_node2] Reading from preference list: ['localhost:50137', 'localhost:50155']
[dc3_node2] Key='item:0884' not found
[dc3_node2] CONFLICT: 6 sibling versions for 'item:0884'
[dc3_node2] Internal PUT (replication): key='item:4676'
[dc3_node2] CONFLICT detected for key='item:4676', siblings=5
[dc3_node2] Saved 84 keys to disk
[dc3_node2] Internal PUT (replication): key='item:4793'
[dc3_node2] CONFLICT detected for key='item:4793', siblings=4
[dc3_node2] Saved 84 keys to disk
[dc3_node2] Retrieved key='item:3708', versions=3
[dc3_node2] Retrieved key='item:4485', versions=2
[dc3_node2] Internal PUT (replication): key='item:1074'
[dc3_node2] CONFLICT detected for key='item:1074', siblings=6
[dc3_node2] Saved 84 keys to disk
[dc3_node2] Internal PUT (replication): key='item:1281'
[dc3_node2] CONFLICT detected for key='item:1281', siblings=3
[dc3_node2] Saved 84 keys to disk
[dc3_node2] Internal PUT (replication): key='item:2453'
[dc3_node2] CONFLICT detected for key='item:2453', siblings=4
[dc3_node2] Saved 84 keys to disk
[dc3_node2] Internal PUT (replication): key='item:4704'
[dc3_node2] CONFLICT detected for key='item:4704', siblings=5
[dc3_node2] Saved 84 keys to disk
[dc3_node2] Retrieved key='item:1924', versions=7
[dc3_node2] Retrieved key='item:0863', versions=4
[dc3_node2] Internal PUT (replication): key='item:3204'
[dc3_node2] CONFLICT detected for key='item:3204', siblings=7
[dc3_node2] Saved 84 keys to disk
[dc3_node2] Internal PUT (replication): key='item:3059'
[dc3_node2] CONFLICT detected for key='item:3059', siblings=3
[dc3_node2] Saved 84 keys to disk
[dc3_node2] Retrieved key='item:1532', versions=4
[dc3_node2] Internal PUT (replication): key='item:0698'
[dc3_node2] CONFLICT detected for key='item:0698', siblings=6
[dc3_node2] Saved 84 keys to disk
[dc3_node2] Internal PUT (replication): key='item:0312'
[dc3_node2] CONFLICT detected for key='item:0312', siblings=3
[dc3_node2] Saved 84 keys to disk
[dc3_node2] Internal PUT (replication): key='item:3263'
[dc3_node2] CONFLICT detected for key='item:3263', siblings=6
[dc3_node2] Internal PUT (replication): key='item:0406'
[dc3_node2] Saved 84 keys to disk
[dc3_node2] CONFLICT detected for key='item:0406', siblings=4
[dc3_node2] Saved 84 keys to disk
[dc3_node2] Internal PUT (replication): key='item:3543'
[dc3_node2] CONFLICT detected for key='item:3543', siblings=3
[dc3_node2] Saved 84 keys to disk
[dc3_node2] Client GET: key='item:4992'
[dc3_node2] Reading from preference list: ['localhost:50145', 'localhost:50181']
[dc3_node2] Key='item:4992' not found
[dc3_node2] CONFLICT: 8 sibling versions for 'item:4992'
[dc3_node2] Client PUT: key='item:4803', value='value_4803_update_client24_op512'
[dc3_node2] Preference list for 'item:4803': ['localhost:50059', 'localhost:50093', 'localhost:50205']
[dc3_node2] Coordinator NOT in preference list, forwarding only
[dc3_node2] Replicated to localhost:50205
[dc3_node2] Replicated to localhost:50059
[dc3_node2] W-quorum achieved (2 writes), returning to client
[dc3_node2] Background replication continues for remaining nodes
[dc3_node2] Successful writes: 2/3
[dc3_node2] Replicated to localhost:50093
[dc3_node2] Client PUT: key='item:3517', value='value_3517_client20_op508'
[dc3_node2] Preference list for 'item:3517': ['localhost:50070', 'localhost:50162', 'localhost:50210']
[dc3_node2] Coordinator NOT in preference list, forwarding only
[dc3_node2] Replicated to localhost:50210
[dc3_node2] Replicated to localhost:50162
[dc3_node2] Replicated to localhost:50070
[dc3_node2] W-quorum achieved (2 writes), returning to client
[dc3_node2] Background replication continues for remaining nodes
[dc3_node2] Successful writes: 3/3
[dc3_node2] Retrieved key='item:2573', versions=2
[dc3_node2] Internal PUT (replication): key='item:3618'
[dc3_node2] CONFLICT detected for key='item:3618', siblings=4
[dc3_node2] Saved 84 keys to disk
[dc3_node2] Retrieved key='item:2763', versions=3
[dc3_node2] Internal PUT (replication): key='item:1271'
[dc3_node2] CONFLICT detected for key='item:1271', siblings=7
[dc3_node2] Saved 84 keys to disk
[dc3_node2] Client PUT: key='item:3812', value='value_3812_client47_op503'
[dc3_node2] Preference list for 'item:3812': ['localhost:50170', 'localhost:50067', 'localhost:50218']
[dc3_node2] Coordinator NOT in preference list, forwarding only
[dc3_node2] Replicated to localhost:50218
[dc3_node2] Replicated to localhost:50067
[dc3_node2] Replicated to localhost:50170
[dc3_node2] W-quorum achieved (2 writes), returning to client
[dc3_node2] Background replication continues for remaining nodes
[dc3_node2] Successful writes: 3/3
[dc3_node2] Internal PUT (replication): key='item:0406'
[dc3_node2] CONFLICT detected for key='item:0406', siblings=5
[dc3_node2] Saved 84 keys to disk
[dc3_node2] Client PUT: key='item:3019', value='value_3019_client12_op529'
[dc3_node2] Preference list for 'item:3019': ['localhost:50177', 'localhost:50091', 'localhost:50057']
[dc3_node2] Coordinator NOT in preference list, forwarding only
[dc3_node2] Replicated to localhost:50177
[dc3_node2] Replicated to localhost:50091
[dc3_node2] Internal PUT (replication): key='item:1649'
[dc3_node2] CONFLICT detected for key='item:1649', siblings=6
[dc3_node2] W-quorum achieved (2 writes), returning to client
[dc3_node2] Background replication continues for remaining nodes
[dc3_node2] Successful writes: 2/3
[dc3_node2] Replicated to localhost:50057
[dc3_node2] Saved 84 keys to disk
[dc3_node2] Retrieved key='item:2587', versions=4
[dc3_node2] Client PUT: key='item:1689', value='value_1689_client24_op522'
[dc3_node2] Preference list for 'item:1689': ['localhost:50075', 'localhost:50183', 'localhost:50144']
[dc3_node2] Coordinator NOT in preference list, forwarding only
[dc3_node2] Internal PUT (replication): key='item:0204'
[dc3_node2] CONFLICT detected for key='item:0204', siblings=5
[dc3_node2] Saved 84 keys to disk
[dc3_node2] Replicated to localhost:50144
[dc3_node2] Replicated to localhost:50075
[dc3_node2] Replicated to localhost:50183
[dc3_node2] Retrieved key='item:4674', versions=4
[dc3_node2] W-quorum achieved (2 writes), returning to client
[dc3_node2] Background replication continues for remaining nodes
[dc3_node2] Successful writes: 3/3
[dc3_node2] Client PUT: key='item:0104', value='value_104_update_client28_op530'
[dc3_node2] Preference list for 'item:0104': ['localhost:50168', 'localhost:50083', 'localhost:50220']
[dc3_node2] Coordinator NOT in preference list, forwarding only
[dc3_node2] Replicated to localhost:50220
[dc3_node2] Replicated to localhost:50083
[dc3_node2] Replicated to localhost:50168
[dc3_node2] W-quorum achieved (2 writes), returning to client
[dc3_node2] Background replication continues for remaining nodes
[dc3_node2] Successful writes: 3/3
[dc3_node2] Internal PUT (replication): key='item:0654'
[dc3_node2] CONFLICT detected for key='item:0654', siblings=6
[dc3_node2] Client PUT: key='item:4174', value='value_4174_update_client38_op492'
[dc3_node2] Preference list for 'item:4174': ['localhost:50186', 'localhost:50116', 'localhost:50095']
[dc3_node2] Coordinator NOT in preference list, forwarding only
[dc3_node2] Replicated to localhost:50116
[dc3_node2] Replicated to localhost:50186
[dc3_node2] W-quorum achieved (2 writes), returning to client
[dc3_node2] Background replication continues for remaining nodes
[dc3_node2] Successful writes: 2/3
[dc3_node2] Replicated to localhost:50095
[dc3_node2] Saved 84 keys to disk
[dc3_node2] Retrieved key='item:0255', versions=5
[dc3_node2] Retrieved key='item:0698', versions=6
[dc3_node2] Internal PUT (replication): key='item:0793'
[dc3_node2] CONFLICT detected for key='item:0793', siblings=6
[dc3_node2] Saved 84 keys to disk
[dc3_node2] Internal PUT (replication): key='item:1924'
[dc3_node2] CONFLICT detected for key='item:1924', siblings=8
[dc3_node2] Saved 84 keys to disk
[dc3_node2] Internal PUT (replication): key='item:0806'
[dc3_node2] CONFLICT detected for key='item:0806', siblings=6
[dc3_node2] Saved 84 keys to disk
[dc3_node2] Internal PUT (replication): key='item:2672'
[dc3_node2] CONFLICT detected for key='item:2672', siblings=2
[dc3_node2] Internal PUT (replication): key='item:0619'
[dc3_node2] Saved 84 keys to disk
[dc3_node2] CONFLICT detected for key='item:0619', siblings=6
[dc3_node2] Saved 84 keys to disk
[dc3_node2] Internal PUT (replication): key='item:4485'
[dc3_node2] CONFLICT detected for key='item:4485', siblings=3
[dc3_node2] Saved 84 keys to disk
[dc3_node2] Client PUT: key='item:0042', value='value_42_client23_op523'
[dc3_node2] Preference list for 'item:0042': ['localhost:50053', 'localhost:50188', 'localhost:50113']
[dc3_node2] Coordinator NOT in preference list, forwarding only
[dc3_node2] Replicated to localhost:50053
[dc3_node2] Replicated to localhost:50188
[dc3_node2] W-quorum achieved (2 writes), returning to client
[dc3_node2] Background replication continues for remaining nodes
[dc3_node2] Successful writes: 2/3
[dc3_node2] Replicated to localhost:50113
[dc3_node2] Retrieved key='item:3059', versions=3
[dc3_node2] Internal PUT (replication): key='item:0171'
[dc3_node2] CONFLICT detected for key='item:0171', siblings=7
[dc3_node2] Internal PUT (replication): key='item:2895'
[dc3_node2] Saved 84 keys to disk
[dc3_node2] CONFLICT detected for key='item:2895', siblings=5
[dc3_node2] Saved 84 keys to disk
[dc3_node2] Retrieved key='item:3119', versions=4
[dc3_node2] Internal PUT (replication): key='item:2573'
[dc3_node2] CONFLICT detected for key='item:2573', siblings=3
[dc3_node2] Saved 84 keys to disk
[dc3_node2] Retrieved key='item:3632', versions=4
[dc3_node2] Client PUT: key='item:3245', value='value_3245_client10_op538'
[dc3_node2] Preference list for 'item:3245': ['localhost:50241', 'localhost:50097', 'localhost:50077']
[dc3_node2] Coordinator NOT in preference list, forwarding only
[dc3_node2] Replicated to localhost:50097
[dc3_node2] Replicated to localhost:50241
[dc3_node2] W-quorum achieved (2 writes), returning to client
[dc3_node2] Background replication continues for remaining nodes
[dc3_node2] Successful writes: 2/3
[dc3_node2] Replicated to localhost:50077
[dc3_node2] Client GET: key='item:4517'
[dc3_node2] Reading from preference list: ['localhost:50180', 'localhost:50234']
[dc3_node2] Key='item:4517' not found
[dc3_node2] CONFLICT: 12 sibling versions for 'item:4517'
[dc3_node2] Retrieved key='item:4102', versions=3
[dc3_node2] Internal PUT (replication): key='item:3708'
[dc3_node2] CONFLICT detected for key='item:3708', siblings=4
[dc3_node2] Saved 84 keys to disk
[dc3_node2] Client PUT: key='item:3782', value='value_3782_update_client11_op528'
[dc3_node2] Preference list for 'item:3782': ['localhost:50109', 'localhost:50244', 'localhost:50207']
[dc3_node2] Coordinator NOT in preference list, forwarding only
[dc3_node2] Replicated to localhost:50244
[dc3_node2] Replicated to localhost:50207
[dc3_node2] W-quorum achieved (2 writes), returning to client
[dc3_node2] Background replication continues for remaining nodes
[dc3_node2] Successful writes: 2/3
[dc3_node2] Replicated to localhost:50109
[dc3_node2] Retrieved key='item:3119', versions=4
[dc3_node2] Internal PUT (replication): key='item:0698'
[dc3_node2] CONFLICT detected for key='item:0698', siblings=7
[dc3_node2] Saved 84 keys to disk
[dc3_node2] Internal PUT (replication): key='item:4676'
[dc3_node2] CONFLICT detected for key='item:4676', siblings=6
[dc3_node2] Saved 84 keys to disk
[dc3_node2] Client PUT: key='item:3837', value='value_3837_client45_op537'
[dc3_node2] Preference list for 'item:3837': ['localhost:50061', 'localhost:50197', 'localhost:50147']
[dc3_node2] Coordinator NOT in preference list, forwarding only
[dc3_node2] Client PUT: key='item:3396', value='value_3396_update_client13_op563'
[dc3_node2] Preference list for 'item:3396': ['localhost:50229', 'localhost:50231', 'localhost:50097']
[dc3_node2] Coordinator NOT in preference list, forwarding only
[dc3_node2] Replicated to localhost:50061
[dc3_node2] Replicated to localhost:50147
[dc3_node2] Replicated to localhost:50231
[dc3_node2] Replicated to localhost:50229
[dc3_node2] W-quorum achieved (2 writes), returning to client
[dc3_node2] Background replication continues for remaining nodes
[dc3_node2] Successful writes: 2/3
[dc3_node2] Replicated to localhost:50097
[dc3_node2] W-quorum achieved (2 writes), returning to client
[dc3_node2] Background replication continues for remaining nodes
[dc3_node2] Successful writes: 3/3
[dc3_node2] Replicated to localhost:50197
[dc3_node2] Internal PUT (replication): key='item:4730'
[dc3_node2] CONFLICT detected for key='item:4730', siblings=6
[dc3_node2] Saved 84 keys to disk
[dc3_node2] Retrieved key='item:2719', versions=6
[dc3_node2] Client GET: key='item:4406'
[dc3_node2] Reading from preference list: ['localhost:50127', 'localhost:50179']
[dc3_node2] Key='item:4406' not found
[dc3_node2] CONFLICT: 6 sibling versions for 'item:4406'
[dc3_node2] Internal PUT (replication): key='item:1625'
[dc3_node2] CONFLICT detected for key='item:1625', siblings=4
[dc3_node2] Saved 84 keys to disk
[dc3_node2] Retrieved key='item:3603', versions=6
[dc3_node2] Internal PUT (replication): key='item:0619'
[dc3_node2] CONFLICT detected for key='item:0619', siblings=7
[dc3_node2] Saved 84 keys to disk
[dc3_node2] Retrieved key='item:1532', versions=4
[dc3_node2] Retrieved key='item:2587', versions=4
[dc3_node2] Client PUT: key='item:1580', value='value_1580_client16_op569'
[dc3_node2] Preference list for 'item:1580': ['localhost:50241', 'localhost:50118', 'localhost:50142']
[dc3_node2] Coordinator NOT in preference list, forwarding only
[dc3_node2] Replicated to localhost:50241
[dc3_node2] Replicated to localhost:50118
[dc3_node2] Replicated to localhost:50142
[dc3_node2] Client GET: key='item:1695'
[dc3_node2] Reading from preference list: ['localhost:50190', 'localhost:50086']
[dc3_node2] Key='item:1695' not found
[dc3_node2] W-quorum achieved (2 writes), returning to client
[dc3_node2] Background replication continues for remaining nodes
[dc3_node2] Successful writes: 3/3
[dc3_node2] CONFLICT: 14 sibling versions for 'item:1695'
[dc3_node2] Retrieved key='item:3822', versions=5
[dc3_node2] Internal PUT (replication): key='item:1074'
[dc3_node2] CONFLICT detected for key='item:1074', siblings=7
[dc3_node2] Saved 84 keys to disk
[dc3_node2] Retrieved key='item:3822', versions=5
[dc3_node2] Client PUT: key='item:2077', value='value_2077_update_client19_op576'
[dc3_node2] Preference list for 'item:2077': ['localhost:50180', 'localhost:50059', 'localhost:50143']
[dc3_node2] Coordinator NOT in preference list, forwarding only
[dc3_node2] Replicated to localhost:50180
[dc3_node2] Replicated to localhost:50143
[dc3_node2] W-quorum achieved (2 writes), returning to client
[dc3_node2] Background replication continues for remaining nodes
[dc3_node2] Successful writes: 2/3
[dc3_node2] Replicated to localhost:50059
[dc3_node2] Client PUT: key='item:4841', value='value_4841_update_client33_op551'
[dc3_node2] Preference list for 'item:4841': ['localhost:50222', 'localhost:50053', 'localhost:50180']
[dc3_node2] Coordinator NOT in preference list, forwarding only
[dc3_node2] Replicated to localhost:50222
[dc3_node2] Replicated to localhost:50053
[dc3_node2] W-quorum achieved (2 writes), returning to client
[dc3_node2] Background replication continues for remaining nodes
[dc3_node2] Successful writes: 2/3
[dc3_node2] Replicated to localhost:50180
[dc3_node2] Internal PUT (replication): key='item:4334'
[dc3_node2] CONFLICT detected for key='item:4334', siblings=8
[dc3_node2] Saved 84 keys to disk
[dc3_node2] Internal PUT (replication): key='item:2698'
[dc3_node2] CONFLICT detected for key='item:2698', siblings=4
[dc3_node2] Saved 84 keys to disk
[dc3_node2] Client PUT: key='item:3123', value='value_3123_client0_op561'
[dc3_node2] Preference list for 'item:3123': ['localhost:50153', 'localhost:50181', 'localhost:50063']
[dc3_node2] Coordinator NOT in preference list, forwarding only
[dc3_node2] Replicated to localhost:50153
[dc3_node2] Replicated to localhost:50063
[dc3_node2] Replicated to localhost:50181
[dc3_node2] W-quorum achieved (2 writes), returning to client
[dc3_node2] Background replication continues for remaining nodes
[dc3_node2] Successful writes: 3/3
[dc3_node2] Retrieved key='item:4485', versions=3
[dc3_node2] Internal PUT (replication): key='item:0736'
[dc3_node2] CONFLICT detected for key='item:0736', siblings=7
[dc3_node2] Saved 84 keys to disk
[dc3_node2] Internal PUT (replication): key='item:4334'
[dc3_node2] CONFLICT detected for key='item:4334', siblings=8
[dc3_node2] Saved 84 keys to disk
[dc3_node2] Internal PUT (replication): key='item:1900'
[dc3_node2] Stored NEW key='item:1900', value='value_1900_update_client37_op579', clock={dc3_node9:1}
[dc3_node2] Saved 85 keys to disk
[dc3_node2] Internal PUT (replication): key='item:4058'
[dc3_node2] CONFLICT detected for key='item:4058', siblings=5
[dc3_node2] Saved 85 keys to disk
[dc3_node2] Retrieved key='item:3059', versions=3
[dc3_node2] Internal PUT (replication): key='item:0654'
[dc3_node2] CONFLICT detected for key='item:0654', siblings=7
[dc3_node2] Saved 85 keys to disk
[dc3_node2] Internal PUT (replication): key='item:0806'
[dc3_node2] CONFLICT detected for key='item:0806', siblings=7
[dc3_node2] Internal PUT (replication): key='item:1379'
[dc3_node2] Saved 85 keys to disk
[dc3_node2] CONFLICT detected for key='item:1379', siblings=4
[dc3_node2] Saved 85 keys to disk
[dc3_node2] Internal PUT (replication): key='item:2587'
[dc3_node2] CONFLICT detected for key='item:2587', siblings=5
[dc3_node2] Saved 85 keys to disk
[dc3_node2] Retrieved key='item:3822', versions=5
[dc3_node2] Retrieved key='item:4730', versions=6
[dc3_node2] Internal PUT (replication): key='item:1074'
[dc3_node2] CONFLICT detected for key='item:1074', siblings=8
[dc3_node2] Saved 85 keys to disk
[dc3_node2] Client GET: key='item:2753'
[dc3_node2] Reading from preference list: ['localhost:50169', 'localhost:50133']
[dc3_node2] Key='item:2753' not found
[dc3_node2] CONFLICT: 16 sibling versions for 'item:2753'
[dc3_node2] Client PUT: key='item:0875', value='value_875_update_client33_op572'
[dc3_node2] Preference list for 'item:0875': ['localhost:50084', 'localhost:50154', 'localhost:50189']
[dc3_node2] Coordinator NOT in preference list, forwarding only
[dc3_node2] Replicated to localhost:50154
[dc3_node2] Replicated to localhost:50084
[dc3_node2] W-quorum achieved (2 writes), returning to client
[dc3_node2] Background replication continues for remaining nodes
[dc3_node2] Successful writes: 2/3
[dc3_node2] Replicated to localhost:50189
[dc3_node2] Client GET: key='item:4621'
[dc3_node2] Reading from preference list: ['localhost:50085', 'localhost:50192']
[dc3_node2] Key='item:4621' not found
[dc3_node2] Internal PUT (replication): key='item:3603'
[dc3_node2] CONFLICT detected for key='item:3603', siblings=7
[dc3_node2] Client GET: key='item:4107'
[dc3_node2] Reading from preference list: ['localhost:50067', 'localhost:50127']
[dc3_node2] Saved 85 keys to disk
[dc3_node2] Key='item:4107' not found
[dc3_node2] CONFLICT: 8 sibling versions for 'item:4621'
[dc3_node2] CONFLICT: 10 sibling versions for 'item:4107'
[dc3_node2] Internal PUT (replication): key='item:2844'
[dc3_node2] CONFLICT detected for key='item:2844', siblings=3
[dc3_node2] Saved 85 keys to disk
[dc3_node2] Internal PUT (replication): key='item:1754'
[dc3_node2] CONFLICT detected for key='item:1754', siblings=5
[dc3_node2] Saved 85 keys to disk
[dc3_node2] Internal PUT (replication): key='item:4102'
[dc3_node2] CONFLICT detected for key='item:4102', siblings=4
[dc3_node2] Saved 85 keys to disk
[dc3_node2] Retrieved key='item:3043', versions=2
[dc3_node2] Client PUT: key='item:3806', value='value_3806_client16_op606'
[dc3_node2] Preference list for 'item:3806': ['localhost:50162', 'localhost:50108', 'localhost:50194']
[dc3_node2] Coordinator NOT in preference list, forwarding only
[dc3_node2] Replicated to localhost:50108
[dc3_node2] Replicated to localhost:50162
[dc3_node2] Replicated to localhost:50194
[dc3_node2] W-quorum achieved (2 writes), returning to client
[dc3_node2] Background replication continues for remaining nodes
[dc3_node2] Successful writes: 3/3
[dc3_node2] Client GET: key='item:4405'
[dc3_node2] Reading from preference list: ['localhost:50110', 'localhost:50233']
[dc3_node2] Key='item:4405' not found
[dc3_node2] CONFLICT: 7 sibling versions for 'item:4405'
[dc3_node2] Client PUT: key='item:0067', value='value_67_client2_op586'
[dc3_node2] Preference list for 'item:0067': ['localhost:50148', 'localhost:50065', 'localhost:50204']
[dc3_node2] Coordinator NOT in preference list, forwarding only
[dc3_node2] Replicated to localhost:50148
[dc3_node2] Retrieved key='item:3695', versions=4
[dc3_node2] Replicated to localhost:50204
[dc3_node2] Replicated to localhost:50065
[dc3_node2] W-quorum achieved (2 writes), returning to client
[dc3_node2] Background replication continues for remaining nodes
[dc3_node2] Successful writes: 3/3
[dc3_node2] Internal PUT (replication): key='item:3479'
[dc3_node2] CONFLICT detected for key='item:3479', siblings=4
[dc3_node2] Saved 85 keys to disk
[dc3_node2] Internal PUT (replication): key='item:0654'
[dc3_node2] CONFLICT detected for key='item:0654', siblings=8
[dc3_node2] Saved 85 keys to disk
[dc3_node2] Internal PUT (replication): key='item:4866'
[dc3_node2] CONFLICT detected for key='item:4866', siblings=6
[dc3_node2] Saved 85 keys to disk
[dc3_node2] Client PUT: key='item:0674', value='value_674_client14_op591'
[dc3_node2] Preference list for 'item:0674': ['localhost:50121', 'localhost:50077', 'localhost:50091']
[dc3_node2] Coordinator NOT in preference list, forwarding only
[dc3_node2] Replicated to localhost:50121
[dc3_node2] Replicated to localhost:50091
[dc3_node2] W-quorum achieved (2 writes), returning to client
[dc3_node2] Background replication continues for remaining nodes
[dc3_node2] Successful writes: 2/3
[dc3_node2] Replicated to localhost:50077
[dc3_node2] Internal PUT (replication): key='item:0204'
[dc3_node2] CONFLICT detected for key='item:0204', siblings=6
[dc3_node2] Saved 85 keys to disk
[dc3_node2] Client PUT: key='item:4360', value='value_4360_client1_op588'
[dc3_node2] Preference list for 'item:4360': ['localhost:50164', 'localhost:50097', 'localhost:50180']
[dc3_node2] Coordinator NOT in preference list, forwarding only
[dc3_node2] Internal PUT (replication): key='item:3928'
[dc3_node2] CONFLICT detected for key='item:3928', siblings=5
[dc3_node2] Replicated to localhost:50164
[dc3_node2] Replicated to localhost:50180
[dc3_node2] W-quorum achieved (2 writes), returning to client
[dc3_node2] Background replication continues for remaining nodes
[dc3_node2] Successful writes: 2/3
[dc3_node2] Saved 85 keys to disk
[dc3_node2] Replicated to localhost:50097
[dc3_node2] Retrieved key='item:4485', versions=3
[dc3_node2] Internal PUT (replication): key='item:1924'
[dc3_node2] CONFLICT detected for key='item:1924', siblings=9
[dc3_node2] Saved 85 keys to disk
[dc3_node2] Internal PUT (replication): key='item:4793'
[dc3_node2] CONFLICT detected for key='item:4793', siblings=5
[dc3_node2] Saved 85 keys to disk
[dc3_node2] Internal PUT (replication): key='item:3119'
[dc3_node2] CONFLICT detected for key='item:3119', siblings=5
[dc3_node2] Saved 85 keys to disk
[dc3_node2] Internal PUT (replication): key='item:0312'
[dc3_node2] CONFLICT detected for key='item:0312', siblings=4
[dc3_node2] Saved 85 keys to disk
[dc3_node2] Client PUT: key='item:1701', value='value_1701_update_client13_op620'
[dc3_node2] Preference list for 'item:1701': ['localhost:50233', 'localhost:50217', 'localhost:50158']
[dc3_node2] Coordinator NOT in preference list, forwarding only
[dc3_node2] Replicated to localhost:50233
[dc3_node2] Replicated to localhost:50158
[dc3_node2] Replicated to localhost:50217
[dc3_node2] W-quorum achieved (2 writes), returning to client
[dc3_node2] Background replication continues for remaining nodes
[dc3_node2] Successful writes: 3/3
[dc3_node2] Internal PUT (replication): key='item:0619'
[dc3_node2] CONFLICT detected for key='item:0619', siblings=8
[dc3_node2] Internal PUT (replication): key='item:3695'
[dc3_node2] Saved 85 keys to disk
[dc3_node2] CONFLICT detected for key='item:3695', siblings=4
[dc3_node2] Saved 85 keys to disk
[dc3_node2] Internal PUT (replication): key='item:1924'
[dc3_node2] CONFLICT detected for key='item:1924', siblings=10
[dc3_node2] Saved 85 keys to disk
[dc3_node2] Retrieved key='item:4377', versions=4
[dc3_node2] Client PUT: key='item:1399', value='value_1399_client40_op604'
[dc3_node2] Preference list for 'item:1399': ['localhost:50109', 'localhost:50144', 'localhost:50201']
[dc3_node2] Coordinator NOT in preference list, forwarding only
[dc3_node2] Internal PUT (replication): key='item:4390'
[dc3_node2] CONFLICT detected for key='item:4390', siblings=3
[dc3_node2] Replicated to localhost:50109
[dc3_node2] Replicated to localhost:50144
[dc3_node2] Replicated to localhost:50201
[dc3_node2] W-quorum achieved (2 writes), returning to client
[dc3_node2] Background replication continues for remaining nodes
[dc3_node2] Successful writes: 3/3
[dc3_node2] Saved 85 keys to disk
[dc3_node2] Retrieved key='item:3059', versions=3
[dc3_node2] Client PUT: key='item:3457', value='value_3457_client48_op610'
[dc3_node2] Preference list for 'item:3457': ['localhost:50085', 'localhost:50062', 'localhost:50131']
[dc3_node2] Coordinator NOT in preference list, forwarding only
[dc3_node2] Replicated to localhost:50085
[dc3_node2] Replicated to localhost:50062
[dc3_node2] Retrieved key='item:3479', versions=4
[dc3_node2] W-quorum achieved (2 writes), returning to client
[dc3_node2] Background replication continues for remaining nodes
[dc3_node2] Successful writes: 2/3
[dc3_node2] Replicated to localhost:50131
[dc3_node2] Internal PUT (replication): key='item:2672'
[dc3_node2] CONFLICT detected for key='item:2672', siblings=3
[dc3_node2] Saved 85 keys to disk
[dc3_node2] Retrieved key='item:4730', versions=6
[dc3_node2] Client PUT: key='item:0224', value='value_224_update_client43_op617'
[dc3_node2] Preference list for 'item:0224': ['localhost:50081', 'localhost:50113', 'localhost:50229']
[dc3_node2] Coordinator NOT in preference list, forwarding only
[dc3_node2] Replicated to localhost:50081
[dc3_node2] Replicated to localhost:50229
[dc3_node2] W-quorum achieved (2 writes), returning to client
[dc3_node2] Background replication continues for remaining nodes
[dc3_node2] Successful writes: 2/3
[dc3_node2] Replicated to localhost:50113
[dc3_node2] Client GET: key='item:2019'
[dc3_node2] Reading from preference list: ['localhost:50101', 'localhost:50055']
[dc3_node2] Key='item:2019' not found
[dc3_node2] CONFLICT: 18 sibling versions for 'item:2019'
[dc3_node2] Retrieved key='item:0255', versions=5
[dc3_node2] Retrieved key='item:4390', versions=3
[dc3_node2] Client GET: key='item:1942'
[dc3_node2] Reading from preference list: ['localhost:50185', 'localhost:50119']
[dc3_node2] Key='item:1942' not found
[dc3_node2] CONFLICT: 12 sibling versions for 'item:1942'
[dc3_node2] Internal PUT (replication): key='item:3059'
[dc3_node2] CONFLICT detected for key='item:3059', siblings=4
[dc3_node2] Saved 85 keys to disk
[dc3_node2] Client PUT: key='item:1335', value='value_1335_client28_op634'
[dc3_node2] Preference list for 'item:1335': ['localhost:50176', 'localhost:50107', 'localhost:50065']
[dc3_node2] Coordinator NOT in preference list, forwarding only
[dc3_node2] Replicated to localhost:50107
[dc3_node2] Retrieved key='item:3144', versions=3
[dc3_node2] Replicated to localhost:50176
[dc3_node2] W-quorum achieved (2 writes), returning to client
[dc3_node2] Background replication continues for remaining nodes
[dc3_node2] Successful writes: 2/3
[dc3_node2] Replicated to localhost:50065
[dc3_node2] Internal PUT (replication): key='item:4485'
[dc3_node2] CONFLICT detected for key='item:4485', siblings=4
[dc3_node2] Saved 85 keys to disk
[dc3_node2] Internal PUT (replication): key='item:0254'
[dc3_node2] CONFLICT detected for key='item:0254', siblings=6
[dc3_node2] Internal PUT (replication): key='item:2763'
[dc3_node2] Saved 85 keys to disk
[dc3_node2] CONFLICT detected for key='item:2763', siblings=4
[dc3_node2] Saved 85 keys to disk
[dc3_node2] Internal PUT (replication): key='item:2844'
[dc3_node2] CONFLICT detected for key='item:2844', siblings=4
[dc3_node2] Saved 85 keys to disk
[dc3_node2] Internal PUT (replication): key='item:2873'
[dc3_node2] Stored NEW key='item:2873', value='value_2873_update_client29_op649', clock={dc1_node4:1}
[dc3_node2] Saved 86 keys to disk
[dc3_node2] Client PUT: key='item:1163', value='value_1163_update_client23_op630'
[dc3_node2] Preference list for 'item:1163': ['localhost:50056', 'localhost:50180', 'localhost:50075']
[dc3_node2] Coordinator NOT in preference list, forwarding only
[dc3_node2] Replicated to localhost:50056
[dc3_node2] Replicated to localhost:50075
[dc3_node2] Replicated to localhost:50180
[dc3_node2] W-quorum achieved (2 writes), returning to client
[dc3_node2] Background replication continues for remaining nodes
[dc3_node2] Successful writes: 3/3
[dc3_node2] Internal PUT (replication): key='item:1236'
[dc3_node2] CONFLICT detected for key='item:1236', siblings=4
[dc3_node2] Saved 86 keys to disk
[dc3_node2] Internal PUT (replication): key='item:1236'
[dc3_node2] CONFLICT detected for key='item:1236', siblings=5
[dc3_node2] Saved 86 keys to disk
[dc3_node2] Internal PUT (replication): key='item:3204'
[dc3_node2] CONFLICT detected for key='item:3204', siblings=8
[dc3_node2] Saved 86 keys to disk
[dc3_node2] Retrieved key='item:0025', versions=6
[dc3_node2] Retrieved key='item:0736', versions=7
[dc3_node2] Client PUT: key='item:2165', value='value_2165_client29_op657'
[dc3_node2] Preference list for 'item:2165': ['localhost:50166', 'localhost:50073', 'localhost:50065']
[dc3_node2] Coordinator NOT in preference list, forwarding only
[dc3_node2] Replicated to localhost:50166
[dc3_node2] Replicated to localhost:50073
[dc3_node2] W-quorum achieved (2 writes), returning to client
[dc3_node2] Background replication continues for remaining nodes
[dc3_node2] Successful writes: 2/3
[dc3_node2] Internal PUT (replication): key='item:3204'
[dc3_node2] CONFLICT detected for key='item:3204', siblings=9
[dc3_node2] Replicated to localhost:50065
[dc3_node2] Internal PUT (replication): key='item:3263'
[dc3_node2] Saved 86 keys to disk
[dc3_node2] CONFLICT detected for key='item:3263', siblings=7
[dc3_node2] Saved 86 keys to disk
[dc3_node2] Retrieved key='item:0255', versions=5
[dc3_node2] Retrieved key='item:1924', versions=10
[dc3_node2] Internal PUT (replication): key='item:3451'
[dc3_node2] CONFLICT detected for key='item:3451', siblings=4
[dc3_node2] Saved 86 keys to disk
[dc3_node2] Internal PUT (replication): key='item:1924'
[dc3_node2] CONFLICT detected for key='item:1924', siblings=11
[dc3_node2] Saved 86 keys to disk
[dc3_node2] Internal PUT (replication): key='item:1002'
[dc3_node2] CONFLICT detected for key='item:1002', siblings=5
[dc3_node2] Saved 86 keys to disk
[dc3_node2] Internal PUT (replication): key='item:2592'
[dc3_node2] CONFLICT detected for key='item:2592', siblings=9
[dc3_node2] Saved 86 keys to disk
[dc3_node2] Retrieved key='item:4334', versions=8
[dc3_node2] Internal PUT (replication): key='item:4866'
[dc3_node2] CONFLICT detected for key='item:4866', siblings=7
[dc3_node2] Saved 86 keys to disk
[dc3_node2] Internal PUT (replication): key='item:1754'
[dc3_node2] CONFLICT detected for key='item:1754', siblings=6
[dc3_node2] Saved 86 keys to disk
[dc3_node2] Client GET: key='item:0006'
[dc3_node2] Reading from preference list: ['localhost:50238', 'localhost:50200']
[dc3_node2] Key='item:0006' not found
[dc3_node2] CONFLICT: 10 sibling versions for 'item:0006'
[dc3_node2] Internal PUT (replication): key='item:3059'
[dc3_node2] CONFLICT detected for key='item:3059', siblings=5
[dc3_node2] Saved 86 keys to disk
[dc3_node2] Client PUT: key='item:1602', value='value_1602_update_client22_op654'
[dc3_node2] Preference list for 'item:1602': ['localhost:50075', 'localhost:50138', 'localhost:50119']
[dc3_node2] Coordinator NOT in preference list, forwarding only
[dc3_node2] Replicated to localhost:50119
[dc3_node2] Replicated to localhost:50138
[dc3_node2] W-quorum achieved (2 writes), returning to client
[dc3_node2] Background replication continues for remaining nodes
[dc3_node2] Successful writes: 2/3
[dc3_node2] Replicated to localhost:50075
[dc3_node2] Internal PUT (replication): key='item:0255'
[dc3_node2] CONFLICT detected for key='item:0255', siblings=6
[dc3_node2] Saved 86 keys to disk
[dc3_node2] Internal PUT (replication): key='item:1236'
[dc3_node2] CONFLICT detected for key='item:1236', siblings=6
[dc3_node2] Saved 86 keys to disk
[dc3_node2] Client PUT: key='item:0569', value='value_569_update_client5_op655'
[dc3_node2] Preference list for 'item:0569': ['localhost:50165', 'localhost:50142', 'localhost:50054']
[dc3_node2] Coordinator NOT in preference list, forwarding only
[dc3_node2] Replicated to localhost:50054
[dc3_node2] Replicated to localhost:50165
[dc3_node2] Replicated to localhost:50142
[dc3_node2] W-quorum achieved (2 writes), returning to client
[dc3_node2] Background replication continues for remaining nodes
[dc3_node2] Successful writes: 3/3
[dc3_node2] Internal PUT (replication): key='item:4774'
[dc3_node2] CONFLICT detected for key='item:4774', siblings=6
[dc3_node2] Saved 86 keys to disk
[dc3_node2] Internal PUT (replication): key='item:4222'
[dc3_node2] CONFLICT detected for key='item:4222', siblings=6
[dc3_node2] Internal PUT (replication): key='item:3543'
[dc3_node2] Saved 86 keys to disk
[dc3_node2] CONFLICT detected for key='item:3543', siblings=4
[dc3_node2] Saved 86 keys to disk
[dc3_node2] Internal PUT (replication): key='item:4831'
[dc3_node2] CONFLICT detected for key='item:4831', siblings=7
[dc3_node2] Saved 86 keys to disk
[dc3_node2] Internal PUT (replication): key='item:3043'
[dc3_node2] CONFLICT detected for key='item:3043', siblings=3
[dc3_node2] Saved 86 keys to disk
[dc3_node2] Internal PUT (replication): key='item:1649'
[dc3_node2] CONFLICT detected for key='item:1649', siblings=7
[dc3_node2] Saved 86 keys to disk
[dc3_node2] Client GET: key='item:1063'
[dc3_node2] Reading from preference list: ['localhost:50215', 'localhost:50145']
[dc3_node2] Key='item:1063' not found
[dc3_node2] CONFLICT: 14 sibling versions for 'item:1063'
[dc3_node2] Client GET: key='item:4390'
[dc3_node2] Reading from preference list: ['localhost:50250', 'localhost:50092']
[dc3_node2] Retrieved key='item:4390', versions=3
[dc3_node2] CONFLICT: 6 sibling versions for 'item:4390'
[dc3_node2] Internal PUT (replication): key='item:0122'
[dc3_node2] CONFLICT detected for key='item:0122', siblings=5
[dc3_node2] Saved 86 keys to disk
[dc3_node2] Internal PUT (replication): key='item:0775'
[dc3_node2] CONFLICT detected for key='item:0775', siblings=3
[dc3_node2] Saved 86 keys to disk
[dc3_node2] Retrieved key='item:4704', versions=5
[dc3_node2] Internal PUT (replication): key='item:2763'
[dc3_node2] CONFLICT detected for key='item:2763', siblings=5
[dc3_node2] Internal PUT (replication): key='item:3263'
[dc3_node2] Saved 86 keys to disk
[dc3_node2] CONFLICT detected for key='item:3263', siblings=8
[dc3_node2] Saved 86 keys to disk
[dc3_node2] Internal PUT (replication): key='item:4676'
[dc3_node2] CONFLICT detected for key='item:4676', siblings=7
[dc3_node2] Saved 86 keys to disk
[dc3_node2] Client PUT: key='item:2567', value='value_2567_update_client14_op662'
[dc3_node2] Preference list for 'item:2567': ['localhost:50130', 'localhost:50187', 'localhost:50083']
[dc3_node2] Coordinator NOT in preference list, forwarding only
[dc3_node2] Replicated to localhost:50083
[dc3_node2] Replicated to localhost:50130
[dc3_node2] Internal PUT (replication): key='item:3603'
[dc3_node2] CONFLICT detected for key='item:3603', siblings=8
[dc3_node2] W-quorum achieved (2 writes), returning to client
[dc3_node2] Background replication continues for remaining nodes
[dc3_node2] Successful writes: 2/3
[dc3_node2] Replicated to localhost:50187
[dc3_node2] Saved 86 keys to disk
[dc3_node2] Internal PUT (replication): key='item:1002'
[dc3_node2] CONFLICT detected for key='item:1002', siblings=6
[dc3_node2] Saved 86 keys to disk
[dc3_node2] Internal PUT (replication): key='item:0654'
[dc3_node2] CONFLICT detected for key='item:0654', siblings=9
[dc3_node2] Saved 86 keys to disk
[dc3_node2] Retrieved key='item:1379', versions=4
[dc3_node2] Internal PUT (replication): key='item:4751'
[dc3_node2] CONFLICT detected for key='item:4751', siblings=5
[dc3_node2] Saved 86 keys to disk
[dc3_node2] Internal PUT (replication): key='item:2857'
[dc3_node2] CONFLICT detected for key='item:2857', siblings=4
[dc3_node2] Saved 86 keys to disk
[dc3_node2] Retrieved key='item:4676', versions=7
[dc3_node2] Client GET: key='item:0526'
[dc3_node2] Reading from preference list: ['localhost:50223', 'localhost:50168']
[dc3_node2] Key='item:0526' not found
[dc3_node2] Internal PUT (replication): key='item:1366'
[dc3_node2] CONFLICT detected for key='item:1366', siblings=6
[dc3_node2] Saved 86 keys to disk
[dc3_node2] CONFLICT: 14 sibling versions for 'item:0526'
[dc3_node2] Internal PUT (replication): key='item:3204'
[dc3_node2] CONFLICT detected for key='item:3204', siblings=10
[dc3_node2] Saved 86 keys to disk
[dc3_node2] Internal PUT (replication): key='item:3479'
[dc3_node2] CONFLICT detected for key='item:3479', siblings=5
[dc3_node2] Saved 86 keys to disk
[dc3_node2] Internal PUT (replication): key='item:1281'
[dc3_node2] CONFLICT detected for key='item:1281', siblings=4
[dc3_node2] Saved 86 keys to disk
[dc3_node2] Internal PUT (replication): key='item:3633'
[dc3_node2] CONFLICT detected for key='item:3633', siblings=6
[dc3_node2] Saved 86 keys to disk
[dc3_node2] Internal PUT (replication): key='item:4271'
[dc3_node2] CONFLICT detected for key='item:4271', siblings=4
[dc3_node2] Saved 86 keys to disk
[dc3_node2] Retrieved key='item:1002', versions=6
[dc3_node2] Client PUT: key='item:4145', value='value_4145_update_client2_op671'
[dc3_node2] Preference list for 'item:4145': ['localhost:50215', 'localhost:50067', 'localhost:50196']
[dc3_node2] Coordinator NOT in preference list, forwarding only
[dc3_node2] Replicated to localhost:50196
[dc3_node2] Replicated to localhost:50067
[dc3_node2] Replicated to localhost:50215
[dc3_node2] W-quorum achieved (2 writes), returning to client
[dc3_node2] Background replication continues for remaining nodes
[dc3_node2] Successful writes: 3/3
[dc3_node2] Internal PUT (replication): key='item:0863'
[dc3_node2] CONFLICT detected for key='item:0863', siblings=5
[dc3_node2] Internal PUT (replication): key='item:2857'
[dc3_node2] Saved 86 keys to disk
[dc3_node2] CONFLICT detected for key='item:2857', siblings=5
[dc3_node2] Saved 86 keys to disk
[dc3_node2] Retrieved key='item:2587', versions=5
[dc3_node2] Retrieved key='item:3708', versions=4
[dc3_node2] Client GET: key='item:1790'
[dc3_node2] Reading from preference list: ['localhost:50144', 'localhost:50173']
[dc3_node2] Key='item:1790' not found
[dc3_node2] CONFLICT: 22 sibling versions for 'item:1790'
[dc3_node2] Client GET: key='item:4594'
[dc3_node2] Reading from preference list: ['localhost:50170', 'localhost:50087']
[dc3_node2] Key='item:4594' not found
[dc3_node2] Internal PUT (replication): key='item:3059'
[dc3_node2] CONFLICT detected for key='item:3059', siblings=6
[dc3_node2] Client PUT: key='item:4755', value='value_4755_client44_op696'
[dc3_node2] Preference list for 'item:4755': ['localhost:50150', 'localhost:50059', 'localhost:50151']
[dc3_node2] Coordinator NOT in preference list, forwarding only
[dc3_node2] CONFLICT: 10 sibling versions for 'item:4594'
[dc3_node2] Internal PUT (replication): key='item:4843'
[dc3_node2] Saved 86 keys to disk
[dc3_node2] Stored NEW key='item:4843', value='value_4843_update_client6_op694', clock={dc2_node4:1}
[dc3_node2] Replicated to localhost:50151
[dc3_node2] Replicated to localhost:50059
[dc3_node2] W-quorum achieved (2 writes), returning to client
[dc3_node2] Background replication continues for remaining nodes
[dc3_node2] Successful writes: 2/3
[dc3_node2] Replicated to localhost:50150
[dc3_node2] Saved 87 keys to disk
[dc3_node2] Retrieved key='item:3603', versions=8
[dc3_node2] Retrieved key='item:2844', versions=4
[dc3_node2] Internal PUT (replication): key='item:2857'
[dc3_node2] CONFLICT detected for key='item:2857', siblings=6
[dc3_node2] Saved 87 keys to disk
[dc3_node2] Internal PUT (replication): key='item:3543'
[dc3_node2] CONFLICT detected for key='item:3543', siblings=5
[dc3_node2] Saved 87 keys to disk
[dc3_node2] Internal PUT (replication): key='item:3543'
[dc3_node2] CONFLICT detected for key='item:3543', siblings=6
[dc3_node2] Saved 87 keys to disk
[dc3_node2] Internal PUT (replication): key='item:2698'
[dc3_node2] CONFLICT detected for key='item:2698', siblings=5
[dc3_node2] Saved 87 keys to disk
[dc3_node2] Retrieved key='item:4058', versions=5
[dc3_node2] Internal PUT (replication): key='item:0806'
[dc3_node2] CONFLICT detected for key='item:0806', siblings=8
[dc3_node2] Saved 87 keys to disk
[dc3_node2] Client PUT: key='item:1128', value='value_1128_update_client26_op691'
[dc3_node2] Preference list for 'item:1128': ['localhost:50169', 'localhost:50133', 'localhost:50079']
[dc3_node2] Coordinator NOT in preference list, forwarding only
[dc3_node2] Replicated to localhost:50169
[dc3_node2] Replicated to localhost:50133
[dc3_node2] W-quorum achieved (2 writes), returning to client
[dc3_node2] Background replication continues for remaining nodes
[dc3_node2] Successful writes: 2/3
[dc3_node2] Replicated to localhost:50079
[dc3_node2] Client PUT: key='item:0633', value='value_633_client33_op692'
[dc3_node2] Preference list for 'item:0633': ['localhost:50118', 'localhost:50160', 'localhost:50073']
[dc3_node2] Coordinator NOT in preference list, forwarding only
[dc3_node2] Replicated to localhost:50073
[dc3_node2] Replicated to localhost:50118
[dc3_node2] Replicated to localhost:50160
[dc3_node2] Retrieved key='item:4751', versions=5
[dc3_node2] W-quorum achieved (2 writes), returning to client
[dc3_node2] Background replication continues for remaining nodes
[dc3_node2] Successful writes: 3/3
[dc3_node2] Retrieved key='item:4334', versions=8
[dc3_node2] Internal PUT (replication): key='item:2857'
[dc3_node2] CONFLICT detected for key='item:2857', siblings=6
[dc3_node2] Saved 87 keys to disk
[dc3_node2] Retrieved key='item:0775', versions=3
[dc3_node2] Retrieved key='item:3119', versions=5
[dc3_node2] Internal PUT (replication): key='item:0296'
[dc3_node2] CONFLICT detected for key='item:0296', siblings=4
[dc3_node2] Saved 87 keys to disk
[dc3_node2] Internal PUT (replication): key='item:2672'
[dc3_node2] CONFLICT detected for key='item:2672', siblings=4
[dc3_node2] Saved 87 keys to disk
[dc3_node2] Retrieved key='item:3144', versions=3
[dc3_node2] Internal PUT (replication): key='item:4704'
[dc3_node2] CONFLICT detected for key='item:4704', siblings=6
[dc3_node2] Saved 87 keys to disk
[dc3_node2] Client PUT: key='item:1613', value='value_1613_update_client49_op707'
[dc3_node2] Preference list for 'item:1613': ['localhost:50157', 'localhost:50075', 'localhost:50067']
[dc3_node2] Coordinator NOT in preference list, forwarding only
[dc3_node2] Replicated to localhost:50075
[dc3_node2] Retrieved key='item:2844', versions=4
[dc3_node2] Replicated to localhost:50067
[dc3_node2] Replicated to localhost:50157
[dc3_node2] W-quorum achieved (2 writes), returning to client
[dc3_node2] Background replication continues for remaining nodes
[dc3_node2] Successful writes: 3/3
[dc3_node2] Client PUT: key='item:2178', value='value_2178_update_client39_op724'
[dc3_node2] Preference list for 'item:2178': ['localhost:50159', 'localhost:50115', 'localhost:50057']
[dc3_node2] Coordinator NOT in preference list, forwarding only
[dc3_node2] Replicated to localhost:50115
[dc3_node2] Replicated to localhost:50159
[dc3_node2] W-quorum achieved (2 writes), returning to client
[dc3_node2] Background replication continues for remaining nodes
[dc3_node2] Successful writes: 2/3
[dc3_node2] Internal PUT (replication): key='item:4866'
[dc3_node2] CONFLICT detected for key='item:4866', siblings=8
[dc3_node2] Replicated to localhost:50057
[dc3_node2] Saved 87 keys to disk
[dc3_node2] Internal PUT (replication): key='item:3204'
[dc3_node2] CONFLICT detected for key='item:3204', siblings=11
[dc3_node2] Saved 87 keys to disk
[dc3_node2] Client PUT: key='item:2907', value='value_2907_client16_op730'
[dc3_node2] Preference list for 'item:2907': ['localhost:50079', 'localhost:50204', 'localhost:50058']
[dc3_node2] Coordinator NOT in preference list, forwarding only
[dc3_node2] Replicated to localhost:50079
[dc3_node2] Replicated to localhost:50204
[dc3_node2] W-quorum achieved (2 writes), returning to client
[dc3_node2] Background replication continues for remaining nodes
[dc3_node2] Successful writes: 2/3
[dc3_node2] Internal PUT (replication): key='item:1366'
[dc3_node2] CONFLICT detected for key='item:1366', siblings=7
[dc3_node2] Saved 87 keys to disk
[dc3_node2] Replicated to localhost:50058
[dc3_node2] Internal PUT (replication): key='item:0171'
[dc3_node2] CONFLICT detected for key='item:0171', siblings=8
[dc3_node2] Saved 87 keys to disk
[dc3_node2] Client GET: key='item:0568'
[dc3_node2] Reading from preference list: ['localhost:50227', 'localhost:50205']
[dc3_node2] Key='item:0568' not found
[dc3_node2] CONFLICT: 14 sibling versions for 'item:0568'
[dc3_node2] Client PUT: key='item:1220', value='value_1220_client43_op720'
[dc3_node2] Preference list for 'item:1220': ['localhost:50237', 'localhost:50053', 'localhost:50071']
[dc3_node2] Coordinator NOT in preference list, forwarding only
[dc3_node2] Internal PUT (replication): key='item:0863'
[dc3_node2] CONFLICT detected for key='item:0863', siblings=6
[dc3_node2] Replicated to localhost:50071
[dc3_node2] Replicated to localhost:50237
[dc3_node2] Replicated to localhost:50053
[dc3_node2] Saved 87 keys to disk
[dc3_node2] W-quorum achieved (2 writes), returning to client
[dc3_node2] Background replication continues for remaining nodes
[dc3_node2] Successful writes: 3/3
[dc3_node2] Internal PUT (replication): key='item:2194'
[dc3_node2] CONFLICT detected for key='item:2194', siblings=7
[dc3_node2] Saved 87 keys to disk
[dc3_node2] Internal PUT (replication): key='item:4866'
[dc3_node2] CONFLICT detected for key='item:4866', siblings=9
[dc3_node2] Internal PUT (replication): key='item:1271'
[dc3_node2] Saved 87 keys to disk
[dc3_node2] CONFLICT detected for key='item:1271', siblings=8
[dc3_node2] Saved 87 keys to disk
[dc3_node2] Retrieved key='item:0204', versions=6
[dc3_node2] Internal PUT (replication): key='item:3822'
[dc3_node2] CONFLICT detected for key='item:3822', siblings=6
[dc3_node2] Saved 87 keys to disk
[dc3_node2] Internal PUT (replication): key='item:1642'
[dc3_node2] CONFLICT detected for key='item:1642', siblings=3
[dc3_node2] Saved 87 keys to disk
[dc3_node2] Retrieved key='item:0775', versions=3
[dc3_node2] Client PUT: key='item:1424', value='value_1424_client44_op739'
[dc3_node2] Preference list for 'item:1424': ['localhost:50136', 'localhost:50077', 'localhost:50099']
[dc3_node2] Coordinator NOT in preference list, forwarding only
[dc3_node2] Replicated to localhost:50099
[dc3_node2] Replicated to localhost:50136
[dc3_node2] Replicated to localhost:50077
[dc3_node2] W-quorum achieved (2 writes), returning to client
[dc3_node2] Background replication continues for remaining nodes
[dc3_node2] Successful writes: 3/3
[dc3_node2] Client PUT: key='item:0340', value='value_340_client4_op725'
[dc3_node2] Preference list for 'item:0340': ['localhost:50223', 'localhost:50127', 'localhost:50154']
[dc3_node2] Coordinator NOT in preference list, forwarding only
[dc3_node2] Replicated to localhost:50127
[dc3_node2] Replicated to localhost:50223
[dc3_node2] Replicated to localhost:50154
[dc3_node2] W-quorum achieved (2 writes), returning to client
[dc3_node2] Background replication continues for remaining nodes
[dc3_node2] Successful writes: 3/3
[dc3_node2] Retrieved key='item:0171', versions=8
[dc3_node2] Internal PUT (replication): key='item:3699'
[dc3_node2] CONFLICT detected for key='item:3699', siblings=4
[dc3_node2] Saved 87 keys to disk
[dc3_node2] Internal PUT (replication): key='item:0025'
[dc3_node2] CONFLICT detected for key='item:0025', siblings=7
[dc3_node2] Saved 87 keys to disk
[dc3_node2] Client PUT: key='item:2127', value='value_2127_update_client33_op739'
[dc3_node2] Preference list for 'item:2127': ['localhost:50240', 'localhost:50218', 'localhost:50118']
[dc3_node2] Coordinator NOT in preference list, forwarding only
[dc3_node2] Replicated to localhost:50240
[dc3_node2] Replicated to localhost:50218
[dc3_node2] W-quorum achieved (2 writes), returning to client
[dc3_node2] Background replication continues for remaining nodes
[dc3_node2] Successful writes: 2/3
[dc3_node2] Replicated to localhost:50118
[dc3_node2] Client GET: key='item:2991'
[dc3_node2] Reading from preference list: ['localhost:50157', 'localhost:50233']
[dc3_node2] Key='item:2991' not found
[dc3_node2] CONFLICT: 23 sibling versions for 'item:2991'
[dc3_node2] Client GET: key='item:2525'
[dc3_node2] Reading from preference list: ['localhost:50152', 'localhost:50238']
[dc3_node2] Key='item:2525' not found
[dc3_node2] CONFLICT: 14 sibling versions for 'item:2525'
[dc3_node2] Client PUT: key='item:2314', value='value_2314_update_client25_op752'
[dc3_node2] Preference list for 'item:2314': ['localhost:50175', 'localhost:50129', 'localhost:50168']
[dc3_node2] Coordinator NOT in preference list, forwarding only
[dc3_node2] Replicated to localhost:50129
[dc3_node2] Replicated to localhost:50175
[dc3_node2] W-quorum achieved (2 writes), returning to client
[dc3_node2] Background replication continues for remaining nodes
[dc3_node2] Successful writes: 2/3
[dc3_node2] Replicated to localhost:50168
[dc3_node2] Client GET: key='item:3059'
[dc3_node2] Reading from preference list: ['localhost:50243', 'localhost:50092']
[dc3_node2] Retrieved key='item:3059', versions=6
[dc3_node2] CONFLICT: 12 sibling versions for 'item:3059'
[dc3_node2] Client PUT: key='item:4293', value='value_4293_client35_op735'
[dc3_node2] Preference list for 'item:4293': ['localhost:50185', 'localhost:50137', 'localhost:50158']
[dc3_node2] Coordinator NOT in preference list, forwarding only
[dc3_node2] Replicated to localhost:50185
[dc3_node2] Replicated to localhost:50158
[dc3_node2] W-quorum achieved (2 writes), returning to client
[dc3_node2] Background replication continues for remaining nodes
[dc3_node2] Successful writes: 2/3
[dc3_node2] Replicated to localhost:50137
[dc3_node2] Client PUT: key='item:4676', value='value_4676_client33_op746'
[dc3_node2] Preference list for 'item:4676': ['localhost:50168', 'localhost:50092', 'localhost:50178']
[dc3_node2] CONFLICT detected for key='item:4676', siblings=8
[dc3_node2] Saved 87 keys to disk
[dc3_node2] Coordinator IS in preference list, stored locally
[dc3_node2] Replicated to localhost:50168
[dc3_node2] W-quorum achieved (2 writes), returning to client
[dc3_node2] Background replication continues for remaining nodes
[dc3_node2] Successful writes: 2/3
[dc3_node2] Replicated to localhost:50178
[dc3_node2] Internal PUT (replication): key='item:2714'
[dc3_node2] Stored NEW key='item:2714', value='value_2714_update_client48_op747', clock={dc4_node7:1}
[dc3_node2] Saved 88 keys to disk
[dc3_node2] Internal PUT (replication): key='item:1002'
[dc3_node2] CONFLICT detected for key='item:1002', siblings=7
[dc3_node2] Saved 88 keys to disk
[dc3_node2] Retrieved key='item:3603', versions=8
[dc3_node2] Retrieved key='item:3263', versions=8
[dc3_node2] Internal PUT (replication): key='item:0122'
[dc3_node2] CONFLICT detected for key='item:0122', siblings=6
[dc3_node2] Saved 88 keys to disk
[dc3_node2] Internal PUT (replication): key='item:3479'
[dc3_node2] CONFLICT detected for key='item:3479', siblings=6
[dc3_node2] Saved 88 keys to disk
[dc3_node2] Internal PUT (replication): key='item:0035'
[dc3_node2] Stored NEW key='item:0035', value='value_35_client15_op759', clock={dc1_node11:1}
[dc3_node2] Saved 89 keys to disk
[dc3_node2] Client PUT: key='item:2537', value='value_2537_update_client26_op747'
[dc3_node2] Preference list for 'item:2537': ['localhost:50097', 'localhost:50183', 'localhost:50227']
[dc3_node2] Coordinator NOT in preference list, forwarding only
[dc3_node2] Client PUT: key='item:3756', value='value_3756_update_client8_op750'
[dc3_node2] Preference list for 'item:3756': ['localhost:50059', 'localhost:50171', 'localhost:50136']
[dc3_node2] Coordinator NOT in preference list, forwarding only
[dc3_node2] Replicated to localhost:50183
[dc3_node2] Replicated to localhost:50227
[dc3_node2] Replicated to localhost:50136
[dc3_node2] Replicated to localhost:50097
[dc3_node2] Replicated to localhost:50059
[dc3_node2] Replicated to localhost:50171
[dc3_node2] W-quorum achieved (2 writes), returning to client
[dc3_node2] Background replication continues for remaining nodes
[dc3_node2] Successful writes: 3/3
[dc3_node2] W-quorum achieved (2 writes), returning to client
[dc3_node2] Background replication continues for remaining nodes
[dc3_node2] Successful writes: 3/3
[dc3_node2] Retrieved key='item:1642', versions=3
[dc3_node2] Internal PUT (replication): key='item:4334'
[dc3_node2] CONFLICT detected for key='item:4334', siblings=9
[dc3_node2] Saved 89 keys to disk
[dc3_node2] Internal PUT (replication): key='item:3699'
[dc3_node2] CONFLICT detected for key='item:3699', siblings=5
[dc3_node2] Saved 89 keys to disk
[dc3_node2] Internal PUT (replication): key='item:0255'
[dc3_node2] CONFLICT detected for key='item:0255', siblings=7
[dc3_node2] Saved 89 keys to disk
[dc3_node2] Internal PUT (replication): key='item:4730'
[dc3_node2] CONFLICT detected for key='item:4730', siblings=7
[dc3_node2] Saved 89 keys to disk
[dc3_node2] Internal PUT (replication): key='item:3633'
[dc3_node2] CONFLICT detected for key='item:3633', siblings=7
[dc3_node2] Saved 89 keys to disk
[dc3_node2] Internal PUT (replication): key='item:0312'
[dc3_node2] CONFLICT detected for key='item:0312', siblings=5
[dc3_node2] Saved 89 keys to disk
[dc3_node2] Client PUT: key='item:0357', value='value_357_client11_op755'
[dc3_node2] Preference list for 'item:0357': ['localhost:50180', 'localhost:50061', 'localhost:50132']
[dc3_node2] Coordinator NOT in preference list, forwarding only
[dc3_node2] Internal PUT (replication): key='item:0310'
[dc3_node2] Stored NEW key='item:0310', value='value_310_client1_op751', clock={dc1_node6:1}
[dc3_node2] Replicated to localhost:50061
[dc3_node2] Replicated to localhost:50132
[dc3_node2] Saved 90 keys to disk
[dc3_node2] W-quorum achieved (2 writes), returning to client
[dc3_node2] Background replication continues for remaining nodes
[dc3_node2] Successful writes: 2/3
[dc3_node2] Replicated to localhost:50180
[dc3_node2] Internal PUT (replication): key='item:4485'
[dc3_node2] CONFLICT detected for key='item:4485', siblings=5
[dc3_node2] Saved 90 keys to disk
[dc3_node2] Internal PUT (replication): key='item:2844'
[dc3_node2] CONFLICT detected for key='item:2844', siblings=5
[dc3_node2] Saved 90 keys to disk
[dc3_node2] Internal PUT (replication): key='item:3543'
[dc3_node2] CONFLICT detected for key='item:3543', siblings=7
[dc3_node2] Saved 90 keys to disk
[dc3_node2] Retrieved key='item:1271', versions=8
[dc3_node2] Internal PUT (replication): key='item:4390'
[dc3_node2] CONFLICT detected for key='item:4390', siblings=4
[dc3_node2] Saved 90 keys to disk
[dc3_node2] Internal PUT (replication): key='item:4271'
[dc3_node2] CONFLICT detected for key='item:4271', siblings=5
[dc3_node2] Saved 90 keys to disk
[dc3_node2] Internal PUT (replication): key='item:0021'
[dc3_node2] CONFLICT detected for key='item:0021', siblings=5
[dc3_node2] Saved 90 keys to disk
[dc3_node2] Internal PUT (replication): key='item:1366'
[dc3_node2] CONFLICT detected for key='item:1366', siblings=8
[dc3_node2] Saved 90 keys to disk
[dc3_node2] Internal PUT (replication): key='item:3119'
[dc3_node2] CONFLICT detected for key='item:3119', siblings=6
[dc3_node2] Saved 90 keys to disk
[dc3_node2] Client PUT: key='item:0245', value='value_245_update_client42_op761'
[dc3_node2] Preference list for 'item:0245': ['localhost:50057', 'localhost:50167', 'localhost:50088']
[dc3_node2] Coordinator NOT in preference list, forwarding only
[dc3_node2] Internal PUT (replication): key='item:4674'
[dc3_node2] CONFLICT detected for key='item:4674', siblings=5
[dc3_node2] Replicated to localhost:50088
[dc3_node2] Saved 90 keys to disk
[dc3_node2] Internal PUT (replication): key='item:3263'
[dc3_node2] CONFLICT detected for key='item:3263', siblings=9
[dc3_node2] Replicated to localhost:50057
[dc3_node2] Saved 90 keys to disk
[dc3_node2] W-quorum achieved (2 writes), returning to client
[dc3_node2] Background replication continues for remaining nodes
[dc3_node2] Successful writes: 2/3
[dc3_node2] Replicated to localhost:50167
[dc3_node2] Retrieved key='item:0863', versions=6
[dc3_node2] Internal PUT (replication): key='item:2194'
[dc3_node2] CONFLICT detected for key='item:2194', siblings=8
[dc3_node2] Internal PUT (replication): key='item:1625'
[dc3_node2] Saved 90 keys to disk
[dc3_node2] CONFLICT detected for key='item:1625', siblings=5
[dc3_node2] Internal PUT (replication): key='item:4749'
[dc3_node2] Saved 90 keys to disk
[dc3_node2] CONFLICT detected for key='item:4749', siblings=3
[dc3_node2] Saved 90 keys to disk
[dc3_node2] Client GET: key='item:2645'
[dc3_node2] Reading from preference list: ['localhost:50111', 'localhost:50227']
[dc3_node2] Key='item:2645' not found
[dc3_node2] CONFLICT: 7 sibling versions for 'item:2645'
[dc3_node2] Internal PUT (replication): key='item:4831'
[dc3_node2] CONFLICT detected for key='item:4831', siblings=8
[dc3_node2] Saved 90 keys to disk
[dc3_node2] Client PUT: key='item:2098', value='value_2098_client2_op781'
[dc3_node2] Preference list for 'item:2098': ['localhost:50250', 'localhost:50128', 'localhost:50133']
[dc3_node2] Coordinator NOT in preference list, forwarding only
[dc3_node2] Internal PUT (replication): key='item:0554'
[dc3_node2] Stored NEW key='item:0554', value='value_554_update_client5_op789', clock={dc3_node3:1}
[dc3_node2] Replicated to localhost:50250
[dc3_node2] Client PUT: key='item:3264', value='value_3264_update_client14_op773'
[dc3_node2] Preference list for 'item:3264': ['localhost:50197', 'localhost:50073', 'localhost:50221']
[dc3_node2] Coordinator NOT in preference list, forwarding only
[dc3_node2] Replicated to localhost:50133
[dc3_node2] Saved 91 keys to disk
[dc3_node2] W-quorum achieved (2 writes), returning to client
[dc3_node2] Background replication continues for remaining nodes
[dc3_node2] Successful writes: 2/3
[dc3_node2] Replicated to localhost:50128
[dc3_node2] Replicated to localhost:50073
[dc3_node2] Replicated to localhost:50197
[dc3_node2] Replicated to localhost:50221
[dc3_node2] W-quorum achieved (2 writes), returning to client
[dc3_node2] Background replication continues for remaining nodes
[dc3_node2] Successful writes: 3/3
[dc3_node2] Internal PUT (replication): key='item:0619'
[dc3_node2] CONFLICT detected for key='item:0619', siblings=9
[dc3_node2] Saved 91 keys to disk
[dc3_node2] Client PUT: key='item:0694', value='value_694_client10_op792'
[dc3_node2] Preference list for 'item:0694': ['localhost:50053', 'localhost:50156', 'localhost:50138']
[dc3_node2] Coordinator NOT in preference list, forwarding only
[dc3_node2] Replicated to localhost:50156
[dc3_node2] Client GET: key='item:4651'
[dc3_node2] Reading from preference list: ['localhost:50125', 'localhost:50060']
[dc3_node2] Key='item:4651' not found
[dc3_node2] Replicated to localhost:50138
[dc3_node2] W-quorum achieved (2 writes), returning to client
[dc3_node2] Background replication continues for remaining nodes
[dc3_node2] Successful writes: 2/3
[dc3_node2] Replicated to localhost:50053
[dc3_node2] CONFLICT: 14 sibling versions for 'item:4651'
[dc3_node2] Internal PUT (replication): key='item:3618'
[dc3_node2] CONFLICT detected for key='item:3618', siblings=5
[dc3_node2] Internal PUT (replication): key='item:1924'
[dc3_node2] Saved 91 keys to disk
[dc3_node2] CONFLICT detected for key='item:1924', siblings=12
[dc3_node2] Saved 91 keys to disk
[dc3_node2] Internal PUT (replication): key='item:2592'
[dc3_node2] CONFLICT detected for key='item:2592', siblings=10
[dc3_node2] Internal PUT (replication): key='item:0171'
[dc3_node2] Client GET: key='item:1190'
[dc3_node2] Reading from preference list: ['localhost:50095', 'localhost:50082']
[dc3_node2] Saved 91 keys to disk
[dc3_node2] CONFLICT detected for key='item:0171', siblings=9
[dc3_node2] Saved 91 keys to disk
[dc3_node2] Key='item:1190' not found
[dc3_node2] CONFLICT: 12 sibling versions for 'item:1190'
[dc3_node2] Internal PUT (replication): key='item:1236'
[dc3_node2] CONFLICT detected for key='item:1236', siblings=7
[dc3_node2] Saved 91 keys to disk
[dc3_node2] Internal PUT (replication): key='item:4334'
[dc3_node2] CONFLICT detected for key='item:4334', siblings=10
[dc3_node2] Saved 91 keys to disk
[dc3_node2] Client GET: key='item:2031'
[dc3_node2] Reading from preference list: ['localhost:50137', 'localhost:50242']
[dc3_node2] Key='item:2031' not found
[dc3_node2] CONFLICT: 11 sibling versions for 'item:2031'
[dc3_node2] Client GET: key='item:2062'
[dc3_node2] Reading from preference list: ['localhost:50233', 'localhost:50151']
[dc3_node2] Key='item:2062' not found
[dc3_node2] CONFLICT: 11 sibling versions for 'item:2062'
[dc3_node2] Internal PUT (replication): key='item:4102'
[dc3_node2] CONFLICT detected for key='item:4102', siblings=5
[dc3_node2] Saved 91 keys to disk
[dc3_node2] Client GET: key='item:3579'
[dc3_node2] Reading from preference list: ['localhost:50174', 'localhost:50057']
[dc3_node2] Key='item:3579' not found
[dc3_node2] Internal PUT (replication): key='item:1642'
[dc3_node2] CONFLICT detected for key='item:1642', siblings=4
[dc3_node2] Saved 91 keys to disk
[dc3_node2] CONFLICT: 11 sibling versions for 'item:3579'
[dc3_node2] Client PUT: key='item:4524', value='value_4524_client2_op799'
[dc3_node2] Preference list for 'item:4524': ['localhost:50086', 'localhost:50140', 'localhost:50119']
[dc3_node2] Coordinator NOT in preference list, forwarding only
[dc3_node2] Client GET: key='item:3125'
[dc3_node2] Reading from preference list: ['localhost:50170', 'localhost:50120']
[dc3_node2] Key='item:3125' not found
[dc3_node2] CONFLICT: 6 sibling versions for 'item:3125'
[dc3_node2] Replicated to localhost:50140
[dc3_node2] Replicated to localhost:50119
[dc3_node2] W-quorum achieved (2 writes), returning to client
[dc3_node2] Background replication continues for remaining nodes
[dc3_node2] Successful writes: 2/3
[dc3_node2] Replicated to localhost:50086
[dc3_node2] Internal PUT (replication): key='item:4222'
[dc3_node2] CONFLICT detected for key='item:4222', siblings=7
[dc3_node2] Saved 91 keys to disk
[dc3_node2] Internal PUT (replication): key='item:4793'
[dc3_node2] CONFLICT detected for key='item:4793', siblings=6
[dc3_node2] Saved 91 keys to disk
[dc3_node2] Internal PUT (replication): key='item:3618'
[dc3_node2] CONFLICT detected for key='item:3618', siblings=6
[dc3_node2] Saved 91 keys to disk
[dc3_node2] Internal PUT (replication): key='item:0312'
[dc3_node2] CONFLICT detected for key='item:0312', siblings=6
[dc3_node2] Client PUT: key='item:0624', value='value_624_update_client48_op806'
[dc3_node2] Preference list for 'item:0624': ['localhost:50150', 'localhost:50170', 'localhost:50216']
[dc3_node2] Coordinator NOT in preference list, forwarding only
[dc3_node2] Replicated to localhost:50216
[dc3_node2] Replicated to localhost:50150
[dc3_node2] W-quorum achieved (2 writes), returning to client
[dc3_node2] Background replication continues for remaining nodes
[dc3_node2] Successful writes: 2/3
[dc3_node2] Internal PUT (replication): key='item:2672'
[dc3_node2] Saved 91 keys to disk
[dc3_node2] CONFLICT detected for key='item:2672', siblings=5
[dc3_node2] Client GET: key='item:1698'
[dc3_node2] Reading from preference list: ['localhost:50230', 'localhost:50140']
[dc3_node2] Saved 91 keys to disk
[dc3_node2] Key='item:1698' not found
[dc3_node2] CONFLICT: 8 sibling versions for 'item:1698'
[dc3_node2] Replicated to localhost:50170
[dc3_node2] Retrieved key='item:3119', versions=6
[dc3_node2] Retrieved key='item:2763', versions=5
[dc3_node2] Client PUT: key='item:4523', value='value_4523_client2_op806'
[dc3_node2] Preference list for 'item:4523': ['localhost:50238', 'localhost:50074', 'localhost:50133']
[dc3_node2] Coordinator NOT in preference list, forwarding only
[dc3_node2] Replicated to localhost:50133
[dc3_node2] Replicated to localhost:50238
[dc3_node2] W-quorum achieved (2 writes), returning to client
[dc3_node2] Background replication continues for remaining nodes
[dc3_node2] Successful writes: 2/3
[dc3_node2] Replicated to localhost:50074
[dc3_node2] Retrieved key='item:2763', versions=5
[dc3_node2] Client PUT: key='item:0788', value='value_788_update_client28_op826'
[dc3_node2] Preference list for 'item:0788': ['localhost:50195', 'localhost:50134', 'localhost:50154']
[dc3_node2] Coordinator NOT in preference list, forwarding only
[dc3_node2] Replicated to localhost:50154
[dc3_node2] Replicated to localhost:50134
[dc3_node2] W-quorum achieved (2 writes), returning to client
[dc3_node2] Background replication continues for remaining nodes
[dc3_node2] Successful writes: 2/3
[dc3_node2] Internal PUT (replication): key='item:3822'
[dc3_node2] CONFLICT detected for key='item:3822', siblings=7
[dc3_node2] Saved 91 keys to disk
[dc3_node2] Replicated to localhost:50195
[dc3_node2] Internal PUT (replication): key='item:2719'
[dc3_node2] CONFLICT detected for key='item:2719', siblings=7
[dc3_node2] Saved 91 keys to disk
[dc3_node2] Internal PUT (replication): key='item:4271'
[dc3_node2] CONFLICT detected for key='item:4271', siblings=6
[dc3_node2] Saved 91 keys to disk
[dc3_node2] Internal PUT (replication): key='item:3204'
[dc3_node2] CONFLICT detected for key='item:3204', siblings=12
[dc3_node2] Saved 91 keys to disk
[dc3_node2] Internal PUT (replication): key='item:1366'
[dc3_node2] CONFLICT detected for key='item:1366', siblings=9
[dc3_node2] Saved 91 keys to disk
[dc3_node2] Client PUT: key='item:4102', value='value_4102_client34_op786'
[dc3_node2] Preference list for 'item:4102': ['localhost:50092', 'localhost:50129', 'localhost:50178']
[dc3_node2] CONFLICT detected for key='item:4102', siblings=6
[dc3_node2] Saved 91 keys to disk
[dc3_node2] Coordinator IS in preference list, stored locally
[dc3_node2] Replicated to localhost:50129
[dc3_node2] Replicated to localhost:50178
[dc3_node2] W-quorum achieved (2 writes), returning to client
[dc3_node2] Background replication continues for remaining nodes
[dc3_node2] Successful writes: 3/3
[dc3_node2] Internal PUT (replication): key='item:2592'
[dc3_node2] CONFLICT detected for key='item:2592', siblings=11
[dc3_node2] Saved 91 keys to disk
[dc3_node2] Client PUT: key='item:1316', value='value_1316_client12_op845'
[dc3_node2] Preference list for 'item:1316': ['localhost:50057', 'localhost:50085', 'localhost:50204']
[dc3_node2] Coordinator NOT in preference list, forwarding only
[dc3_node2] Replicated to localhost:50204
[dc3_node2] Replicated to localhost:50085
[dc3_node2] W-quorum achieved (2 writes), returning to client
[dc3_node2] Background replication continues for remaining nodes
[dc3_node2] Successful writes: 2/3
[dc3_node2] Retrieved key='item:0255', versions=7
[dc3_node2] Retrieved key='item:4058', versions=5
[dc3_node2] Replicated to localhost:50057
[dc3_node2] Retrieved key='item:4831', versions=8
[dc3_node2] Internal PUT (replication): key='item:1649'
[dc3_node2] CONFLICT detected for key='item:1649', siblings=8
[dc3_node2] Saved 91 keys to disk
[dc3_node2] Internal PUT (replication): key='item:0255'
[dc3_node2] CONFLICT detected for key='item:0255', siblings=8
[dc3_node2] Saved 91 keys to disk
[dc3_node2] Client GET: key='item:4496'
[dc3_node2] Reading from preference list: ['localhost:50137', 'localhost:50172']
[dc3_node2] Key='item:4496' not found
[dc3_node2] CONFLICT: 6 sibling versions for 'item:4496'
[dc3_node2] Internal PUT (replication): key='item:1924'
[dc3_node2] CONFLICT detected for key='item:1924', siblings=13
[dc3_node2] Saved 91 keys to disk
[dc3_node2] Internal PUT (replication): key='item:1379'
[dc3_node2] CONFLICT detected for key='item:1379', siblings=5
[dc3_node2] Client GET: key='item:4944'
[dc3_node2] Reading from preference list: ['localhost:50145', 'localhost:50124']
[dc3_node2] Saved 91 keys to disk
[dc3_node2] Key='item:4944' not found
[dc3_node2] CONFLICT: 12 sibling versions for 'item:4944'
[dc3_node2] Client PUT: key='item:0513', value='value_513_client29_op865'
[dc3_node2] Preference list for 'item:0513': ['localhost:50250', 'localhost:50161', 'localhost:50216']
[dc3_node2] Coordinator NOT in preference list, forwarding only
[dc3_node2] Replicated to localhost:50161
[dc3_node2] Retrieved key='item:4485', versions=5
[dc3_node2] Replicated to localhost:50250
[dc3_node2] Replicated to localhost:50216
[dc3_node2] W-quorum achieved (2 writes), returning to client
[dc3_node2] Background replication continues for remaining nodes
[dc3_node2] Successful writes: 3/3
[dc3_node2] Client PUT: key='item:0068', value='value_68_update_client32_op852'
[dc3_node2] Preference list for 'item:0068': ['localhost:50067', 'localhost:50184', 'localhost:50242']
[dc3_node2] Coordinator NOT in preference list, forwarding only
[dc3_node2] Replicated to localhost:50242
[dc3_node2] Client GET: key='item:0276'
[dc3_node2] Reading from preference list: ['localhost:50229', 'localhost:50078']
[dc3_node2] Key='item:0276' not found
[dc3_node2] Replicated to localhost:50184
[dc3_node2] Internal PUT (replication): key='item:1366'
[dc3_node2] CONFLICT detected for key='item:1366', siblings=10
[dc3_node2] W-quorum achieved (2 writes), returning to client
[dc3_node2] Background replication continues for remaining nodes
[dc3_node2] Successful writes: 2/3
[dc3_node2] CONFLICT: 14 sibling versions for 'item:0276'
[dc3_node2] Internal PUT (replication): key='item:3632'
[dc3_node2] Saved 91 keys to disk
[dc3_node2] CONFLICT detected for key='item:3632', siblings=5
[dc3_node2] Internal PUT (replication): key='item:0254'
[dc3_node2] Internal PUT (replication): key='item:3204'
[dc3_node2] Replicated to localhost:50067
[dc3_node2] Saved 91 keys to disk
[dc3_node2] CONFLICT detected for key='item:0254', siblings=7
[dc3_node2] Saved 91 keys to disk
[dc3_node2] CONFLICT detected for key='item:3204', siblings=13
[dc3_node2] Saved 91 keys to disk
[dc3_node2] Client PUT: key='item:3296', value='value_3296_client39_op859'
[dc3_node2] Preference list for 'item:3296': ['localhost:50166', 'localhost:50060', 'localhost:50134']
[dc3_node2] Coordinator NOT in preference list, forwarding only
[dc3_node2] Replicated to localhost:50060
[dc3_node2] Replicated to localhost:50134
[dc3_node2] Replicated to localhost:50166
[dc3_node2] W-quorum achieved (2 writes), returning to client
[dc3_node2] Background replication continues for remaining nodes
[dc3_node2] Successful writes: 3/3
[dc3_node2] Internal PUT (replication): key='item:3204'
[dc3_node2] CONFLICT detected for key='item:3204', siblings=14
[dc3_node2] Saved 91 keys to disk
[dc3_node2] Internal PUT (replication): key='item:0255'
[dc3_node2] CONFLICT detected for key='item:0255', siblings=9
[dc3_node2] Saved 91 keys to disk
[dc3_node2] Client PUT: key='item:1540', value='value_1540_client10_op842'
[dc3_node2] Preference list for 'item:1540': ['localhost:50231', 'localhost:50055', 'localhost:50143']
[dc3_node2] Coordinator NOT in preference list, forwarding only
[dc3_node2] Internal PUT (replication): key='item:1366'
[dc3_node2] CONFLICT detected for key='item:1366', siblings=11
[dc3_node2] Saved 91 keys to disk
[dc3_node2] Replicated to localhost:50231
[dc3_node2] Replicated to localhost:50055
[dc3_node2] W-quorum achieved (2 writes), returning to client
[dc3_node2] Background replication continues for remaining nodes
[dc3_node2] Successful writes: 2/3
[dc3_node2] Replicated to localhost:50143
[dc3_node2] Retrieved key='item:1366', versions=11
[dc3_node2] Retrieved key='item:2573', versions=3
[dc3_node2] Internal PUT (replication): key='item:0255'
[dc3_node2] CONFLICT detected for key='item:0255', siblings=10
[dc3_node2] Saved 91 keys to disk
[dc3_node2] Retrieved key='item:4390', versions=4
[dc3_node2] Client GET: key='item:1256'
[dc3_node2] Reading from preference list: ['localhost:50064', 'localhost:50079']
[dc3_node2] Key='item:1256' not found
[dc3_node2] CONFLICT: 20 sibling versions for 'item:1256'
[dc3_node2] Internal PUT (replication): key='item:3144'
[dc3_node2] CONFLICT detected for key='item:3144', siblings=4
[dc3_node2] Saved 91 keys to disk
[dc3_node2] Internal PUT (replication): key='item:1642'
[dc3_node2] CONFLICT detected for key='item:1642', siblings=5
[dc3_node2] Saved 91 keys to disk
[dc3_node2] Client PUT: key='item:1889', value='value_1889_update_client0_op843'
[dc3_node2] Preference list for 'item:1889': ['localhost:50189', 'localhost:50060', 'localhost:50114']
[dc3_node2] Coordinator NOT in preference list, forwarding only
[dc3_node2] Replicated to localhost:50114
[dc3_node2] Internal PUT (replication): key='item:4674'
[dc3_node2] CONFLICT detected for key='item:4674', siblings=6
[dc3_node2] Saved 91 keys to disk
[dc3_node2] Replicated to localhost:50060
[dc3_node2] W-quorum achieved (2 writes), returning to client
[dc3_node2] Background replication continues for remaining nodes
[dc3_node2] Successful writes: 2/3
[dc3_node2] Replicated to localhost:50189
[dc3_node2] Client GET: key='item:2266'
[dc3_node2] Reading from preference list: ['localhost:50134', 'localhost:50154']
[dc3_node2] Key='item:2266' not found
[dc3_node2] CONFLICT: 10 sibling versions for 'item:2266'
[dc3_node2] Internal PUT (replication): key='item:0296'
[dc3_node2] CONFLICT detected for key='item:0296', siblings=5
[dc3_node2] Client PUT: key='item:1596', value='value_1596_client19_op863'
[dc3_node2] Preference list for 'item:1596': ['localhost:50076', 'localhost:50114', 'localhost:50184']
[dc3_node2] Coordinator NOT in preference list, forwarding only
[dc3_node2] Replicated to localhost:50184
[dc3_node2] Replicated to localhost:50114
[dc3_node2] Saved 91 keys to disk
[dc3_node2] W-quorum achieved (2 writes), returning to client
[dc3_node2] Background replication continues for remaining nodes
[dc3_node2] Successful writes: 2/3
[dc3_node2] Replicated to localhost:50076
[dc3_node2] Internal PUT (replication): key='item:0025'
[dc3_node2] CONFLICT detected for key='item:0025', siblings=8
[dc3_node2] Internal PUT (replication): key='item:4271'
[dc3_node2] Saved 91 keys to disk
[dc3_node2] Retrieved key='item:4704', versions=6
[dc3_node2] CONFLICT detected for key='item:4271', siblings=7
[dc3_node2] Saved 91 keys to disk
[dc3_node2] Internal PUT (replication): key='item:3543'
[dc3_node2] CONFLICT detected for key='item:3543', siblings=8
[dc3_node2] Internal PUT (replication): key='item:1379'
[dc3_node2] Saved 91 keys to disk
[dc3_node2] CONFLICT detected for key='item:1379', siblings=6
[dc3_node2] Saved 91 keys to disk
[dc3_node2] Retrieved key='item:4334', versions=10
[dc3_node2] Internal PUT (replication): key='item:3633'
[dc3_node2] CONFLICT detected for key='item:3633', siblings=8
[dc3_node2] Saved 91 keys to disk
[dc3_node2] Client PUT: key='item:4924', value='value_4924_update_client21_op869'
[dc3_node2] Preference list for 'item:4924': ['localhost:50131', 'localhost:50183', 'localhost:50076']
[dc3_node2] Coordinator NOT in preference list, forwarding only
[dc3_node2] Replicated to localhost:50183
[dc3_node2] Client GET: key='item:0183'
[dc3_node2] Reading from preference list: ['localhost:50065', 'localhost:50136']
[dc3_node2] Key='item:0183' not found
[dc3_node2] CONFLICT: 10 sibling versions for 'item:0183'
[dc3_node2] Replicated to localhost:50131
[dc3_node2] W-quorum achieved (2 writes), returning to client
[dc3_node2] Background replication continues for remaining nodes
[dc3_node2] Successful writes: 2/3
[dc3_node2] Internal PUT (replication): key='item:2857'
[dc3_node2] CONFLICT detected for key='item:2857', siblings=7
[dc3_node2] Saved 91 keys to disk
[dc3_node2] Replicated to localhost:50076
[dc3_node2] Client PUT: key='item:1891', value='value_1891_update_client10_op868'
[dc3_node2] Preference list for 'item:1891': ['localhost:50174', 'localhost:50151', 'localhost:50210']
[dc3_node2] Coordinator NOT in preference list, forwarding only
[dc3_node2] Client GET: key='item:0783'
[dc3_node2] Reading from preference list: ['localhost:50236', 'localhost:50226']
[dc3_node2] Key='item:0783' not found
[dc3_node2] CONFLICT: 9 sibling versions for 'item:0783'
[dc3_node2] Internal PUT (replication): key='item:2719'
[dc3_node2] CONFLICT detected for key='item:2719', siblings=8
[dc3_node2] Replicated to localhost:50151
[dc3_node2] Internal PUT (replication): key='item:4704'
[dc3_node2] Replicated to localhost:50174
[dc3_node2] Replicated to localhost:50210
[dc3_node2] W-quorum achieved (2 writes), returning to client
[dc3_node2] Background replication continues for remaining nodes
[dc3_node2] Successful writes: 3/3
[dc3_node2] Saved 91 keys to disk
[dc3_node2] CONFLICT detected for key='item:4704', siblings=7
[dc3_node2] Saved 91 keys to disk
[dc3_node2] Retrieved key='item:3144', versions=4
[dc3_node2] Internal PUT (replication): key='item:0698'
[dc3_node2] CONFLICT detected for key='item:0698', siblings=8
[dc3_node2] Saved 91 keys to disk
[dc3_node2] Internal PUT (replication): key='item:3043'
[dc3_node2] CONFLICT detected for key='item:3043', siblings=4
[dc3_node2] Saved 91 keys to disk
[dc3_node2] Client GET: key='item:2876'
[dc3_node2] Reading from preference list: ['localhost:50131', 'localhost:50130']
[dc3_node2] Key='item:2876' not found
[dc3_node2] CONFLICT: 10 sibling versions for 'item:2876'
[dc3_node2] Internal PUT (replication): key='item:0204'
[dc3_node2] CONFLICT detected for key='item:0204', siblings=7
[dc3_node2] Saved 91 keys to disk
[dc3_node2] Client PUT: key='item:2117', value='value_2117_client48_op880'
[dc3_node2] Preference list for 'item:2117': ['localhost:50200', 'localhost:50238', 'localhost:50177']
[dc3_node2] Coordinator NOT in preference list, forwarding only
[dc3_node2] Replicated to localhost:50200
[dc3_node2] Replicated to localhost:50238
[dc3_node2] W-quorum achieved (2 writes), returning to client
[dc3_node2] Background replication continues for remaining nodes
[dc3_node2] Successful writes: 2/3
[dc3_node2] Retrieved key='item:1379', versions=6
[dc3_node2] Replicated to localhost:50177
[dc3_node2] Internal PUT (replication): key='item:3618'
[dc3_node2] CONFLICT detected for key='item:3618', siblings=7
[dc3_node2] Saved 91 keys to disk
[dc3_node2] Internal PUT (replication): key='item:4730'
[dc3_node2] CONFLICT detected for key='item:4730', siblings=8
[dc3_node2] Saved 91 keys to disk
[dc3_node2] Client PUT: key='item:3782', value='value_3782_client26_op866'
[dc3_node2] Preference list for 'item:3782': ['localhost:50109', 'localhost:50244', 'localhost:50207']
[dc3_node2] Coordinator NOT in preference list, forwarding only
[dc3_node2] Replicated to localhost:50244
[dc3_node2] Replicated to localhost:50207
[dc3_node2] Replicated to localhost:50109
[dc3_node2] Internal PUT (replication): key='item:1924'
[dc3_node2] CONFLICT detected for key='item:1924', siblings=14
[dc3_node2] W-quorum achieved (2 writes), returning to client
[dc3_node2] Background replication continues for remaining nodes
[dc3_node2] Successful writes: 3/3
[dc3_node2] Saved 91 keys to disk
[dc3_node2] Client PUT: key='item:1978', value='value_1978_client15_op878'
[dc3_node2] Preference list for 'item:1978': ['localhost:50196', 'localhost:50150', 'localhost:50106']
[dc3_node2] Coordinator NOT in preference list, forwarding only
[dc3_node2] Replicated to localhost:50196
[dc3_node2] Client PUT: key='item:0943', value='value_943_update_client20_op887'
[dc3_node2] Preference list for 'item:0943': ['localhost:50072', 'localhost:50100', 'localhost:50166']
[dc3_node2] Coordinator NOT in preference list, forwarding only
[dc3_node2] Replicated to localhost:50106
[dc3_node2] W-quorum achieved (2 writes), returning to client
[dc3_node2] Background replication continues for remaining nodes
[dc3_node2] Successful writes: 2/3
[dc3_node2] Replicated to localhost:50150
[dc3_node2] Internal PUT (replication): key='item:0736'
[dc3_node2] CONFLICT detected for key='item:0736', siblings=8
[dc3_node2] Replicated to localhost:50166
[dc3_node2] Saved 91 keys to disk
[dc3_node2] Replicated to localhost:50100
[dc3_node2] Replicated to localhost:50072
[dc3_node2] Internal PUT (replication): key='item:1444'
[dc3_node2] CONFLICT detected for key='item:1444', siblings=6
[dc3_node2] W-quorum achieved (2 writes), returning to client
[dc3_node2] Background replication continues for remaining nodes
[dc3_node2] Successful writes: 3/3
[dc3_node2] Saved 91 keys to disk
[dc3_node2] Retrieved key='item:0793', versions=6
[dc3_node2] Internal PUT (replication): key='item:4184'
[dc3_node2] Stored NEW key='item:4184', value='value_4184_client47_op870', clock={dc1_node7:1}
[dc3_node2] Saved 92 keys to disk
[dc3_node2] Internal PUT (replication): key='item:0255'
[dc3_node2] CONFLICT detected for key='item:0255', siblings=11
[dc3_node2] Saved 92 keys to disk
[dc3_node2] Retrieved key='item:4676', versions=8
[dc3_node2] Retrieved key='item:4058', versions=5
[dc3_node2] Internal PUT (replication): key='item:1642'
[dc3_node2] CONFLICT detected for key='item:1642', siblings=6
[dc3_node2] Saved 92 keys to disk
[dc3_node2] Retrieved key='item:1924', versions=14
[dc3_node2] Client PUT: key='item:0370', value='value_370_client3_op926'
[dc3_node2] Preference list for 'item:0370': ['localhost:50172', 'localhost:50223', 'localhost:50131']
[dc3_node2] Coordinator NOT in preference list, forwarding only
[dc3_node2] Internal PUT (replication): key='item:0698'
[dc3_node2] CONFLICT detected for key='item:0698', siblings=9
[dc3_node2] Replicated to localhost:50223
[dc3_node2] Replicated to localhost:50172
[dc3_node2] Replicated to localhost:50131
[dc3_node2] Saved 92 keys to disk
[dc3_node2] W-quorum achieved (2 writes), returning to client
[dc3_node2] Background replication continues for remaining nodes
[dc3_node2] Successful writes: 3/3
[dc3_node2] Retrieved key='item:4377', versions=4
[dc3_node2] Client PUT: key='item:1922', value='value_1922_client30_op909'
[dc3_node2] Preference list for 'item:1922': ['localhost:50094', 'localhost:50159', 'localhost:50198']
[dc3_node2] Coordinator NOT in preference list, forwarding only
[dc3_node2] Replicated to localhost:50198
[dc3_node2] Internal PUT (replication): key='item:0619'
[dc3_node2] CONFLICT detected for key='item:0619', siblings=10
[dc3_node2] Saved 92 keys to disk
[dc3_node2] Replicated to localhost:50094
[dc3_node2] Replicated to localhost:50159
[dc3_node2] W-quorum achieved (2 writes), returning to client
[dc3_node2] Background replication continues for remaining nodes
[dc3_node2] Successful writes: 3/3
[dc3_node2] Internal PUT (replication): key='item:1271'
[dc3_node2] CONFLICT detected for key='item:1271', siblings=9
[dc3_node2] Saved 92 keys to disk
[dc3_node2] Client PUT: key='item:1018', value='value_1018_client45_op894'
[dc3_node2] Preference list for 'item:1018': ['localhost:50150', 'localhost:50078', 'localhost:50055']
[dc3_node2] Coordinator NOT in preference list, forwarding only
[dc3_node2] Replicated to localhost:50055
[dc3_node2] Replicated to localhost:50078
[dc3_node2] Replicated to localhost:50150
[dc3_node2] W-quorum achieved (2 writes), returning to client
[dc3_node2] Background replication continues for remaining nodes
[dc3_node2] Successful writes: 3/3
[dc3_node2] Client PUT: key='item:3195', value='value_3195_client3_op937'
[dc3_node2] Preference list for 'item:3195': ['localhost:50052', 'localhost:50119', 'localhost:50089']
[dc3_node2] Coordinator NOT in preference list, forwarding only
[dc3_node2] Internal PUT (replication): key='item:4377'
[dc3_node2] CONFLICT detected for key='item:4377', siblings=5
[dc3_node2] Replicated to localhost:50089
[dc3_node2] Saved 92 keys to disk
[dc3_node2] Replicated to localhost:50052
[dc3_node2] W-quorum achieved (2 writes), returning to client
[dc3_node2] Background replication continues for remaining nodes
[dc3_node2] Successful writes: 2/3
[dc3_node2] Internal PUT (replication): key='item:3451'
[dc3_node2] CONFLICT detected for key='item:3451', siblings=4
[dc3_node2] Saved 92 keys to disk
[dc3_node2] Replicated to localhost:50119
[dc3_node2] Internal PUT (replication): key='item:4831'
[dc3_node2] CONFLICT detected for key='item:4831', siblings=9
[dc3_node2] Internal PUT (replication): key='item:3603'
[dc3_node2] Client GET: key='item:3415'
[dc3_node2] Reading from preference list: ['localhost:50186', 'localhost:50167']
[dc3_node2] Saved 92 keys to disk
[dc3_node2] Retrieved key='item:4704', versions=7
[dc3_node2] CONFLICT detected for key='item:3603', siblings=9
[dc3_node2] Saved 92 keys to disk
[dc3_node2] Key='item:3415' not found
[dc3_node2] CONFLICT: 14 sibling versions for 'item:3415'
[dc3_node2] Internal PUT (replication): key='item:0806'
[dc3_node2] CONFLICT detected for key='item:0806', siblings=9
[dc3_node2] Internal PUT (replication): key='item:2763'
[dc3_node2] Saved 92 keys to disk
[dc3_node2] CONFLICT detected for key='item:2763', siblings=6
[dc3_node2] Saved 92 keys to disk
[dc3_node2] Internal PUT (replication): key='item:4774'
[dc3_node2] CONFLICT detected for key='item:4774', siblings=7
[dc3_node2] Saved 92 keys to disk
[dc3_node2] Retrieved key='item:1532', versions=4
[dc3_node2] Client PUT: key='item:2731', value='value_2731_update_client21_op917'
[dc3_node2] Preference list for 'item:2731': ['localhost:50094', 'localhost:50136', 'localhost:50210']
[dc3_node2] Coordinator NOT in preference list, forwarding only
[dc3_node2] Replicated to localhost:50136
[dc3_node2] Replicated to localhost:50094
[dc3_node2] W-quorum achieved (2 writes), returning to client
[dc3_node2] Background replication continues for remaining nodes
[dc3_node2] Successful writes: 2/3
[dc3_node2] Replicated to localhost:50210
[dc3_node2] Retrieved key='item:4831', versions=9
[dc3_node2] Client GET: key='item:1250'
[dc3_node2] Reading from preference list: ['localhost:50065', 'localhost:50123']
[dc3_node2] Key='item:1250' not found
[dc3_node2] CONFLICT: 20 sibling versions for 'item:1250'
[dc3_node2] Client GET: key='item:0106'
[dc3_node2] Reading from preference list: ['localhost:50183', 'localhost:50091']
[dc3_node2] Key='item:0106' not found
[dc3_node2] CONFLICT: 16 sibling versions for 'item:0106'
[dc3_node2] Client PUT: key='item:1031', value='value_1031_update_client32_op933'
[dc3_node2] Preference list for 'item:1031': ['localhost:50177', 'localhost:50081', 'localhost:50243']
[dc3_node2] Coordinator NOT in preference list, forwarding only
[dc3_node2] Replicated to localhost:50243
[dc3_node2] Replicated to localhost:50177
[dc3_node2] W-quorum achieved (2 writes), returning to client
[dc3_node2] Background replication continues for remaining nodes
[dc3_node2] Successful writes: 2/3
[dc3_node2] Replicated to localhost:50081
[dc3_node2] Internal PUT (replication): key='item:0122'
[dc3_node2] CONFLICT detected for key='item:0122', siblings=7
[dc3_node2] Saved 92 keys to disk
[dc3_node2] Internal PUT (replication): key='item:0863'
[dc3_node2] CONFLICT detected for key='item:0863', siblings=7
[dc3_node2] Saved 92 keys to disk
[dc3_node2] Retrieved key='item:1532', versions=4
[dc3_node2] Internal PUT (replication): key='item:0793'
[dc3_node2] CONFLICT detected for key='item:0793', siblings=7
[dc3_node2] Saved 92 keys to disk
[dc3_node2] Internal PUT (replication): key='item:3695'
[dc3_node2] CONFLICT detected for key='item:3695', siblings=5
[dc3_node2] Internal PUT (replication): key='item:0296'
[dc3_node2] Saved 92 keys to disk
[dc3_node2] CONFLICT detected for key='item:0296', siblings=6
[dc3_node2] Saved 92 keys to disk
[dc3_node2] Client PUT: key='item:4839', value='value_4839_client6_op938'
[dc3_node2] Preference list for 'item:4839': ['localhost:50189', 'localhost:50073', 'localhost:50053']
[dc3_node2] Coordinator NOT in preference list, forwarding only
[dc3_node2] Internal PUT (replication): key='item:3699'
[dc3_node2] CONFLICT detected for key='item:3699', siblings=6
[dc3_node2] Internal PUT (replication): key='item:0296'
[dc3_node2] Replicated to localhost:50189
[dc3_node2] Replicated to localhost:50053
[dc3_node2] W-quorum achieved (2 writes), returning to client
[dc3_node2] Background replication continues for remaining nodes
[dc3_node2] Successful writes: 2/3
[dc3_node2] Saved 92 keys to disk
[dc3_node2] CONFLICT detected for key='item:0296', siblings=7
[dc3_node2] Replicated to localhost:50073
[dc3_node2] Saved 92 keys to disk
[dc3_node2] Client PUT: key='item:2140', value='value_2140_client26_op913'
[dc3_node2] Preference list for 'item:2140': ['localhost:50120', 'localhost:50222', 'localhost:50136']
[dc3_node2] Coordinator NOT in preference list, forwarding only
[dc3_node2] Replicated to localhost:50120
[dc3_node2] Replicated to localhost:50136
[dc3_node2] W-quorum achieved (2 writes), returning to client
[dc3_node2] Background replication continues for remaining nodes
[dc3_node2] Successful writes: 2/3
[dc3_node2] Replicated to localhost:50222
[dc3_node2] Retrieved key='item:4058', versions=5
[dc3_node2] Client PUT: key='item:0089', value='value_89_client4_op931'
[dc3_node2] Preference list for 'item:0089': ['localhost:50160', 'localhost:50127', 'localhost:50146']
[dc3_node2] Coordinator NOT in preference list, forwarding only
[dc3_node2] Replicated to localhost:50160
[dc3_node2] Retrieved key='item:2844', versions=5
[dc3_node2] Replicated to localhost:50146
[dc3_node2] W-quorum achieved (2 writes), returning to client
[dc3_node2] Background replication continues for remaining nodes
[dc3_node2] Successful writes: 2/3
[dc3_node2] Replicated to localhost:50127
[dc3_node2] Internal PUT (replication): key='item:2592'
[dc3_node2] CONFLICT detected for key='item:2592', siblings=12
[dc3_node2] Saved 92 keys to disk
[dc3_node2] Internal PUT (replication): key='item:3119'
[dc3_node2] CONFLICT detected for key='item:3119', siblings=7
[dc3_node2] Saved 92 keys to disk
[dc3_node2] Client PUT: key='item:3499', value='value_3499_update_client32_op949'
[dc3_node2] Preference list for 'item:3499': ['localhost:50075', 'localhost:50221', 'localhost:50103']
[dc3_node2] Coordinator NOT in preference list, forwarding only
[dc3_node2] Replicated to localhost:50221
[dc3_node2] Replicated to localhost:50075
[dc3_node2] W-quorum achieved (2 writes), returning to client
[dc3_node2] Background replication continues for remaining nodes
[dc3_node2] Successful writes: 2/3
[dc3_node2] Internal PUT (replication): key='item:3451'
[dc3_node2] CONFLICT detected for key='item:3451', siblings=5
[dc3_node2] Replicated to localhost:50103
[dc3_node2] Internal PUT (replication): key='item:0171'
[dc3_node2] Saved 92 keys to disk
[dc3_node2] Retrieved key='item:4676', versions=8
[dc3_node2] CONFLICT detected for key='item:0171', siblings=10
[dc3_node2] Saved 92 keys to disk
[dc3_node2] Retrieved key='item:0863', versions=7
[dc3_node2] Internal PUT (replication): key='item:4704'
[dc3_node2] CONFLICT detected for key='item:4704', siblings=8
[dc3_node2] Saved 92 keys to disk
[dc3_node2] Retrieved key='item:3632', versions=5
[dc3_node2] Internal PUT (replication): key='item:4674'
[dc3_node2] CONFLICT detected for key='item:4674', siblings=7
[dc3_node2] Saved 92 keys to disk
[dc3_node2] Internal PUT (replication): key='item:2453'
[dc3_node2] CONFLICT detected for key='item:2453', siblings=5
[dc3_node2] Saved 92 keys to disk
[dc3_node2] Internal PUT (replication): key='item:3928'
[dc3_node2] CONFLICT detected for key='item:3928', siblings=6
[dc3_node2] Client PUT: key='item:3366', value='value_3366_client46_op914'
[dc3_node2] Preference list for 'item:3366': ['localhost:50111', 'localhost:50148', 'localhost:50054']
[dc3_node2] Coordinator NOT in preference list, forwarding only
[dc3_node2] Saved 92 keys to disk
[dc3_node2] Replicated to localhost:50054
[dc3_node2] Replicated to localhost:50148
[dc3_node2] Internal PUT (replication): key='item:1379'
[dc3_node2] CONFLICT detected for key='item:1379', siblings=7
[dc3_node2] W-quorum achieved (2 writes), returning to client
[dc3_node2] Background replication continues for remaining nodes
[dc3_node2] Successful writes: 2/3
[dc3_node2] Internal PUT (replication): key='item:3119'
[dc3_node2] Replicated to localhost:50111
[dc3_node2] Saved 92 keys to disk
[dc3_node2] CONFLICT detected for key='item:3119', siblings=8
[dc3_node2] Saved 92 keys to disk
[dc3_node2] Client PUT: key='item:3721', value='value_3721_client46_op915'
[dc3_node2] Preference list for 'item:3721': ['localhost:50150', 'localhost:50058', 'localhost:50215']
[dc3_node2] Coordinator NOT in preference list, forwarding only
[dc3_node2] Replicated to localhost:50150
[dc3_node2] Replicated to localhost:50215
[dc3_node2] Replicated to localhost:50058
[dc3_node2] W-quorum achieved (2 writes), returning to client
[dc3_node2] Background replication continues for remaining nodes
[dc3_node2] Successful writes: 3/3
[dc3_node2] Retrieved key='item:0296', versions=7
[dc3_node2] Internal PUT (replication): key='item:1444'
[dc3_node2] CONFLICT detected for key='item:1444', siblings=7
[dc3_node2] Saved 92 keys to disk
[dc3_node2] Internal PUT (replication): key='item:2453'
[dc3_node2] CONFLICT detected for key='item:2453', siblings=6
[dc3_node2] Internal PUT (replication): key='item:3144'
[dc3_node2] Saved 92 keys to disk
[dc3_node2] CONFLICT detected for key='item:3144', siblings=5
[dc3_node2] Client PUT: key='item:0316', value='value_316_client37_op953'
[dc3_node2] Preference list for 'item:0316': ['localhost:50116', 'localhost:50137', 'localhost:50195']
[dc3_node2] Coordinator NOT in preference list, forwarding only
[dc3_node2] Internal PUT (replication): key='item:0296'
[dc3_node2] Saved 92 keys to disk
[dc3_node2] CONFLICT detected for key='item:0296', siblings=8
[dc3_node2] Replicated to localhost:50137
[dc3_node2] Replicated to localhost:50195
[dc3_node2] W-quorum achieved (2 writes), returning to client
[dc3_node2] Background replication continues for remaining nodes
[dc3_node2] Successful writes: 2/3
[dc3_node2] Replicated to localhost:50116
[dc3_node2] Saved 92 keys to disk
[dc3_node2] Client PUT: key='item:1760', value='value_1760_update_client36_op933'
[dc3_node2] Preference list for 'item:1760': ['localhost:50245', 'localhost:50062', 'localhost:50081']
[dc3_node2] Coordinator NOT in preference list, forwarding only
[dc3_node2] Replicated to localhost:50245
[dc3_node2] Replicated to localhost:50062
[dc3_node2] W-quorum achieved (2 writes), returning to client
[dc3_node2] Background replication continues for remaining nodes
[dc3_node2] Successful writes: 2/3
[dc3_node2] Replicated to localhost:50081
[dc3_node2] Internal PUT (replication): key='item:4184'
[dc3_node2] CONFLICT detected for key='item:4184', siblings=2
[dc3_node2] Saved 92 keys to disk
[dc3_node2] Internal PUT (replication): key='item:1074'
[dc3_node2] CONFLICT detected for key='item:1074', siblings=9
[dc3_node2] Saved 92 keys to disk
[dc3_node2] Client PUT: key='item:3741', value='value_3741_client3_op989'
[dc3_node2] Preference list for 'item:3741': ['localhost:50242', 'localhost:50126', 'localhost:50080']
[dc3_node2] Coordinator NOT in preference list, forwarding only
[dc3_node2] Client PUT: key='item:0228', value='value_228_client17_op953'
[dc3_node2] Preference list for 'item:0228': ['localhost:50228', 'localhost:50175', 'localhost:50139']
[dc3_node2] Coordinator NOT in preference list, forwarding only
[dc3_node2] Replicated to localhost:50080
[dc3_node2] Replicated to localhost:50242
[dc3_node2] W-quorum achieved (2 writes), returning to client
[dc3_node2] Background replication continues for remaining nodes
[dc3_node2] Successful writes: 2/3
[dc3_node2] Replicated to localhost:50175
[dc3_node2] Replicated to localhost:50139
[dc3_node2] W-quorum achieved (2 writes), returning to client
[dc3_node2] Background replication continues for remaining nodes
[dc3_node2] Successful writes: 2/3
[dc3_node2] Replicated to localhost:50228
[dc3_node2] Replicated to localhost:50126
[dc3_node2] Retrieved key='item:0171', versions=10
[dc3_node2] Internal PUT (replication): key='item:3618'
[dc3_node2] CONFLICT detected for key='item:3618', siblings=8
[dc3_node2] Saved 92 keys to disk
[dc3_node2] Internal PUT (replication): key='item:4676'
[dc3_node2] CONFLICT detected for key='item:4676', siblings=9
[dc3_node2] Saved 92 keys to disk
[dc3_node2] Retrieved key='item:1002', versions=7
[dc3_node2] Retrieved key='item:0255', versions=11
[dc3_node2] Internal PUT (replication): key='item:3633'
[dc3_node2] CONFLICT detected for key='item:3633', siblings=9
[dc3_node2] Saved 92 keys to disk
[dc3_node2] Client PUT: key='item:4668', value='value_4668_client4_op972'
[dc3_node2] Preference list for 'item:4668': ['localhost:50215', 'localhost:50241', 'localhost:50196']
[dc3_node2] Coordinator NOT in preference list, forwarding only
[dc3_node2] Replicated to localhost:50215
[dc3_node2] Internal PUT (replication): key='item:4271'
[dc3_node2] CONFLICT detected for key='item:4271', siblings=8
[dc3_node2] Replicated to localhost:50196
[dc3_node2] Saved 92 keys to disk
[dc3_node2] W-quorum achieved (2 writes), returning to client
[dc3_node2] Background replication continues for remaining nodes
[dc3_node2] Successful writes: 2/3
[dc3_node2] Replicated to localhost:50241
[dc3_node2] Internal PUT (replication): key='item:0025'
[dc3_node2] CONFLICT detected for key='item:0025', siblings=9
[dc3_node2] Saved 92 keys to disk
[dc3_node2] Internal PUT (replication): key='item:1444'
[dc3_node2] CONFLICT detected for key='item:1444', siblings=7
[dc3_node2] Saved 92 keys to disk
[dc3_node2] Internal PUT (replication): key='item:2453'
[dc3_node2] CONFLICT detected for key='item:2453', siblings=7
[dc3_node2] Saved 92 keys to disk
[dc3_node2] Internal PUT (replication): key='item:4377'
[dc3_node2] CONFLICT detected for key='item:4377', siblings=6
[dc3_node2] Internal PUT (replication): key='item:4485'
[dc3_node2] Saved 92 keys to disk
[dc3_node2] CONFLICT detected for key='item:4485', siblings=6
[dc3_node2] Saved 92 keys to disk
[dc3_node2] Internal PUT (replication): key='item:1625'
[dc3_node2] CONFLICT detected for key='item:1625', siblings=6
[dc3_node2] Saved 92 keys to disk
[dc3_node2] Client PUT: key='item:4195', value='value_4195_client12_op1006'
[dc3_node2] Preference list for 'item:4195': ['localhost:50227', 'localhost:50106', 'localhost:50148']
[dc3_node2] Coordinator NOT in preference list, forwarding only
[dc3_node2] Replicated to localhost:50227
[dc3_node2] Replicated to localhost:50106
[dc3_node2] W-quorum achieved (2 writes), returning to client
[dc3_node2] Background replication continues for remaining nodes
[dc3_node2] Successful writes: 2/3
[dc3_node2] Replicated to localhost:50148
[dc3_node2] Internal PUT (replication): key='item:3618'
[dc3_node2] CONFLICT detected for key='item:3618', siblings=9
[dc3_node2] Saved 92 keys to disk
[dc3_node2] Client PUT: key='item:0478', value='value_478_client34_op945'
[dc3_node2] Preference list for 'item:0478': ['localhost:50073', 'localhost:50066', 'localhost:50172']
[dc3_node2] Coordinator NOT in preference list, forwarding only
[dc3_node2] Replicated to localhost:50066
[dc3_node2] Replicated to localhost:50172
[dc3_node2] Internal PUT (replication): key='item:3144'
[dc3_node2] CONFLICT detected for key='item:3144', siblings=6
[dc3_node2] W-quorum achieved (2 writes), returning to client
[dc3_node2] Background replication continues for remaining nodes
[dc3_node2] Successful writes: 2/3
[dc3_node2] Replicated to localhost:50073
[dc3_node2] Client PUT: key='item:3787', value='value_3787_update_client27_op979'
[dc3_node2] Preference list for 'item:3787': ['localhost:50174', 'localhost:50159', 'localhost:50234']
[dc3_node2] Coordinator NOT in preference list, forwarding only
[dc3_node2] Saved 92 keys to disk
[dc3_node2] Replicated to localhost:50159
[dc3_node2] Replicated to localhost:50174
[dc3_node2] Replicated to localhost:50234
[dc3_node2] W-quorum achieved (2 writes), returning to client
[dc3_node2] Background replication continues for remaining nodes
[dc3_node2] Successful writes: 3/3
[dc3_node2] Internal PUT (replication): key='item:2495'
[dc3_node2] CONFLICT detected for key='item:2495', siblings=5
[dc3_node2] Saved 92 keys to disk
[dc3_node2] Client GET: key='item:4223'
[dc3_node2] Reading from preference list: ['localhost:50141', 'localhost:50188']
[dc3_node2] Key='item:4223' not found
[dc3_node2] Internal PUT (replication): key='item:4793'
[dc3_node2] CONFLICT detected for key='item:4793', siblings=7
[dc3_node2] CONFLICT: 24 sibling versions for 'item:4223'
[dc3_node2] Saved 92 keys to disk
[dc3_node2] Internal PUT (replication): key='item:4793'
[dc3_node2] CONFLICT detected for key='item:4793', siblings=8
[dc3_node2] Saved 92 keys to disk
[dc3_node2] Client PUT: key='item:2385', value='value_2385_client24_op983'
[dc3_node2] Preference list for 'item:2385': ['localhost:50119', 'localhost:50166', 'localhost:50085']
[dc3_node2] Coordinator NOT in preference list, forwarding only
[dc3_node2] Replicated to localhost:50119
[dc3_node2] Internal PUT (replication): key='item:0863'
[dc3_node2] CONFLICT detected for key='item:0863', siblings=8
[dc3_node2] Saved 92 keys to disk
[dc3_node2] Replicated to localhost:50166
[dc3_node2] W-quorum achieved (2 writes), returning to client
[dc3_node2] Background replication continues for remaining nodes
[dc3_node2] Successful writes: 2/3
[dc3_node2] Replicated to localhost:50085
[dc3_node2] Internal PUT (replication): key='item:2857'
[dc3_node2] CONFLICT detected for key='item:2857', siblings=8
[dc3_node2] Saved 92 keys to disk
[dc3_node2] Client PUT: key='item:0698', value='value_698_update_client49_op983'
[dc3_node2] Preference list for 'item:0698': ['localhost:50092', 'localhost:50197', 'localhost:50137']
[dc3_node2] CONFLICT detected for key='item:0698', siblings=10
[dc3_node2] Saved 92 keys to disk
[dc3_node2] Coordinator IS in preference list, stored locally
[dc3_node2] Retrieved key='item:2698', versions=5
[dc3_node2] Replicated to localhost:50197
[dc3_node2] Replicated to localhost:50137
[dc3_node2] W-quorum achieved (2 writes), returning to client
[dc3_node2] Background replication continues for remaining nodes
[dc3_node2] Successful writes: 3/3
[dc3_node2] Internal PUT (replication): key='item:1366'
[dc3_node2] CONFLICT detected for key='item:1366', siblings=12
[dc3_node2] Saved 92 keys to disk
[dc3_node2] Internal PUT (replication): key='item:4866'
[dc3_node2] CONFLICT detected for key='item:4866', siblings=10
[dc3_node2] Internal PUT (replication): key='item:3695'
[dc3_node2] Saved 92 keys to disk
[dc3_node2] CONFLICT detected for key='item:3695', siblings=6
[dc3_node2] Saved 92 keys to disk
[dc3_node2] Retrieved key='item:3543', versions=8
[dc3_node2] Internal PUT (replication): key='item:2672'
[dc3_node2] CONFLICT detected for key='item:2672', siblings=6
[dc3_node2] Saved 92 keys to disk
[dc3_node2] Client PUT: key='item:4316', value='value_4316_update_client7_op1022'
[dc3_node2] Preference list for 'item:4316': ['localhost:50074', 'localhost:50063', 'localhost:50148']
[dc3_node2] Coordinator NOT in preference list, forwarding only
[dc3_node2] Internal PUT (replication): key='item:0863'
[dc3_node2] CONFLICT detected for key='item:0863', siblings=9
[dc3_node2] Internal PUT (replication): key='item:4222'
[dc3_node2] Replicated to localhost:50063
[dc3_node2] Replicated to localhost:50148
[dc3_node2] Replicated to localhost:50074
[dc3_node2] W-quorum achieved (2 writes), returning to client
[dc3_node2] Background replication continues for remaining nodes
[dc3_node2] Successful writes: 3/3
[dc3_node2] Saved 92 keys to disk
[dc3_node2] CONFLICT detected for key='item:4222', siblings=8
[dc3_node2] Saved 92 keys to disk
[dc3_node2] Internal PUT (replication): key='item:4751'
[dc3_node2] CONFLICT detected for key='item:4751', siblings=6
[dc3_node2] Saved 92 keys to disk
[dc3_node2] Internal PUT (replication): key='item:0793'
[dc3_node2] CONFLICT detected for key='item:0793', siblings=8
[dc3_node2] Saved 92 keys to disk
[dc3_node2] Internal PUT (replication): key='item:0406'
[dc3_node2] CONFLICT detected for key='item:0406', siblings=6
[dc3_node2] Saved 92 keys to disk
[dc3_node2] Client GET: key='item:0051'
[dc3_node2] Reading from preference list: ['localhost:50105', 'localhost:50059']
[dc3_node2] Key='item:0051' not found
[dc3_node2] CONFLICT: 16 sibling versions for 'item:0051'
[dc3_node2] Internal PUT (replication): key='item:0736'
[dc3_node2] CONFLICT detected for key='item:0736', siblings=9
[dc3_node2] Saved 92 keys to disk
[dc3_node2] Internal PUT (replication): key='item:2844'
[dc3_node2] CONFLICT detected for key='item:2844', siblings=6
[dc3_node2] Saved 92 keys to disk
[dc3_node2] Retrieved key='item:4676', versions=9
[dc3_node2] Internal PUT (replication): key='item:2763'
[dc3_node2] CONFLICT detected for key='item:2763', siblings=7
[dc3_node2] Saved 92 keys to disk
[dc3_node2] Internal PUT (replication): key='item:4866'
[dc3_node2] CONFLICT detected for key='item:4866', siblings=11
[dc3_node2] Saved 92 keys to disk
[dc3_node2] Internal PUT (replication): key='item:1366'
[dc3_node2] CONFLICT detected for key='item:1366', siblings=12
[dc3_node2] Saved 92 keys to disk
[dc3_node2] Internal PUT (replication): key='item:3618'
[dc3_node2] CONFLICT detected for key='item:3618', siblings=10
[dc3_node2] Saved 92 keys to disk
[dc3_node2] Retrieved key='item:1444', versions=7
[dc3_node2] Internal PUT (replication): key='item:0619'
[dc3_node2] CONFLICT detected for key='item:0619', siblings=11
[dc3_node2] Internal PUT (replication): key='item:2857'
[dc3_node2] Saved 92 keys to disk
[dc3_node2] CONFLICT detected for key='item:2857', siblings=9
[dc3_node2] Saved 92 keys to disk
[dc3_node2] Retrieved key='item:0775', versions=3
[dc3_node2] Client PUT: key='item:1277', value='value_1277_client16_op1030'
[dc3_node2] Preference list for 'item:1277': ['localhost:50162', 'localhost:50123', 'localhost:50057']
[dc3_node2] Coordinator NOT in preference list, forwarding only
[dc3_node2] Replicated to localhost:50057
[dc3_node2] Internal PUT (replication): key='item:1379'
[dc3_node2] CONFLICT detected for key='item:1379', siblings=8
[dc3_node2] Replicated to localhost:50123
[dc3_node2] W-quorum achieved (2 writes), returning to client
[dc3_node2] Background replication continues for remaining nodes
[dc3_node2] Successful writes: 2/3
[dc3_node2] Internal PUT (replication): key='item:2573'
[dc3_node2] Replicated to localhost:50162
[dc3_node2] Client GET: key='item:1195'
[dc3_node2] Reading from preference list: ['localhost:50183', 'localhost:50099']
[dc3_node2] Saved 92 keys to disk
[dc3_node2] CONFLICT detected for key='item:2573', siblings=4
[dc3_node2] Saved 92 keys to disk
[dc3_node2] Key='item:1195' not found
[dc3_node2] CONFLICT: 16 sibling versions for 'item:1195'
[dc3_node2] Internal PUT (replication): key='item:0654'
[dc3_node2] CONFLICT detected for key='item:0654', siblings=10
[dc3_node2] Saved 92 keys to disk
[dc3_node2] Internal PUT (replication): key='item:1379'
[dc3_node2] CONFLICT detected for key='item:1379', siblings=9
[dc3_node2] Saved 92 keys to disk
[dc3_node2] Internal PUT (replication): key='item:1649'
[dc3_node2] CONFLICT detected for key='item:1649', siblings=9
[dc3_node2] Saved 92 keys to disk
[dc3_node2] Internal PUT (replication): key='item:1379'
[dc3_node2] CONFLICT detected for key='item:1379', siblings=9
[dc3_node2] Saved 92 keys to disk
[dc3_node2] Retrieved key='item:3059', versions=6
[dc3_node2] Internal PUT (replication): key='item:3618'
[dc3_node2] CONFLICT detected for key='item:3618', siblings=11
[dc3_node2] Saved 92 keys to disk
[dc3_node2] Retrieved key='item:3059', versions=6
[dc3_node2] Internal PUT (replication): key='item:2857'
[dc3_node2] CONFLICT detected for key='item:2857', siblings=10
[dc3_node2] Saved 92 keys to disk
[dc3_node2] Retrieved key='item:4102', versions=6
[dc3_node2] Retrieved key='item:3043', versions=4
[dc3_node2] Retrieved key='item:1642', versions=6
[dc3_node2] Internal PUT (replication): key='item:0806'
[dc3_node2] CONFLICT detected for key='item:0806', siblings=10
[dc3_node2] Client PUT: key='item:0815', value='value_815_client5_op1041'
[dc3_node2] Preference list for 'item:0815': ['localhost:50207', 'localhost:50171', 'localhost:50127']
[dc3_node2] Coordinator NOT in preference list, forwarding only
[dc3_node2] Saved 92 keys to disk
[dc3_node2] Replicated to localhost:50171
[dc3_node2] Replicated to localhost:50127
[dc3_node2] W-quorum achieved (2 writes), returning to client
[dc3_node2] Background replication continues for remaining nodes
[dc3_node2] Successful writes: 2/3
[dc3_node2] Replicated to localhost:50207
[dc3_node2] Internal PUT (replication): key='item:0021'
[dc3_node2] CONFLICT detected for key='item:0021', siblings=6
[dc3_node2] Saved 92 keys to disk
[dc3_node2] Client PUT: key='item:1014', value='value_1014_client28_op1041'
[dc3_node2] Preference list for 'item:1014': ['localhost:50131', 'localhost:50076', 'localhost:50230']
[dc3_node2] Coordinator NOT in preference list, forwarding only
[dc3_node2] Retrieved key='item:4866', versions=11
[dc3_node2] Replicated to localhost:50230
[dc3_node2] Replicated to localhost:50076
[dc3_node2] Retrieved key='item:0255', versions=11
[dc3_node2] Internal PUT (replication): key='item:4676'
[dc3_node2] CONFLICT detected for key='item:4676', siblings=10
[dc3_node2] W-quorum achieved (2 writes), returning to client
[dc3_node2] Background replication continues for remaining nodes
[dc3_node2] Successful writes: 2/3
[dc3_node2] Replicated to localhost:50131
[dc3_node2] Saved 92 keys to disk
[dc3_node2] Internal PUT (replication): key='item:3119'
[dc3_node2] CONFLICT detected for key='item:3119', siblings=9
[dc3_node2] Saved 92 keys to disk
[dc3_node2] Retrieved key='item:1281', versions=4
[dc3_node2] Retrieved key='item:3059', versions=6
[dc3_node2] Client GET: key='item:3851'
[dc3_node2] Reading from preference list: ['localhost:50154', 'localhost:50132']
[dc3_node2] Key='item:3851' not found
[dc3_node2] CONFLICT: 16 sibling versions for 'item:3851'
[dc3_node2] Client PUT: key='item:0412', value='value_412_update_client33_op1027'
[dc3_node2] Preference list for 'item:0412': ['localhost:50099', 'localhost:50198', 'localhost:50240']
[dc3_node2] Coordinator NOT in preference list, forwarding only
[dc3_node2] Replicated to localhost:50099
[dc3_node2] Replicated to localhost:50240
[dc3_node2] W-quorum achieved (2 writes), returning to client
[dc3_node2] Background replication continues for remaining nodes
[dc3_node2] Successful writes: 2/3
[dc3_node2] Replicated to localhost:50198
[dc3_node2] Retrieved key='item:1924', versions=14
[dc3_node2] Internal PUT (replication): key='item:0806'
[dc3_node2] CONFLICT detected for key='item:0806', siblings=10
[dc3_node2] Saved 92 keys to disk
[dc3_node2] Retrieved key='item:0619', versions=11
[dc3_node2] Retrieved key='item:1532', versions=4
[dc3_node2] Retrieved key='item:4390', versions=4
[dc3_node2] Client PUT: key='item:4705', value='value_4705_client25_op1048'
[dc3_node2] Preference list for 'item:4705': ['localhost:50119', 'localhost:50136', 'localhost:50218']
[dc3_node2] Coordinator NOT in preference list, forwarding only
[dc3_node2] Replicated to localhost:50218
[dc3_node2] Replicated to localhost:50119
[dc3_node2] W-quorum achieved (2 writes), returning to client
[dc3_node2] Background replication continues for remaining nodes
[dc3_node2] Successful writes: 2/3
[dc3_node2] Replicated to localhost:50136
[dc3_node2] Client GET: key='item:4182'
[dc3_node2] Reading from preference list: ['localhost:50108', 'localhost:50194']
[dc3_node2] Key='item:4182' not found
[dc3_node2] CONFLICT: 8 sibling versions for 'item:4182'
[dc3_node2] Internal PUT (replication): key='item:4774'
[dc3_node2] CONFLICT detected for key='item:4774', siblings=8
[dc3_node2] Saved 92 keys to disk
[dc3_node2] Retrieved key='item:3928', versions=6
[dc3_node2] Internal PUT (replication): key='item:4377'
[dc3_node2] CONFLICT detected for key='item:4377', siblings=7
[dc3_node2] Saved 92 keys to disk
[dc3_node2] Retrieved key='item:4058', versions=5
[dc3_node2] Retrieved key='item:2573', versions=4
[dc3_node2] Client PUT: key='item:4714', value='value_4714_client33_op1045'
[dc3_node2] Preference list for 'item:4714': ['localhost:50096', 'localhost:50122', 'localhost:50182']
[dc3_node2] Coordinator NOT in preference list, forwarding only
[dc3_node2] Replicated to localhost:50122
[dc3_node2] Replicated to localhost:50096
[dc3_node2] W-quorum achieved (2 writes), returning to client
[dc3_node2] Background replication continues for remaining nodes
[dc3_node2] Successful writes: 2/3
[dc3_node2] Replicated to localhost:50182
[dc3_node2] Internal PUT (replication): key='item:4866'
[dc3_node2] CONFLICT detected for key='item:4866', siblings=12
[dc3_node2] Saved 92 keys to disk
[dc3_node2] Client GET: key='item:3937'
[dc3_node2] Reading from preference list: ['localhost:50068', 'localhost:50078']
[dc3_node2] Key='item:3937' not found
[dc3_node2] CONFLICT: 12 sibling versions for 'item:3937'
[dc3_node2] Client PUT: key='item:2994', value='value_2994_update_client17_op1064'
[dc3_node2] Preference list for 'item:2994': ['localhost:50179', 'localhost:50052', 'localhost:50198']
[dc3_node2] Coordinator NOT in preference list, forwarding only
[dc3_node2] Replicated to localhost:50198
[dc3_node2] Replicated to localhost:50179
[dc3_node2] W-quorum achieved (2 writes), returning to client
[dc3_node2] Background replication continues for remaining nodes
[dc3_node2] Successful writes: 2/3
[dc3_node2] Replicated to localhost:50052
[dc3_node2] Client GET: key='item:1522'
[dc3_node2] Reading from preference list: ['localhost:50219', 'localhost:50099']
[dc3_node2] Key='item:1522' not found
[dc3_node2] CONFLICT: 17 sibling versions for 'item:1522'
[dc3_node2] Internal PUT (replication): key='item:0619'
[dc3_node2] CONFLICT detected for key='item:0619', siblings=12
[dc3_node2] Internal PUT (replication): key='item:0035'
[dc3_node2] Saved 92 keys to disk
[dc3_node2] CONFLICT detected for key='item:0035', siblings=2
[dc3_node2] Saved 92 keys to disk
[dc3_node2] Retrieved key='item:3144', versions=6
[dc3_node2] Internal PUT (replication): key='item:0296'
[dc3_node2] CONFLICT detected for key='item:0296', siblings=9
[dc3_node2] Saved 92 keys to disk
[dc3_node2] Retrieved key='item:4730', versions=8
[dc3_node2] Client GET: key='item:0318'
[dc3_node2] Reading from preference list: ['localhost:50124', 'localhost:50182']
[dc3_node2] Key='item:0318' not found
[dc3_node2] CONFLICT: 16 sibling versions for 'item:0318'
[dc3_node2] Client PUT: key='item:0181', value='value_181_client22_op1071'
[dc3_node2] Preference list for 'item:0181': ['localhost:50181', 'localhost:50241', 'localhost:50196']
[dc3_node2] Coordinator NOT in preference list, forwarding only
[dc3_node2] Replicated to localhost:50181
[dc3_node2] Replicated to localhost:50241
[dc3_node2] Replicated to localhost:50196
[dc3_node2] W-quorum achieved (2 writes), returning to client
[dc3_node2] Background replication continues for remaining nodes
[dc3_node2] Successful writes: 3/3
[dc3_node2] Internal PUT (replication): key='item:0736'
[dc3_node2] CONFLICT detected for key='item:0736', siblings=10
[dc3_node2] Saved 92 keys to disk
[dc3_node2] Internal PUT (replication): key='item:2573'
[dc3_node2] CONFLICT detected for key='item:2573', siblings=5
[dc3_node2] Saved 92 keys to disk
[dc3_node2] Client GET: key='item:3581'
[dc3_node2] Reading from preference list: ['localhost:50051', 'localhost:50207']
[dc3_node2] Key='item:3581' not found
[dc3_node2] CONFLICT: 15 sibling versions for 'item:3581'
[dc3_node2] Internal PUT (replication): key='item:1281'
[dc3_node2] CONFLICT detected for key='item:1281', siblings=5
[dc3_node2] Saved 92 keys to disk
[dc3_node2] Client PUT: key='item:3911', value='value_3911_client29_op1113'
[dc3_node2] Preference list for 'item:3911': ['localhost:50189', 'localhost:50239', 'localhost:50193']
[dc3_node2] Coordinator NOT in preference list, forwarding only
[dc3_node2] Client GET: key='item:1406'
[dc3_node2] Reading from preference list: ['localhost:50116', 'localhost:50243']
[dc3_node2] Key='item:1406' not found
[dc3_node2] CONFLICT: 16 sibling versions for 'item:1406'
[dc3_node2] Replicated to localhost:50189
[dc3_node2] Replicated to localhost:50193
[dc3_node2] W-quorum achieved (2 writes), returning to client
[dc3_node2] Background replication continues for remaining nodes
[dc3_node2] Successful writes: 2/3
[dc3_node2] Replicated to localhost:50239
[dc3_node2] Internal PUT (replication): key='item:1625'
[dc3_node2] CONFLICT detected for key='item:1625', siblings=7
[dc3_node2] Saved 92 keys to disk
[dc3_node2] Retrieved key='item:2857', versions=10
[dc3_node2] Internal PUT (replication): key='item:4485'
[dc3_node2] CONFLICT detected for key='item:4485', siblings=7
[dc3_node2] Internal PUT (replication): key='item:0312'
[dc3_node2] Saved 92 keys to disk
[dc3_node2] Retrieved key='item:4334', versions=10
[dc3_node2] Retrieved key='item:3263', versions=9
[dc3_node2] CONFLICT detected for key='item:0312', siblings=7
[dc3_node2] Client GET: key='item:2995'
[dc3_node2] Reading from preference list: ['localhost:50197', 'localhost:50181']
[dc3_node2] Saved 92 keys to disk
[dc3_node2] Key='item:2995' not found
[dc3_node2] CONFLICT: 13 sibling versions for 'item:2995'
[dc3_node2] Retrieved key='item:1444', versions=7
[dc3_node2] Internal PUT (replication): key='item:0204'
[dc3_node2] CONFLICT detected for key='item:0204', siblings=8
[dc3_node2] Saved 92 keys to disk
[dc3_node2] Internal PUT (replication): key='item:0171'
[dc3_node2] CONFLICT detected for key='item:0171', siblings=11
[dc3_node2] Saved 92 keys to disk
[dc3_node2] Internal PUT (replication): key='item:0698'
[dc3_node2] CONFLICT detected for key='item:0698', siblings=11
[dc3_node2] Saved 92 keys to disk
[dc3_node2] Internal PUT (replication): key='item:1642'
[dc3_node2] CONFLICT detected for key='item:1642', siblings=7
[dc3_node2] Saved 92 keys to disk
[dc3_node2] Client PUT: key='item:1549', value='value_1549_client47_op1074'
[dc3_node2] Preference list for 'item:1549': ['localhost:50191', 'localhost:50155', 'localhost:50080']
[dc3_node2] Coordinator NOT in preference list, forwarding only
[dc3_node2] Replicated to localhost:50191
[dc3_node2] Replicated to localhost:50155
[dc3_node2] W-quorum achieved (2 writes), returning to client
[dc3_node2] Background replication continues for remaining nodes
[dc3_node2] Successful writes: 2/3
[dc3_node2] Replicated to localhost:50080
[dc3_node2] Client PUT: key='item:0861', value='value_861_update_client44_op1095'
[dc3_node2] Preference list for 'item:0861': ['localhost:50148', 'localhost:50234', 'localhost:50220']
[dc3_node2] Coordinator NOT in preference list, forwarding only
[dc3_node2] Replicated to localhost:50220
[dc3_node2] Replicated to localhost:50148
[dc3_node2] Replicated to localhost:50234
[dc3_node2] Client PUT: key='item:4622', value='value_4622_client8_op1101'
[dc3_node2] Preference list for 'item:4622': ['localhost:50111', 'localhost:50154', 'localhost:50192']
[dc3_node2] Coordinator NOT in preference list, forwarding only
[dc3_node2] Internal PUT (replication): key='item:4774'
[dc3_node2] CONFLICT detected for key='item:4774', siblings=9
[dc3_node2] W-quorum achieved (2 writes), returning to client
[dc3_node2] Background replication continues for remaining nodes
[dc3_node2] Successful writes: 3/3
[dc3_node2] Saved 92 keys to disk
[dc3_node2] Internal PUT (replication): key='item:1366'
[dc3_node2] CONFLICT detected for key='item:1366', siblings=13
[dc3_node2] Replicated to localhost:50154
[dc3_node2] Replicated to localhost:50111
[dc3_node2] Saved 92 keys to disk
[dc3_node2] W-quorum achieved (2 writes), returning to client
[dc3_node2] Background replication continues for remaining nodes
[dc3_node2] Successful writes: 2/3
[dc3_node2] Internal PUT (replication): key='item:3479'
[dc3_node2] CONFLICT detected for key='item:3479', siblings=7
[dc3_node2] Replicated to localhost:50192
[dc3_node2] Saved 92 keys to disk
[dc3_node2] Retrieved key='item:4058', versions=5
[dc3_node2] Internal PUT (replication): key='item:1649'
[dc3_node2] CONFLICT detected for key='item:1649', siblings=10
[dc3_node2] Internal PUT (replication): key='item:4866'
[dc3_node2] Internal PUT (replication): key='item:0171'
[dc3_node2] Saved 92 keys to disk
[dc3_node2] CONFLICT detected for key='item:4866', siblings=13
[dc3_node2] Internal PUT (replication): key='item:2453'
[dc3_node2] Saved 92 keys to disk
[dc3_node2] CONFLICT detected for key='item:0171', siblings=12
[dc3_node2] Client PUT: key='item:1813', value='value_1813_update_client3_op1143'
[dc3_node2] Preference list for 'item:1813': ['localhost:50107', 'localhost:50229', 'localhost:50149']
[dc3_node2] Coordinator NOT in preference list, forwarding only
[dc3_node2] Replicated to localhost:50149
[dc3_node2] Replicated to localhost:50229
[dc3_node2] W-quorum achieved (2 writes), returning to client
[dc3_node2] Background replication continues for remaining nodes
[dc3_node2] Successful writes: 2/3
[dc3_node2] Saved 92 keys to disk
[dc3_node2] CONFLICT detected for key='item:2453', siblings=8
[dc3_node2] Replicated to localhost:50107
[dc3_node2] Client PUT: key='item:1275', value='value_1275_update_client26_op1090'
[dc3_node2] Preference list for 'item:1275': ['localhost:50162', 'localhost:50240', 'localhost:50117']
[dc3_node2] Coordinator NOT in preference list, forwarding only
[dc3_node2] Internal PUT (replication): key='item:1074'
[dc3_node2] Internal PUT (replication): key='item:1366'
[dc3_node2] Internal PUT (replication): key='item:0406'
[dc3_node2] Replicated to localhost:50240
[dc3_node2] Saved 92 keys to disk
[dc3_node2] Retrieved key='item:2719', versions=8
[dc3_node2] CONFLICT detected for key='item:1074', siblings=10
[dc3_node2] Saved 92 keys to disk
[dc3_node2] CONFLICT detected for key='item:1366', siblings=14
[dc3_node2] Replicated to localhost:50162
[dc3_node2] Replicated to localhost:50117
[dc3_node2] Client PUT: key='item:3593', value='value_3593_client37_op1111'
[dc3_node2] Preference list for 'item:3593': ['localhost:50105', 'localhost:50088', 'localhost:50202']
[dc3_node2] Coordinator NOT in preference list, forwarding only
[dc3_node2] Internal PUT (replication): key='item:0619'
[dc3_node2] W-quorum achieved (2 writes), returning to client
[dc3_node2] Background replication continues for remaining nodes
[dc3_node2] Successful writes: 3/3
[dc3_node2] Saved 92 keys to disk
[dc3_node2] CONFLICT detected for key='item:0406', siblings=7
[dc3_node2] Replicated to localhost:50088
[dc3_node2] Replicated to localhost:50202
[dc3_node2] W-quorum achieved (2 writes), returning to client
[dc3_node2] Background replication continues for remaining nodes
[dc3_node2] Successful writes: 2/3
[dc3_node2] Saved 92 keys to disk
[dc3_node2] CONFLICT detected for key='item:0619', siblings=13
[dc3_node2] Internal PUT (replication): key='item:4774'
[dc3_node2] Internal PUT (replication): key='item:0736'
[dc3_node2] Replicated to localhost:50105
[dc3_node2] Client PUT: key='item:3403', value='value_3403_update_client9_op1109'
[dc3_node2] Preference list for 'item:3403': ['localhost:50114', 'localhost:50237', 'localhost:50183']
[dc3_node2] Coordinator NOT in preference list, forwarding only
[dc3_node2] Internal PUT (replication): key='item:3043'
[dc3_node2] Saved 92 keys to disk
[dc3_node2] CONFLICT detected for key='item:4774', siblings=10
[dc3_node2] Saved 92 keys to disk
[dc3_node2] CONFLICT detected for key='item:0736', siblings=11
[dc3_node2] Replicated to localhost:50237
[dc3_node2] Saved 92 keys to disk
[dc3_node2] CONFLICT detected for key='item:3043', siblings=5
[dc3_node2] Replicated to localhost:50183
[dc3_node2] W-quorum achieved (2 writes), returning to client
[dc3_node2] Background replication continues for remaining nodes
[dc3_node2] Successful writes: 2/3
[dc3_node2] Replicated to localhost:50114
[dc3_node2] Client GET: key='item:4405'
[dc3_node2] Reading from preference list: ['localhost:50110', 'localhost:50233']
[dc3_node2] Internal PUT (replication): key='item:3603'
[dc3_node2] Saved 92 keys to disk
[dc3_node2] Key='item:4405' not found
[dc3_node2] CONFLICT detected for key='item:3603', siblings=10
[dc3_node2] Internal PUT (replication): key='item:0254'
[dc3_node2] Internal PUT (replication): key='item:0171'
[dc3_node2] Saved 92 keys to disk
[dc3_node2] CONFLICT detected for key='item:0254', siblings=8
[dc3_node2] CONFLICT: 13 sibling versions for 'item:4405'
[dc3_node2] Saved 92 keys to disk
[dc3_node2] CONFLICT detected for key='item:0171', siblings=13
[dc3_node2] Saved 92 keys to disk
[dc3_node2] Retrieved key='item:2587', versions=5
[dc3_node2] Internal PUT (replication): key='item:4271'
[dc3_node2] CONFLICT detected for key='item:4271', siblings=9
[dc3_node2] Saved 92 keys to disk
[dc3_node2] Retrieved key='item:3708', versions=4
[dc3_node2] Internal PUT (replication): key='item:4751'
[dc3_node2] CONFLICT detected for key='item:4751', siblings=7
[dc3_node2] Saved 92 keys to disk
[dc3_node2] Internal PUT (replication): key='item:4485'
[dc3_node2] CONFLICT detected for key='item:4485', siblings=8
[dc3_node2] Internal PUT (replication): key='item:0296'
[dc3_node2] Saved 92 keys to disk
[dc3_node2] CONFLICT detected for key='item:0296', siblings=10
[dc3_node2] Saved 92 keys to disk
[dc3_node2] Internal PUT (replication): key='item:2573'
[dc3_node2] CONFLICT detected for key='item:2573', siblings=6
[dc3_node2] Client GET: key='item:4163'
[dc3_node2] Reading from preference list: ['localhost:50169', 'localhost:50133']
[dc3_node2] Saved 92 keys to disk
[dc3_node2] Key='item:4163' not found
[dc3_node2] CONFLICT: 20 sibling versions for 'item:4163'
[dc3_node2] Internal PUT (replication): key='item:1281'
[dc3_node2] CONFLICT detected for key='item:1281', siblings=6
[dc3_node2] Saved 92 keys to disk
[dc3_node2] Internal PUT (replication): key='item:0255'
[dc3_node2] CONFLICT detected for key='item:0255', siblings=12
[dc3_node2] Saved 92 keys to disk
[dc3_node2] Client GET: key='item:2318'
[dc3_node2] Reading from preference list: ['localhost:50146', 'localhost:50160']
[dc3_node2] Key='item:2318' not found
[dc3_node2] CONFLICT: 20 sibling versions for 'item:2318'
[dc3_node2] Internal PUT (replication): key='item:4793'
[dc3_node2] CONFLICT detected for key='item:4793', siblings=9
[dc3_node2] Saved 92 keys to disk
[dc3_node2] Internal PUT (replication): key='item:2857'
[dc3_node2] CONFLICT detected for key='item:2857', siblings=11
[dc3_node2] Saved 92 keys to disk
[dc3_node2] Internal PUT (replication): key='item:2895'
[dc3_node2] CONFLICT detected for key='item:2895', siblings=6
[dc3_node2] Saved 92 keys to disk
[dc3_node2] Internal PUT (replication): key='item:0255'
[dc3_node2] CONFLICT detected for key='item:0255', siblings=13
[dc3_node2] Saved 92 keys to disk
[dc3_node2] Internal PUT (replication): key='item:0406'
[dc3_node2] CONFLICT detected for key='item:0406', siblings=8
[dc3_node2] Saved 92 keys to disk
[dc3_node2] Client PUT: key='item:0563', value='value_563_client30_op1147'
[dc3_node2] Preference list for 'item:0563': ['localhost:50242', 'localhost:50125', 'localhost:50223']
[dc3_node2] Coordinator NOT in preference list, forwarding only
[dc3_node2] Client PUT: key='item:2319', value='value_2319_client37_op1141'
[dc3_node2] Preference list for 'item:2319': ['localhost:50100', 'localhost:50120', 'localhost:50154']
[dc3_node2] Coordinator NOT in preference list, forwarding only
[dc3_node2] Replicated to localhost:50100
[dc3_node2] Replicated to localhost:50125
[dc3_node2] Replicated to localhost:50154
[dc3_node2] Replicated to localhost:50242
[dc3_node2] W-quorum achieved (2 writes), returning to client
[dc3_node2] Background replication continues for remaining nodes
[dc3_node2] Successful writes: 2/3
[dc3_node2] Replicated to localhost:50223
[dc3_node2] Replicated to localhost:50120
[dc3_node2] W-quorum achieved (2 writes), returning to client
[dc3_node2] Background replication continues for remaining nodes
[dc3_node2] Successful writes: 3/3
[dc3_node2] Internal PUT (replication): key='item:4674'
[dc3_node2] CONFLICT detected for key='item:4674', siblings=8
[dc3_node2] Client PUT: key='item:1478', value='value_1478_client18_op1148'
[dc3_node2] Preference list for 'item:1478': ['localhost:50078', 'localhost:50120', 'localhost:50174']
[dc3_node2] Coordinator NOT in preference list, forwarding only
[dc3_node2] Replicated to localhost:50120
[dc3_node2] Saved 92 keys to disk
[dc3_node2] Internal PUT (replication): key='item:0296'
[dc3_node2] CONFLICT detected for key='item:0296', siblings=11
[dc3_node2] Client PUT: key='item:3576', value='value_3576_client47_op1116'
[dc3_node2] Preference list for 'item:3576': ['localhost:50146', 'localhost:50078', 'localhost:50226']
[dc3_node2] Coordinator NOT in preference list, forwarding only
[dc3_node2] Replicated to localhost:50078
[dc3_node2] W-quorum achieved (2 writes), returning to client
[dc3_node2] Background replication continues for remaining nodes
[dc3_node2] Successful writes: 2/3
[dc3_node2] Replicated to localhost:50078
[dc3_node2] Saved 92 keys to disk
[dc3_node2] Internal PUT (replication): key='item:0775'
[dc3_node2] CONFLICT detected for key='item:0775', siblings=4
[dc3_node2] Replicated to localhost:50226
[dc3_node2] W-quorum achieved (2 writes), returning to client
[dc3_node2] Background replication continues for remaining nodes
[dc3_node2] Successful writes: 2/3
[dc3_node2] Replicated to localhost:50146
[dc3_node2] Saved 92 keys to disk
[dc3_node2] Client GET: key='item:0052'
[dc3_node2] Reading from preference list: ['localhost:50084', 'localhost:50195']
[dc3_node2] Key='item:0052' not found
[dc3_node2] CONFLICT: 14 sibling versions for 'item:0052'
[dc3_node2] Internal PUT (replication): key='item:0775'
[dc3_node2] CONFLICT detected for key='item:0775', siblings=5
[dc3_node2] Replicated to localhost:50174
[dc3_node2] Internal PUT (replication): key='item:0255'
[dc3_node2] Saved 92 keys to disk
[dc3_node2] CONFLICT detected for key='item:0255', siblings=14
[dc3_node2] Client PUT: key='item:3231', value='value_3231_update_client32_op1160'
[dc3_node2] Preference list for 'item:3231': ['localhost:50093', 'localhost:50196', 'localhost:50136']
[dc3_node2] Coordinator NOT in preference list, forwarding only
[dc3_node2] Saved 92 keys to disk
[dc3_node2] Replicated to localhost:50136
[dc3_node2] Replicated to localhost:50196
[dc3_node2] W-quorum achieved (2 writes), returning to client
[dc3_node2] Background replication continues for remaining nodes
[dc3_node2] Successful writes: 2/3
[dc3_node2] Client PUT: key='item:3028', value='value_3028_client28_op1156'
[dc3_node2] Preference list for 'item:3028': ['localhost:50074', 'localhost:50162', 'localhost:50187']
[dc3_node2] Coordinator NOT in preference list, forwarding only
[dc3_node2] Replicated to localhost:50074
[dc3_node2] Replicated to localhost:50162
[dc3_node2] W-quorum achieved (2 writes), returning to client
[dc3_node2] Background replication continues for remaining nodes
[dc3_node2] Successful writes: 2/3
[dc3_node2] Retrieved key='item:4730', versions=8
[dc3_node2] Replicated to localhost:50093
[dc3_node2] Internal PUT (replication): key='item:0806'
[dc3_node2] CONFLICT detected for key='item:0806', siblings=11
[dc3_node2] Replicated to localhost:50187
[dc3_node2] Saved 92 keys to disk
[dc3_node2] Client PUT: key='item:4875', value='value_4875_update_client45_op1137'
[dc3_node2] Preference list for 'item:4875': ['localhost:50104', 'localhost:50115', 'localhost:50194']
[dc3_node2] Coordinator NOT in preference list, forwarding only
[dc3_node2] Retrieved key='item:3928', versions=6
[dc3_node2] Replicated to localhost:50115
[dc3_node2] Replicated to localhost:50194
[dc3_node2] W-quorum achieved (2 writes), returning to client
[dc3_node2] Background replication continues for remaining nodes
[dc3_node2] Successful writes: 2/3
[dc3_node2] Replicated to localhost:50104
[dc3_node2] Internal PUT (replication): key='item:2763'
[dc3_node2] CONFLICT detected for key='item:2763', siblings=8
[dc3_node2] Internal PUT (replication): key='item:3263'
[dc3_node2] Saved 92 keys to disk
[dc3_node2] CONFLICT detected for key='item:3263', siblings=10
[dc3_node2] Client PUT: key='item:1487', value='value_1487_update_client48_op1167'
[dc3_node2] Preference list for 'item:1487': ['localhost:50166', 'localhost:50201', 'localhost:50230']
[dc3_node2] Coordinator NOT in preference list, forwarding only
[dc3_node2] Saved 92 keys to disk
[dc3_node2] Retrieved key='item:0296', versions=11
[dc3_node2] Replicated to localhost:50230
[dc3_node2] Replicated to localhost:50166
[dc3_node2] W-quorum achieved (2 writes), returning to client
[dc3_node2] Background replication continues for remaining nodes
[dc3_node2] Successful writes: 2/3
[dc3_node2] Replicated to localhost:50201
[dc3_node2] Internal PUT (replication): key='item:3708'
[dc3_node2] CONFLICT detected for key='item:3708', siblings=5
[dc3_node2] Saved 92 keys to disk
[dc3_node2] Internal PUT (replication): key='item:3204'
[dc3_node2] CONFLICT detected for key='item:3204', siblings=15
[dc3_node2] Internal PUT (replication): key='item:1074'
[dc3_node2] Saved 92 keys to disk
[dc3_node2] Retrieved key='item:3263', versions=10
[dc3_node2] CONFLICT detected for key='item:1074', siblings=11
[dc3_node2] Saved 92 keys to disk
[dc3_node2] Retrieved key='item:2587', versions=5
[dc3_node2] Retrieved key='item:0775', versions=5
[dc3_node2] Internal PUT (replication): key='item:4377'
[dc3_node2] CONFLICT detected for key='item:4377', siblings=8
[dc3_node2] Saved 92 keys to disk
[dc3_node2] Internal PUT (replication): key='item:1074'
[dc3_node2] CONFLICT detected for key='item:1074', siblings=12
[dc3_node2] Internal PUT (replication): key='item:1002'
[dc3_node2] Client PUT: key='item:2138', value='value_2138_update_client21_op1159'
[dc3_node2] Preference list for 'item:2138': ['localhost:50173', 'localhost:50200', 'localhost:50159']
[dc3_node2] Coordinator NOT in preference list, forwarding only
[dc3_node2] Replicated to localhost:50173
[dc3_node2] Replicated to localhost:50159
[dc3_node2] Replicated to localhost:50200
[dc3_node2] W-quorum achieved (2 writes), returning to client
[dc3_node2] Background replication continues for remaining nodes
[dc3_node2] Successful writes: 3/3
[dc3_node2] Saved 92 keys to disk
[dc3_node2] CONFLICT detected for key='item:1002', siblings=8
[dc3_node2] Saved 92 keys to disk
[dc3_node2] Internal PUT (replication): key='item:1444'
[dc3_node2] CONFLICT detected for key='item:1444', siblings=8
[dc3_node2] Saved 92 keys to disk
[dc3_node2] Internal PUT (replication): key='item:0619'
[dc3_node2] CONFLICT detected for key='item:0619', siblings=14
[dc3_node2] Client PUT: key='item:3300', value='value_3300_client49_op1164'
[dc3_node2] Preference list for 'item:3300': ['localhost:50119', 'localhost:50067', 'localhost:50173']
[dc3_node2] Coordinator NOT in preference list, forwarding only
[dc3_node2] Replicated to localhost:50119
[dc3_node2] Saved 92 keys to disk
[dc3_node2] Internal PUT (replication): key='item:2194'
[dc3_node2] CONFLICT detected for key='item:2194', siblings=9
[dc3_node2] Saved 92 keys to disk
[dc3_node2] Internal PUT (replication): key='item:2763'
[dc3_node2] CONFLICT detected for key='item:2763', siblings=9
[dc3_node2] Replicated to localhost:50173
[dc3_node2] W-quorum achieved (2 writes), returning to client
[dc3_node2] Background replication continues for remaining nodes
[dc3_node2] Successful writes: 2/3
[dc3_node2] Saved 92 keys to disk
[dc3_node2] Client GET: key='item:2652'
[dc3_node2] Reading from preference list: ['localhost:50152', 'localhost:50188']
[dc3_node2] Key='item:2652' not found
[dc3_node2] Replicated to localhost:50067
[dc3_node2] Retrieved key='item:0204', versions=8
[dc3_node2] CONFLICT: 16 sibling versions for 'item:2652'
[dc3_node2] Internal PUT (replication): key='item:2453'
[dc3_node2] CONFLICT detected for key='item:2453', siblings=9
[dc3_node2] Client GET: key='item:3696'
[dc3_node2] Reading from preference list: ['localhost:50062', 'localhost:50105']
[dc3_node2] Saved 92 keys to disk
[dc3_node2] Key='item:3696' not found
[dc3_node2] CONFLICT: 18 sibling versions for 'item:3696'
[dc3_node2] Internal PUT (replication): key='item:2698'
[dc3_node2] CONFLICT detected for key='item:2698', siblings=6
[dc3_node2] Saved 92 keys to disk
[dc3_node2] Client PUT: key='item:3040', value='value_3040_client42_op1141'
[dc3_node2] Preference list for 'item:3040': ['localhost:50133', 'localhost:50079', 'localhost:50237']
[dc3_node2] Coordinator NOT in preference list, forwarding only
[dc3_node2] Replicated to localhost:50133
[dc3_node2] Replicated to localhost:50079
[dc3_node2] W-quorum achieved (2 writes), returning to client
[dc3_node2] Background replication continues for remaining nodes
[dc3_node2] Successful writes: 2/3
[dc3_node2] Replicated to localhost:50237
[dc3_node2] Client PUT: key='item:3329', value='value_3329_client33_op1157'
[dc3_node2] Preference list for 'item:3329': ['localhost:50111', 'localhost:50198', 'localhost:50188']
[dc3_node2] Coordinator NOT in preference list, forwarding only
[dc3_node2] Replicated to localhost:50111
[dc3_node2] Replicated to localhost:50198
[dc3_node2] Replicated to localhost:50188
[dc3_node2] W-quorum achieved (2 writes), returning to client
[dc3_node2] Background replication continues for remaining nodes
[dc3_node2] Successful writes: 3/3
[dc3_node2] Retrieved key='item:4334', versions=10
[dc3_node2] Internal PUT (replication): key='item:3669'
[dc3_node2] Stored NEW key='item:3669', value='value_3669_client28_op1188', clock={dc1_node13:1}
[dc3_node2] Internal PUT (replication): key='item:3451'
[dc3_node2] Saved 93 keys to disk
[dc3_node2] CONFLICT detected for key='item:3451', siblings=6
[dc3_node2] Internal PUT (replication): key='item:0296'
[dc3_node2] Saved 93 keys to disk
[dc3_node2] CONFLICT detected for key='item:0296', siblings=12
[dc3_node2] Saved 93 keys to disk
[dc3_node2] Internal PUT (replication): key='item:2857'
[dc3_node2] CONFLICT detected for key='item:2857', siblings=12
[dc3_node2] Saved 93 keys to disk
[dc3_node2] Internal PUT (replication): key='item:3822'
[dc3_node2] CONFLICT detected for key='item:3822', siblings=8
[dc3_node2] Saved 93 keys to disk
[dc3_node2] Internal PUT (replication): key='item:0863'
[dc3_node2] CONFLICT detected for key='item:0863', siblings=10
[dc3_node2] Saved 93 keys to disk
[dc3_node2] Internal PUT (replication): key='item:0775'
[dc3_node2] CONFLICT detected for key='item:0775', siblings=6
[dc3_node2] Client PUT: key='item:4903', value='value_4903_update_client34_op1152'
[dc3_node2] Preference list for 'item:4903': ['localhost:50160', 'localhost:50190', 'localhost:50113']
[dc3_node2] Coordinator NOT in preference list, forwarding only
[dc3_node2] Replicated to localhost:50113
[dc3_node2] Replicated to localhost:50190
[dc3_node2] W-quorum achieved (2 writes), returning to client
[dc3_node2] Background replication continues for remaining nodes
[dc3_node2] Successful writes: 2/3
[dc3_node2] Saved 93 keys to disk
[dc3_node2] Internal PUT (replication): key='item:4793'
[dc3_node2] CONFLICT detected for key='item:4793', siblings=10
[dc3_node2] Client PUT: key='item:3967', value='value_3967_client16_op1200'
[dc3_node2] Preference list for 'item:3967': ['localhost:50147', 'localhost:50064', 'localhost:50111']
[dc3_node2] Coordinator NOT in preference list, forwarding only
[dc3_node2] Replicated to localhost:50160
[dc3_node2] Saved 93 keys to disk
[dc3_node2] Replicated to localhost:50147
[dc3_node2] Replicated to localhost:50111
[dc3_node2] W-quorum achieved (2 writes), returning to client
[dc3_node2] Background replication continues for remaining nodes
[dc3_node2] Successful writes: 2/3
[dc3_node2] Replicated to localhost:50064
[dc3_node2] Retrieved key='item:4058', versions=5
[dc3_node2] Internal PUT (replication): key='item:1281'
[dc3_node2] CONFLICT detected for key='item:1281', siblings=7
[dc3_node2] Internal PUT (replication): key='item:3928'
[dc3_node2] Saved 93 keys to disk
[dc3_node2] CONFLICT detected for key='item:3928', siblings=7
[dc3_node2] Saved 93 keys to disk
[dc3_node2] Client PUT: key='item:3379', value='value_3379_client32_op1213'
[dc3_node2] Preference list for 'item:3379': ['localhost:50075', 'localhost:50098', 'localhost:50063']
[dc3_node2] Coordinator NOT in preference list, forwarding only
[dc3_node2] Replicated to localhost:50063
[dc3_node2] Replicated to localhost:50098
[dc3_node2] W-quorum achieved (2 writes), returning to client
[dc3_node2] Background replication continues for remaining nodes
[dc3_node2] Successful writes: 2/3
[dc3_node2] Client PUT: key='item:0859', value='value_859_client14_op1165'
[dc3_node2] Preference list for 'item:0859': ['localhost:50182', 'localhost:50088', 'localhost:50165']
[dc3_node2] Coordinator NOT in preference list, forwarding only
[dc3_node2] Replicated to localhost:50182
[dc3_node2] Replicated to localhost:50165
[dc3_node2] W-quorum achieved (2 writes), returning to client
[dc3_node2] Background replication continues for remaining nodes
[dc3_node2] Successful writes: 2/3
[dc3_node2] Replicated to localhost:50075
[dc3_node2] Retrieved key='item:4334', versions=10
[dc3_node2] Replicated to localhost:50088
[dc3_node2] Client PUT: key='item:2346', value='value_2346_update_client1_op1183'
[dc3_node2] Preference list for 'item:2346': ['localhost:50210', 'localhost:50143', 'localhost:50176']
[dc3_node2] Coordinator NOT in preference list, forwarding only
[dc3_node2] Replicated to localhost:50176
[dc3_node2] Replicated to localhost:50210
[dc3_node2] W-quorum achieved (2 writes), returning to client
[dc3_node2] Background replication continues for remaining nodes
[dc3_node2] Successful writes: 2/3
[dc3_node2] Replicated to localhost:50143
[dc3_node2] Internal PUT (replication): key='item:1074'
[dc3_node2] CONFLICT detected for key='item:1074', siblings=13
[dc3_node2] Saved 93 keys to disk
[dc3_node2] Internal PUT (replication): key='item:2763'
[dc3_node2] CONFLICT detected for key='item:2763', siblings=10
[dc3_node2] Saved 93 keys to disk
[dc3_node2] Client GET: key='item:1942'
[dc3_node2] Reading from preference list: ['localhost:50185', 'localhost:50119']
[dc3_node2] Key='item:1942' not found
[dc3_node2] CONFLICT: 16 sibling versions for 'item:1942'
[dc3_node2] Internal PUT (replication): key='item:1924'
[dc3_node2] CONFLICT detected for key='item:1924', siblings=15
[dc3_node2] Saved 93 keys to disk
[dc3_node2] Retrieved key='item:2453', versions=9
[dc3_node2] Internal PUT (replication): key='item:4485'
[dc3_node2] CONFLICT detected for key='item:4485', siblings=9
[dc3_node2] Saved 93 keys to disk
[dc3_node2] Retrieved key='item:0204', versions=8
[dc3_node2] Internal PUT (replication): key='item:4222'
[dc3_node2] CONFLICT detected for key='item:4222', siblings=9
[dc3_node2] Saved 93 keys to disk
[dc3_node2] Internal PUT (replication): key='item:1271'
[dc3_node2] CONFLICT detected for key='item:1271', siblings=10
[dc3_node2] Saved 93 keys to disk
[dc3_node2] Internal PUT (replication): key='item:0806'
[dc3_node2] CONFLICT detected for key='item:0806', siblings=12
[dc3_node2] Saved 93 keys to disk
[dc3_node2] Client PUT: key='item:3557', value='value_3557_update_client26_op1193'
[dc3_node2] Preference list for 'item:3557': ['localhost:50117', 'localhost:50101', 'localhost:50075']
[dc3_node2] Coordinator NOT in preference list, forwarding only
[dc3_node2] Replicated to localhost:50075
[dc3_node2] Internal PUT (replication): key='item:4730'
[dc3_node2] CONFLICT detected for key='item:4730', siblings=9
[dc3_node2] Replicated to localhost:50101
[dc3_node2] W-quorum achieved (2 writes), returning to client
[dc3_node2] Background replication continues for remaining nodes
[dc3_node2] Successful writes: 2/3
[dc3_node2] Replicated to localhost:50117
[dc3_node2] Client GET: key='item:4904'
[dc3_node2] Reading from preference list: ['localhost:50190', 'localhost:50236']
[dc3_node2] Saved 93 keys to disk
[dc3_node2] Key='item:4904' not found
[dc3_node2] CONFLICT: 13 sibling versions for 'item:4904'
[dc3_node2] Client PUT: key='item:0084', value='value_84_update_client1_op1211'
[dc3_node2] Preference list for 'item:0084': ['localhost:50065', 'localhost:50119', 'localhost:50242']
[dc3_node2] Coordinator NOT in preference list, forwarding only
[dc3_node2] Internal PUT (replication): key='item:3451'
[dc3_node2] CONFLICT detected for key='item:3451', siblings=7
[dc3_node2] Saved 93 keys to disk
[dc3_node2] Internal PUT (replication): key='item:4102'
[dc3_node2] CONFLICT detected for key='item:4102', siblings=7
[dc3_node2] Replicated to localhost:50119
[dc3_node2] Replicated to localhost:50242
[dc3_node2] W-quorum achieved (2 writes), returning to client
[dc3_node2] Background replication continues for remaining nodes
[dc3_node2] Successful writes: 2/3
[dc3_node2] Replicated to localhost:50065
[dc3_node2] Saved 93 keys to disk
[dc3_node2] Internal PUT (replication): key='item:4058'
[dc3_node2] CONFLICT detected for key='item:4058', siblings=6
[dc3_node2] Client PUT: key='item:1932', value='value_1932_update_client42_op1192'
[dc3_node2] Preference list for 'item:1932': ['localhost:50126', 'localhost:50215', 'localhost:50166']
[dc3_node2] Coordinator NOT in preference list, forwarding only
[dc3_node2] Saved 93 keys to disk
[dc3_node2] Replicated to localhost:50215
[dc3_node2] Replicated to localhost:50126
[dc3_node2] W-quorum achieved (2 writes), returning to client
[dc3_node2] Background replication continues for remaining nodes
[dc3_node2] Successful writes: 2/3
[dc3_node2] Replicated to localhost:50166
[dc3_node2] Client PUT: key='item:4104', value='value_4104_update_client10_op1235'
[dc3_node2] Preference list for 'item:4104': ['localhost:50160', 'localhost:50051', 'localhost:50126']
[dc3_node2] Coordinator NOT in preference list, forwarding only
[dc3_node2] Replicated to localhost:50160
[dc3_node2] Replicated to localhost:50126
[dc3_node2] Replicated to localhost:50051
[dc3_node2] Internal PUT (replication): key='item:4102'
[dc3_node2] CONFLICT detected for key='item:4102', siblings=8
[dc3_node2] W-quorum achieved (2 writes), returning to client
[dc3_node2] Background replication continues for remaining nodes
[dc3_node2] Successful writes: 3/3
[dc3_node2] Internal PUT (replication): key='item:3928'
[dc3_node2] Saved 93 keys to disk
[dc3_node2] CONFLICT detected for key='item:3928', siblings=8
[dc3_node2] Saved 93 keys to disk
[dc3_node2] Client PUT: key='item:2565', value='value_2565_client12_op1276'
[dc3_node2] Preference list for 'item:2565': ['localhost:50072', 'localhost:50156', 'localhost:50126']
[dc3_node2] Coordinator NOT in preference list, forwarding only
[dc3_node2] Replicated to localhost:50126
[dc3_node2] Internal PUT (replication): key='item:4774'
[dc3_node2] CONFLICT detected for key='item:4774', siblings=10
[dc3_node2] Replicated to localhost:50156
[dc3_node2] W-quorum achieved (2 writes), returning to client
[dc3_node2] Background replication continues for remaining nodes
[dc3_node2] Successful writes: 2/3
[dc3_node2] Replicated to localhost:50072
[dc3_node2] Saved 93 keys to disk
[dc3_node2] Internal PUT (replication): key='item:0021'
[dc3_node2] CONFLICT detected for key='item:0021', siblings=7
[dc3_node2] Client GET: key='item:1079'
[dc3_node2] Reading from preference list: ['localhost:50146', 'localhost:50122']
[dc3_node2] Saved 93 keys to disk
[dc3_node2] Retrieved key='item:2763', versions=10
[dc3_node2] Key='item:1079' not found
[dc3_node2] CONFLICT: 20 sibling versions for 'item:1079'
[dc3_node2] Client GET: key='item:1913'
[dc3_node2] Reading from preference list: ['localhost:50228', 'localhost:50098']
[dc3_node2] Key='item:1913' not found
[dc3_node2] CONFLICT: 15 sibling versions for 'item:1913'
[dc3_node2] Internal PUT (replication): key='item:4730'
[dc3_node2] CONFLICT detected for key='item:4730', siblings=10
[dc3_node2] Saved 93 keys to disk
[dc3_node2] Client PUT: key='item:3016', value='value_3016_client38_op1222'
[dc3_node2] Preference list for 'item:3016': ['localhost:50170', 'localhost:50239', 'localhost:50140']
[dc3_node2] Coordinator NOT in preference list, forwarding only
[dc3_node2] Replicated to localhost:50170
[dc3_node2] Replicated to localhost:50140
[dc3_node2] W-quorum achieved (2 writes), returning to client
[dc3_node2] Background replication continues for remaining nodes
[dc3_node2] Successful writes: 2/3
[dc3_node2] Replicated to localhost:50239
[dc3_node2] Client GET: key='item:1922'
[dc3_node2] Reading from preference list: ['localhost:50094', 'localhost:50159']
[dc3_node2] Key='item:1922' not found
[dc3_node2] CONFLICT: 22 sibling versions for 'item:1922'
[dc3_node2] Internal PUT (replication): key='item:2698'
[dc3_node2] CONFLICT detected for key='item:2698', siblings=7
[dc3_node2] Saved 93 keys to disk
[dc3_node2] Internal PUT (replication): key='item:2672'
[dc3_node2] CONFLICT detected for key='item:2672', siblings=7
[dc3_node2] Client GET: key='item:4614'
[dc3_node2] Reading from preference list: ['localhost:50135', 'localhost:50126']
[dc3_node2] Client GET: key='item:2366'
[dc3_node2] Reading from preference list: ['localhost:50195', 'localhost:50168']
[dc3_node2] Saved 93 keys to disk
[dc3_node2] Key='item:4614' not found
[dc3_node2] Key='item:2366' not found
[dc3_node2] CONFLICT: 22 sibling versions for 'item:4614'
[dc3_node2] CONFLICT: 22 sibling versions for 'item:2366'
[dc3_node2] Retrieved key='item:3822', versions=8
[dc3_node2] Internal PUT (replication): key='item:2672'
[dc3_node2] CONFLICT detected for key='item:2672', siblings=8
[dc3_node2] Saved 93 keys to disk
[dc3_node2] Internal PUT (replication): key='item:1924'
[dc3_node2] CONFLICT detected for key='item:1924', siblings=15
[dc3_node2] Saved 93 keys to disk
[dc3_node2] Internal PUT (replication): key='item:4866'
[dc3_node2] CONFLICT detected for key='item:4866', siblings=14
[dc3_node2] Saved 93 keys to disk
[dc3_node2] Retrieved key='item:3144', versions=6
[dc3_node2] Retrieved key='item:3144', versions=6
[dc3_node2] Internal PUT (replication): key='item:4676'
[dc3_node2] CONFLICT detected for key='item:4676', siblings=11
[dc3_node2] Saved 93 keys to disk
[dc3_node2] Internal PUT (replication): key='item:3928'
[dc3_node2] CONFLICT detected for key='item:3928', siblings=9
[dc3_node2] Saved 93 keys to disk
[dc3_node2] Client GET: key='item:2191'
[dc3_node2] Reading from preference list: ['localhost:50062', 'localhost:50083']
[dc3_node2] Key='item:2191' not found
[dc3_node2] Retrieved key='item:3479', versions=7
[dc3_node2] CONFLICT: 14 sibling versions for 'item:2191'
[dc3_node2] Internal PUT (replication): key='item:1236'
[dc3_node2] CONFLICT detected for key='item:1236', siblings=8
[dc3_node2] Saved 93 keys to disk
[dc3_node2] Internal PUT (replication): key='item:3928'
[dc3_node2] CONFLICT detected for key='item:3928', siblings=10
[dc3_node2] Client PUT: key='item:2156', value='value_2156_update_client10_op1259'
[dc3_node2] Preference list for 'item:2156': ['localhost:50087', 'localhost:50134', 'localhost:50116']
[dc3_node2] Coordinator NOT in preference list, forwarding only
[dc3_node2] Saved 93 keys to disk
[dc3_node2] Replicated to localhost:50134
[dc3_node2] Internal PUT (replication): key='item:4704'
[dc3_node2] CONFLICT detected for key='item:4704', siblings=9
[dc3_node2] Replicated to localhost:50087
[dc3_node2] Saved 93 keys to disk
[dc3_node2] W-quorum achieved (2 writes), returning to client
[dc3_node2] Background replication continues for remaining nodes
[dc3_node2] Successful writes: 2/3
[dc3_node2] Replicated to localhost:50116
[dc3_node2] Internal PUT (replication): key='item:4793'
[dc3_node2] CONFLICT detected for key='item:4793', siblings=11
[dc3_node2] Saved 93 keys to disk
[dc3_node2] Client GET: key='item:4692'
[dc3_node2] Reading from preference list: ['localhost:50084', 'localhost:50146']
[dc3_node2] Key='item:4692' not found
[dc3_node2] CONFLICT: 12 sibling versions for 'item:4692'
[dc3_node2] Internal PUT (replication): key='item:4199'
[dc3_node2] CONFLICT detected for key='item:4199', siblings=7
[dc3_node2] Internal PUT (replication): key='item:1924'
[dc3_node2] Saved 93 keys to disk
[dc3_node2] CONFLICT detected for key='item:1924', siblings=16
[dc3_node2] Saved 93 keys to disk
[dc3_node2] Retrieved key='item:4866', versions=14
[dc3_node2] Internal PUT (replication): key='item:0296'
[dc3_node2] CONFLICT detected for key='item:0296', siblings=13
[dc3_node2] Internal PUT (replication): key='item:1271'
[dc3_node2] Internal PUT (replication): key='item:4793'
[dc3_node2] Saved 93 keys to disk
[dc3_node2] CONFLICT detected for key='item:1271', siblings=11
[dc3_node2] Saved 93 keys to disk
[dc3_node2] CONFLICT detected for key='item:4793', siblings=12
[dc3_node2] Saved 93 keys to disk
[dc3_node2] Internal PUT (replication): key='item:4774'
[dc3_node2] CONFLICT detected for key='item:4774', siblings=11
[dc3_node2] Internal PUT (replication): key='item:4058'
[dc3_node2] Saved 93 keys to disk
[dc3_node2] CONFLICT detected for key='item:4058', siblings=7
[dc3_node2] Saved 93 keys to disk
[dc3_node2] Client PUT: key='item:3840', value='value_3840_update_client48_op1276'
[dc3_node2] Preference list for 'item:3840': ['localhost:50075', 'localhost:50146', 'localhost:50094']
[dc3_node2] Coordinator NOT in preference list, forwarding only
[dc3_node2] Replicated to localhost:50146
[dc3_node2] Retrieved key='item:2719', versions=8
[dc3_node2] Replicated to localhost:50094
[dc3_node2] W-quorum achieved (2 writes), returning to client
[dc3_node2] Background replication continues for remaining nodes
[dc3_node2] Successful writes: 2/3
[dc3_node2] Replicated to localhost:50075
[dc3_node2] Internal PUT (replication): key='item:1366'
[dc3_node2] CONFLICT detected for key='item:1366', siblings=15
[dc3_node2] Saved 93 keys to disk
[dc3_node2] Retrieved key='item:2857', versions=12
[dc3_node2] Internal PUT (replication): key='item:3451'
[dc3_node2] CONFLICT detected for key='item:3451', siblings=8
[dc3_node2] Saved 93 keys to disk
[dc3_node2] Retrieved key='item:3928', versions=10
[dc3_node2] Internal PUT (replication): key='item:4676'
[dc3_node2] CONFLICT detected for key='item:4676', siblings=12
[dc3_node2] Saved 93 keys to disk
[dc3_node2] Client GET: key='item:0915'
[dc3_node2] Reading from preference list: ['localhost:50142', 'localhost:50062']
[dc3_node2] Key='item:0915' not found
[dc3_node2] CONFLICT: 12 sibling versions for 'item:0915'
[dc3_node2] Internal PUT (replication): key='item:4774'
[dc3_node2] CONFLICT detected for key='item:4774', siblings=12
[dc3_node2] Saved 93 keys to disk
[dc3_node2] Client PUT: key='item:1669', value='value_1669_update_client12_op1323'
[dc3_node2] Preference list for 'item:1669': ['localhost:50137', 'localhost:50158', 'localhost:50101']
[dc3_node2] Coordinator NOT in preference list, forwarding only
[dc3_node2] Client PUT: key='item:3666', value='value_3666_client47_op1252'
[dc3_node2] Preference list for 'item:3666': ['localhost:50078', 'localhost:50161', 'localhost:50227']
[dc3_node2] Coordinator NOT in preference list, forwarding only
[dc3_node2] Replicated to localhost:50158
[dc3_node2] Replicated to localhost:50078
[dc3_node2] Replicated to localhost:50101
[dc3_node2] Replicated to localhost:50137
[dc3_node2] Replicated to localhost:50161
[dc3_node2] W-quorum achieved (2 writes), returning to client
[dc3_node2] Background replication continues for remaining nodes
[dc3_node2] Successful writes: 2/3
[dc3_node2] W-quorum achieved (2 writes), returning to client
[dc3_node2] Background replication continues for remaining nodes
[dc3_node2] Successful writes: 3/3
[dc3_node2] Replicated to localhost:50227
[dc3_node2] Internal PUT (replication): key='item:3043'
[dc3_node2] CONFLICT detected for key='item:3043', siblings=6
[dc3_node2] Internal PUT (replication): key='item:4199'
[dc3_node2] Saved 93 keys to disk
[dc3_node2] CONFLICT detected for key='item:4199', siblings=8
[dc3_node2] Saved 93 keys to disk
[dc3_node2] Client PUT: key='item:2751', value='value_2751_client39_op1293'
[dc3_node2] Preference list for 'item:2751': ['localhost:50131', 'localhost:50060', 'localhost:50166']
[dc3_node2] Coordinator NOT in preference list, forwarding only
[dc3_node2] Replicated to localhost:50166
[dc3_node2] Replicated to localhost:50131
[dc3_node2] W-quorum achieved (2 writes), returning to client
[dc3_node2] Background replication continues for remaining nodes
[dc3_node2] Successful writes: 2/3
[dc3_node2] Replicated to localhost:50060
[dc3_node2] Client GET: key='item:3108'
[dc3_node2] Reading from preference list: ['localhost:50062', 'localhost:50220']
[dc3_node2] Key='item:3108' not found
[dc3_node2] CONFLICT: 8 sibling versions for 'item:3108'
[dc3_node2] Retrieved key='item:2587', versions=5
[dc3_node2] Internal PUT (replication): key='item:4774'
[dc3_node2] CONFLICT detected for key='item:4774', siblings=13
[dc3_node2] Internal PUT (replication): key='item:1444'
[dc3_node2] Saved 93 keys to disk
[dc3_node2] CONFLICT detected for key='item:1444', siblings=9
[dc3_node2] Saved 93 keys to disk
[dc3_node2] Retrieved key='item:3543', versions=8
[dc3_node2] Retrieved key='item:0736', versions=11
[dc3_node2] Internal PUT (replication): key='item:4222'
[dc3_node2] CONFLICT detected for key='item:4222', siblings=10
[dc3_node2] Internal PUT (replication): key='item:3928'
[dc3_node2] Saved 93 keys to disk
[dc3_node2] Internal PUT (replication): key='item:4271'
[dc3_node2] CONFLICT detected for key='item:3928', siblings=11
[dc3_node2] Internal PUT (replication): key='item:2719'
[dc3_node2] Internal PUT (replication): key='item:4676'
[dc3_node2] Internal PUT (replication): key='item:4866'
[dc3_node2] Saved 93 keys to disk
[dc3_node2] CONFLICT detected for key='item:4271', siblings=10
[dc3_node2] Saved 93 keys to disk
[dc3_node2] CONFLICT detected for key='item:2719', siblings=9
[dc3_node2] Saved 93 keys to disk
[dc3_node2] CONFLICT detected for key='item:4676', siblings=13
[dc3_node2] Saved 93 keys to disk
[dc3_node2] CONFLICT detected for key='item:4866', siblings=15
[dc3_node2] Saved 93 keys to disk
[dc3_node2] Internal PUT (replication): key='item:0254'
[dc3_node2] CONFLICT detected for key='item:0254', siblings=9
[dc3_node2] Client GET: key='item:4298'
[dc3_node2] Reading from preference list: ['localhost:50205', 'localhost:50122']
[dc3_node2] Internal PUT (replication): key='item:3451'
[dc3_node2] Saved 93 keys to disk
[dc3_node2] Key='item:4298' not found
[dc3_node2] CONFLICT detected for key='item:3451', siblings=9
[dc3_node2] CONFLICT: 14 sibling versions for 'item:4298'
[dc3_node2] Saved 93 keys to disk
[dc3_node2] Retrieved key='item:0171', versions=13
[dc3_node2] Internal PUT (replication): key='item:4058'
[dc3_node2] CONFLICT detected for key='item:4058', siblings=8
[dc3_node2] Saved 93 keys to disk
[dc3_node2] Retrieved key='item:3822', versions=8
[dc3_node2] Retrieved key='item:2857', versions=12
[dc3_node2] Retrieved key='item:2857', versions=12
[dc3_node2] Internal PUT (replication): key='item:2763'
[dc3_node2] CONFLICT detected for key='item:2763', siblings=11
[dc3_node2] Saved 93 keys to disk
[dc3_node2] Internal PUT (replication): key='item:4730'
[dc3_node2] CONFLICT detected for key='item:4730', siblings=11
[dc3_node2] Saved 93 keys to disk
[dc3_node2] Internal PUT (replication): key='item:4199'
[dc3_node2] CONFLICT detected for key='item:4199', siblings=9
[dc3_node2] Saved 93 keys to disk
[dc3_node2] Client PUT: key='item:0828', value='value_828_update_client14_op1279'
[dc3_node2] Preference list for 'item:0828': ['localhost:50181', 'localhost:50241', 'localhost:50068']
[dc3_node2] Coordinator NOT in preference list, forwarding only
[dc3_node2] Internal PUT (replication): key='item:0021'
[dc3_node2] CONFLICT detected for key='item:0021', siblings=8
[dc3_node2] Internal PUT (replication): key='item:3263'
[dc3_node2] Client GET: key='item:3971'
[dc3_node2] Reading from preference list: ['localhost:50158', 'localhost:50173']
[dc3_node2] Replicated to localhost:50241
[dc3_node2] Replicated to localhost:50181
[dc3_node2] W-quorum achieved (2 writes), returning to client
[dc3_node2] Background replication continues for remaining nodes
[dc3_node2] Successful writes: 2/3
[dc3_node2] Replicated to localhost:50068
[dc3_node2] Saved 93 keys to disk
[dc3_node2] CONFLICT detected for key='item:3263', siblings=11
[dc3_node2] Saved 93 keys to disk
[dc3_node2] Retrieved key='item:2573', versions=6
[dc3_node2] Key='item:3971' not found
[dc3_node2] CONFLICT: 26 sibling versions for 'item:3971'
[dc3_node2] Client GET: key='item:0480'
[dc3_node2] Reading from preference list: ['localhost:50071', 'localhost:50201']
[dc3_node2] Key='item:0480' not found
[dc3_node2] CONFLICT: 16 sibling versions for 'item:0480'
[dc3_node2] Internal PUT (replication): key='item:3119'
[dc3_node2] CONFLICT detected for key='item:3119', siblings=10
[dc3_node2] Saved 93 keys to disk
[dc3_node2] Internal PUT (replication): key='item:0171'
[dc3_node2] CONFLICT detected for key='item:0171', siblings=14
[dc3_node2] Saved 93 keys to disk
[dc3_node2] Client PUT: key='item:0973', value='value_973_update_client5_op1335'
[dc3_node2] Preference list for 'item:0973': ['localhost:50227', 'localhost:50180', 'localhost:50066']
[dc3_node2] Coordinator NOT in preference list, forwarding only
[dc3_node2] Replicated to localhost:50066
[dc3_node2] Replicated to localhost:50180
[dc3_node2] W-quorum achieved (2 writes), returning to client
[dc3_node2] Background replication continues for remaining nodes
[dc3_node2] Successful writes: 2/3
[dc3_node2] Replicated to localhost:50227
[dc3_node2] Internal PUT (replication): key='item:2453'
[dc3_node2] CONFLICT detected for key='item:2453', siblings=10
[dc3_node2] Saved 93 keys to disk
[dc3_node2] Internal PUT (replication): key='item:4334'
[dc3_node2] CONFLICT detected for key='item:4334', siblings=11
[dc3_node2] Saved 93 keys to disk
[dc3_node2] Client GET: key='item:2681'
[dc3_node2] Reading from preference list: ['localhost:50202', 'localhost:50063']
[dc3_node2] Key='item:2681' not found
[dc3_node2] Retrieved key='item:2857', versions=12
[dc3_node2] CONFLICT: 11 sibling versions for 'item:2681'
[dc3_node2] Client PUT: key='item:2482', value='value_2482_update_client25_op1334'
[dc3_node2] Preference list for 'item:2482': ['localhost:50098', 'localhost:50052', 'localhost:50163']
[dc3_node2] Coordinator NOT in preference list, forwarding only
[dc3_node2] Replicated to localhost:50098
[dc3_node2] Replicated to localhost:50163
[dc3_node2] Replicated to localhost:50052
[dc3_node2] W-quorum achieved (2 writes), returning to client
[dc3_node2] Background replication continues for remaining nodes
[dc3_node2] Successful writes: 3/3
[dc3_node2] Internal PUT (replication): key='item:1236'
[dc3_node2] CONFLICT detected for key='item:1236', siblings=9
[dc3_node2] Client PUT: key='item:3231', value='value_3231_client21_op1311'
[dc3_node2] Preference list for 'item:3231': ['localhost:50093', 'localhost:50196', 'localhost:50136']
[dc3_node2] Coordinator NOT in preference list, forwarding only
[dc3_node2] Saved 93 keys to disk
[dc3_node2] Replicated to localhost:50196
[dc3_node2] Replicated to localhost:50136
[dc3_node2] W-quorum achieved (2 writes), returning to client
[dc3_node2] Background replication continues for remaining nodes
[dc3_node2] Successful writes: 2/3
[dc3_node2] Replicated to localhost:50093
[dc3_node2] Internal PUT (replication): key='item:0335'
[dc3_node2] Stored NEW key='item:0335', value='value_335_client14_op1293', clock={dc2_node2:1}
[dc3_node2] Saved 94 keys to disk
[dc3_node2] Internal PUT (replication): key='item:3699'
[dc3_node2] CONFLICT detected for key='item:3699', siblings=7
[dc3_node2] Saved 94 keys to disk
[dc3_node2] Internal PUT (replication): key='item:0736'
[dc3_node2] CONFLICT detected for key='item:0736', siblings=12
[dc3_node2] Internal PUT (replication): key='item:0654'
[dc3_node2] Saved 94 keys to disk
[dc3_node2] Retrieved key='item:3695', versions=6
[dc3_node2] CONFLICT detected for key='item:0654', siblings=11
[dc3_node2] Internal PUT (replication): key='item:4199'
[dc3_node2] Saved 94 keys to disk
[dc3_node2] CONFLICT detected for key='item:4199', siblings=10
[dc3_node2] Saved 94 keys to disk
[dc3_node2] Internal PUT (replication): key='item:4485'
[dc3_node2] CONFLICT detected for key='item:4485', siblings=10
[dc3_node2] Internal PUT (replication): key='item:1642'
[dc3_node2] Saved 94 keys to disk
[dc3_node2] CONFLICT detected for key='item:1642', siblings=8
[dc3_node2] Client GET: key='item:2085'
[dc3_node2] Reading from preference list: ['localhost:50125', 'localhost:50233']
[dc3_node2] Saved 94 keys to disk
[dc3_node2] Key='item:2085' not found
[dc3_node2] Internal PUT (replication): key='item:4866'
[dc3_node2] CONFLICT detected for key='item:4866', siblings=16
[dc3_node2] CONFLICT: 16 sibling versions for 'item:2085'
[dc3_node2] Saved 94 keys to disk
[dc3_node2] Client PUT: key='item:0804', value='value_804_update_client43_op1356'
[dc3_node2] Preference list for 'item:0804': ['localhost:50074', 'localhost:50196', 'localhost:50059']
[dc3_node2] Coordinator NOT in preference list, forwarding only
[dc3_node2] Replicated to localhost:50059
[dc3_node2] Internal PUT (replication): key='item:2587'
[dc3_node2] CONFLICT detected for key='item:2587', siblings=6
[dc3_node2] Replicated to localhost:50074
[dc3_node2] W-quorum achieved (2 writes), returning to client
[dc3_node2] Background replication continues for remaining nodes
[dc3_node2] Successful writes: 2/3
[dc3_node2] Internal PUT (replication): key='item:0255'
[dc3_node2] Replicated to localhost:50196
[dc3_node2] Saved 94 keys to disk
[dc3_node2] CONFLICT detected for key='item:0255', siblings=15
[dc3_node2] Saved 94 keys to disk
[dc3_node2] Retrieved key='item:0296', versions=13
[dc3_node2] Internal PUT (replication): key='item:0619'
[dc3_node2] CONFLICT detected for key='item:0619', siblings=15
[dc3_node2] Client PUT: key='item:4919', value='value_4919_client46_op1319'
[dc3_node2] Preference list for 'item:4919': ['localhost:50204', 'localhost:50114', 'localhost:50059']
[dc3_node2] Coordinator NOT in preference list, forwarding only
[dc3_node2] Saved 94 keys to disk
[dc3_node2] Retrieved key='item:1002', versions=8
[dc3_node2] Replicated to localhost:50059
[dc3_node2] Replicated to localhost:50114
[dc3_node2] W-quorum achieved (2 writes), returning to client
[dc3_node2] Background replication continues for remaining nodes
[dc3_node2] Successful writes: 2/3
[dc3_node2] Client PUT: key='item:3866', value='value_3866_update_client19_op1340'
[dc3_node2] Preference list for 'item:3866': ['localhost:50052', 'localhost:50149', 'localhost:50099']
[dc3_node2] Coordinator NOT in preference list, forwarding only
[dc3_node2] Replicated to localhost:50204
[dc3_node2] Replicated to localhost:50099
[dc3_node2] Replicated to localhost:50149
[dc3_node2] W-quorum achieved (2 writes), returning to client
[dc3_node2] Background replication continues for remaining nodes
[dc3_node2] Successful writes: 2/3
[dc3_node2] Internal PUT (replication): key='item:0296'
[dc3_node2] CONFLICT detected for key='item:0296', siblings=14
[dc3_node2] Saved 94 keys to disk
[dc3_node2] Replicated to localhost:50052
[dc3_node2] Client PUT: key='item:0236', value='value_236_client6_op1360'
[dc3_node2] Preference list for 'item:0236': ['localhost:50112', 'localhost:50148', 'localhost:50155']
[dc3_node2] Coordinator NOT in preference list, forwarding only
[dc3_node2] Client PUT: key='item:3560', value='value_3560_update_client4_op1359'
[dc3_node2] Preference list for 'item:3560': ['localhost:50070', 'localhost:50162', 'localhost:50215']
[dc3_node2] Coordinator NOT in preference list, forwarding only
[dc3_node2] Internal PUT (replication): key='item:0122'
[dc3_node2] CONFLICT detected for key='item:0122', siblings=8
[dc3_node2] Replicated to localhost:50215
[dc3_node2] Replicated to localhost:50155
[dc3_node2] Replicated to localhost:50070
[dc3_node2] Internal PUT (replication): key='item:0619'
[dc3_node2] W-quorum achieved (2 writes), returning to client
[dc3_node2] Background replication continues for remaining nodes
[dc3_node2] Successful writes: 2/3
[dc3_node2] Replicated to localhost:50112
[dc3_node2] W-quorum achieved (2 writes), returning to client
[dc3_node2] Background replication continues for remaining nodes
[dc3_node2] Successful writes: 2/3
[dc3_node2] Replicated to localhost:50148
[dc3_node2] Replicated to localhost:50162
[dc3_node2] Saved 94 keys to disk
[dc3_node2] CONFLICT detected for key='item:0619', siblings=16
[dc3_node2] Saved 94 keys to disk
[dc3_node2] Retrieved key='item:4730', versions=11
[dc3_node2] Internal PUT (replication): key='item:3603'
[dc3_node2] CONFLICT detected for key='item:3603', siblings=11
[dc3_node2] Saved 94 keys to disk
[dc3_node2] Internal PUT (replication): key='item:4676'
[dc3_node2] CONFLICT detected for key='item:4676', siblings=14
[dc3_node2] Internal PUT (replication): key='item:4222'
[dc3_node2] Saved 94 keys to disk
[dc3_node2] CONFLICT detected for key='item:4222', siblings=11
[dc3_node2] Client PUT: key='item:3713', value='value_3713_update_client22_op1334'
[dc3_node2] Preference list for 'item:3713': ['localhost:50120', 'localhost:50058', 'localhost:50104']
[dc3_node2] Coordinator NOT in preference list, forwarding only
[dc3_node2] Saved 94 keys to disk
[dc3_node2] Replicated to localhost:50104
[dc3_node2] Replicated to localhost:50120
[dc3_node2] W-quorum achieved (2 writes), returning to client
[dc3_node2] Background replication continues for remaining nodes
[dc3_node2] Successful writes: 2/3
[dc3_node2] Client PUT: key='item:4783', value='value_4783_client37_op1348'
[dc3_node2] Preference list for 'item:4783': ['localhost:50108', 'localhost:50121', 'localhost:50077']
[dc3_node2] Coordinator NOT in preference list, forwarding only
[dc3_node2] Replicated to localhost:50108
[dc3_node2] Replicated to localhost:50077
[dc3_node2] W-quorum achieved (2 writes), returning to client
[dc3_node2] Background replication continues for remaining nodes
[dc3_node2] Successful writes: 2/3
[dc3_node2] Replicated to localhost:50058
[dc3_node2] Replicated to localhost:50121
[dc3_node2] Client PUT: key='item:3887', value='value_3887_client44_op1343'
[dc3_node2] Preference list for 'item:3887': ['localhost:50219', 'localhost:50195', 'localhost:50085']
[dc3_node2] Coordinator NOT in preference list, forwarding only
[dc3_node2] Replicated to localhost:50195
[dc3_node2] Replicated to localhost:50085
[dc3_node2] Replicated to localhost:50219
[dc3_node2] W-quorum achieved (2 writes), returning to client
[dc3_node2] Background replication continues for remaining nodes
[dc3_node2] Successful writes: 3/3
[dc3_node2] Internal PUT (replication): key='item:1642'
[dc3_node2] CONFLICT detected for key='item:1642', siblings=9
[dc3_node2] Saved 94 keys to disk
[dc3_node2] Retrieved key='item:1379', versions=9
[dc3_node2] Internal PUT (replication): key='item:2844'
[dc3_node2] CONFLICT detected for key='item:2844', siblings=7
[dc3_node2] Saved 94 keys to disk
[dc3_node2] Client GET: key='item:3183'
[dc3_node2] Reading from preference list: ['localhost:50238', 'localhost:50142']
[dc3_node2] Key='item:3183' not found
[dc3_node2] Internal PUT (replication): key='item:2857'
[dc3_node2] CONFLICT detected for key='item:2857', siblings=13
[dc3_node2] Saved 94 keys to disk
[dc3_node2] CONFLICT: 27 sibling versions for 'item:3183'
[dc3_node2] Internal PUT (replication): key='item:0204'
[dc3_node2] CONFLICT detected for key='item:0204', siblings=9
[dc3_node2] Saved 94 keys to disk
[dc3_node2] Retrieved key='item:3144', versions=6
[dc3_node2] Internal PUT (replication): key='item:4749'
[dc3_node2] CONFLICT detected for key='item:4749', siblings=4
[dc3_node2] Saved 94 keys to disk
[dc3_node2] Retrieved key='item:3144', versions=6
[dc3_node2] Client PUT: key='item:3844', value='value_3844_update_client47_op1331'
[dc3_node2] Preference list for 'item:3844': ['localhost:50066', 'localhost:50144', 'localhost:50122']
[dc3_node2] Coordinator NOT in preference list, forwarding only
[dc3_node2] Internal PUT (replication): key='item:0619'
[dc3_node2] CONFLICT detected for key='item:0619', siblings=17
[dc3_node2] Replicated to localhost:50144
[dc3_node2] Saved 94 keys to disk
[dc3_node2] Replicated to localhost:50122
[dc3_node2] Replicated to localhost:50066
[dc3_node2] W-quorum achieved (2 writes), returning to client
[dc3_node2] Background replication continues for remaining nodes
[dc3_node2] Successful writes: 3/3
[dc3_node2] Internal PUT (replication): key='item:2573'
[dc3_node2] CONFLICT detected for key='item:2573', siblings=7
[dc3_node2] Saved 94 keys to disk
[dc3_node2] Internal PUT (replication): key='item:3822'
[dc3_node2] CONFLICT detected for key='item:3822', siblings=9
[dc3_node2] Saved 94 keys to disk
[dc3_node2] Retrieved key='item:1379', versions=9
[dc3_node2] Internal PUT (replication): key='item:2844'
[dc3_node2] CONFLICT detected for key='item:2844', siblings=8
[dc3_node2] Internal PUT (replication): key='item:4102'
[dc3_node2] Saved 94 keys to disk
[dc3_node2] CONFLICT detected for key='item:4102', siblings=9
[dc3_node2] Saved 94 keys to disk
[dc3_node2] Retrieved key='item:2453', versions=10
[dc3_node2] Internal PUT (replication): key='item:3543'
[dc3_node2] CONFLICT detected for key='item:3543', siblings=9
[dc3_node2] Saved 94 keys to disk
[dc3_node2] Internal PUT (replication): key='item:3543'
[dc3_node2] CONFLICT detected for key='item:3543', siblings=10
[dc3_node2] Internal PUT (replication): key='item:3144'
[dc3_node2] Saved 94 keys to disk
[dc3_node2] CONFLICT detected for key='item:3144', siblings=7
[dc3_node2] Internal PUT (replication): key='item:3043'
[dc3_node2] Saved 94 keys to disk
[dc3_node2] CONFLICT detected for key='item:3043', siblings=7
[dc3_node2] Saved 94 keys to disk
[dc3_node2] Client PUT: key='item:4103', value='value_4103_client38_op1365'
[dc3_node2] Preference list for 'item:4103': ['localhost:50127', 'localhost:50064', 'localhost:50233']
[dc3_node2] Coordinator NOT in preference list, forwarding only
[dc3_node2] Replicated to localhost:50127
[dc3_node2] Replicated to localhost:50233
[dc3_node2] W-quorum achieved (2 writes), returning to client
[dc3_node2] Background replication continues for remaining nodes
[dc3_node2] Successful writes: 2/3
[dc3_node2] Internal PUT (replication): key='item:1625'
[dc3_node2] CONFLICT detected for key='item:1625', siblings=8
[dc3_node2] Saved 94 keys to disk
[dc3_node2] Replicated to localhost:50064
[dc3_node2] Internal PUT (replication): key='item:4676'
[dc3_node2] CONFLICT detected for key='item:4676', siblings=14
[dc3_node2] Saved 94 keys to disk
[dc3_node2] Internal PUT (replication): key='item:0171'
[dc3_node2] CONFLICT detected for key='item:0171', siblings=15
[dc3_node2] Saved 94 keys to disk
[dc3_node2] Internal PUT (replication): key='item:4676'
[dc3_node2] CONFLICT detected for key='item:4676', siblings=15
[dc3_node2] Saved 94 keys to disk
[dc3_node2] Internal PUT (replication): key='item:2763'
[dc3_node2] CONFLICT detected for key='item:2763', siblings=12
[dc3_node2] Saved 94 keys to disk
[dc3_node2] Internal PUT (replication): key='item:4793'
[dc3_node2] CONFLICT detected for key='item:4793', siblings=13
[dc3_node2] Saved 94 keys to disk
[dc3_node2] Internal PUT (replication): key='item:0204'
[dc3_node2] CONFLICT detected for key='item:0204', siblings=10
[dc3_node2] Saved 94 keys to disk
[dc3_node2] Internal PUT (replication): key='item:0171'
[dc3_node2] CONFLICT detected for key='item:0171', siblings=16
[dc3_node2] Saved 94 keys to disk
[dc3_node2] Internal PUT (replication): key='item:2719'
[dc3_node2] CONFLICT detected for key='item:2719', siblings=10
[dc3_node2] Saved 94 keys to disk
[dc3_node2] Client PUT: key='item:3938', value='value_3938_update_client7_op1410'
[dc3_node2] Preference list for 'item:3938': ['localhost:50121', 'localhost:50052', 'localhost:50149']
[dc3_node2] Coordinator NOT in preference list, forwarding only
[dc3_node2] Replicated to localhost:50121
[dc3_node2] Replicated to localhost:50149
[dc3_node2] W-quorum achieved (2 writes), returning to client
[dc3_node2] Background replication continues for remaining nodes
[dc3_node2] Successful writes: 2/3
[dc3_node2] Replicated to localhost:50052
[dc3_node2] Internal PUT (replication): key='item:2844'
[dc3_node2] CONFLICT detected for key='item:2844', siblings=9
[dc3_node2] Saved 94 keys to disk
[dc3_node2] Internal PUT (replication): key='item:0025'
[dc3_node2] CONFLICT detected for key='item:0025', siblings=10
[dc3_node2] Saved 94 keys to disk
[dc3_node2] Client PUT: key='item:4911', value='value_4911_client16_op1403'
[dc3_node2] Preference list for 'item:4911': ['localhost:50061', 'localhost:50148', 'localhost:50220']
[dc3_node2] Coordinator NOT in preference list, forwarding only
[dc3_node2] Replicated to localhost:50148
[dc3_node2] Client PUT: key='item:1291', value='value_1291_client37_op1398'
[dc3_node2] Preference list for 'item:1291': ['localhost:50138', 'localhost:50192', 'localhost:50239']
[dc3_node2] Coordinator NOT in preference list, forwarding only
[dc3_node2] Replicated to localhost:50138
[dc3_node2] Replicated to localhost:50239
[dc3_node2] Replicated to localhost:50220
[dc3_node2] W-quorum achieved (2 writes), returning to client
[dc3_node2] Background replication continues for remaining nodes
[dc3_node2] Successful writes: 2/3
[dc3_node2] Replicated to localhost:50192
[dc3_node2] W-quorum achieved (2 writes), returning to client
[dc3_node2] Background replication continues for remaining nodes
[dc3_node2] Successful writes: 2/3
[dc3_node2] Replicated to localhost:50061
[dc3_node2] Internal PUT (replication): key='item:2763'
[dc3_node2] CONFLICT detected for key='item:2763', siblings=13
[dc3_node2] Saved 94 keys to disk
[dc3_node2] Client PUT: key='item:1603', value='value_1603_client34_op1352'
[dc3_node2] Preference list for 'item:1603': ['localhost:50122', 'localhost:50158', 'localhost:50205']
[dc3_node2] Coordinator NOT in preference list, forwarding only
[dc3_node2] Replicated to localhost:50158
[dc3_node2] Client PUT: key='item:1560', value='value_1560_client14_op1372'
[dc3_node2] Preference list for 'item:1560': ['localhost:50098', 'localhost:50144', 'localhost:50159']
[dc3_node2] Coordinator NOT in preference list, forwarding only
[dc3_node2] Replicated to localhost:50122
[dc3_node2] W-quorum achieved (2 writes), returning to client
[dc3_node2] Background replication continues for remaining nodes
[dc3_node2] Successful writes: 2/3
[dc3_node2] Replicated to localhost:50205
[dc3_node2] Replicated to localhost:50144
[dc3_node2] Replicated to localhost:50159
[dc3_node2] W-quorum achieved (2 writes), returning to client
[dc3_node2] Background replication continues for remaining nodes
[dc3_node2] Successful writes: 2/3
[dc3_node2] Replicated to localhost:50098
[dc3_node2] Retrieved key='item:3479', versions=7
[dc3_node2] Retrieved key='item:1002', versions=8
[dc3_node2] Client GET: key='item:1896'
[dc3_node2] Reading from preference list: ['localhost:50124', 'localhost:50242']
[dc3_node2] Key='item:1896' not found
[dc3_node2] CONFLICT: 20 sibling versions for 'item:1896'
[dc3_node2] Client PUT: key='item:3383', value='value_3383_client1_op1399'
[dc3_node2] Preference list for 'item:3383': ['localhost:50096', 'localhost:50142', 'localhost:50181']
[dc3_node2] Coordinator NOT in preference list, forwarding only
[dc3_node2] Replicated to localhost:50096
[dc3_node2] Replicated to localhost:50142
[dc3_node2] W-quorum achieved (2 writes), returning to client
[dc3_node2] Background replication continues for remaining nodes
[dc3_node2] Successful writes: 2/3
[dc3_node2] Retrieved key='item:2698', versions=7
[dc3_node2] Replicated to localhost:50181
[dc3_node2] Client PUT: key='item:0744', value='value_744_client33_op1377'
[dc3_node2] Preference list for 'item:0744': ['localhost:50086', 'localhost:50162', 'localhost:50250']
[dc3_node2] Coordinator NOT in preference list, forwarding only
[dc3_node2] Replicated to localhost:50250
[dc3_node2] Client GET: key='item:1090'
[dc3_node2] Reading from preference list: ['localhost:50075', 'localhost:50133']
[dc3_node2] Key='item:1090' not found
[dc3_node2] CONFLICT: 12 sibling versions for 'item:1090'
[dc3_node2] Replicated to localhost:50086
[dc3_node2] W-quorum achieved (2 writes), returning to client
[dc3_node2] Background replication continues for remaining nodes
[dc3_node2] Successful writes: 2/3
[dc3_node2] Replicated to localhost:50162
[dc3_node2] Retrieved key='item:0698', versions=11
[dc3_node2] Internal PUT (replication): key='item:4866'
[dc3_node2] CONFLICT detected for key='item:4866', siblings=17
[dc3_node2] Saved 94 keys to disk
[dc3_node2] Internal PUT (replication): key='item:1444'
[dc3_node2] CONFLICT detected for key='item:1444', siblings=10
[dc3_node2] Saved 94 keys to disk
[dc3_node2] Internal PUT (replication): key='item:2592'
[dc3_node2] CONFLICT detected for key='item:2592', siblings=13
[dc3_node2] Internal PUT (replication): key='item:1642'
[dc3_node2] Saved 94 keys to disk
[dc3_node2] CONFLICT detected for key='item:1642', siblings=10
[dc3_node2] Saved 94 keys to disk
[dc3_node2] Client GET: key='item:2440'
[dc3_node2] Reading from preference list: ['localhost:50179', 'localhost:50052']
[dc3_node2] Key='item:2440' not found
[dc3_node2] CONFLICT: 26 sibling versions for 'item:2440'
[dc3_node2] Internal PUT (replication): key='item:1625'
[dc3_node2] CONFLICT detected for key='item:1625', siblings=9
[dc3_node2] Saved 94 keys to disk
[dc3_node2] Internal PUT (replication): key='item:2895'
[dc3_node2] CONFLICT detected for key='item:2895', siblings=7
[dc3_node2] Saved 94 keys to disk
[dc3_node2] Retrieved key='item:3708', versions=5
[dc3_node2] Client GET: key='item:0091'
[dc3_node2] Reading from preference list: ['localhost:50072', 'localhost:50114']
[dc3_node2] Key='item:0091' not found
[dc3_node2] CONFLICT: 22 sibling versions for 'item:0091'
[dc3_node2] Client PUT: key='item:2272', value='value_2272_client2_op1402'
[dc3_node2] Preference list for 'item:2272': ['localhost:50194', 'localhost:50080', 'localhost:50106']
[dc3_node2] Coordinator NOT in preference list, forwarding only
[dc3_node2] Replicated to localhost:50194
[dc3_node2] Client PUT: key='item:4636', value='value_4636_client25_op1431'
[dc3_node2] Preference list for 'item:4636': ['localhost:50250', 'localhost:50188', 'localhost:50052']
[dc3_node2] Coordinator NOT in preference list, forwarding only
[dc3_node2] Replicated to localhost:50080
[dc3_node2] W-quorum achieved (2 writes), returning to client
[dc3_node2] Background replication continues for remaining nodes
[dc3_node2] Successful writes: 2/3
[dc3_node2] Internal PUT (replication): key='item:4674'
[dc3_node2] CONFLICT detected for key='item:4674', siblings=9
[dc3_node2] Replicated to localhost:50188
[dc3_node2] Saved 94 keys to disk
[dc3_node2] Replicated to localhost:50052
[dc3_node2] Replicated to localhost:50250
[dc3_node2] W-quorum achieved (2 writes), returning to client
[dc3_node2] Background replication continues for remaining nodes
[dc3_node2] Successful writes: 3/3
[dc3_node2] Replicated to localhost:50106
[dc3_node2] Internal PUT (replication): key='item:1281'
[dc3_node2] CONFLICT detected for key='item:1281', siblings=8
[dc3_node2] Saved 94 keys to disk
[dc3_node2] Retrieved key='item:4730', versions=11
[dc3_node2] Client GET: key='item:3692'
[dc3_node2] Reading from preference list: ['localhost:50163', 'localhost:50056']
[dc3_node2] Key='item:3692' not found
[dc3_node2] CONFLICT: 14 sibling versions for 'item:3692'
[dc3_node2] Retrieved key='item:3543', versions=10
[dc3_node2] Internal PUT (replication): key='item:4774'
[dc3_node2] CONFLICT detected for key='item:4774', siblings=14
[dc3_node2] Saved 94 keys to disk
[dc3_node2] Client GET: key='item:4523'
[dc3_node2] Reading from preference list: ['localhost:50238', 'localhost:50074']
[dc3_node2] Key='item:4523' not found
[dc3_node2] CONFLICT: 25 sibling versions for 'item:4523'
[dc3_node2] Client PUT: key='item:1955', value='value_1955_update_client8_op1421'
[dc3_node2] Preference list for 'item:1955': ['localhost:50233', 'localhost:50117', 'localhost:50062']
[dc3_node2] Coordinator NOT in preference list, forwarding only
[dc3_node2] Replicated to localhost:50062
[dc3_node2] Replicated to localhost:50117
[dc3_node2] Replicated to localhost:50233
[dc3_node2] W-quorum achieved (2 writes), returning to client
[dc3_node2] Background replication continues for remaining nodes
[dc3_node2] Successful writes: 3/3
[dc3_node2] Internal PUT (replication): key='item:3928'
[dc3_node2] CONFLICT detected for key='item:3928', siblings=12
[dc3_node2] Saved 94 keys to disk
[dc3_node2] Internal PUT (replication): key='item:0204'
[dc3_node2] CONFLICT detected for key='item:0204', siblings=11
[dc3_node2] Client PUT: key='item:2731', value='value_2731_update_client49_op1442'
[dc3_node2] Preference list for 'item:2731': ['localhost:50094', 'localhost:50136', 'localhost:50210']
[dc3_node2] Coordinator NOT in preference list, forwarding only
[dc3_node2] Saved 94 keys to disk
[dc3_node2] Retrieved key='item:1924', versions=16
[dc3_node2] Replicated to localhost:50210
[dc3_node2] Replicated to localhost:50136
[dc3_node2] W-quorum achieved (2 writes), returning to client
[dc3_node2] Background replication continues for remaining nodes
[dc3_node2] Successful writes: 2/3
[dc3_node2] Client GET: key='item:0954'
[dc3_node2] Reading from preference list: ['localhost:50165', 'localhost:50142']
[dc3_node2] Key='item:0954' not found
[dc3_node2] Replicated to localhost:50094
[dc3_node2] CONFLICT: 24 sibling versions for 'item:0954'
[dc3_node2] Internal PUT (replication): key='item:4866'
[dc3_node2] CONFLICT detected for key='item:4866', siblings=18
[dc3_node2] Internal PUT (replication): key='item:3543'
[dc3_node2] Saved 94 keys to disk
[dc3_node2] CONFLICT detected for key='item:3543', siblings=11
[dc3_node2] Saved 94 keys to disk
[dc3_node2] Retrieved key='item:3632', versions=5
[dc3_node2] Internal PUT (replication): key='item:1532'
[dc3_node2] CONFLICT detected for key='item:1532', siblings=5
[dc3_node2] Saved 94 keys to disk
[dc3_node2] Internal PUT (replication): key='item:3603'
[dc3_node2] CONFLICT detected for key='item:3603', siblings=12
[dc3_node2] Client PUT: key='item:1565', value='value_1565_client39_op1461'
[dc3_node2] Preference list for 'item:1565': ['localhost:50137', 'localhost:50198', 'localhost:50111']
[dc3_node2] Coordinator NOT in preference list, forwarding only
[dc3_node2] Replicated to localhost:50198
[dc3_node2] Replicated to localhost:50111
[dc3_node2] W-quorum achieved (2 writes), returning to client
[dc3_node2] Background replication continues for remaining nodes
[dc3_node2] Successful writes: 2/3
[dc3_node2] Replicated to localhost:50137
[dc3_node2] Internal PUT (replication): key='item:1444'
[dc3_node2] Saved 94 keys to disk
[dc3_node2] CONFLICT detected for key='item:1444', siblings=11
[dc3_node2] Saved 94 keys to disk
[dc3_node2] Retrieved key='item:3928', versions=12
[dc3_node2] Internal PUT (replication): key='item:3603'
[dc3_node2] CONFLICT detected for key='item:3603', siblings=13
[dc3_node2] Saved 94 keys to disk
[dc3_node2] Retrieved key='item:4377', versions=8
[dc3_node2] Client GET: key='item:0650'
[dc3_node2] Reading from preference list: ['localhost:50193', 'localhost:50099']
[dc3_node2] Key='item:0650' not found
[dc3_node2] CONFLICT: 20 sibling versions for 'item:0650'
[dc3_node2] Internal PUT (replication): key='item:2719'
[dc3_node2] CONFLICT detected for key='item:2719', siblings=11
[dc3_node2] Client GET: key='item:4646'
[dc3_node2] Reading from preference list: ['localhost:50114', 'localhost:50172']
[dc3_node2] Saved 94 keys to disk
[dc3_node2] Key='item:4646' not found
[dc3_node2] CONFLICT: 16 sibling versions for 'item:4646'
[dc3_node2] Internal PUT (replication): key='item:2672'
[dc3_node2] CONFLICT detected for key='item:2672', siblings=9
[dc3_node2] Saved 94 keys to disk
[dc3_node2] Client PUT: key='item:1842', value='value_1842_update_client32_op1476'
[dc3_node2] Preference list for 'item:1842': ['localhost:50173', 'localhost:50055', 'localhost:50122']
[dc3_node2] Coordinator NOT in preference list, forwarding only
[dc3_node2] Replicated to localhost:50173
[dc3_node2] Replicated to localhost:50055
[dc3_node2] W-quorum achieved (2 writes), returning to client
[dc3_node2] Background replication continues for remaining nodes
[dc3_node2] Successful writes: 2/3
[dc3_node2] Replicated to localhost:50122
[dc3_node2] Internal PUT (replication): key='item:3699'
[dc3_node2] CONFLICT detected for key='item:3699', siblings=8
[dc3_node2] Saved 94 keys to disk
[dc3_node2] Internal PUT (replication): key='item:3059'
[dc3_node2] CONFLICT detected for key='item:3059', siblings=7
[dc3_node2] Saved 94 keys to disk
[dc3_node2] Internal PUT (replication): key='item:4730'
[dc3_node2] CONFLICT detected for key='item:4730', siblings=12
[dc3_node2] Saved 94 keys to disk
[dc3_node2] Internal PUT (replication): key='item:4774'
[dc3_node2] CONFLICT detected for key='item:4774', siblings=15
[dc3_node2] Client PUT: key='item:3958', value='value_3958_client7_op1481'
[dc3_node2] Preference list for 'item:3958': ['localhost:50172', 'localhost:50087', 'localhost:50147']
[dc3_node2] Coordinator NOT in preference list, forwarding only
[dc3_node2] Replicated to localhost:50147
[dc3_node2] Replicated to localhost:50172
[dc3_node2] W-quorum achieved (2 writes), returning to client
[dc3_node2] Background replication continues for remaining nodes
[dc3_node2] Successful writes: 2/3
[dc3_node2] Internal PUT (replication): key='item:1649'
[dc3_node2] Saved 94 keys to disk
[dc3_node2] CONFLICT detected for key='item:1649', siblings=11
[dc3_node2] Replicated to localhost:50087
[dc3_node2] Internal PUT (replication): key='item:4676'
[dc3_node2] Saved 94 keys to disk
[dc3_node2] CONFLICT detected for key='item:4676', siblings=16
[dc3_node2] Saved 94 keys to disk
[dc3_node2] Internal PUT (replication): key='item:0254'
[dc3_node2] CONFLICT detected for key='item:0254', siblings=10
[dc3_node2] Saved 94 keys to disk
[dc3_node2] Client PUT: key='item:0516', value='value_516_client13_op1493'
[dc3_node2] Preference list for 'item:0516': ['localhost:50082', 'localhost:50162', 'localhost:50220']
[dc3_node2] Coordinator NOT in preference list, forwarding only
[dc3_node2] Replicated to localhost:50082
[dc3_node2] Retrieved key='item:3632', versions=5
[dc3_node2] Replicated to localhost:50162
[dc3_node2] W-quorum achieved (2 writes), returning to client
[dc3_node2] Background replication continues for remaining nodes
[dc3_node2] Successful writes: 2/3
[dc3_node2] Retrieved key='item:1625', versions=9
[dc3_node2] Replicated to localhost:50220
[dc3_node2] Client PUT: key='item:1404', value='value_1404_update_client43_op1483'
[dc3_node2] Preference list for 'item:1404': ['localhost:50094', 'localhost:50242', 'localhost:50202']
[dc3_node2] Coordinator NOT in preference list, forwarding only
[dc3_node2] Client PUT: key='item:0451', value='value_451_update_client47_op1452'
[dc3_node2] Preference list for 'item:0451': ['localhost:50110', 'localhost:50123', 'localhost:50081']
[dc3_node2] Coordinator NOT in preference list, forwarding only
[dc3_node2] Replicated to localhost:50202
[dc3_node2] Replicated to localhost:50123
[dc3_node2] Replicated to localhost:50110
[dc3_node2] W-quorum achieved (2 writes), returning to client
[dc3_node2] Background replication continues for remaining nodes
[dc3_node2] Successful writes: 2/3
[dc3_node2] Replicated to localhost:50242
[dc3_node2] W-quorum achieved (2 writes), returning to client
[dc3_node2] Background replication continues for remaining nodes
[dc3_node2] Successful writes: 2/3
[dc3_node2] Replicated to localhost:50081
[dc3_node2] Replicated to localhost:50094
[dc3_node2] Internal PUT (replication): key='item:1649'
[dc3_node2] CONFLICT detected for key='item:1649', siblings=12
[dc3_node2] Saved 94 keys to disk
[dc3_node2] Client GET: key='item:2529'
[dc3_node2] Reading from preference list: ['localhost:50091', 'localhost:50185']
[dc3_node2] Key='item:2529' not found
[dc3_node2] Client GET: key='item:2360'
[dc3_node2] Reading from preference list: ['localhost:50158', 'localhost:50082']
[dc3_node2] Key='item:2360' not found
[dc3_node2] CONFLICT: 24 sibling versions for 'item:2360'
[dc3_node2] CONFLICT: 25 sibling versions for 'item:2529'
[dc3_node2] Internal PUT (replication): key='item:0021'
[dc3_node2] CONFLICT detected for key='item:0021', siblings=9
[dc3_node2] Saved 94 keys to disk
[dc3_node2] Internal PUT (replication): key='item:4334'
[dc3_node2] CONFLICT detected for key='item:4334', siblings=12
[dc3_node2] Internal PUT (replication): key='item:3708'
[dc3_node2] Saved 94 keys to disk
[dc3_node2] CONFLICT detected for key='item:3708', siblings=6
[dc3_node2] Internal PUT (replication): key='item:4676'
[dc3_node2] Saved 94 keys to disk
[dc3_node2] CONFLICT detected for key='item:4676', siblings=17
[dc3_node2] Saved 94 keys to disk
[dc3_node2] Internal PUT (replication): key='item:0736'
[dc3_node2] CONFLICT detected for key='item:0736', siblings=13
[dc3_node2] Saved 94 keys to disk
[dc3_node2] Retrieved key='item:3632', versions=5
[dc3_node2] Internal PUT (replication): key='item:1625'
[dc3_node2] CONFLICT detected for key='item:1625', siblings=10
[dc3_node2] Saved 94 keys to disk
[dc3_node2] Internal PUT (replication): key='item:0312'
[dc3_node2] CONFLICT detected for key='item:0312', siblings=8
[dc3_node2] Saved 94 keys to disk
[dc3_node2] Retrieved key='item:3043', versions=7
[dc3_node2] Internal PUT (replication): key='item:2672'
[dc3_node2] CONFLICT detected for key='item:2672', siblings=10
[dc3_node2] Saved 94 keys to disk
[dc3_node2] Client GET: key='item:0327'
[dc3_node2] Reading from preference list: ['localhost:50153', 'localhost:50191']
[dc3_node2] Key='item:0327' not found
[dc3_node2] CONFLICT: 15 sibling versions for 'item:0327'
[dc3_node2] Internal PUT (replication): key='item:2672'
[dc3_node2] CONFLICT detected for key='item:2672', siblings=11
[dc3_node2] Saved 94 keys to disk
[dc3_node2] Retrieved key='item:4730', versions=12
[dc3_node2] Client PUT: key='item:3316', value='value_3316_update_client8_op1472'
[dc3_node2] Preference list for 'item:3316': ['localhost:50222', 'localhost:50165', 'localhost:50136']
[dc3_node2] Coordinator NOT in preference list, forwarding only
[dc3_node2] Replicated to localhost:50136
[dc3_node2] Replicated to localhost:50165
[dc3_node2] W-quorum achieved (2 writes), returning to client
[dc3_node2] Background replication continues for remaining nodes
[dc3_node2] Successful writes: 2/3
[dc3_node2] Replicated to localhost:50222
[dc3_node2] Internal PUT (replication): key='item:3263'
[dc3_node2] CONFLICT detected for key='item:3263', siblings=12
[dc3_node2] Internal PUT (replication): key='item:1002'
[dc3_node2] Saved 94 keys to disk
[dc3_node2] CONFLICT detected for key='item:1002', siblings=9
[dc3_node2] Internal PUT (replication): key='item:3059'
[dc3_node2] Saved 94 keys to disk
[dc3_node2] CONFLICT detected for key='item:3059', siblings=8
[dc3_node2] Internal PUT (replication): key='item:2587'
[dc3_node2] Saved 94 keys to disk
[dc3_node2] Retrieved key='item:4730', versions=12
[dc3_node2] CONFLICT detected for key='item:2587', siblings=6
[dc3_node2] Saved 94 keys to disk
[dc3_node2] Retrieved key='item:3695', versions=6
[dc3_node2] Retrieved key='item:1002', versions=9
[dc3_node2] Client GET: key='item:2647'
[dc3_node2] Reading from preference list: ['localhost:50086', 'localhost:50155']
[dc3_node2] Key='item:2647' not found
[dc3_node2] CONFLICT: 18 sibling versions for 'item:2647'
[dc3_node2] Retrieved key='item:3632', versions=5
[dc3_node2] Internal PUT (replication): key='item:0793'
[dc3_node2] CONFLICT detected for key='item:0793', siblings=9
[dc3_node2] Saved 94 keys to disk
[dc3_node2] Internal PUT (replication): key='item:2714'
[dc3_node2] Updated key='item:2714', value='value_2714_update_client6_op1504', clock={dc4_node7:1}
[dc3_node2] Internal PUT (replication): key='item:3708'
[dc3_node2] Saved 94 keys to disk
[dc3_node2] CONFLICT detected for key='item:3708', siblings=7
[dc3_node2] Internal PUT (replication): key='item:1649'
[dc3_node2] Internal PUT (replication): key='item:2895'
[dc3_node2] Internal PUT (replication): key='item:3119'
[dc3_node2] Saved 94 keys to disk
[dc3_node2] CONFLICT detected for key='item:1649', siblings=13
[dc3_node2] Saved 94 keys to disk
[dc3_node2] CONFLICT detected for key='item:2895', siblings=8
[dc3_node2] Client PUT: key='item:4641', value='value_4641_update_client15_op1485'
[dc3_node2] Preference list for 'item:4641': ['localhost:50110', 'localhost:50090', 'localhost:50231']
[dc3_node2] Coordinator NOT in preference list, forwarding only
[dc3_node2] Saved 94 keys to disk
[dc3_node2] CONFLICT detected for key='item:3119', siblings=11
[dc3_node2] Internal PUT (replication): key='item:2719'
[dc3_node2] Replicated to localhost:50090
[dc3_node2] Replicated to localhost:50110
[dc3_node2] Replicated to localhost:50231
[dc3_node2] W-quorum achieved (2 writes), returning to client
[dc3_node2] Background replication continues for remaining nodes
[dc3_node2] Successful writes: 3/3
[dc3_node2] Saved 94 keys to disk
[dc3_node2] CONFLICT detected for key='item:2719', siblings=12
[dc3_node2] Saved 94 keys to disk
[dc3_node2] Client PUT: key='item:1110', value='value_1110_update_client46_op1476'
[dc3_node2] Preference list for 'item:1110': ['localhost:50183', 'localhost:50226', 'localhost:50055']
[dc3_node2] Coordinator NOT in preference list, forwarding only
[dc3_node2] Retrieved key='item:0863', versions=10
[dc3_node2] Replicated to localhost:50055
[dc3_node2] Replicated to localhost:50226
[dc3_node2] W-quorum achieved (2 writes), returning to client
[dc3_node2] Background replication continues for remaining nodes
[dc3_node2] Successful writes: 2/3
[dc3_node2] Retrieved key='item:2857', versions=13
[dc3_node2] Replicated to localhost:50183
[dc3_node2] Client PUT: key='item:3004', value='value_3004_update_client12_op1559'
[dc3_node2] Preference list for 'item:3004': ['localhost:50250', 'localhost:50185', 'localhost:50053']
[dc3_node2] Coordinator NOT in preference list, forwarding only
[dc3_node2] Internal PUT (replication): key='item:3928'
[dc3_node2] CONFLICT detected for key='item:3928', siblings=13
[dc3_node2] Internal PUT (replication): key='item:2895'
[dc3_node2] Saved 94 keys to disk
[dc3_node2] CONFLICT detected for key='item:2895', siblings=9
[dc3_node2] Replicated to localhost:50250
[dc3_node2] Replicated to localhost:50185
[dc3_node2] W-quorum achieved (2 writes), returning to client
[dc3_node2] Background replication continues for remaining nodes
[dc3_node2] Successful writes: 2/3
[dc3_node2] Replicated to localhost:50053
[dc3_node2] Internal PUT (replication): key='item:4774'
[dc3_node2] Saved 94 keys to disk
[dc3_node2] CONFLICT detected for key='item:4774', siblings=16
[dc3_node2] Saved 94 keys to disk
[dc3_node2] Retrieved key='item:0025', versions=10
[dc3_node2] Retrieved key='item:1002', versions=9
[dc3_node2] Internal PUT (replication): key='item:3263'
[dc3_node2] CONFLICT detected for key='item:3263', siblings=13
[dc3_node2] Saved 94 keys to disk
[dc3_node2] Client PUT: key='item:1224', value='value_1224_update_client41_op1503'
[dc3_node2] Preference list for 'item:1224': ['localhost:50068', 'localhost:50147', 'localhost:50152']
[dc3_node2] Coordinator NOT in preference list, forwarding only
[dc3_node2] Client GET: key='item:1345'
[dc3_node2] Reading from preference list: ['localhost:50228', 'localhost:50083']
[dc3_node2] Key='item:1345' not found
[dc3_node2] CONFLICT: 25 sibling versions for 'item:1345'
[dc3_node2] Client GET: key='item:0988'
[dc3_node2] Reading from preference list: ['localhost:50144', 'localhost:50180']
[dc3_node2] Key='item:0988' not found
[dc3_node2] CONFLICT: 13 sibling versions for 'item:0988'
[dc3_node2] Replicated to localhost:50152
[dc3_node2] Replicated to localhost:50068
[dc3_node2] W-quorum achieved (2 writes), returning to client
[dc3_node2] Background replication continues for remaining nodes
[dc3_node2] Successful writes: 2/3
[dc3_node2] Internal PUT (replication): key='item:3204'
[dc3_node2] CONFLICT detected for key='item:3204', siblings=16
[dc3_node2] Saved 94 keys to disk
[dc3_node2] Replicated to localhost:50147
[dc3_node2] Retrieved key='item:0204', versions=11
[dc3_node2] Retrieved key='item:0025', versions=10
[dc3_node2] Internal PUT (replication): key='item:3479'
[dc3_node2] CONFLICT detected for key='item:3479', siblings=8
[dc3_node2] Saved 94 keys to disk
[dc3_node2] Internal PUT (replication): key='item:2857'
[dc3_node2] CONFLICT detected for key='item:2857', siblings=14
[dc3_node2] Saved 94 keys to disk
[dc3_node2] Internal PUT (replication): key='item:4674'
[dc3_node2] CONFLICT detected for key='item:4674', siblings=10
[dc3_node2] Saved 94 keys to disk
[dc3_node2] Internal PUT (replication): key='item:0204'
[dc3_node2] CONFLICT detected for key='item:0204', siblings=12
[dc3_node2] Internal PUT (replication): key='item:0204'
[dc3_node2] Saved 94 keys to disk
[dc3_node2] CONFLICT detected for key='item:0204', siblings=13
[dc3_node2] Saved 94 keys to disk
[dc3_node2] Retrieved key='item:2844', versions=9
[dc3_node2] Internal PUT (replication): key='item:1379'
[dc3_node2] CONFLICT detected for key='item:1379', siblings=10
[dc3_node2] Saved 94 keys to disk
[dc3_node2] Client PUT: key='item:3741', value='value_3741_client23_op1519'
[dc3_node2] Preference list for 'item:3741': ['localhost:50242', 'localhost:50126', 'localhost:50080']
[dc3_node2] Coordinator NOT in preference list, forwarding only
[dc3_node2] Replicated to localhost:50080
[dc3_node2] Replicated to localhost:50126
[dc3_node2] W-quorum achieved (2 writes), returning to client
[dc3_node2] Background replication continues for remaining nodes
[dc3_node2] Successful writes: 2/3
[dc3_node2] Replicated to localhost:50242
[dc3_node2] Client PUT: key='item:2528', value='value_2528_update_client44_op1515'
[dc3_node2] Preference list for 'item:2528': ['localhost:50204', 'localhost:50183', 'localhost:50108']
[dc3_node2] Coordinator NOT in preference list, forwarding only
[dc3_node2] Replicated to localhost:50108
[dc3_node2] Replicated to localhost:50204
[dc3_node2] W-quorum achieved (2 writes), returning to client
[dc3_node2] Background replication continues for remaining nodes
[dc3_node2] Successful writes: 2/3
[dc3_node2] Replicated to localhost:50183
[dc3_node2] Internal PUT (replication): key='item:2857'
[dc3_node2] CONFLICT detected for key='item:2857', siblings=15
[dc3_node2] Saved 94 keys to disk
[dc3_node2] Client PUT: key='item:4161', value='value_4161_client10_op1542'
[dc3_node2] Preference list for 'item:4161': ['localhost:50075', 'localhost:50145', 'localhost:50241']
[dc3_node2] Coordinator NOT in preference list, forwarding only
[dc3_node2] Internal PUT (replication): key='item:0254'
[dc3_node2] CONFLICT detected for key='item:0254', siblings=11
[dc3_node2] Replicated to localhost:50075
[dc3_node2] Replicated to localhost:50241
[dc3_node2] Replicated to localhost:50145
[dc3_node2] W-quorum achieved (2 writes), returning to client
[dc3_node2] Background replication continues for remaining nodes
[dc3_node2] Successful writes: 3/3
[dc3_node2] Internal PUT (replication): key='item:4377'
[dc3_node2] Saved 94 keys to disk
[dc3_node2] CONFLICT detected for key='item:4377', siblings=9
[dc3_node2] Saved 94 keys to disk
[dc3_node2] Internal PUT (replication): key='item:4793'
[dc3_node2] CONFLICT detected for key='item:4793', siblings=14
[dc3_node2] Client GET: key='item:2222'
[dc3_node2] Reading from preference list: ['localhost:50150', 'localhost:50188']
[dc3_node2] Internal PUT (replication): key='item:3928'
[dc3_node2] Saved 94 keys to disk
[dc3_node2] Key='item:2222' not found
[dc3_node2] CONFLICT detected for key='item:3928', siblings=14
[dc3_node2] Saved 94 keys to disk
[dc3_node2] Retrieved key='item:1924', versions=16
[dc3_node2] Retrieved key='item:3632', versions=5
[dc3_node2] Internal PUT (replication): key='item:4674'
[dc3_node2] CONFLICT detected for key='item:4674', siblings=11
[dc3_node2] CONFLICT: 18 sibling versions for 'item:2222'
[dc3_node2] Saved 94 keys to disk
[dc3_node2] Client GET: key='item:0230'
[dc3_node2] Reading from preference list: ['localhost:50139', 'localhost:50121']
[dc3_node2] Key='item:0230' not found
[dc3_node2] CONFLICT: 22 sibling versions for 'item:0230'
[dc3_node2] Internal PUT (replication): key='item:1642'
[dc3_node2] CONFLICT detected for key='item:1642', siblings=11
[dc3_node2] Internal PUT (replication): key='item:3119'
[dc3_node2] Internal PUT (replication): key='item:3204'
[dc3_node2] Saved 94 keys to disk
[dc3_node2] Retrieved key='item:4674', versions=11
[dc3_node2] CONFLICT detected for key='item:3119', siblings=12
[dc3_node2] Saved 94 keys to disk
[dc3_node2] CONFLICT detected for key='item:3204', siblings=17
[dc3_node2] Saved 94 keys to disk
[dc3_node2] Client GET: key='item:3729'
[dc3_node2] Reading from preference list: ['localhost:50107', 'localhost:50058']
[dc3_node2] Key='item:3729' not found
[dc3_node2] CONFLICT: 22 sibling versions for 'item:3729'
[dc3_node2] Internal PUT (replication): key='item:3043'
[dc3_node2] CONFLICT detected for key='item:3043', siblings=8
[dc3_node2] Saved 94 keys to disk
[dc3_node2] Internal PUT (replication): key='item:4485'
[dc3_node2] CONFLICT detected for key='item:4485', siblings=11
[dc3_node2] Saved 94 keys to disk
[dc3_node2] Internal PUT (replication): key='item:1924'
[dc3_node2] CONFLICT detected for key='item:1924', siblings=17
[dc3_node2] Saved 94 keys to disk
[dc3_node2] Internal PUT (replication): key='item:3451'
[dc3_node2] CONFLICT detected for key='item:3451', siblings=10
[dc3_node2] Saved 94 keys to disk
[dc3_node2] Internal PUT (replication): key='item:4774'
[dc3_node2] CONFLICT detected for key='item:4774', siblings=17
[dc3_node2] Client PUT: key='item:4989', value='value_4989_update_client9_op1549'
[dc3_node2] Preference list for 'item:4989': ['localhost:50222', 'localhost:50149', 'localhost:50188']
[dc3_node2] Coordinator NOT in preference list, forwarding only
[dc3_node2] Internal PUT (replication): key='item:4774'
[dc3_node2] Saved 94 keys to disk
[dc3_node2] CONFLICT detected for key='item:4774', siblings=18
[dc3_node2] Replicated to localhost:50149
[dc3_node2] Saved 94 keys to disk
[dc3_node2] Replicated to localhost:50188
[dc3_node2] W-quorum achieved (2 writes), returning to client
[dc3_node2] Background replication continues for remaining nodes
[dc3_node2] Successful writes: 2/3
[dc3_node2] Replicated to localhost:50222
[dc3_node2] Internal PUT (replication): key='item:3928'
[dc3_node2] CONFLICT detected for key='item:3928', siblings=15
[dc3_node2] Internal PUT (replication): key='item:3695'
[dc3_node2] Internal PUT (replication): key='item:1366'
[dc3_node2] Internal PUT (replication): key='item:3928'
[dc3_node2] Saved 94 keys to disk
[dc3_node2] CONFLICT detected for key='item:3695', siblings=7
[dc3_node2] Saved 94 keys to disk
[dc3_node2] CONFLICT detected for key='item:1366', siblings=15
[dc3_node2] Internal PUT (replication): key='item:2495'
[dc3_node2] Saved 94 keys to disk
[dc3_node2] CONFLICT detected for key='item:3928', siblings=16
[dc3_node2] Saved 94 keys to disk
[dc3_node2] Retrieved key='item:0171', versions=16
[dc3_node2] CONFLICT detected for key='item:2495', siblings=6
[dc3_node2] Saved 94 keys to disk
[dc3_node2] Internal PUT (replication): key='item:4222'
[dc3_node2] CONFLICT detected for key='item:4222', siblings=12
[dc3_node2] Internal PUT (replication): key='item:2495'
[dc3_node2] Saved 94 keys to disk
[dc3_node2] CONFLICT detected for key='item:2495', siblings=7
[dc3_node2] Saved 94 keys to disk
[dc3_node2] Retrieved key='item:0025', versions=10
[dc3_node2] Internal PUT (replication): key='item:3822'
[dc3_node2] CONFLICT detected for key='item:3822', siblings=10
[dc3_node2] Saved 94 keys to disk
[dc3_node2] Internal PUT (replication): key='item:4199'
[dc3_node2] CONFLICT detected for key='item:4199', siblings=11
[dc3_node2] Internal PUT (replication): key='item:2698'
[dc3_node2] Internal PUT (replication): key='item:2698'
[dc3_node2] Saved 94 keys to disk
[dc3_node2] CONFLICT detected for key='item:2698', siblings=8
[dc3_node2] Internal PUT (replication): key='item:0025'
[dc3_node2] Saved 94 keys to disk
[dc3_node2] CONFLICT detected for key='item:2698', siblings=9
[dc3_node2] Saved 94 keys to disk
[dc3_node2] CONFLICT detected for key='item:0025', siblings=11
[dc3_node2] Saved 94 keys to disk
[dc3_node2] Internal PUT (replication): key='item:2453'
[dc3_node2] CONFLICT detected for key='item:2453', siblings=10
[dc3_node2] Saved 94 keys to disk
[dc3_node2] Internal PUT (replication): key='item:2573'
[dc3_node2] CONFLICT detected for key='item:2573', siblings=8
[dc3_node2] Saved 94 keys to disk
[dc3_node2] Retrieved key='item:3043', versions=8
[dc3_node2] Internal PUT (replication): key='item:3479'
[dc3_node2] CONFLICT detected for key='item:3479', siblings=9
[dc3_node2] Saved 94 keys to disk
[dc3_node2] Internal PUT (replication): key='item:3119'
[dc3_node2] CONFLICT detected for key='item:3119', siblings=13
[dc3_node2] Internal PUT (replication): key='item:4730'
[dc3_node2] Saved 94 keys to disk
[dc3_node2] CONFLICT detected for key='item:4730', siblings=12
[dc3_node2] Saved 94 keys to disk
[dc3_node2] Internal PUT (replication): key='item:2857'
[dc3_node2] CONFLICT detected for key='item:2857', siblings=16
[dc3_node2] Client PUT: key='item:0624', value='value_624_update_client38_op1575'
[dc3_node2] Preference list for 'item:0624': ['localhost:50150', 'localhost:50170', 'localhost:50216']
[dc3_node2] Coordinator NOT in preference list, forwarding only
[dc3_node2] Replicated to localhost:50170
[dc3_node2] Saved 94 keys to disk
[dc3_node2] Client PUT: key='item:4000', value='value_4000_update_client45_op1580'
[dc3_node2] Preference list for 'item:4000': ['localhost:50132', 'localhost:50083', 'localhost:50125']
[dc3_node2] Coordinator NOT in preference list, forwarding only
[dc3_node2] Replicated to localhost:50150
[dc3_node2] W-quorum achieved (2 writes), returning to client
[dc3_node2] Background replication continues for remaining nodes
[dc3_node2] Successful writes: 2/3
[dc3_node2] Replicated to localhost:50216
[dc3_node2] Client GET: key='item:1270'
[dc3_node2] Reading from preference list: ['localhost:50066', 'localhost:50082']
[dc3_node2] Key='item:1270' not found
[dc3_node2] CONFLICT: 16 sibling versions for 'item:1270'
[dc3_node2] Replicated to localhost:50125
[dc3_node2] Retrieved key='item:1642', versions=11
[dc3_node2] Replicated to localhost:50132
[dc3_node2] W-quorum achieved (2 writes), returning to client
[dc3_node2] Background replication continues for remaining nodes
[dc3_node2] Successful writes: 2/3
[dc3_node2] Replicated to localhost:50083
[dc3_node2] Internal PUT (replication): key='item:4674'
[dc3_node2] CONFLICT detected for key='item:4674', siblings=12
[dc3_node2] Internal PUT (replication): key='item:3059'
[dc3_node2] Saved 94 keys to disk
[dc3_node2] CONFLICT detected for key='item:3059', siblings=9
[dc3_node2] Saved 94 keys to disk
[dc3_node2] Internal PUT (replication): key='item:0793'
[dc3_node2] CONFLICT detected for key='item:0793', siblings=10
[dc3_node2] Saved 94 keys to disk
[dc3_node2] Internal PUT (replication): key='item:1366'
[dc3_node2] CONFLICT detected for key='item:1366', siblings=16
[dc3_node2] Saved 94 keys to disk
[dc3_node2] Retrieved key='item:1002', versions=9
[dc3_node2] Retrieved key='item:3043', versions=8
[dc3_node2] Client GET: key='item:4907'
[dc3_node2] Reading from preference list: ['localhost:50205', 'localhost:50222']
[dc3_node2] Key='item:4907' not found
[dc3_node2] CONFLICT: 16 sibling versions for 'item:4907'
[dc3_node2] Internal PUT (replication): key='item:1379'
[dc3_node2] CONFLICT detected for key='item:1379', siblings=11
[dc3_node2] Saved 94 keys to disk
[dc3_node2] Internal PUT (replication): key='item:2194'
[dc3_node2] CONFLICT detected for key='item:2194', siblings=10
[dc3_node2] Saved 94 keys to disk
[dc3_node2] Client PUT: key='item:1609', value='value_1609_client41_op1581'
[dc3_node2] Preference list for 'item:1609': ['localhost:50193', 'localhost:50229', 'localhost:50170']
[dc3_node2] Coordinator NOT in preference list, forwarding only
[dc3_node2] Internal PUT (replication): key='item:2672'
[dc3_node2] CONFLICT detected for key='item:2672', siblings=12
[dc3_node2] Replicated to localhost:50170
[dc3_node2] Replicated to localhost:50229
[dc3_node2] W-quorum achieved (2 writes), returning to client
[dc3_node2] Background replication continues for remaining nodes
[dc3_node2] Successful writes: 2/3
[dc3_node2] Saved 94 keys to disk
[dc3_node2] Replicated to localhost:50193
[dc3_node2] Internal PUT (replication): key='item:4390'
[dc3_node2] CONFLICT detected for key='item:4390', siblings=5
[dc3_node2] Saved 94 keys to disk
[dc3_node2] Client GET: key='item:1220'
[dc3_node2] Reading from preference list: ['localhost:50237', 'localhost:50053']
[dc3_node2] Key='item:1220' not found
[dc3_node2] CONFLICT: 34 sibling versions for 'item:1220'
[dc3_node2] Internal PUT (replication): key='item:1444'
[dc3_node2] CONFLICT detected for key='item:1444', siblings=12
[dc3_node2] Saved 94 keys to disk
[dc3_node2] Internal PUT (replication): key='item:1649'
[dc3_node2] CONFLICT detected for key='item:1649', siblings=14
[dc3_node2] Saved 94 keys to disk
[dc3_node2] Retrieved key='item:4058', versions=8
[dc3_node2] Client GET: key='item:2650'
[dc3_node2] Reading from preference list: ['localhost:50067', 'localhost:50222']
[dc3_node2] Key='item:2650' not found
[dc3_node2] CONFLICT: 17 sibling versions for 'item:2650'
[dc3_node2] Internal PUT (replication): key='item:2587'
[dc3_node2] CONFLICT detected for key='item:2587', siblings=7
[dc3_node2] Saved 94 keys to disk
[dc3_node2] Client PUT: key='item:4509', value='value_4509_update_client5_op1630'
[dc3_node2] Preference list for 'item:4509': ['localhost:50129', 'localhost:50218', 'localhost:50147']
[dc3_node2] Coordinator NOT in preference list, forwarding only
[dc3_node2] Replicated to localhost:50129
[dc3_node2] Replicated to localhost:50218
[dc3_node2] W-quorum achieved (2 writes), returning to client
[dc3_node2] Background replication continues for remaining nodes
[dc3_node2] Successful writes: 2/3
[dc3_node2] Retrieved key='item:4749', versions=4
[dc3_node2] Replicated to localhost:50147
[dc3_node2] Client GET: key='item:2859'
[dc3_node2] Reading from preference list: ['localhost:50241', 'localhost:50177']
[dc3_node2] Key='item:2859' not found
[dc3_node2] CONFLICT: 16 sibling versions for 'item:2859'
[dc3_node2] Internal PUT (replication): key='item:1625'
[dc3_node2] CONFLICT detected for key='item:1625', siblings=11
[dc3_node2] Saved 94 keys to disk
[dc3_node2] Retrieved key='item:4058', versions=8
[dc3_node2] Internal PUT (replication): key='item:4334'
[dc3_node2] CONFLICT detected for key='item:4334', siblings=13
[dc3_node2] Saved 94 keys to disk
[dc3_node2] Retrieved key='item:3822', versions=10
[dc3_node2] Client PUT: key='item:4655', value='value_4655_update_client44_op1604'
[dc3_node2] Preference list for 'item:4655': ['localhost:50062', 'localhost:50094', 'localhost:50118']
[dc3_node2] Coordinator NOT in preference list, forwarding only
[dc3_node2] Retrieved key='item:0619', versions=17
[dc3_node2] Replicated to localhost:50094
[dc3_node2] Internal PUT (replication): key='item:0619'
[dc3_node2] CONFLICT detected for key='item:0619', siblings=18
[dc3_node2] Replicated to localhost:50062
[dc3_node2] W-quorum achieved (2 writes), returning to client
[dc3_node2] Background replication continues for remaining nodes
[dc3_node2] Successful writes: 2/3
[dc3_node2] Replicated to localhost:50118
[dc3_node2] Saved 94 keys to disk
[dc3_node2] Internal PUT (replication): key='item:0122'
[dc3_node2] CONFLICT detected for key='item:0122', siblings=9
[dc3_node2] Saved 94 keys to disk
[dc3_node2] Client PUT: key='item:1144', value='value_1144_update_client21_op1592'
[dc3_node2] Preference list for 'item:1144': ['localhost:50154', 'localhost:50084', 'localhost:50221']
[dc3_node2] Coordinator NOT in preference list, forwarding only
[dc3_node2] Replicated to localhost:50221
[dc3_node2] Replicated to localhost:50154
[dc3_node2] W-quorum achieved (2 writes), returning to client
[dc3_node2] Background replication continues for remaining nodes
[dc3_node2] Successful writes: 2/3
[dc3_node2] Replicated to localhost:50084
[dc3_node2] Internal PUT (replication): key='item:2719'
[dc3_node2] CONFLICT detected for key='item:2719', siblings=13
[dc3_node2] Saved 94 keys to disk
[dc3_node2] Internal PUT (replication): key='item:3603'
[dc3_node2] CONFLICT detected for key='item:3603', siblings=14
[dc3_node2] Client GET: key='item:0578'
[dc3_node2] Reading from preference list: ['localhost:50094', 'localhost:50186']
[dc3_node2] Internal PUT (replication): key='item:0619'
[dc3_node2] Saved 94 keys to disk
[dc3_node2] Key='item:0578' not found
[dc3_node2] CONFLICT detected for key='item:0619', siblings=19
[dc3_node2] CONFLICT: 20 sibling versions for 'item:0578'
[dc3_node2] Saved 94 keys to disk
[dc3_node2] Client PUT: key='item:3805', value='value_3805_update_client19_op1637'
[dc3_node2] Preference list for 'item:3805': ['localhost:50131', 'localhost:50103', 'localhost:50068']
[dc3_node2] Coordinator NOT in preference list, forwarding only
[dc3_node2] Internal PUT (replication): key='item:3263'
[dc3_node2] CONFLICT detected for key='item:3263', siblings=14
[dc3_node2] Saved 94 keys to disk
[dc3_node2] Replicated to localhost:50068
[dc3_node2] Replicated to localhost:50103
[dc3_node2] W-quorum achieved (2 writes), returning to client
[dc3_node2] Background replication continues for remaining nodes
[dc3_node2] Successful writes: 2/3
[dc3_node2] Replicated to localhost:50131
[dc3_node2] Retrieved key='item:3632', versions=5
[dc3_node2] Internal PUT (replication): key='item:0255'
[dc3_node2] CONFLICT detected for key='item:0255', siblings=16
[dc3_node2] Internal PUT (replication): key='item:0654'
[dc3_node2] Saved 94 keys to disk
[dc3_node2] CONFLICT detected for key='item:0654', siblings=12
[dc3_node2] Saved 94 keys to disk
[dc3_node2] Internal PUT (replication): key='item:1649'
[dc3_node2] CONFLICT detected for key='item:1649', siblings=15
[dc3_node2] Internal PUT (replication): key='item:0025'
[dc3_node2] Internal PUT (replication): key='item:1642'
[dc3_node2] Internal PUT (replication): key='item:1754'
[dc3_node2] Saved 94 keys to disk
[dc3_node2] CONFLICT detected for key='item:0025', siblings=12
[dc3_node2] Saved 94 keys to disk
[dc3_node2] Retrieved key='item:3119', versions=13
[dc3_node2] CONFLICT detected for key='item:1642', siblings=12
[dc3_node2] Saved 94 keys to disk
[dc3_node2] CONFLICT detected for key='item:1754', siblings=7
[dc3_node2] Saved 94 keys to disk
[dc3_node2] Client GET: key='item:0700'
[dc3_node2] Reading from preference list: ['localhost:50170', 'localhost:50098']
[dc3_node2] Key='item:0700' not found
[dc3_node2] Client GET: key='item:3975'
[dc3_node2] Reading from preference list: ['localhost:50128', 'localhost:50165']
[dc3_node2] Key='item:3975' not found
[dc3_node2] CONFLICT: 26 sibling versions for 'item:3975'
[dc3_node2] CONFLICT: 20 sibling versions for 'item:0700'
[dc3_node2] Internal PUT (replication): key='item:0296'
[dc3_node2] CONFLICT detected for key='item:0296', siblings=15
[dc3_node2] Saved 94 keys to disk
[dc3_node2] Internal PUT (replication): key='item:3633'
[dc3_node2] CONFLICT detected for key='item:3633', siblings=10
[dc3_node2] Saved 94 keys to disk
[dc3_node2] Client PUT: key='item:4307', value='value_4307_client3_op1684'
[dc3_node2] Preference list for 'item:4307': ['localhost:50083', 'localhost:50174', 'localhost:50068']
[dc3_node2] Coordinator NOT in preference list, forwarding only
[dc3_node2] Replicated to localhost:50083
[dc3_node2] Replicated to localhost:50174
[dc3_node2] Replicated to localhost:50068
[dc3_node2] W-quorum achieved (2 writes), returning to client
[dc3_node2] Background replication continues for remaining nodes
[dc3_node2] Successful writes: 3/3
[dc3_node2] Retrieved key='item:0619', versions=19
[dc3_node2] Retrieved key='item:0255', versions=16
[dc3_node2] Internal PUT (replication): key='item:0775'
[dc3_node2] CONFLICT detected for key='item:0775', siblings=7
[dc3_node2] Internal PUT (replication): key='item:0122'
[dc3_node2] Saved 94 keys to disk
[dc3_node2] CONFLICT detected for key='item:0122', siblings=10
[dc3_node2] Saved 94 keys to disk
[dc3_node2] Retrieved key='item:4704', versions=9
[dc3_node2] Internal PUT (replication): key='item:0171'
[dc3_node2] CONFLICT detected for key='item:0171', siblings=17
[dc3_node2] Saved 94 keys to disk
[dc3_node2] Client PUT: key='item:4550', value='value_4550_update_client19_op1670'
[dc3_node2] Preference list for 'item:4550': ['localhost:50103', 'localhost:50080', 'localhost:50143']
[dc3_node2] Coordinator NOT in preference list, forwarding only
[dc3_node2] Replicated to localhost:50103
[dc3_node2] Internal PUT (replication): key='item:1649'
[dc3_node2] CONFLICT detected for key='item:1649', siblings=16
[dc3_node2] Replicated to localhost:50143
[dc3_node2] Saved 94 keys to disk
[dc3_node2] Replicated to localhost:50080
[dc3_node2] W-quorum achieved (2 writes), returning to client
[dc3_node2] Background replication continues for remaining nodes
[dc3_node2] Successful writes: 3/3
[dc3_node2] Internal PUT (replication): key='item:4271'
[dc3_node2] CONFLICT detected for key='item:4271', siblings=10
[dc3_node2] Saved 94 keys to disk
[dc3_node2] Internal PUT (replication): key='item:1002'
[dc3_node2] CONFLICT detected for key='item:1002', siblings=10
[dc3_node2] Client PUT: key='item:2960', value='value_2960_update_client14_op1643'
[dc3_node2] Preference list for 'item:2960': ['localhost:50201', 'localhost:50073', 'localhost:50158']
[dc3_node2] Coordinator NOT in preference list, forwarding only
[dc3_node2] Internal PUT (replication): key='item:4222'
[dc3_node2] Saved 94 keys to disk
[dc3_node2] CONFLICT detected for key='item:4222', siblings=13
[dc3_node2] Saved 94 keys to disk
[dc3_node2] Replicated to localhost:50158
[dc3_node2] Replicated to localhost:50201
[dc3_node2] W-quorum achieved (2 writes), returning to client
[dc3_node2] Background replication continues for remaining nodes
[dc3_node2] Successful writes: 2/3
[dc3_node2] Replicated to localhost:50073
[dc3_node2] Retrieved key='item:1924', versions=17
[dc3_node2] Retrieved key='item:0736', versions=13
[dc3_node2] Internal PUT (replication): key='item:3633'
[dc3_node2] CONFLICT detected for key='item:3633', siblings=11
[dc3_node2] Internal PUT (replication): key='item:3695'
[dc3_node2] Saved 94 keys to disk
[dc3_node2] CONFLICT detected for key='item:3695', siblings=8
[dc3_node2] Saved 94 keys to disk
[dc3_node2] Retrieved key='item:3263', versions=14
[dc3_node2] Client PUT: key='item:0865', value='value_865_client12_op1737'
[dc3_node2] Preference list for 'item:0865': ['localhost:50205', 'localhost:50085', 'localhost:50150']
[dc3_node2] Coordinator NOT in preference list, forwarding only
[dc3_node2] Replicated to localhost:50205
[dc3_node2] Replicated to localhost:50150
[dc3_node2] W-quorum achieved (2 writes), returning to client
[dc3_node2] Background replication continues for remaining nodes
[dc3_node2] Successful writes: 2/3
[dc3_node2] Replicated to localhost:50085
[dc3_node2] Internal PUT (replication): key='item:2844'
[dc3_node2] CONFLICT detected for key='item:2844', siblings=10
[dc3_node2] Internal PUT (replication): key='item:0122'
[dc3_node2] Saved 94 keys to disk
[dc3_node2] CONFLICT detected for key='item:0122', siblings=11
[dc3_node2] Saved 94 keys to disk
[dc3_node2] Retrieved key='item:0775', versions=7
[dc3_node2] Retrieved key='item:2763', versions=13
[dc3_node2] Client GET: key='item:0500'
[dc3_node2] Reading from preference list: ['localhost:50066', 'localhost:50232']
[dc3_node2] Key='item:0500' not found
[dc3_node2] Client PUT: key='item:4044', value='value_4044_client39_op1706'
[dc3_node2] Preference list for 'item:4044': ['localhost:50242', 'localhost:50230', 'localhost:50177']
[dc3_node2] Coordinator NOT in preference list, forwarding only
[dc3_node2] CONFLICT: 23 sibling versions for 'item:0500'
[dc3_node2] Replicated to localhost:50177
[dc3_node2] Internal PUT (replication): key='item:0296'
[dc3_node2] CONFLICT detected for key='item:0296', siblings=16
[dc3_node2] Replicated to localhost:50242
[dc3_node2] W-quorum achieved (2 writes), returning to client
[dc3_node2] Background replication continues for remaining nodes
[dc3_node2] Successful writes: 2/3
[dc3_node2] Replicated to localhost:50230
[dc3_node2] Saved 94 keys to disk
[dc3_node2] Retrieved key='item:0254', versions=11
[dc3_node2] Retrieved key='item:0793', versions=10
[dc3_node2] Internal PUT (replication): key='item:0171'
[dc3_node2] CONFLICT detected for key='item:0171', siblings=18
[dc3_node2] Internal PUT (replication): key='item:2495'
[dc3_node2] Saved 94 keys to disk
[dc3_node2] CONFLICT detected for key='item:2495', siblings=8
[dc3_node2] Client PUT: key='item:3556', value='value_3556_client5_op1700'
[dc3_node2] Preference list for 'item:3556': ['localhost:50227', 'localhost:50142', 'localhost:50186']
[dc3_node2] Coordinator NOT in preference list, forwarding only
[dc3_node2] Replicated to localhost:50227
[dc3_node2] Saved 94 keys to disk
[dc3_node2] Replicated to localhost:50142
[dc3_node2] W-quorum achieved (2 writes), returning to client
[dc3_node2] Background replication continues for remaining nodes
[dc3_node2] Successful writes: 2/3
[dc3_node2] Replicated to localhost:50186
[dc3_node2] Internal PUT (replication): key='item:1649'
[dc3_node2] CONFLICT detected for key='item:1649', siblings=17
[dc3_node2] Saved 94 keys to disk
[dc3_node2] Internal PUT (replication): key='item:4485'
[dc3_node2] CONFLICT detected for key='item:4485', siblings=12
[dc3_node2] Client PUT: key='item:2398', value='value_2398_update_client25_op1675'
[dc3_node2] Preference list for 'item:2398': ['localhost:50220', 'localhost:50237', 'localhost:50089']
[dc3_node2] Coordinator NOT in preference list, forwarding only
[dc3_node2] Internal PUT (replication): key='item:0021'
[dc3_node2] Replicated to localhost:50220
[dc3_node2] Saved 94 keys to disk
[dc3_node2] CONFLICT detected for key='item:0021', siblings=10
[dc3_node2] Saved 94 keys to disk
[dc3_node2] Retrieved key='item:4058', versions=8
[dc3_node2] Replicated to localhost:50089
[dc3_node2] W-quorum achieved (2 writes), returning to client
[dc3_node2] Background replication continues for remaining nodes
[dc3_node2] Successful writes: 2/3
[dc3_node2] Replicated to localhost:50237
[dc3_node2] Retrieved key='item:2453', versions=10
[dc3_node2] Internal PUT (replication): key='item:4704'
[dc3_node2] CONFLICT detected for key='item:4704', siblings=10
[dc3_node2] Internal PUT (replication): key='item:3451'
[dc3_node2] Saved 94 keys to disk
[dc3_node2] CONFLICT detected for key='item:3451', siblings=11
[dc3_node2] Saved 94 keys to disk
[dc3_node2] Retrieved key='item:0736', versions=13
[dc3_node2] Internal PUT (replication): key='item:3632'
[dc3_node2] CONFLICT detected for key='item:3632', siblings=6
[dc3_node2] Internal PUT (replication): key='item:2587'
[dc3_node2] Saved 94 keys to disk
[dc3_node2] CONFLICT detected for key='item:2587', siblings=8
[dc3_node2] Saved 94 keys to disk
[dc3_node2] Internal PUT (replication): key='item:4334'
[dc3_node2] CONFLICT detected for key='item:4334', siblings=14
[dc3_node2] Internal PUT (replication): key='item:0255'
[dc3_node2] Saved 94 keys to disk
[dc3_node2] CONFLICT detected for key='item:0255', siblings=17
[dc3_node2] Saved 94 keys to disk
[dc3_node2] Retrieved key='item:4485', versions=12
[dc3_node2] Retrieved key='item:1924', versions=17
[dc3_node2] Retrieved key='item:2587', versions=8
[dc3_node2] Client PUT: key='item:1469', value='value_1469_client30_op1689'
[dc3_node2] Preference list for 'item:1469': ['localhost:50058', 'localhost:50193', 'localhost:50114']
[dc3_node2] Coordinator NOT in preference list, forwarding only
[dc3_node2] Replicated to localhost:50193
[dc3_node2] Replicated to localhost:50058
[dc3_node2] Replicated to localhost:50114
[dc3_node2] W-quorum achieved (2 writes), returning to client
[dc3_node2] Background replication continues for remaining nodes
[dc3_node2] Successful writes: 3/3
[dc3_node2] Client PUT: key='item:1129', value='value_1129_update_client14_op1676'
[dc3_node2] Preference list for 'item:1129': ['localhost:50053', 'localhost:50072', 'localhost:50157']
[dc3_node2] Coordinator NOT in preference list, forwarding only
[dc3_node2] Replicated to localhost:50053
[dc3_node2] Internal PUT (replication): key='item:3708'
[dc3_node2] CONFLICT detected for key='item:3708', siblings=8
[dc3_node2] Replicated to localhost:50157
[dc3_node2] W-quorum achieved (2 writes), returning to client
[dc3_node2] Background replication continues for remaining nodes
[dc3_node2] Successful writes: 2/3
[dc3_node2] Replicated to localhost:50072
[dc3_node2] Saved 94 keys to disk
[dc3_node2] Internal PUT (replication): key='item:0254'
[dc3_node2] CONFLICT detected for key='item:0254', siblings=12
[dc3_node2] Saved 94 keys to disk
[dc3_node2] Client PUT: key='item:3018', value='value_3018_client39_op1730'
[dc3_node2] Preference list for 'item:3018': ['localhost:50060', 'localhost:50075', 'localhost:50183']
[dc3_node2] Coordinator NOT in preference list, forwarding only
[dc3_node2] Retrieved key='item:0698', versions=11
[dc3_node2] Replicated to localhost:50183
[dc3_node2] Replicated to localhost:50060
[dc3_node2] W-quorum achieved (2 writes), returning to client
[dc3_node2] Background replication continues for remaining nodes
[dc3_node2] Successful writes: 2/3
[dc3_node2] Replicated to localhost:50075
[dc3_node2] Internal PUT (replication): key='item:1281'
[dc3_node2] CONFLICT detected for key='item:1281', siblings=9
[dc3_node2] Saved 94 keys to disk
[dc3_node2] Client PUT: key='item:3339', value='value_3339_client48_op1709'
[dc3_node2] Preference list for 'item:3339': ['localhost:50152', 'localhost:50064', 'localhost:50125']
[dc3_node2] Coordinator NOT in preference list, forwarding only
[dc3_node2] Replicated to localhost:50152
[dc3_node2] Client PUT: key='item:0163', value='value_163_update_client9_op1698'
[dc3_node2] Preference list for 'item:0163': ['localhost:50155', 'localhost:50065', 'localhost:50146']
[dc3_node2] Coordinator NOT in preference list, forwarding only
[dc3_node2] Internal PUT (replication): key='item:1754'
[dc3_node2] CONFLICT detected for key='item:1754', siblings=8
[dc3_node2] Replicated to localhost:50155
[dc3_node2] Saved 94 keys to disk
[dc3_node2] Replicated to localhost:50146
[dc3_node2] Replicated to localhost:50065
[dc3_node2] W-quorum achieved (2 writes), returning to client
[dc3_node2] Background replication continues for remaining nodes
[dc3_node2] Successful writes: 3/3
[dc3_node2] Replicated to localhost:50064
[dc3_node2] W-quorum achieved (2 writes), returning to client
[dc3_node2] Background replication continues for remaining nodes
[dc3_node2] Successful writes: 2/3
[dc3_node2] Replicated to localhost:50125
[dc3_node2] Retrieved key='item:4676', versions=17
[dc3_node2] Retrieved key='item:2587', versions=8
[dc3_node2] Retrieved key='item:4334', versions=14
[dc3_node2] Client PUT: key='item:0441', value='value_441_client40_op1688'
[dc3_node2] Preference list for 'item:0441': ['localhost:50192', 'localhost:50162', 'localhost:50111']
[dc3_node2] Coordinator NOT in preference list, forwarding only
[dc3_node2] Replicated to localhost:50111
[dc3_node2] Replicated to localhost:50192
[dc3_node2] W-quorum achieved (2 writes), returning to client
[dc3_node2] Background replication continues for remaining nodes
[dc3_node2] Successful writes: 2/3
[dc3_node2] Replicated to localhost:50162
[dc3_node2] Internal PUT (replication): key='item:0312'
[dc3_node2] CONFLICT detected for key='item:0312', siblings=9
[dc3_node2] Internal PUT (replication): key='item:3043'
[dc3_node2] Saved 94 keys to disk
[dc3_node2] CONFLICT detected for key='item:3043', siblings=9
[dc3_node2] Internal PUT (replication): key='item:0171'
[dc3_node2] Saved 94 keys to disk
[dc3_node2] CONFLICT detected for key='item:0171', siblings=19
[dc3_node2] Saved 94 keys to disk
[dc3_node2] Client GET: key='item:0173'
[dc3_node2] Reading from preference list: ['localhost:50075', 'localhost:50170']
[dc3_node2] Key='item:0173' not found
[dc3_node2] CONFLICT: 18 sibling versions for 'item:0173'
[dc3_node2] Internal PUT (replication): key='item:0122'
[dc3_node2] CONFLICT detected for key='item:0122', siblings=12
[dc3_node2] Client GET: key='item:1231'
[dc3_node2] Reading from preference list: ['localhost:50078', 'localhost:50096']
[dc3_node2] Saved 94 keys to disk
[dc3_node2] Key='item:1231' not found
[dc3_node2] CONFLICT: 22 sibling versions for 'item:1231'
[dc3_node2] Internal PUT (replication): key='item:1271'
[dc3_node2] CONFLICT detected for key='item:1271', siblings=12
[dc3_node2] Saved 94 keys to disk
[dc3_node2] Internal PUT (replication): key='item:0254'
[dc3_node2] CONFLICT detected for key='item:0254', siblings=13
[dc3_node2] Saved 94 keys to disk
[dc3_node2] Client GET: key='item:0156'
[dc3_node2] Reading from preference list: ['localhost:50151', 'localhost:50192']
[dc3_node2] Key='item:0156' not found
[dc3_node2] CONFLICT: 20 sibling versions for 'item:0156'
[dc3_node2] Internal PUT (replication): key='item:0736'
[dc3_node2] CONFLICT detected for key='item:0736', siblings=14
[dc3_node2] Saved 94 keys to disk
[dc3_node2] Internal PUT (replication): key='item:0863'
[dc3_node2] CONFLICT detected for key='item:0863', siblings=11
[dc3_node2] Client GET: key='item:2430'
[dc3_node2] Reading from preference list: ['localhost:50154', 'localhost:50150']
[dc3_node2] Saved 94 keys to disk
[dc3_node2] Key='item:2430' not found
[dc3_node2] CONFLICT: 22 sibling versions for 'item:2430'
[dc3_node2] Client GET: key='item:3050'
[dc3_node2] Reading from preference list: ['localhost:50062', 'localhost:50118']
[dc3_node2] Key='item:3050' not found
[dc3_node2] Internal PUT (replication): key='item:3543'
[dc3_node2] CONFLICT detected for key='item:3543', siblings=12
[dc3_node2] CONFLICT: 22 sibling versions for 'item:3050'
[dc3_node2] Saved 94 keys to disk
[dc3_node2] Client GET: key='item:4175'
[dc3_node2] Reading from preference list: ['localhost:50245', 'localhost:50221']
[dc3_node2] Key='item:4175' not found
[dc3_node2] Internal PUT (replication): key='item:1444'
[dc3_node2] CONFLICT detected for key='item:1444', siblings=13
[dc3_node2] Saved 94 keys to disk
[dc3_node2] CONFLICT: 26 sibling versions for 'item:4175'
[dc3_node2] Retrieved key='item:1642', versions=12
[dc3_node2] Client PUT: key='item:4282', value='value_4282_update_client29_op1752'
[dc3_node2] Preference list for 'item:4282': ['localhost:50112', 'localhost:50195', 'localhost:50098']
[dc3_node2] Coordinator NOT in preference list, forwarding only
[dc3_node2] Retrieved key='item:4704', versions=10
[dc3_node2] Internal PUT (replication): key='item:3699'
[dc3_node2] CONFLICT detected for key='item:3699', siblings=9
[dc3_node2] Replicated to localhost:50112
[dc3_node2] Saved 94 keys to disk
[dc3_node2] Replicated to localhost:50195
[dc3_node2] Replicated to localhost:50098
[dc3_node2] W-quorum achieved (2 writes), returning to client
[dc3_node2] Background replication continues for remaining nodes
[dc3_node2] Successful writes: 3/3
[dc3_node2] Internal PUT (replication): key='item:4793'
[dc3_node2] CONFLICT detected for key='item:4793', siblings=15
[dc3_node2] Saved 94 keys to disk
[dc3_node2] Internal PUT (replication): key='item:3699'
[dc3_node2] CONFLICT detected for key='item:3699', siblings=10
[dc3_node2] Saved 94 keys to disk
[dc3_node2] Internal PUT (replication): key='item:0654'
[dc3_node2] CONFLICT detected for key='item:0654', siblings=13
[dc3_node2] Saved 94 keys to disk
[dc3_node2] Retrieved key='item:0698', versions=11
[dc3_node2] Retrieved key='item:1002', versions=10
[dc3_node2] Internal PUT (replication): key='item:1532'
[dc3_node2] CONFLICT detected for key='item:1532', siblings=6
[dc3_node2] Internal PUT (replication): key='item:2194'
[dc3_node2] Saved 94 keys to disk
[dc3_node2] CONFLICT detected for key='item:2194', siblings=11
[dc3_node2] Saved 94 keys to disk
[dc3_node2] Client PUT: key='item:0832', value='value_832_update_client20_op1753'
[dc3_node2] Preference list for 'item:0832': ['localhost:50210', 'localhost:50101', 'localhost:50243']
[dc3_node2] Coordinator NOT in preference list, forwarding only
[dc3_node2] Client PUT: key='item:2828', value='value_2828_client26_op1710'
[dc3_node2] Preference list for 'item:2828': ['localhost:50096', 'localhost:50240', 'localhost:50121']
[dc3_node2] Coordinator NOT in preference list, forwarding only
[dc3_node2] Replicated to localhost:50096
[dc3_node2] Replicated to localhost:50121
[dc3_node2] W-quorum achieved (2 writes), returning to client
[dc3_node2] Background replication continues for remaining nodes
[dc3_node2] Successful writes: 2/3
[dc3_node2] Replicated to localhost:50210
[dc3_node2] Replicated to localhost:50243
[dc3_node2] W-quorum achieved (2 writes), returning to client
[dc3_node2] Background replication continues for remaining nodes
[dc3_node2] Successful writes: 2/3
[dc3_node2] Replicated to localhost:50101
[dc3_node2] Internal PUT (replication): key='item:1649'
[dc3_node2] CONFLICT detected for key='item:1649', siblings=18
[dc3_node2] Saved 94 keys to disk
[dc3_node2] Retrieved key='item:4390', versions=5
[dc3_node2] Replicated to localhost:50240
[dc3_node2] Client PUT: key='item:4455', value='value_4455_client32_op1765'
[dc3_node2] Preference list for 'item:4455': ['localhost:50177', 'localhost:50152', 'localhost:50115']
[dc3_node2] Coordinator NOT in preference list, forwarding only
[dc3_node2] Replicated to localhost:50177
[dc3_node2] Replicated to localhost:50152
[dc3_node2] W-quorum achieved (2 writes), returning to client
[dc3_node2] Background replication continues for remaining nodes
[dc3_node2] Successful writes: 2/3
[dc3_node2] Replicated to localhost:50115
[dc3_node2] Internal PUT (replication): key='item:4199'
[dc3_node2] CONFLICT detected for key='item:4199', siblings=11
[dc3_node2] Saved 94 keys to disk
[dc3_node2] Retrieved key='item:4730', versions=12
[dc3_node2] Client GET: key='item:2330'
[dc3_node2] Reading from preference list: ['localhost:50074', 'localhost:50184']
[dc3_node2] Key='item:2330' not found
[dc3_node2] CONFLICT: 29 sibling versions for 'item:2330'
[dc3_node2] Retrieved key='item:3632', versions=6
[dc3_node2] Internal PUT (replication): key='item:0806'
[dc3_node2] CONFLICT detected for key='item:0806', siblings=13
[dc3_node2] Saved 94 keys to disk
[dc3_node2] Client PUT: key='item:4139', value='value_4139_update_client26_op1720'
[dc3_node2] Preference list for 'item:4139': ['localhost:50056', 'localhost:50115', 'localhost:50163']
[dc3_node2] Coordinator NOT in preference list, forwarding only
[dc3_node2] Replicated to localhost:50163
[dc3_node2] Replicated to localhost:50115
[dc3_node2] W-quorum achieved (2 writes), returning to client
[dc3_node2] Background replication continues for remaining nodes
[dc3_node2] Successful writes: 2/3
[dc3_node2] Replicated to localhost:50056
[dc3_node2] Client GET: key='item:3368'
[dc3_node2] Reading from preference list: ['localhost:50078', 'localhost:50056']
[dc3_node2] Key='item:3368' not found
[dc3_node2] CONFLICT: 24 sibling versions for 'item:3368'
[dc3_node2] Internal PUT (replication): key='item:1281'
[dc3_node2] CONFLICT detected for key='item:1281', siblings=10
[dc3_node2] Saved 94 keys to disk
[dc3_node2] Internal PUT (replication): key='item:2844'
[dc3_node2] CONFLICT detected for key='item:2844', siblings=10
[dc3_node2] Saved 94 keys to disk
[dc3_node2] Client PUT: key='item:0257', value='value_257_client21_op1716'
[dc3_node2] Preference list for 'item:0257': ['localhost:50170', 'localhost:50123', 'localhost:50218']
[dc3_node2] Coordinator NOT in preference list, forwarding only
[dc3_node2] Internal PUT (replication): key='item:3603'
[dc3_node2] CONFLICT detected for key='item:3603', siblings=15
[dc3_node2] Replicated to localhost:50218
[dc3_node2] Internal PUT (replication): key='item:1649'
[dc3_node2] Internal PUT (replication): key='item:0025'
[dc3_node2] Saved 94 keys to disk
[dc3_node2] CONFLICT detected for key='item:1649', siblings=19
[dc3_node2] Replicated to localhost:50123
[dc3_node2] W-quorum achieved (2 writes), returning to client
[dc3_node2] Background replication continues for remaining nodes
[dc3_node2] Successful writes: 2/3
[dc3_node2] Replicated to localhost:50170
[dc3_node2] Internal PUT (replication): key='item:4390'
[dc3_node2] Saved 94 keys to disk
[dc3_node2] CONFLICT detected for key='item:0025', siblings=13
[dc3_node2] Saved 94 keys to disk
[dc3_node2] CONFLICT detected for key='item:4390', siblings=6
[dc3_node2] Internal PUT (replication): key='item:0122'
[dc3_node2] Saved 94 keys to disk
[dc3_node2] CONFLICT detected for key='item:0122', siblings=13
[dc3_node2] Saved 94 keys to disk
[dc3_node2] Retrieved key='item:0296', versions=16
[dc3_node2] Internal PUT (replication): key='item:4866'
[dc3_node2] CONFLICT detected for key='item:4866', siblings=19
[dc3_node2] Internal PUT (replication): key='item:0736'
[dc3_node2] Internal PUT (replication): key='item:1281'
[dc3_node2] Internal PUT (replication): key='item:0171'
[dc3_node2] Internal PUT (replication): key='item:0654'
[dc3_node2] Internal PUT (replication): key='item:3263'
[dc3_node2] Saved 94 keys to disk
[dc3_node2] CONFLICT detected for key='item:0736', siblings=15
[dc3_node2] Internal PUT (replication): key='item:1236'
[dc3_node2] Saved 94 keys to disk
[dc3_node2] CONFLICT detected for key='item:1281', siblings=11
[dc3_node2] Saved 94 keys to disk
[dc3_node2] CONFLICT detected for key='item:0171', siblings=20
[dc3_node2] Saved 94 keys to disk
[dc3_node2] CONFLICT detected for key='item:0654', siblings=14
[dc3_node2] Saved 94 keys to disk
[dc3_node2] CONFLICT detected for key='item:3263', siblings=15
[dc3_node2] Saved 94 keys to disk
[dc3_node2] CONFLICT detected for key='item:1236', siblings=10
[dc3_node2] Internal PUT (replication): key='item:0406'
[dc3_node2] Saved 94 keys to disk
[dc3_node2] CONFLICT detected for key='item:0406', siblings=9
[dc3_node2] Client PUT: key='item:3347', value='value_3347_client37_op1766'
[dc3_node2] Preference list for 'item:3347': ['localhost:50064', 'localhost:50238', 'localhost:50174']
[dc3_node2] Coordinator NOT in preference list, forwarding only
[dc3_node2] Internal PUT (replication): key='item:2453'
[dc3_node2] Saved 94 keys to disk
[dc3_node2] Retrieved key='item:2844', versions=10
[dc3_node2] CONFLICT detected for key='item:2453', siblings=11
[dc3_node2] Replicated to localhost:50174
[dc3_node2] Client GET: key='item:2273'
[dc3_node2] Reading from preference list: ['localhost:50250', 'localhost:50124']
[dc3_node2] Replicated to localhost:50238
[dc3_node2] W-quorum achieved (2 writes), returning to client
[dc3_node2] Background replication continues for remaining nodes
[dc3_node2] Successful writes: 2/3
[dc3_node2] Replicated to localhost:50064
[dc3_node2] Saved 94 keys to disk
[dc3_node2] Key='item:2273' not found
[dc3_node2] CONFLICT: 22 sibling versions for 'item:2273'
[dc3_node2] Retrieved key='item:3119', versions=13
[dc3_node2] Internal PUT (replication): key='item:0025'
[dc3_node2] CONFLICT detected for key='item:0025', siblings=14
[dc3_node2] Saved 94 keys to disk
[dc3_node2] Internal PUT (replication): key='item:2672'
[dc3_node2] CONFLICT detected for key='item:2672', siblings=13
[dc3_node2] Internal PUT (replication): key='item:4751'
[dc3_node2] Saved 94 keys to disk
[dc3_node2] CONFLICT detected for key='item:4751', siblings=8
[dc3_node2] Saved 94 keys to disk
[dc3_node2] Retrieved key='item:3708', versions=8
[dc3_node2] Internal PUT (replication): key='item:3119'
[dc3_node2] CONFLICT detected for key='item:3119', siblings=14
[dc3_node2] Saved 94 keys to disk
[dc3_node2] Client GET: key='item:0940'
[dc3_node2] Reading from preference list: ['localhost:50098', 'localhost:50144']
[dc3_node2] Key='item:0940' not found
[dc3_node2] CONFLICT: 26 sibling versions for 'item:0940'
[dc3_node2] Retrieved key='item:1379', versions=11
[dc3_node2] Retrieved key='item:1379', versions=11
[dc3_node2] Internal PUT (replication): key='item:2857'
[dc3_node2] CONFLICT detected for key='item:2857', siblings=17
[dc3_node2] Internal PUT (replication): key='item:4390'
[dc3_node2] Saved 94 keys to disk
[dc3_node2] CONFLICT detected for key='item:4390', siblings=7
[dc3_node2] Client GET: key='item:0901'
[dc3_node2] Reading from preference list: ['localhost:50163', 'localhost:50127']
[dc3_node2] Internal PUT (replication): key='item:2895'
[dc3_node2] Saved 94 keys to disk
[dc3_node2] Internal PUT (replication): key='item:2895'
[dc3_node2] CONFLICT detected for key='item:2895', siblings=10
[dc3_node2] Client PUT: key='item:0408', value='value_408_update_client23_op1764'
[dc3_node2] Preference list for 'item:0408': ['localhost:50052', 'localhost:50079', 'localhost:50220']
[dc3_node2] Coordinator NOT in preference list, forwarding only
[dc3_node2] Replicated to localhost:50052
[dc3_node2] Saved 94 keys to disk
[dc3_node2] CONFLICT detected for key='item:2895', siblings=10
[dc3_node2] Replicated to localhost:50079
[dc3_node2] W-quorum achieved (2 writes), returning to client
[dc3_node2] Background replication continues for remaining nodes
[dc3_node2] Successful writes: 2/3
[dc3_node2] Replicated to localhost:50220
[dc3_node2] Internal PUT (replication): key='item:0736'
[dc3_node2] Saved 94 keys to disk
[dc3_node2] Key='item:0901' not found
[dc3_node2] CONFLICT detected for key='item:0736', siblings=16
[dc3_node2] Saved 94 keys to disk
[dc3_node2] CONFLICT: 37 sibling versions for 'item:0901'
[dc3_node2] Internal PUT (replication): key='item:0204'
[dc3_node2] CONFLICT detected for key='item:0204', siblings=14
[dc3_node2] Saved 94 keys to disk
[dc3_node2] Retrieved key='item:4676', versions=17
[dc3_node2] Retrieved key='item:1444', versions=13
[dc3_node2] Internal PUT (replication): key='item:4271'
[dc3_node2] CONFLICT detected for key='item:4271', siblings=11
[dc3_node2] Internal PUT (replication): key='item:1271'
[dc3_node2] Saved 94 keys to disk
[dc3_node2] CONFLICT detected for key='item:1271', siblings=13
[dc3_node2] Saved 94 keys to disk
[dc3_node2] Internal PUT (replication): key='item:1642'
[dc3_node2] CONFLICT detected for key='item:1642', siblings=13
[dc3_node2] Saved 94 keys to disk
[dc3_node2] Retrieved key='item:4058', versions=8
[dc3_node2] Internal PUT (replication): key='item:0619'
[dc3_node2] CONFLICT detected for key='item:0619', siblings=19
[dc3_node2] Client PUT: key='item:1607', value='value_1607_client39_op1830'
[dc3_node2] Preference list for 'item:1607': ['localhost:50237', 'localhost:50096', 'localhost:50067']
[dc3_node2] Coordinator NOT in preference list, forwarding only
[dc3_node2] Client PUT: key='item:0583', value='value_583_client0_op1780'
[dc3_node2] Preference list for 'item:0583': ['localhost:50193', 'localhost:50099', 'localhost:50245']
[dc3_node2] Coordinator NOT in preference list, forwarding only
[dc3_node2] Replicated to localhost:50193
[dc3_node2] Replicated to localhost:50096
[dc3_node2] Replicated to localhost:50237
[dc3_node2] W-quorum achieved (2 writes), returning to client
[dc3_node2] Background replication continues for remaining nodes
[dc3_node2] Successful writes: 2/3
[dc3_node2] Replicated to localhost:50067
[dc3_node2] Internal PUT (replication): key='item:2895'
[dc3_node2] Replicated to localhost:50245
[dc3_node2] W-quorum achieved (2 writes), returning to client
[dc3_node2] Background replication continues for remaining nodes
[dc3_node2] Successful writes: 2/3
[dc3_node2] Replicated to localhost:50099
[dc3_node2] Saved 94 keys to disk
[dc3_node2] Retrieved key='item:0296', versions=16
[dc3_node2] CONFLICT detected for key='item:2895', siblings=11
[dc3_node2] Saved 94 keys to disk
[dc3_node2] Client GET: key='item:0380'
[dc3_node2] Reading from preference list: ['localhost:50228', 'localhost:50170']
[dc3_node2] Key='item:0380' not found
[dc3_node2] Internal PUT (replication): key='item:0806'
[dc3_node2] CONFLICT detected for key='item:0806', siblings=14
[dc3_node2] CONFLICT: 25 sibling versions for 'item:0380'
[dc3_node2] Saved 94 keys to disk
[dc3_node2] Client GET: key='item:3671'
[dc3_node2] Reading from preference list: ['localhost:50184', 'localhost:50195']
[dc3_node2] Key='item:3671' not found
[dc3_node2] CONFLICT: 27 sibling versions for 'item:3671'
[dc3_node2] Internal PUT (replication): key='item:0255'
[dc3_node2] CONFLICT detected for key='item:0255', siblings=18
[dc3_node2] Saved 94 keys to disk
[dc3_node2] Internal PUT (replication): key='item:3059'
[dc3_node2] CONFLICT detected for key='item:3059', siblings=10
[dc3_node2] Saved 94 keys to disk
[dc3_node2] Internal PUT (replication): key='item:3708'
[dc3_node2] CONFLICT detected for key='item:3708', siblings=9
[dc3_node2] Saved 94 keys to disk
[dc3_node2] Client PUT: key='item:0821', value='value_821_client1_op1816'
[dc3_node2] Preference list for 'item:0821': ['localhost:50220', 'localhost:50059', 'localhost:50207']
[dc3_node2] Coordinator NOT in preference list, forwarding only
[dc3_node2] Replicated to localhost:50220
[dc3_node2] Replicated to localhost:50207
[dc3_node2] W-quorum achieved (2 writes), returning to client
[dc3_node2] Background replication continues for remaining nodes
[dc3_node2] Successful writes: 2/3
[dc3_node2] Replicated to localhost:50059
[dc3_node2] Client PUT: key='item:0262', value='value_262_update_client8_op1818'
[dc3_node2] Preference list for 'item:0262': ['localhost:50158', 'localhost:50173', 'localhost:50055']
[dc3_node2] Coordinator NOT in preference list, forwarding only
[dc3_node2] Client PUT: key='item:2191', value='value_2191_update_client15_op1789'
[dc3_node2] Preference list for 'item:2191': ['localhost:50062', 'localhost:50083', 'localhost:50122']
[dc3_node2] Coordinator NOT in preference list, forwarding only
[dc3_node2] Replicated to localhost:50122
[dc3_node2] Replicated to localhost:50173
[dc3_node2] Replicated to localhost:50158
[dc3_node2] W-quorum achieved (2 writes), returning to client
[dc3_node2] Background replication continues for remaining nodes
[dc3_node2] Successful writes: 2/3
[dc3_node2] Replicated to localhost:50083
[dc3_node2] W-quorum achieved (2 writes), returning to client
[dc3_node2] Background replication continues for remaining nodes
[dc3_node2] Successful writes: 2/3
[dc3_node2] Replicated to localhost:50055
[dc3_node2] Replicated to localhost:50062
[dc3_node2] Internal PUT (replication): key='item:4831'
[dc3_node2] CONFLICT detected for key='item:4831', siblings=10
[dc3_node2] Saved 94 keys to disk
[dc3_node2] Internal PUT (replication): key='item:4222'
[dc3_node2] CONFLICT detected for key='item:4222', siblings=14
[dc3_node2] Internal PUT (replication): key='item:4676'
[dc3_node2] Saved 94 keys to disk
[dc3_node2] CONFLICT detected for key='item:4676', siblings=18
[dc3_node2] Saved 94 keys to disk
[dc3_node2] Client PUT: key='item:2164', value='value_2164_update_client48_op1817'
[dc3_node2] Preference list for 'item:2164': ['localhost:50210', 'localhost:50093', 'localhost:50082']
[dc3_node2] Coordinator NOT in preference list, forwarding only
[dc3_node2] Replicated to localhost:50082
[dc3_node2] Replicated to localhost:50093
[dc3_node2] Replicated to localhost:50210
[dc3_node2] W-quorum achieved (2 writes), returning to client
[dc3_node2] Background replication continues for remaining nodes
[dc3_node2] Successful writes: 3/3
[dc3_node2] Internal PUT (replication): key='item:2453'
[dc3_node2] CONFLICT detected for key='item:2453', siblings=12
[dc3_node2] Internal PUT (replication): key='item:1642'
[dc3_node2] Internal PUT (replication): key='item:3263'
[dc3_node2] Internal PUT (replication): key='item:3928'
[dc3_node2] Client GET: key='item:1599'
[dc3_node2] Reading from preference list: ['localhost:50102', 'localhost:50241']
[dc3_node2] Client PUT: key='item:0123', value='value_123_update_client4_op1825'
[dc3_node2] Preference list for 'item:0123': ['localhost:50099', 'localhost:50114', 'localhost:50058']
[dc3_node2] Coordinator NOT in preference list, forwarding only
[dc3_node2] Internal PUT (replication): key='item:4058'
[dc3_node2] Replicated to localhost:50058
[dc3_node2] Saved 94 keys to disk
[dc3_node2] CONFLICT detected for key='item:1642', siblings=14
[dc3_node2] Saved 94 keys to disk
[dc3_node2] CONFLICT detected for key='item:3263', siblings=16
[dc3_node2] Saved 94 keys to disk
[dc3_node2] CONFLICT detected for key='item:3928', siblings=16
[dc3_node2] Replicated to localhost:50114
[dc3_node2] W-quorum achieved (2 writes), returning to client
[dc3_node2] Background replication continues for remaining nodes
[dc3_node2] Successful writes: 2/3
[dc3_node2] Saved 94 keys to disk
[dc3_node2] Key='item:1599' not found
[dc3_node2] CONFLICT detected for key='item:4058', siblings=9
[dc3_node2] Replicated to localhost:50099
[dc3_node2] Saved 94 keys to disk
[dc3_node2] CONFLICT: 26 sibling versions for 'item:1599'
[dc3_node2] Client PUT: key='item:1036', value='value_1036_update_client10_op1836'
[dc3_node2] Preference list for 'item:1036': ['localhost:50123', 'localhost:50085', 'localhost:50143']
[dc3_node2] Coordinator NOT in preference list, forwarding only
[dc3_node2] Replicated to localhost:50143
[dc3_node2] Client PUT: key='item:4663', value='value_4663_client38_op1815'
[dc3_node2] Preference list for 'item:4663': ['localhost:50146', 'localhost:50167', 'localhost:50242']
[dc3_node2] Coordinator NOT in preference list, forwarding only
[dc3_node2] Replicated to localhost:50123
[dc3_node2] W-quorum achieved (2 writes), returning to client
[dc3_node2] Background replication continues for remaining nodes
[dc3_node2] Successful writes: 2/3
[dc3_node2] Internal PUT (replication): key='item:4390'
[dc3_node2] CONFLICT detected for key='item:4390', siblings=8
[dc3_node2] Replicated to localhost:50167
[dc3_node2] Saved 94 keys to disk
[dc3_node2] Replicated to localhost:50085
[dc3_node2] Replicated to localhost:50242
[dc3_node2] Internal PUT (replication): key='item:0204'
[dc3_node2] CONFLICT detected for key='item:0204', siblings=15
[dc3_node2] Internal PUT (replication): key='item:3618'
[dc3_node2] W-quorum achieved (2 writes), returning to client
[dc3_node2] Background replication continues for remaining nodes
[dc3_node2] Successful writes: 2/3
[dc3_node2] Saved 94 keys to disk
[dc3_node2] CONFLICT detected for key='item:3618', siblings=12
[dc3_node2] Saved 94 keys to disk
[dc3_node2] Internal PUT (replication): key='item:3822'
[dc3_node2] CONFLICT detected for key='item:3822', siblings=11
[dc3_node2] Saved 94 keys to disk
[dc3_node2] Replicated to localhost:50146
[dc3_node2] Internal PUT (replication): key='item:4843'
[dc3_node2] Updated key='item:4843', value='value_4843_client16_op1838', clock={dc2_node4:1}
[dc3_node2] Saved 94 keys to disk
[dc3_node2] Internal PUT (replication): key='item:1002'
[dc3_node2] CONFLICT detected for key='item:1002', siblings=11
[dc3_node2] Saved 94 keys to disk
[dc3_node2] Internal PUT (replication): key='item:4674'
[dc3_node2] CONFLICT detected for key='item:4674', siblings=13
[dc3_node2] Client PUT: key='item:4395', value='value_4395_update_client20_op1840'
[dc3_node2] Preference list for 'item:4395': ['localhost:50227', 'localhost:50067', 'localhost:50109']
[dc3_node2] Coordinator NOT in preference list, forwarding only
[dc3_node2] Client PUT: key='item:0181', value='value_181_update_client13_op1849'
[dc3_node2] Preference list for 'item:0181': ['localhost:50181', 'localhost:50241', 'localhost:50196']
[dc3_node2] Coordinator NOT in preference list, forwarding only
[dc3_node2] Saved 94 keys to disk
[dc3_node2] Replicated to localhost:50067
[dc3_node2] Replicated to localhost:50227
[dc3_node2] Replicated to localhost:50241
[dc3_node2] Replicated to localhost:50109
[dc3_node2] W-quorum achieved (2 writes), returning to client
[dc3_node2] Background replication continues for remaining nodes
[dc3_node2] Successful writes: 3/3
[dc3_node2] Internal PUT (replication): key='item:2194'
[dc3_node2] CONFLICT detected for key='item:2194', siblings=12
[dc3_node2] Replicated to localhost:50196
[dc3_node2] Internal PUT (replication): key='item:4058'
[dc3_node2] W-quorum achieved (2 writes), returning to client
[dc3_node2] Background replication continues for remaining nodes
[dc3_node2] Successful writes: 2/3
[dc3_node2] Saved 94 keys to disk
[dc3_node2] CONFLICT detected for key='item:4058', siblings=10
[dc3_node2] Saved 94 keys to disk
[dc3_node2] Replicated to localhost:50181
[dc3_node2] Internal PUT (replication): key='item:2719'
[dc3_node2] CONFLICT detected for key='item:2719', siblings=14
[dc3_node2] Saved 94 keys to disk
[dc3_node2] Client GET: key='item:2194'
[dc3_node2] Reading from preference list: ['localhost:50216', 'localhost:50151']
[dc3_node2] Retrieved key='item:2194', versions=12
[dc3_node2] Internal PUT (replication): key='item:2592'
[dc3_node2] CONFLICT detected for key='item:2592', siblings=14
[dc3_node2] Saved 94 keys to disk
[dc3_node2] Internal PUT (replication): key='item:4334'
[dc3_node2] CONFLICT detected for key='item:4334', siblings=15
[dc3_node2] Saved 94 keys to disk
[dc3_node2] CONFLICT: 33 sibling versions for 'item:2194'
[dc3_node2] Internal PUT (replication): key='item:0171'
[dc3_node2] CONFLICT detected for key='item:0171', siblings=21
[dc3_node2] Saved 94 keys to disk
[dc3_node2] Internal PUT (replication): key='item:1281'
[dc3_node2] CONFLICT detected for key='item:1281', siblings=12
[dc3_node2] Saved 94 keys to disk
[dc3_node2] Internal PUT (replication): key='item:1074'
[dc3_node2] CONFLICT detected for key='item:1074', siblings=14
[dc3_node2] Saved 94 keys to disk
[dc3_node2] Internal PUT (replication): key='item:3699'
[dc3_node2] CONFLICT detected for key='item:3699', siblings=11
[dc3_node2] Internal PUT (replication): key='item:1625'
[dc3_node2] Internal PUT (replication): key='item:1444'
[dc3_node2] Internal PUT (replication): key='item:2587'
[dc3_node2] Saved 94 keys to disk
[dc3_node2] CONFLICT detected for key='item:1625', siblings=12
[dc3_node2] Saved 94 keys to disk
[dc3_node2] CONFLICT detected for key='item:1444', siblings=14
[dc3_node2] Saved 94 keys to disk
[dc3_node2] CONFLICT detected for key='item:2587', siblings=9
[dc3_node2] Saved 94 keys to disk
[dc3_node2] Retrieved key='item:1379', versions=11
[dc3_node2] Internal PUT (replication): key='item:3204'
[dc3_node2] CONFLICT detected for key='item:3204', siblings=18
[dc3_node2] Internal PUT (replication): key='item:0254'
[dc3_node2] Saved 94 keys to disk
[dc3_node2] CONFLICT detected for key='item:0254', siblings=14
[dc3_node2] Internal PUT (replication): key='item:2672'
[dc3_node2] Saved 94 keys to disk
[dc3_node2] CONFLICT detected for key='item:2672', siblings=14
[dc3_node2] Saved 94 keys to disk
[dc3_node2] Internal PUT (replication): key='item:4485'
[dc3_node2] CONFLICT detected for key='item:4485', siblings=13
[dc3_node2] Internal PUT (replication): key='item:0619'
[dc3_node2] Saved 94 keys to disk
[dc3_node2] CONFLICT detected for key='item:0619', siblings=20
[dc3_node2] Saved 94 keys to disk
[dc3_node2] Internal PUT (replication): key='item:0296'
[dc3_node2] CONFLICT detected for key='item:0296', siblings=17
[dc3_node2] Saved 94 keys to disk
[dc3_node2] Retrieved key='item:0204', versions=15
[dc3_node2] Client GET: key='item:2882'
[dc3_node2] Reading from preference list: ['localhost:50097', 'localhost:50075']
[dc3_node2] Key='item:2882' not found
[dc3_node2] Internal PUT (replication): key='item:2895'
[dc3_node2] CONFLICT detected for key='item:2895', siblings=12
[dc3_node2] CONFLICT: 22 sibling versions for 'item:2882'
[dc3_node2] Internal PUT (replication): key='item:0312'
[dc3_node2] Saved 94 keys to disk
[dc3_node2] CONFLICT detected for key='item:0312', siblings=10
[dc3_node2] Internal PUT (replication): key='item:2672'
[dc3_node2] Saved 94 keys to disk
[dc3_node2] CONFLICT detected for key='item:2672', siblings=15
[dc3_node2] Internal PUT (replication): key='item:4831'
[dc3_node2] Internal PUT (replication): key='item:4102'
[dc3_node2] Saved 94 keys to disk
[dc3_node2] CONFLICT detected for key='item:4831', siblings=11
[dc3_node2] Saved 94 keys to disk
[dc3_node2] CONFLICT detected for key='item:4102', siblings=10
[dc3_node2] Saved 94 keys to disk
[dc3_node2] Retrieved key='item:0025', versions=14
[dc3_node2] Retrieved key='item:3603', versions=15
[dc3_node2] Internal PUT (replication): key='item:4751'
[dc3_node2] CONFLICT detected for key='item:4751', siblings=9
[dc3_node2] Saved 94 keys to disk
[dc3_node2] Internal PUT (replication): key='item:2895'
[dc3_node2] CONFLICT detected for key='item:2895', siblings=13
[dc3_node2] Saved 94 keys to disk
[dc3_node2] Internal PUT (replication): key='item:3543'
[dc3_node2] CONFLICT detected for key='item:3543', siblings=13
[dc3_node2] Saved 94 keys to disk
[dc3_node2] Internal PUT (replication): key='item:3479'
[dc3_node2] CONFLICT detected for key='item:3479', siblings=10
[dc3_node2] Internal PUT (replication): key='item:1754'
[dc3_node2] Internal PUT (replication): key='item:3144'
[dc3_node2] Internal PUT (replication): key='item:4271'
[dc3_node2] Client GET: key='item:3817'
[dc3_node2] Reading from preference list: ['localhost:50160', 'localhost:50131']
[dc3_node2] Saved 94 keys to disk
[dc3_node2] CONFLICT detected for key='item:1754', siblings=9
[dc3_node2] Saved 94 keys to disk
[dc3_node2] CONFLICT detected for key='item:3144', siblings=8
[dc3_node2] Saved 94 keys to disk
[dc3_node2] CONFLICT detected for key='item:4271', siblings=12
[dc3_node2] Saved 94 keys to disk
[dc3_node2] Key='item:3817' not found
[dc3_node2] CONFLICT: 20 sibling versions for 'item:3817'
[dc3_node2] Internal PUT (replication): key='item:1366'
[dc3_node2] CONFLICT detected for key='item:1366', siblings=17
[dc3_node2] Saved 94 keys to disk
[dc3_node2] Internal PUT (replication): key='item:3699'
[dc3_node2] CONFLICT detected for key='item:3699', siblings=12
[dc3_node2] Saved 94 keys to disk
[dc3_node2] Client PUT: key='item:1261', value='value_1261_update_client28_op1883'
[dc3_node2] Preference list for 'item:1261': ['localhost:50241', 'localhost:50078', 'localhost:50096']
[dc3_node2] Coordinator NOT in preference list, forwarding only
[dc3_node2] Retrieved key='item:4676', versions=18
[dc3_node2] Internal PUT (replication): key='item:3822'
[dc3_node2] CONFLICT detected for key='item:3822', siblings=12
[dc3_node2] Replicated to localhost:50078
[dc3_node2] Replicated to localhost:50241
[dc3_node2] Internal PUT (replication): key='item:2719'
[dc3_node2] W-quorum achieved (2 writes), returning to client
[dc3_node2] Background replication continues for remaining nodes
[dc3_node2] Successful writes: 2/3
[dc3_node2] Replicated to localhost:50096
[dc3_node2] Internal PUT (replication): key='item:0255'
[dc3_node2] Saved 94 keys to disk
[dc3_node2] CONFLICT detected for key='item:2719', siblings=14
[dc3_node2] Client GET: key='item:0756'
[dc3_node2] Reading from preference list: ['localhost:50059', 'localhost:50174']
[dc3_node2] Saved 94 keys to disk
[dc3_node2] CONFLICT detected for key='item:0255', siblings=19
[dc3_node2] Internal PUT (replication): key='item:2194'
[dc3_node2] Saved 94 keys to disk
[dc3_node2] Retrieved key='item:4058', versions=10
[dc3_node2] Key='item:0756' not found
[dc3_node2] CONFLICT detected for key='item:2194', siblings=13
[dc3_node2] Saved 94 keys to disk
[dc3_node2] CONFLICT: 32 sibling versions for 'item:0756'
[dc3_node2] Retrieved key='item:1281', versions=12
[dc3_node2] Retrieved key='item:4730', versions=12
[dc3_node2] Internal PUT (replication): key='item:0863'
[dc3_node2] CONFLICT detected for key='item:0863', siblings=12
[dc3_node2] Saved 94 keys to disk
[dc3_node2] Internal PUT (replication): key='item:0654'
[dc3_node2] CONFLICT detected for key='item:0654', siblings=15
[dc3_node2] Saved 94 keys to disk
[dc3_node2] Retrieved key='item:4390', versions=8
[dc3_node2] Client GET: key='item:1539'
[dc3_node2] Reading from preference list: ['localhost:50078', 'localhost:50067']
[dc3_node2] Key='item:1539' not found
[dc3_node2] CONFLICT: 26 sibling versions for 'item:1539'
[dc3_node2] Client GET: key='item:2527'
[dc3_node2] Reading from preference list: ['localhost:50072', 'localhost:50106']
[dc3_node2] Key='item:2527' not found
[dc3_node2] CONFLICT: 28 sibling versions for 'item:2527'
[dc3_node2] Client GET: key='item:1655'
[dc3_node2] Reading from preference list: ['localhost:50139', 'localhost:50082']
[dc3_node2] Key='item:1655' not found
[dc3_node2] Internal PUT (replication): key='item:0619'
[dc3_node2] CONFLICT detected for key='item:0619', siblings=21
[dc3_node2] CONFLICT: 30 sibling versions for 'item:1655'
[dc3_node2] Saved 94 keys to disk
[dc3_node2] Retrieved key='item:3928', versions=16
[dc3_node2] Internal PUT (replication): key='item:2895'
[dc3_node2] CONFLICT detected for key='item:2895', siblings=14
[dc3_node2] Saved 94 keys to disk
[dc3_node2] Retrieved key='item:0775', versions=7
[dc3_node2] Internal PUT (replication): key='item:0296'
[dc3_node2] CONFLICT detected for key='item:0296', siblings=18
[dc3_node2] Internal PUT (replication): key='item:2592'
[dc3_node2] Saved 94 keys to disk
[dc3_node2] CONFLICT detected for key='item:2592', siblings=15
[dc3_node2] Saved 94 keys to disk
[dc3_node2] Internal PUT (replication): key='item:2698'
[dc3_node2] CONFLICT detected for key='item:2698', siblings=10
[dc3_node2] Saved 94 keys to disk
[dc3_node2] Client GET: key='item:4984'
[dc3_node2] Reading from preference list: ['localhost:50113', 'localhost:50173']
[dc3_node2] Key='item:4984' not found
[dc3_node2] CONFLICT: 22 sibling versions for 'item:4984'
[dc3_node2] Client GET: key='item:1945'
[dc3_node2] Reading from preference list: ['localhost:50204', 'localhost:50140']
[dc3_node2] Key='item:1945' not found
[dc3_node2] CONFLICT: 24 sibling versions for 'item:1945'
[dc3_node2] Internal PUT (replication): key='item:3928'
[dc3_node2] CONFLICT detected for key='item:3928', siblings=17
[dc3_node2] Saved 94 keys to disk
[dc3_node2] Client PUT: key='item:1088', value='value_1088_update_client49_op1909'
[dc3_node2] Preference list for 'item:1088': ['localhost:50207', 'localhost:50215', 'localhost:50091']
[dc3_node2] Coordinator NOT in preference list, forwarding only
[dc3_node2] Replicated to localhost:50207
[dc3_node2] Replicated to localhost:50091
[dc3_node2] W-quorum achieved (2 writes), returning to client
[dc3_node2] Background replication continues for remaining nodes
[dc3_node2] Successful writes: 2/3
[dc3_node2] Internal PUT (replication): key='item:4222'
[dc3_node2] CONFLICT detected for key='item:4222', siblings=15
[dc3_node2] Replicated to localhost:50215
[dc3_node2] Saved 94 keys to disk
[dc3_node2] Internal PUT (replication): key='item:3928'
[dc3_node2] CONFLICT detected for key='item:3928', siblings=18
[dc3_node2] Saved 94 keys to disk
[dc3_node2] Retrieved key='item:4102', versions=10
[dc3_node2] Internal PUT (replication): key='item:0736'
[dc3_node2] CONFLICT detected for key='item:0736', siblings=17
[dc3_node2] Saved 94 keys to disk
[dc3_node2] Retrieved key='item:1281', versions=12
[dc3_node2] Internal PUT (replication): key='item:3822'
[dc3_node2] CONFLICT detected for key='item:3822', siblings=13
[dc3_node2] Saved 94 keys to disk
[dc3_node2] Internal PUT (replication): key='item:4271'
[dc3_node2] CONFLICT detected for key='item:4271', siblings=13
[dc3_node2] Saved 94 keys to disk
[dc3_node2] Internal PUT (replication): key='item:1281'
[dc3_node2] CONFLICT detected for key='item:1281', siblings=13
[dc3_node2] Client PUT: key='item:2572', value='value_2572_update_client4_op1907'
[dc3_node2] Preference list for 'item:2572': ['localhost:50146', 'localhost:50191', 'localhost:50075']
[dc3_node2] Coordinator NOT in preference list, forwarding only
[dc3_node2] Replicated to localhost:50191
[dc3_node2] Saved 94 keys to disk
[dc3_node2] Retrieved key='item:3695', versions=8
[dc3_node2] Replicated to localhost:50146
[dc3_node2] W-quorum achieved (2 writes), returning to client
[dc3_node2] Background replication continues for remaining nodes
[dc3_node2] Successful writes: 2/3
[dc3_node2] Replicated to localhost:50075
[dc3_node2] Internal PUT (replication): key='item:2573'
[dc3_node2] CONFLICT detected for key='item:2573', siblings=9
[dc3_node2] Saved 94 keys to disk
[dc3_node2] Retrieved key='item:4676', versions=18
[dc3_node2] Internal PUT (replication): key='item:0204'
[dc3_node2] CONFLICT detected for key='item:0204', siblings=16
[dc3_node2] Saved 94 keys to disk
[dc3_node2] Internal PUT (replication): key='item:4866'
[dc3_node2] CONFLICT detected for key='item:4866', siblings=20
[dc3_node2] Saved 94 keys to disk
[dc3_node2] Internal PUT (replication): key='item:1271'
[dc3_node2] CONFLICT detected for key='item:1271', siblings=14
[dc3_node2] Saved 94 keys to disk
[dc3_node2] Internal PUT (replication): key='item:4676'
[dc3_node2] CONFLICT detected for key='item:4676', siblings=19
[dc3_node2] Saved 94 keys to disk
[dc3_node2] Retrieved key='item:4377', versions=9
[dc3_node2] Client GET: key='item:1371'
[dc3_node2] Reading from preference list: ['localhost:50088', 'localhost:50128']
[dc3_node2] Key='item:1371' not found
[dc3_node2] Client PUT: key='item:0656', value='value_656_client26_op1885'
[dc3_node2] Preference list for 'item:0656': ['localhost:50084', 'localhost:50174', 'localhost:50065']
[dc3_node2] Coordinator NOT in preference list, forwarding only
[dc3_node2] CONFLICT: 20 sibling versions for 'item:1371'
[dc3_node2] Replicated to localhost:50084
[dc3_node2] Replicated to localhost:50065
[dc3_node2] W-quorum achieved (2 writes), returning to client
[dc3_node2] Background replication continues for remaining nodes
[dc3_node2] Successful writes: 2/3
[dc3_node2] Internal PUT (replication): key='item:1649'
[dc3_node2] CONFLICT detected for key='item:1649', siblings=20
[dc3_node2] Internal PUT (replication): key='item:3708'
[dc3_node2] Saved 94 keys to disk
[dc3_node2] CONFLICT detected for key='item:3708', siblings=10
[dc3_node2] Replicated to localhost:50174
[dc3_node2] Internal PUT (replication): key='item:2495'
[dc3_node2] Internal PUT (replication): key='item:1271'
[dc3_node2] Saved 94 keys to disk
[dc3_node2] CONFLICT detected for key='item:2495', siblings=9
[dc3_node2] Saved 94 keys to disk
[dc3_node2] CONFLICT detected for key='item:1271', siblings=15
[dc3_node2] Saved 94 keys to disk
[dc3_node2] Client GET: key='item:0217'
[dc3_node2] Reading from preference list: ['localhost:50072', 'localhost:50094']
[dc3_node2] Key='item:0217' not found
[dc3_node2] Internal PUT (replication): key='item:2857'
[dc3_node2] CONFLICT detected for key='item:2857', siblings=18
[dc3_node2] Saved 94 keys to disk
[dc3_node2] Retrieved key='item:4390', versions=8
[dc3_node2] CONFLICT: 26 sibling versions for 'item:0217'
[dc3_node2] Internal PUT (replication): key='item:4676'
[dc3_node2] CONFLICT detected for key='item:4676', siblings=20
[dc3_node2] Saved 94 keys to disk
[dc3_node2] Retrieved key='item:4102', versions=10
[dc3_node2] Client PUT: key='item:3523', value='value_3523_update_client38_op1928'
[dc3_node2] Preference list for 'item:3523': ['localhost:50216', 'localhost:50147', 'localhost:50130']
[dc3_node2] Coordinator NOT in preference list, forwarding only
[dc3_node2] Replicated to localhost:50147
[dc3_node2] Client PUT: key='item:2773', value='value_2773_client3_op1969'
[dc3_node2] Preference list for 'item:2773': ['localhost:50086', 'localhost:50069', 'localhost:50168']
[dc3_node2] Coordinator NOT in preference list, forwarding only
[dc3_node2] Replicated to localhost:50168
[dc3_node2] Replicated to localhost:50086
[dc3_node2] W-quorum achieved (2 writes), returning to client
[dc3_node2] Background replication continues for remaining nodes
[dc3_node2] Successful writes: 2/3
[dc3_node2] Replicated to localhost:50130
[dc3_node2] W-quorum achieved (2 writes), returning to client
[dc3_node2] Background replication continues for remaining nodes
[dc3_node2] Successful writes: 2/3
[dc3_node2] Replicated to localhost:50069
[dc3_node2] Replicated to localhost:50216
[dc3_node2] Client GET: key='item:1531'
[dc3_node2] Reading from preference list: ['localhost:50193', 'localhost:50222']
[dc3_node2] Key='item:1531' not found
[dc3_node2] CONFLICT: 26 sibling versions for 'item:1531'
[dc3_node2] Internal PUT (replication): key='item:2592'
[dc3_node2] CONFLICT detected for key='item:2592', siblings=16
[dc3_node2] Saved 94 keys to disk
[dc3_node2] Internal PUT (replication): key='item:1074'
[dc3_node2] CONFLICT detected for key='item:1074', siblings=15
[dc3_node2] Saved 94 keys to disk
[dc3_node2] Client GET: key='item:0452'
[dc3_node2] Reading from preference list: ['localhost:50207', 'localhost:50236']
[dc3_node2] Key='item:0452' not found
[dc3_node2] Internal PUT (replication): key='item:0254'
[dc3_node2] CONFLICT detected for key='item:0254', siblings=15
[dc3_node2] Client PUT: key='item:3804', value='value_3804_client8_op1955'
[dc3_node2] Preference list for 'item:3804': ['localhost:50168', 'localhost:50244', 'localhost:50150']
[dc3_node2] Coordinator NOT in preference list, forwarding only
[dc3_node2] Saved 94 keys to disk
[dc3_node2] CONFLICT: 28 sibling versions for 'item:0452'
[dc3_node2] Replicated to localhost:50150
[dc3_node2] Replicated to localhost:50168
[dc3_node2] W-quorum achieved (2 writes), returning to client
[dc3_node2] Background replication continues for remaining nodes
[dc3_node2] Successful writes: 2/3
[dc3_node2] Internal PUT (replication): key='item:2844'
[dc3_node2] CONFLICT detected for key='item:2844', siblings=11
[dc3_node2] Replicated to localhost:50244
[dc3_node2] Internal PUT (replication): key='item:1236'
[dc3_node2] Saved 94 keys to disk
[dc3_node2] CONFLICT detected for key='item:1236', siblings=10
[dc3_node2] Saved 94 keys to disk
[dc3_node2] Retrieved key='item:2453', versions=12
[dc3_node2] Retrieved key='item:0863', versions=12
[dc3_node2] Internal PUT (replication): key='item:1236'
[dc3_node2] CONFLICT detected for key='item:1236', siblings=11
[dc3_node2] Internal PUT (replication): key='item:1924'
[dc3_node2] Internal PUT (replication): key='item:3822'
[dc3_node2] Saved 94 keys to disk
[dc3_node2] CONFLICT detected for key='item:1924', siblings=18
[dc3_node2] Saved 94 keys to disk
[dc3_node2] CONFLICT detected for key='item:3822', siblings=14
[dc3_node2] Client PUT: key='item:1411', value='value_1411_update_client25_op1944'
[dc3_node2] Preference list for 'item:1411': ['localhost:50127', 'localhost:50202', 'localhost:50150']
[dc3_node2] Coordinator NOT in preference list, forwarding only
[dc3_node2] Saved 94 keys to disk
[dc3_node2] Replicated to localhost:50127
[dc3_node2] Internal PUT (replication): key='item:0204'
[dc3_node2] CONFLICT detected for key='item:0204', siblings=17
[dc3_node2] Internal PUT (replication): key='item:4199'
[dc3_node2] Saved 94 keys to disk
[dc3_node2] CONFLICT detected for key='item:4199', siblings=12
[dc3_node2] Replicated to localhost:50150
[dc3_node2] W-quorum achieved (2 writes), returning to client
[dc3_node2] Background replication continues for remaining nodes
[dc3_node2] Successful writes: 2/3
[dc3_node2] Replicated to localhost:50202
[dc3_node2] Saved 94 keys to disk
[dc3_node2] Retrieved key='item:4485', versions=13
[dc3_node2] Internal PUT (replication): key='item:1532'
[dc3_node2] CONFLICT detected for key='item:1532', siblings=7
[dc3_node2] Saved 94 keys to disk
[dc3_node2] Retrieved key='item:0296', versions=18
[dc3_node2] Client GET: key='item:3134'
[dc3_node2] Reading from preference list: ['localhost:50128', 'localhost:50063']
[dc3_node2] Key='item:3134' not found
[dc3_node2] CONFLICT: 24 sibling versions for 'item:3134'
[dc3_node2] Internal PUT (replication): key='item:1532'
[dc3_node2] CONFLICT detected for key='item:1532', siblings=8
[dc3_node2] Saved 94 keys to disk
[dc3_node2] Internal PUT (replication): key='item:4058'
[dc3_node2] CONFLICT detected for key='item:4058', siblings=11
[dc3_node2] Saved 94 keys to disk
[dc3_node2] Internal PUT (replication): key='item:2453'
[dc3_node2] CONFLICT detected for key='item:2453', siblings=13
[dc3_node2] Saved 94 keys to disk
[dc3_node2] Internal PUT (replication): key='item:3263'
[dc3_node2] CONFLICT detected for key='item:3263', siblings=17
[dc3_node2] Client GET: key='item:0338'
[dc3_node2] Reading from preference list: ['localhost:50151', 'localhost:50215']
[dc3_node2] Internal PUT (replication): key='item:4199'
[dc3_node2] Saved 94 keys to disk
[dc3_node2] Key='item:0338' not found
[dc3_node2] CONFLICT detected for key='item:4199', siblings=12
[dc3_node2] CONFLICT: 32 sibling versions for 'item:0338'
[dc3_node2] Saved 94 keys to disk
[dc3_node2] Internal PUT (replication): key='item:4751'
[dc3_node2] CONFLICT detected for key='item:4751', siblings=10
[dc3_node2] Saved 94 keys to disk
[dc3_node2] Internal PUT (replication): key='item:2587'
[dc3_node2] CONFLICT detected for key='item:2587', siblings=10
[dc3_node2] Saved 94 keys to disk
[dc3_node2] Client PUT: key='item:3451', value='value_3451_client33_op1929'
[dc3_node2] Preference list for 'item:3451': ['localhost:50058', 'localhost:50197', 'localhost:50092']
[dc3_node2] CONFLICT detected for key='item:3451', siblings=12
[dc3_node2] Saved 94 keys to disk
[dc3_node2] Coordinator IS in preference list, stored locally
[dc3_node2] Replicated to localhost:50058
[dc3_node2] W-quorum achieved (2 writes), returning to client
[dc3_node2] Background replication continues for remaining nodes
[dc3_node2] Successful writes: 2/3
[dc3_node2] Internal PUT (replication): key='item:2895'
[dc3_node2] CONFLICT detected for key='item:2895', siblings=15
[dc3_node2] Saved 94 keys to disk
[dc3_node2] Replicated to localhost:50197
[dc3_node2] Client GET: key='item:4633'
[dc3_node2] Reading from preference list: ['localhost:50219', 'localhost:50133']
[dc3_node2] Key='item:4633' not found
[dc3_node2] Retrieved key='item:3059', versions=10
[dc3_node2] CONFLICT: 30 sibling versions for 'item:4633'
[dc3_node2] Client GET: key='item:3211'
[dc3_node2] Reading from preference list: ['localhost:50121', 'localhost:50177']
[dc3_node2] Key='item:3211' not found
[dc3_node2] Internal PUT (replication): key='item:4058'
[dc3_node2] CONFLICT detected for key='item:4058', siblings=12
[dc3_node2] Client PUT: key='item:1026', value='value_1026_update_client31_op1924'
[dc3_node2] Preference list for 'item:1026': ['localhost:50148', 'localhost:50246', 'localhost:50170']
[dc3_node2] Coordinator NOT in preference list, forwarding only
[dc3_node2] Saved 94 keys to disk
[dc3_node2] Replicated to localhost:50170
[dc3_node2] Replicated to localhost:50246
[dc3_node2] W-quorum achieved (2 writes), returning to client
[dc3_node2] Background replication continues for remaining nodes
[dc3_node2] Successful writes: 2/3
[dc3_node2] CONFLICT: 23 sibling versions for 'item:3211'
[dc3_node2] Replicated to localhost:50148
[dc3_node2] Internal PUT (replication): key='item:3928'
[dc3_node2] CONFLICT detected for key='item:3928', siblings=19
[dc3_node2] Internal PUT (replication): key='item:3822'
[dc3_node2] Saved 94 keys to disk
[dc3_node2] CONFLICT detected for key='item:3822', siblings=15
[dc3_node2] Saved 94 keys to disk
[dc3_node2] Client PUT: key='item:3654', value='value_3654_client8_op1988'
[dc3_node2] Preference list for 'item:3654': ['localhost:50241', 'localhost:50151', 'localhost:50189']
[dc3_node2] Coordinator NOT in preference list, forwarding only
[dc3_node2] Replicated to localhost:50151
[dc3_node2] Replicated to localhost:50189
[dc3_node2] W-quorum achieved (2 writes), returning to client
[dc3_node2] Background replication continues for remaining nodes
[dc3_node2] Successful writes: 2/3
[dc3_node2] Retrieved key='item:0736', versions=17
[dc3_node2] Internal PUT (replication): key='item:4841'
[dc3_node2] Stored NEW key='item:4841', value='value_4841_client13_op1993', clock={dc1_node19:1}
[dc3_node2] Saved 95 keys to disk
[dc3_node2] Replicated to localhost:50241
[dc3_node2] Internal PUT (replication): key='item:0025'
[dc3_node2] CONFLICT detected for key='item:0025', siblings=15
[dc3_node2] Saved 95 keys to disk
[dc3_node2] Client GET: key='item:0260'
[dc3_node2] Reading from preference list: ['localhost:50115', 'localhost:50094']
[dc3_node2] Key='item:0260' not found
[dc3_node2] Client PUT: key='item:3315', value='value_3315_update_client4_op1972'
[dc3_node2] Preference list for 'item:3315': ['localhost:50070', 'localhost:50136', 'localhost:50242']
[dc3_node2] Coordinator NOT in preference list, forwarding only
[dc3_node2] Replicated to localhost:50136
[dc3_node2] CONFLICT: 32 sibling versions for 'item:0260'
[dc3_node2] Internal PUT (replication): key='item:0021'
[dc3_node2] CONFLICT detected for key='item:0021', siblings=11
[dc3_node2] Replicated to localhost:50242
[dc3_node2] W-quorum achieved (2 writes), returning to client
[dc3_node2] Background replication continues for remaining nodes
[dc3_node2] Successful writes: 2/3
[dc3_node2] Saved 95 keys to disk
[dc3_node2] Replicated to localhost:50070
[dc3_node2] Internal PUT (replication): key='item:0406'
[dc3_node2] CONFLICT detected for key='item:0406', siblings=10
[dc3_node2] Client PUT: key='item:4007', value='value_4007_client21_op1935'
[dc3_node2] Preference list for 'item:4007': ['localhost:50139', 'localhost:50103', 'localhost:50069']
[dc3_node2] Coordinator NOT in preference list, forwarding only
[dc3_node2] Saved 95 keys to disk
[dc3_node2] Replicated to localhost:50069
[dc3_node2] Replicated to localhost:50103
[dc3_node2] W-quorum achieved (2 writes), returning to client
[dc3_node2] Background replication continues for remaining nodes
[dc3_node2] Successful writes: 2/3
[dc3_node2] Retrieved key='item:2453', versions=13
[dc3_node2] Replicated to localhost:50139
[dc3_node2] Retrieved key='item:0775', versions=7
[dc3_node2] Internal PUT (replication): key='item:3822'
[dc3_node2] CONFLICT detected for key='item:3822', siblings=16
[dc3_node2] Saved 95 keys to disk
[dc3_node2] Retrieved key='item:4377', versions=9
[dc3_node2] Internal PUT (replication): key='item:1754'
[dc3_node2] CONFLICT detected for key='item:1754', siblings=10
[dc3_node2] Internal PUT (replication): key='item:2592'
[dc3_node2] Saved 95 keys to disk
[dc3_node2] Retrieved key='item:0204', versions=17
[dc3_node2] Retrieved key='item:2895', versions=15
[dc3_node2] CONFLICT detected for key='item:2592', siblings=17
[dc3_node2] Saved 95 keys to disk
[dc3_node2] Internal PUT (replication): key='item:4377'
[dc3_node2] CONFLICT detected for key='item:4377', siblings=10
[dc3_node2] Saved 95 keys to disk
[dc3_node2] Retrieved key='item:4058', versions=12
[dc3_node2] Internal PUT (replication): key='item:0654'
[dc3_node2] CONFLICT detected for key='item:0654', siblings=16
[dc3_node2] Saved 95 keys to disk
[dc3_node2] Internal PUT (replication): key='item:2592'
[dc3_node2] CONFLICT detected for key='item:2592', siblings=18
[dc3_node2] Internal PUT (replication): key='item:4704'
[dc3_node2] Saved 95 keys to disk
[dc3_node2] CONFLICT detected for key='item:4704', siblings=10
[dc3_node2] Saved 95 keys to disk
[dc3_node2] Retrieved key='item:0736', versions=17
[dc3_node2] Internal PUT (replication): key='item:3059'
[dc3_node2] CONFLICT detected for key='item:3059', siblings=11
[dc3_node2] Saved 95 keys to disk
[dc3_node2] Internal PUT (replication): key='item:2495'
[dc3_node2] CONFLICT detected for key='item:2495', siblings=10
[dc3_node2] Client PUT: key='item:1059', value='value_1059_update_client44_op1993'
[dc3_node2] Preference list for 'item:1059': ['localhost:50115', 'localhost:50178', 'localhost:50095']
[dc3_node2] Coordinator NOT in preference list, forwarding only
[dc3_node2] Saved 95 keys to disk
[dc3_node2] Replicated to localhost:50115
[dc3_node2] Replicated to localhost:50095
[dc3_node2] W-quorum achieved (2 writes), returning to client
[dc3_node2] Background replication continues for remaining nodes
[dc3_node2] Successful writes: 2/3
[dc3_node2] Replicated to localhost:50178
[dc3_node2] Internal PUT (replication): key='item:0619'
[dc3_node2] CONFLICT detected for key='item:0619', siblings=22
[dc3_node2] Internal PUT (replication): key='item:3822'
[dc3_node2] Saved 95 keys to disk
[dc3_node2] CONFLICT detected for key='item:3822', siblings=17
[dc3_node2] Saved 95 keys to disk
[dc3_node2] Client PUT: key='item:1639', value='value_1639_client34_op1951'
[dc3_node2] Preference list for 'item:1639': ['localhost:50181', 'localhost:50107', 'localhost:50230']
[dc3_node2] Coordinator NOT in preference list, forwarding only
[dc3_node2] Replicated to localhost:50107
[dc3_node2] Replicated to localhost:50230
[dc3_node2] W-quorum achieved (2 writes), returning to client
[dc3_node2] Background replication continues for remaining nodes
[dc3_node2] Successful writes: 2/3
[dc3_node2] Replicated to localhost:50181
[dc3_node2] Internal PUT (replication): key='item:0654'
[dc3_node2] CONFLICT detected for key='item:0654', siblings=17
[dc3_node2] Saved 95 keys to disk
[dc3_node2] Client PUT: key='item:2730', value='value_2730_client18_op1994'
[dc3_node2] Preference list for 'item:2730': ['localhost:50195', 'localhost:50247', 'localhost:50057']
[dc3_node2] Coordinator NOT in preference list, forwarding only
[dc3_node2] Replicated to localhost:50247
[dc3_node2] Retrieved key='item:4674', versions=13
[dc3_node2] Replicated to localhost:50057
[dc3_node2] Replicated to localhost:50195
[dc3_node2] W-quorum achieved (2 writes), returning to client
[dc3_node2] Background replication continues for remaining nodes
[dc3_node2] Successful writes: 3/3
[dc3_node2] Internal PUT (replication): key='item:2672'
[dc3_node2] CONFLICT detected for key='item:2672', siblings=16
[dc3_node2] Saved 95 keys to disk
[dc3_node2] Retrieved key='item:3119', versions=14
[dc3_node2] Client PUT: key='item:1796', value='value_1796_update_client31_op1981'
[dc3_node2] Preference list for 'item:1796': ['localhost:50157', 'localhost:50135', 'localhost:50216']
[dc3_node2] Coordinator NOT in preference list, forwarding only
[dc3_node2] Replicated to localhost:50157
[dc3_node2] Replicated to localhost:50216
[dc3_node2] Replicated to localhost:50135
[dc3_node2] W-quorum achieved (2 writes), returning to client
[dc3_node2] Background replication continues for remaining nodes
[dc3_node2] Successful writes: 3/3
[dc3_node2] Internal PUT (replication): key='item:0025'
[dc3_node2] CONFLICT detected for key='item:0025', siblings=16
[dc3_node2] Saved 95 keys to disk
[dc3_node2] Internal PUT (replication): key='item:0254'
[dc3_node2] CONFLICT detected for key='item:0254', siblings=15
[dc3_node2] Saved 95 keys to disk
[dc3_node2] Internal PUT (replication): key='item:4390'
[dc3_node2] CONFLICT detected for key='item:4390', siblings=9
[dc3_node2] Saved 95 keys to disk
[dc3_node2] Internal PUT (replication): key='item:3144'
[dc3_node2] CONFLICT detected for key='item:3144', siblings=9
[dc3_node2] Saved 95 keys to disk
[dc3_node2] Client PUT: key='item:0779', value='value_during_failure_72'
[dc3_node2] Preference list for 'item:0779': ['localhost:50087', 'localhost:50140', 'localhost:50182']
[dc3_node2] Coordinator NOT in preference list, forwarding only
[dc3_node2] Replicated to localhost:50182
[dc3_node2] Replicated to localhost:50140
[dc3_node2] Replicated to localhost:50087
[dc3_node2] W-quorum achieved (2 writes), returning to client
[dc3_node2] Background replication continues for remaining nodes
[dc3_node2] Successful writes: 3/3
[dc3_node2] Internal PUT (replication): key='item:3633'
[dc3_node2] CONFLICT detected for key='item:3633', siblings=12
[dc3_node2] Saved 95 keys to disk
[dc3_node2] Retrieved key='item:1281', versions=13
[dc3_node2] Retrieved key='item:1281', versions=13
[dc3_node2] Retrieved key='item:1281', versions=13
[dc3_node2] Retrieved key='item:1281', versions=13
[dc3_node2] Retrieved key='item:1281', versions=13
[dc3_node2] Client GET: key='item:0540'
[dc3_node2] Reading from preference list: ['localhost:50120', 'localhost:50108']
[dc3_node2] Key='item:0540' not found
[dc3_node2] CONFLICT: 26 sibling versions for 'item:0540'
[dc3_node2] Client GET: key='item:3047'
[dc3_node2] Reading from preference list: ['localhost:50113', 'localhost:50216']
[dc3_node2] Key='item:3047' not found
[dc3_node2] CONFLICT: 18 sibling versions for 'item:3047'
[dc3_node2] Retrieved key='item:3822', versions=17
[dc3_node2] Retrieved key='item:3822', versions=17
[dc3_node2] Retrieved key='item:3822', versions=17
[dc3_node2] Retrieved key='item:3822', versions=17
[dc3_node2] Retrieved key='item:3822', versions=17
[dc3_node2] Internal PUT (replication): key='item:4199'
[dc3_node2] CONFLICT detected for key='item:4199', siblings=13
[dc3_node2] Saved 95 keys to disk
[dc3_node2] Client PUT: key='item:2686', value='stress_0_9'
[dc3_node2] Preference list for 'item:2686': ['localhost:50216', 'localhost:50051', 'localhost:50244']
[dc3_node2] Coordinator NOT in preference list, forwarding only
[dc3_node2] Replicated to localhost:50051
[dc3_node2] Replicated to localhost:50216
[dc3_node2] W-quorum achieved (2 writes), returning to client
[dc3_node2] Background replication continues for remaining nodes
[dc3_node2] Successful writes: 2/3
[dc3_node2] Internal PUT (replication): key='item:0736'
[dc3_node2] CONFLICT detected for key='item:0736', siblings=18
[dc3_node2] Replicated to localhost:50244
[dc3_node2] Saved 95 keys to disk
[dc3_node2] Internal PUT (replication): key='item:4377'
[dc3_node2] CONFLICT detected for key='item:4377', siblings=11
[dc3_node2] Client GET: key='item:1215'
[dc3_node2] Reading from preference list: ['localhost:50220', 'localhost:50057']
[dc3_node2] Saved 95 keys to disk
[dc3_node2] Key='item:1215' not found
[dc3_node2] CONFLICT: 30 sibling versions for 'item:1215'
[dc3_node2] Internal PUT (replication): key='item:1236'
[dc3_node2] CONFLICT detected for key='item:1236', siblings=12
[dc3_node2] Saved 95 keys to disk
[dc3_node2] Retrieved key='item:0254', versions=15
[dc3_node2] Client GET: key='item:3965'
[dc3_node2] Reading from preference list: ['localhost:50134', 'localhost:50207']
[dc3_node2] Key='item:3965' not found
[dc3_node2] CONFLICT: 19 sibling versions for 'item:3965'
[dc3_node2] Internal PUT (replication): key='item:0863'
[dc3_node2] CONFLICT detected for key='item:0863', siblings=13
[dc3_node2] Saved 95 keys to disk
[dc3_node2] Client GET: key='item:2686'
[dc3_node2] Reading from preference list: ['localhost:50216', 'localhost:50051']
[dc3_node2] Key='item:2686' not found
[dc3_node2] CONFLICT: 18 sibling versions for 'item:2686'
[dc3_node2] Internal PUT (replication): key='item:3043'
[dc3_node2] CONFLICT detected for key='item:3043', siblings=10
[dc3_node2] Saved 95 keys to disk
[dc3_node2] Internal PUT (replication): key='item:0296'
[dc3_node2] CONFLICT detected for key='item:0296', siblings=19
[dc3_node2] Saved 95 keys to disk
[dc3_node2] Retrieved key='item:0171', versions=21
[dc3_node2] Internal PUT (replication): key='item:2672'
[dc3_node2] CONFLICT detected for key='item:2672', siblings=17
[dc3_node2] Saved 95 keys to disk
[dc3_node2] Retrieved key='item:4674', versions=13
[dc3_node2] Retrieved key='item:1281', versions=13
[dc3_node2] Internal PUT (replication): key='item:1074'
[dc3_node2] CONFLICT detected for key='item:1074', siblings=16
[dc3_node2] Saved 95 keys to disk
[dc3_node2] Retrieved key='item:2857', versions=18
[dc3_node2] Internal PUT (replication): key='item:2672'
[dc3_node2] CONFLICT detected for key='item:2672', siblings=18
[dc3_node2] Saved 95 keys to disk
[dc3_node2] Client PUT: key='item:4715', value='stress_1_139'
[dc3_node2] Preference list for 'item:4715': ['localhost:50222', 'localhost:50195', 'localhost:50087']
[dc3_node2] Coordinator NOT in preference list, forwarding only
[dc3_node2] Replicated to localhost:50087
[dc3_node2] Replicated to localhost:50222
[dc3_node2] Replicated to localhost:50195
[dc3_node2] W-quorum achieved (2 writes), returning to client
[dc3_node2] Background replication continues for remaining nodes
[dc3_node2] Successful writes: 3/3
[dc3_node2] Internal PUT (replication): key='item:3695'
[dc3_node2] CONFLICT detected for key='item:3695', siblings=9
[dc3_node2] Saved 95 keys to disk
[dc3_node2] Internal PUT (replication): key='item:1281'
[dc3_node2] CONFLICT detected for key='item:1281', siblings=14
[dc3_node2] Saved 95 keys to disk
[dc3_node2] Retrieved key='item:4866', versions=20
[dc3_node2] Internal PUT (replication): key='item:0736'
[dc3_node2] CONFLICT detected for key='item:0736', siblings=19
[dc3_node2] Saved 95 keys to disk
[dc3_node2] Internal PUT (replication): key='item:4334'
[dc3_node2] CONFLICT detected for key='item:4334', siblings=15
[dc3_node2] Saved 95 keys to disk
[dc3_node2] Retrieved key='item:2844', versions=11
[dc3_node2] Client PUT: key='item:2889', value='stress_8_167'
[dc3_node2] Preference list for 'item:2889': ['localhost:50116', 'localhost:50094', 'localhost:50236']
[dc3_node2] Coordinator NOT in preference list, forwarding only
[dc3_node2] Replicated to localhost:50236
[dc3_node2] Replicated to localhost:50116
[dc3_node2] W-quorum achieved (2 writes), returning to client
[dc3_node2] Background replication continues for remaining nodes
[dc3_node2] Successful writes: 2/3
[dc3_node2] Replicated to localhost:50094
[dc3_node2] Internal PUT (replication): key='item:3451'
[dc3_node2] CONFLICT detected for key='item:3451', siblings=13
[dc3_node2] Saved 95 keys to disk
[dc3_node2] Client PUT: key='item:4698', value='stress_2_182'
[dc3_node2] Preference list for 'item:4698': ['localhost:50135', 'localhost:50069', 'localhost:50077']
[dc3_node2] Coordinator NOT in preference list, forwarding only
[dc3_node2] Replicated to localhost:50069
[dc3_node2] Replicated to localhost:50077
[dc3_node2] Replicated to localhost:50135
[dc3_node2] W-quorum achieved (2 writes), returning to client
[dc3_node2] Background replication continues for remaining nodes
[dc3_node2] Successful writes: 3/3
[dc3_node2] Client GET: key='item:3957'
[dc3_node2] Reading from preference list: ['localhost:50117', 'localhost:50053']
[dc3_node2] Key='item:3957' not found
[dc3_node2] CONFLICT: 26 sibling versions for 'item:3957'
[dc3_node2] Internal PUT (replication): key='item:0406'
[dc3_node2] CONFLICT detected for key='item:0406', siblings=11
[dc3_node2] Saved 95 keys to disk
[dc3_node2] Retrieved key='item:0255', versions=19
[dc3_node2] Client PUT: key='item:2037', value='stress_6_199'
[dc3_node2] Preference list for 'item:2037': ['localhost:50085', 'localhost:50153', 'localhost:50070']
[dc3_node2] Coordinator NOT in preference list, forwarding only
[dc3_node2] Client PUT: key='item:4481', value='stress_3_198'
[dc3_node2] Preference list for 'item:4481': ['localhost:50186', 'localhost:50128', 'localhost:50227']
[dc3_node2] Coordinator NOT in preference list, forwarding only
[dc3_node2] Replicated to localhost:50085
[dc3_node2] Replicated to localhost:50153
[dc3_node2] Replicated to localhost:50227
[dc3_node2] Replicated to localhost:50186
[dc3_node2] Replicated to localhost:50128
[dc3_node2] Replicated to localhost:50070
[dc3_node2] W-quorum achieved (2 writes), returning to client
[dc3_node2] Background replication continues for remaining nodes
[dc3_node2] Successful writes: 3/3
[dc3_node2] W-quorum achieved (2 writes), returning to client
[dc3_node2] Background replication continues for remaining nodes
[dc3_node2] Successful writes: 3/3
[dc3_node2] Client GET: key='item:0735'
[dc3_node2] Reading from preference list: ['localhost:50215', 'localhost:50198']
[dc3_node2] Key='item:0735' not found
[dc3_node2] CONFLICT: 27 sibling versions for 'item:0735'
[dc3_node2] Internal PUT (replication): key='item:3043'
[dc3_node2] CONFLICT detected for key='item:3043', siblings=10
[dc3_node2] Saved 95 keys to disk
[dc3_node2] Client PUT: key='item:3664', value='stress_6_216'
[dc3_node2] Preference list for 'item:3664': ['localhost:50140', 'localhost:50207', 'localhost:50101']
[dc3_node2] Coordinator NOT in preference list, forwarding only
[dc3_node2] Replicated to localhost:50207
[dc3_node2] Replicated to localhost:50101
[dc3_node2] Replicated to localhost:50140
[dc3_node2] W-quorum achieved (2 writes), returning to client
[dc3_node2] Background replication continues for remaining nodes
[dc3_node2] Successful writes: 3/3
[dc3_node2] Client PUT: key='item:1296', value='stress_5_229'
[dc3_node2] Preference list for 'item:1296': ['localhost:50159', 'localhost:50059', 'localhost:50073']
[dc3_node2] Coordinator NOT in preference list, forwarding only
[dc3_node2] Replicated to localhost:50159
[dc3_node2] Replicated to localhost:50059
[dc3_node2] Replicated to localhost:50073
[dc3_node2] W-quorum achieved (2 writes), returning to client
[dc3_node2] Background replication continues for remaining nodes
[dc3_node2] Successful writes: 3/3
[dc3_node2] Client PUT: key='item:0837', value='stress_1_246'
[dc3_node2] Preference list for 'item:0837': ['localhost:50062', 'localhost:50153', 'localhost:50180']
[dc3_node2] Coordinator NOT in preference list, forwarding only
[dc3_node2] Replicated to localhost:50153
[dc3_node2] Replicated to localhost:50180
[dc3_node2] W-quorum achieved (2 writes), returning to client
[dc3_node2] Background replication continues for remaining nodes
[dc3_node2] Successful writes: 2/3
[dc3_node2] Replicated to localhost:50062
[dc3_node2] Retrieved key='item:3632', versions=6
[dc3_node2] Retrieved key='item:4866', versions=20
[dc3_node2] Retrieved key='item:4102', versions=10
[dc3_node2] Client GET: key='item:3382'
[dc3_node2] Reading from preference list: ['localhost:50134', 'localhost:50240']
[dc3_node2] Key='item:3382' not found
[dc3_node2] CONFLICT: 35 sibling versions for 'item:3382'
[dc3_node2] Client GET: key='item:0506'
[dc3_node2] Reading from preference list: ['localhost:50087', 'localhost:50229']
[dc3_node2] Key='item:0506' not found
[dc3_node2] CONFLICT: 24 sibling versions for 'item:0506'
[dc3_node2] Client PUT: key='item:2399', value='stress_9_273'
[dc3_node2] Preference list for 'item:2399': ['localhost:50159', 'localhost:50076', 'localhost:50176']
[dc3_node2] Coordinator NOT in preference list, forwarding only
[dc3_node2] Replicated to localhost:50176
[dc3_node2] Replicated to localhost:50076
[dc3_node2] Replicated to localhost:50159
[dc3_node2] W-quorum achieved (2 writes), returning to client
[dc3_node2] Background replication continues for remaining nodes
[dc3_node2] Successful writes: 3/3
[dc3_node2] Retrieved key='item:3263', versions=17
[dc3_node2] Internal PUT (replication): key='item:3543'
[dc3_node2] CONFLICT detected for key='item:3543', siblings=14
[dc3_node2] Client PUT: key='item:3380', value='stress_3_281'
[dc3_node2] Preference list for 'item:3380': ['localhost:50133', 'localhost:50123', 'localhost:50181']
[dc3_node2] Coordinator NOT in preference list, forwarding only
[dc3_node2] Saved 95 keys to disk
[dc3_node2] Replicated to localhost:50133
[dc3_node2] Replicated to localhost:50181
[dc3_node2] Replicated to localhost:50123
[dc3_node2] W-quorum achieved (2 writes), returning to client
[dc3_node2] Background replication continues for remaining nodes
[dc3_node2] Successful writes: 3/3
[dc3_node2] Retrieved key='item:2844', versions=11
[dc3_node2] Internal PUT (replication): key='item:1642'
[dc3_node2] CONFLICT detected for key='item:1642', siblings=14
[dc3_node2] Saved 95 keys to disk
[dc3_node2] Internal PUT (replication): key='item:2453'
[dc3_node2] CONFLICT detected for key='item:2453', siblings=14
[dc3_node2] Saved 95 keys to disk
[dc3_node2] Client GET: key='item:3253'
[dc3_node2] Reading from preference list: ['localhost:50099', 'localhost:50114']
[dc3_node2] Key='item:3253' not found
[dc3_node2] CONFLICT: 46 sibling versions for 'item:3253'
[dc3_node2] Client PUT: key='item:4971', value='stress_5_317'
[dc3_node2] Preference list for 'item:4971': ['localhost:50123', 'localhost:50217', 'localhost:50152']
[dc3_node2] Coordinator NOT in preference list, forwarding only
[dc3_node2] Replicated to localhost:50217
[dc3_node2] Replicated to localhost:50152
[dc3_node2] Replicated to localhost:50123
[dc3_node2] W-quorum achieved (2 writes), returning to client
[dc3_node2] Background replication continues for remaining nodes
[dc3_node2] Successful writes: 3/3
[dc3_node2] Client PUT: key='item:2316', value='stress_4_340'
[dc3_node2] Preference list for 'item:2316': ['localhost:50107', 'localhost:50167', 'localhost:50124']
[dc3_node2] Coordinator NOT in preference list, forwarding only
[dc3_node2] Replicated to localhost:50124
[dc3_node2] Replicated to localhost:50167
[dc3_node2] Replicated to localhost:50107
[dc3_node2] W-quorum achieved (2 writes), returning to client
[dc3_node2] Background replication continues for remaining nodes
[dc3_node2] Successful writes: 3/3
[dc3_node2] Client GET: key='item:1644'
[dc3_node2] Reading from preference list: ['localhost:50185', 'localhost:50230']
[dc3_node2] Key='item:1644' not found
[dc3_node2] CONFLICT: 35 sibling versions for 'item:1644'
[dc3_node2] Internal PUT (replication): key='item:4674'
[dc3_node2] CONFLICT detected for key='item:4674', siblings=14
[dc3_node2] Saved 95 keys to disk
[dc3_node2] Internal PUT (replication): key='item:4619'
[dc3_node2] Stored NEW key='item:4619', value='stress_0_352', clock={dc4_node5:1}
[dc3_node2] Saved 96 keys to disk
[dc3_node2] Internal PUT (replication): key='item:0806'
[dc3_node2] CONFLICT detected for key='item:0806', siblings=15
[dc3_node2] Saved 96 keys to disk
[dc3_node2] Internal PUT (replication): key='item:4793'
[dc3_node2] CONFLICT detected for key='item:4793', siblings=16
[dc3_node2] Saved 96 keys to disk
[dc3_node2] Internal PUT (replication): key='item:4102'
[dc3_node2] CONFLICT detected for key='item:4102', siblings=11
[dc3_node2] Internal PUT (replication): key='item:2194'
[dc3_node2] Internal PUT (replication): key='item:3603'
[dc3_node2] Saved 96 keys to disk
[dc3_node2] CONFLICT detected for key='item:2194', siblings=14
[dc3_node2] Internal PUT (replication): key='item:2844'
[dc3_node2] Saved 96 keys to disk
[dc3_node2] CONFLICT detected for key='item:3603', siblings=16
[dc3_node2] Saved 96 keys to disk
[dc3_node2] Retrieved key='item:4377', versions=11
[dc3_node2] CONFLICT detected for key='item:2844', siblings=12
[dc3_node2] Saved 96 keys to disk
[dc3_node2] Retrieved key='item:0736', versions=19
[dc3_node2] Client PUT: key='item:1659', value='stress_5_387'
[dc3_node2] Preference list for 'item:1659': ['localhost:50127', 'localhost:50057', 'localhost:50099']
[dc3_node2] Coordinator NOT in preference list, forwarding only
[dc3_node2] Client GET: key='item:3889'
[dc3_node2] Reading from preference list: ['localhost:50192', 'localhost:50169']
[dc3_node2] Key='item:3889' not found
[dc3_node2] CONFLICT: 27 sibling versions for 'item:3889'
[dc3_node2] Replicated to localhost:50127
[dc3_node2] Replicated to localhost:50099
[dc3_node2] Replicated to localhost:50057
[dc3_node2] W-quorum achieved (2 writes), returning to client
[dc3_node2] Background replication continues for remaining nodes
[dc3_node2] Successful writes: 3/3
[dc3_node2] Internal PUT (replication): key='item:1271'
[dc3_node2] CONFLICT detected for key='item:1271', siblings=16
[dc3_node2] Saved 96 keys to disk
[dc3_node2] Internal PUT (replication): key='item:4271'
[dc3_node2] CONFLICT detected for key='item:4271', siblings=14
[dc3_node2] Saved 96 keys to disk
[dc3_node2] Retrieved key='item:0255', versions=19
[dc3_node2] Retrieved key='item:0296', versions=19
[dc3_node2] Client GET: key='item:4243'
[dc3_node2] Reading from preference list: ['localhost:50244', 'localhost:50183']
[dc3_node2] Key='item:4243' not found
[dc3_node2] CONFLICT: 41 sibling versions for 'item:4243'
[dc3_node2] Internal PUT (replication): key='item:3618'
[dc3_node2] CONFLICT detected for key='item:3618', siblings=13
[dc3_node2] Saved 96 keys to disk
[dc3_node2] Client PUT: key='item:3342', value='stress_2_432'
[dc3_node2] Preference list for 'item:3342': ['localhost:50174', 'localhost:50198', 'localhost:50240']
[dc3_node2] Coordinator NOT in preference list, forwarding only
[dc3_node2] Replicated to localhost:50174
[dc3_node2] Replicated to localhost:50240
[dc3_node2] Replicated to localhost:50198
[dc3_node2] W-quorum achieved (2 writes), returning to client
[dc3_node2] Background replication continues for remaining nodes
[dc3_node2] Successful writes: 3/3
[dc3_node2] Internal PUT (replication): key='item:0025'
[dc3_node2] CONFLICT detected for key='item:0025', siblings=17
[dc3_node2] Saved 96 keys to disk
[dc3_node2] Internal PUT (replication): key='item:4377'
[dc3_node2] CONFLICT detected for key='item:4377', siblings=12
[dc3_node2] Client PUT: key='item:2047', value='stress_4_474'
[dc3_node2] Preference list for 'item:2047': ['localhost:50057', 'localhost:50093', 'localhost:50147']
[dc3_node2] Coordinator NOT in preference list, forwarding only
[dc3_node2] Saved 96 keys to disk
[dc3_node2] Replicated to localhost:50057
[dc3_node2] Replicated to localhost:50093
[dc3_node2] Replicated to localhost:50147
[dc3_node2] Retrieved key='item:3632', versions=6
[dc3_node2] W-quorum achieved (2 writes), returning to client
[dc3_node2] Background replication continues for remaining nodes
[dc3_node2] Successful writes: 3/3
[dc3_node2] Retrieved key='item:3822', versions=17
[dc3_node2] Internal PUT (replication): key='item:2844'
[dc3_node2] CONFLICT detected for key='item:2844', siblings=13
[dc3_node2] Saved 96 keys to disk
[dc3_node2] Retrieved key='item:0296', versions=19
[dc3_node2] Client PUT: key='item:2714', value='stress_3_491'
[dc3_node2] Preference list for 'item:2714': ['localhost:50111', 'localhost:50245', 'localhost:50205']
[dc3_node2] Coordinator NOT in preference list, forwarding only
[dc3_node2] Replicated to localhost:50245
[dc3_node2] Replicated to localhost:50111
[dc3_node2] W-quorum achieved (2 writes), returning to client
[dc3_node2] Background replication continues for remaining nodes
[dc3_node2] Successful writes: 2/3
[dc3_node2] Replicated to localhost:50205
[dc3_node2] Retrieved key='item:3119', versions=14
[dc3_node2] Retrieved key='item:0736', versions=19
[dc3_node2] Internal PUT (replication): key='item:1379'
[dc3_node2] CONFLICT detected for key='item:1379', siblings=12
[dc3_node2] Saved 96 keys to disk
[dc3_node2] Internal PUT (replication): key='item:1532'
[dc3_node2] CONFLICT detected for key='item:1532', siblings=9
[dc3_node2] Saved 96 keys to disk
[dc3_node2] Client GET: key='item:0856'
[dc3_node2] Reading from preference list: ['localhost:50118', 'localhost:50166']
[dc3_node2] Key='item:0856' not found
[dc3_node2] CONFLICT: 32 sibling versions for 'item:0856'
[dc3_node2] Internal PUT (replication): key='item:3632'
[dc3_node2] CONFLICT detected for key='item:3632', siblings=7
[dc3_node2] Saved 96 keys to disk
[dc3_node2] Retrieved key='item:4866', versions=20
[dc3_node2] Internal PUT (replication): key='item:4199'
[dc3_node2] CONFLICT detected for key='item:4199', siblings=14
[dc3_node2] Saved 96 keys to disk
[dc3_node2] Client GET: key='item:4119'
[dc3_node2] Reading from preference list: ['localhost:50174', 'localhost:50168']
[dc3_node2] Key='item:4119' not found
[dc3_node2] CONFLICT: 35 sibling versions for 'item:4119'
[dc3_node2] Client PUT: key='item:1597', value='stress_6_526'
[dc3_node2] Preference list for 'item:1597': ['localhost:50123', 'localhost:50196', 'localhost:50156']
[dc3_node2] Coordinator NOT in preference list, forwarding only
[dc3_node2] Replicated to localhost:50156
[dc3_node2] Replicated to localhost:50123
[dc3_node2] Replicated to localhost:50196
[dc3_node2] Retrieved key='item:3633', versions=12
[dc3_node2] W-quorum achieved (2 writes), returning to client
[dc3_node2] Background replication continues for remaining nodes
[dc3_node2] Successful writes: 3/3
[dc3_node2] Retrieved key='item:1642', versions=14
[dc3_node2] Internal PUT (replication): key='item:2719'
[dc3_node2] CONFLICT detected for key='item:2719', siblings=15
[dc3_node2] Saved 96 keys to disk
[dc3_node2] Client GET: key='item:0443'
[dc3_node2] Reading from preference list: ['localhost:50215', 'localhost:50081']
[dc3_node2] Key='item:0443' not found
[dc3_node2] CONFLICT: 29 sibling versions for 'item:0443'
[dc3_node2] Client GET: key='item:4927'
[dc3_node2] Reading from preference list: ['localhost:50244', 'localhost:50158']
[dc3_node2] Key='item:4927' not found
[dc3_node2] CONFLICT: 17 sibling versions for 'item:4927'
[dc3_node2] Internal PUT (replication): key='item:1236'
[dc3_node2] CONFLICT detected for key='item:1236', siblings=13
[dc3_node2] Saved 96 keys to disk
[dc3_node2] Client PUT: key='item:0736', value='stress_7_584'
[dc3_node2] Preference list for 'item:0736': ['localhost:50092', 'localhost:50245', 'localhost:50171']
[dc3_node2] CONFLICT detected for key='item:0736', siblings=19
[dc3_node2] Saved 96 keys to disk
[dc3_node2] Coordinator IS in preference list, stored locally
[dc3_node2] Replicated to localhost:50245
[dc3_node2] W-quorum achieved (2 writes), returning to client
[dc3_node2] Background replication continues for remaining nodes
[dc3_node2] Successful writes: 2/3
[dc3_node2] Replicated to localhost:50171
[dc3_node2] Client PUT: key='item:2117', value='stress_2_568'
[dc3_node2] Preference list for 'item:2117': ['localhost:50200', 'localhost:50238', 'localhost:50177']
[dc3_node2] Coordinator NOT in preference list, forwarding only
[dc3_node2] Replicated to localhost:50177
[dc3_node2] Replicated to localhost:50238
[dc3_node2] W-quorum achieved (2 writes), returning to client
[dc3_node2] Background replication continues for remaining nodes
[dc3_node2] Successful writes: 2/3
[dc3_node2] Replicated to localhost:50200
[dc3_node2] Internal PUT (replication): key='item:1236'
[dc3_node2] CONFLICT detected for key='item:1236', siblings=14
[dc3_node2] Saved 96 keys to disk
[dc3_node2] Retrieved key='item:2453', versions=14
[dc3_node2] Client PUT: key='item:3545', value='stress_0_603'
[dc3_node2] Preference list for 'item:3545': ['localhost:50153', 'localhost:50230', 'localhost:50210']
[dc3_node2] Coordinator NOT in preference list, forwarding only
[dc3_node2] Replicated to localhost:50153
[dc3_node2] Replicated to localhost:50230
[dc3_node2] Replicated to localhost:50210
[dc3_node2] W-quorum achieved (2 writes), returning to client
[dc3_node2] Background replication continues for remaining nodes
[dc3_node2] Successful writes: 3/3
[dc3_node2] Internal PUT (replication): key='item:0736'
[dc3_node2] CONFLICT detected for key='item:0736', siblings=20
[dc3_node2] Saved 96 keys to disk
[dc3_node2] Retrieved key='item:1444', versions=14
[dc3_node2] Retrieved key='item:4102', versions=11
[dc3_node2] Retrieved key='item:2573', versions=9
[dc3_node2] Internal PUT (replication): key='item:0021'
[dc3_node2] CONFLICT detected for key='item:0021', siblings=12
[dc3_node2] Saved 96 keys to disk
[dc3_node2] Client PUT: key='item:4724', value='stress_0_639'
[dc3_node2] Preference list for 'item:4724': ['localhost:50222', 'localhost:50149', 'localhost:50234']
[dc3_node2] Coordinator NOT in preference list, forwarding only
[dc3_node2] Replicated to localhost:50222
[dc3_node2] Replicated to localhost:50234
[dc3_node2] Replicated to localhost:50149
[dc3_node2] W-quorum achieved (2 writes), returning to client
[dc3_node2] Background replication continues for remaining nodes
[dc3_node2] Successful writes: 3/3
[dc3_node2] Internal PUT (replication): key='item:4485'
[dc3_node2] CONFLICT detected for key='item:4485', siblings=14
[dc3_node2] Saved 96 keys to disk
[dc3_node2] Retrieved key='item:2453', versions=14
[dc3_node2] Internal PUT (replication): key='item:3633'
[dc3_node2] CONFLICT detected for key='item:3633', siblings=13
[dc3_node2] Saved 96 keys to disk
[dc3_node2] Client PUT: key='item:3338', value='stress_8_652'
[dc3_node2] Preference list for 'item:3338': ['localhost:50139', 'localhost:50067', 'localhost:50222']
[dc3_node2] Coordinator NOT in preference list, forwarding only
[dc3_node2] Replicated to localhost:50139
[dc3_node2] Replicated to localhost:50222
[dc3_node2] Internal PUT (replication): key='item:2698'
[dc3_node2] CONFLICT detected for key='item:2698', siblings=11
[dc3_node2] Replicated to localhost:50067
[dc3_node2] W-quorum achieved (2 writes), returning to client
[dc3_node2] Background replication continues for remaining nodes
[dc3_node2] Successful writes: 3/3
[dc3_node2] Saved 96 keys to disk
[dc3_node2] Internal PUT (replication): key='item:3822'
[dc3_node2] CONFLICT detected for key='item:3822', siblings=18
[dc3_node2] Saved 96 keys to disk
[dc3_node2] Retrieved key='item:1444', versions=14
[dc3_node2] Retrieved key='item:0619', versions=22
[dc3_node2] Retrieved key='item:1366', versions=17
[dc3_node2] Retrieved key='item:4674', versions=14
[dc3_node2] Client GET: key='item:4570'
[dc3_node2] Reading from preference list: ['localhost:50146', 'localhost:50052']
[dc3_node2] Key='item:4570' not found
[dc3_node2] CONFLICT: 28 sibling versions for 'item:4570'
[dc3_node2] Internal PUT (replication): key='item:3479'
[dc3_node2] CONFLICT detected for key='item:3479', siblings=11
[dc3_node2] Saved 96 keys to disk
[dc3_node2] Client PUT: key='item:1845', value='stress_8_719'
[dc3_node2] Preference list for 'item:1845': ['localhost:50153', 'localhost:50140', 'localhost:50227']
[dc3_node2] Coordinator NOT in preference list, forwarding only
[dc3_node2] Replicated to localhost:50227
[dc3_node2] Replicated to localhost:50153
[dc3_node2] Replicated to localhost:50140
[dc3_node2] W-quorum achieved (2 writes), returning to client
[dc3_node2] Background replication continues for remaining nodes
[dc3_node2] Successful writes: 3/3
[dc3_node2] Internal PUT (replication): key='item:3263'
[dc3_node2] CONFLICT detected for key='item:3263', siblings=18
[dc3_node2] Saved 96 keys to disk
[dc3_node2] Retrieved key='item:1002', versions=11
[dc3_node2] Retrieved key='item:3632', versions=7
[dc3_node2] Internal PUT (replication): key='item:3543'
[dc3_node2] CONFLICT detected for key='item:3543', siblings=15
[dc3_node2] Saved 96 keys to disk
[dc3_node2] Client GET: key='item:1622'
[dc3_node2] Reading from preference list: ['localhost:50095', 'localhost:50051']
[dc3_node2] Key='item:1622' not found
[dc3_node2] CONFLICT: 38 sibling versions for 'item:1622'
[dc3_node2] Internal PUT (replication): key='item:3119'
[dc3_node2] CONFLICT detected for key='item:3119', siblings=15
[dc3_node2] Saved 96 keys to disk
[dc3_node2] Client GET: key='item:3704'
[dc3_node2] Reading from preference list: ['localhost:50119', 'localhost:50146']
[dc3_node2] Key='item:3704' not found
[dc3_node2] CONFLICT: 36 sibling versions for 'item:3704'
[dc3_node2] Client GET: key='item:4994'
[dc3_node2] Reading from preference list: ['localhost:50193', 'localhost:50104']
[dc3_node2] Key='item:4994' not found
[dc3_node2] CONFLICT: 24 sibling versions for 'item:4994'
[dc3_node2] Retrieved key='item:1379', versions=12
[dc3_node2] Client PUT: key='item:4880', value='stress_1_782'
[dc3_node2] Preference list for 'item:4880': ['localhost:50185', 'localhost:50053', 'localhost:50231']
[dc3_node2] Coordinator NOT in preference list, forwarding only
[dc3_node2] Replicated to localhost:50231
[dc3_node2] Replicated to localhost:50185
[dc3_node2] Replicated to localhost:50053
[dc3_node2] W-quorum achieved (2 writes), returning to client
[dc3_node2] Background replication continues for remaining nodes
[dc3_node2] Successful writes: 3/3
[dc3_node2] Client PUT: key='item:2640', value='stress_2_727'
[dc3_node2] Preference list for 'item:2640': ['localhost:50207', 'localhost:50109', 'localhost:50173']
[dc3_node2] Coordinator NOT in preference list, forwarding only
[dc3_node2] Replicated to localhost:50109
[dc3_node2] Replicated to localhost:50173
[dc3_node2] Replicated to localhost:50207
[dc3_node2] W-quorum achieved (2 writes), returning to client
[dc3_node2] Background replication continues for remaining nodes
[dc3_node2] Successful writes: 3/3
[dc3_node2] Retrieved key='item:4674', versions=14
[dc3_node2] Client PUT: key='item:1435', value='stress_8_755'
[dc3_node2] Preference list for 'item:1435': ['localhost:50221', 'localhost:50232', 'localhost:50184']
[dc3_node2] Coordinator NOT in preference list, forwarding only
[dc3_node2] Replicated to localhost:50184
[dc3_node2] Replicated to localhost:50232
[dc3_node2] Replicated to localhost:50221
[dc3_node2] W-quorum achieved (2 writes), returning to client
[dc3_node2] Background replication continues for remaining nodes
[dc3_node2] Successful writes: 3/3
[dc3_node2] Retrieved key='item:3822', versions=18
[dc3_node2] Internal PUT (replication): key='item:3059'
[dc3_node2] CONFLICT detected for key='item:3059', siblings=12
[dc3_node2] Saved 96 keys to disk
[dc3_node2] Retrieved key='item:0619', versions=22
[dc3_node2] Retrieved key='item:4866', versions=20
[dc3_node2] Retrieved key='item:4704', versions=10
[dc3_node2] Retrieved key='item:4674', versions=14
[dc3_node2] Internal PUT (replication): key='item:1642'
[dc3_node2] CONFLICT detected for key='item:1642', siblings=15
[dc3_node2] Saved 96 keys to disk
[dc3_node2] Internal PUT (replication): key='item:0698'
[dc3_node2] CONFLICT detected for key='item:0698', siblings=12
[dc3_node2] Saved 96 keys to disk
[dc3_node2] Internal PUT (replication): key='item:3603'
[dc3_node2] CONFLICT detected for key='item:3603', siblings=17
[dc3_node2] Saved 96 keys to disk
[dc3_node2] Client PUT: key='item:4129', value='stress_3_804'
[dc3_node2] Preference list for 'item:4129': ['localhost:50223', 'localhost:50115', 'localhost:50094']
[dc3_node2] Coordinator NOT in preference list, forwarding only
[dc3_node2] Internal PUT (replication): key='item:1625'
[dc3_node2] CONFLICT detected for key='item:1625', siblings=13
[dc3_node2] Replicated to localhost:50223
[dc3_node2] Replicated to localhost:50115
[dc3_node2] Replicated to localhost:50094
[dc3_node2] W-quorum achieved (2 writes), returning to client
[dc3_node2] Background replication continues for remaining nodes
[dc3_node2] Successful writes: 3/3
[dc3_node2] Saved 96 keys to disk
[dc3_node2] Retrieved key='item:1924', versions=18
[dc3_node2] Internal PUT (replication): key='item:1366'
[dc3_node2] CONFLICT detected for key='item:1366', siblings=18
[dc3_node2] Saved 96 keys to disk
[dc3_node2] Retrieved key='item:3204', versions=18
[dc3_node2] Client PUT: key='item:1013', value='stress_1_858'
[dc3_node2] Preference list for 'item:1013': ['localhost:50156', 'localhost:50098', 'localhost:50115']
[dc3_node2] Coordinator NOT in preference list, forwarding only
[dc3_node2] Replicated to localhost:50156
[dc3_node2] Replicated to localhost:50115
[dc3_node2] Replicated to localhost:50098
[dc3_node2] W-quorum achieved (2 writes), returning to client
[dc3_node2] Background replication continues for remaining nodes
[dc3_node2] Successful writes: 3/3
[dc3_node2] Internal PUT (replication): key='item:0863'
[dc3_node2] CONFLICT detected for key='item:0863', siblings=14
[dc3_node2] Saved 96 keys to disk
[dc3_node2] Internal PUT (replication): key='item:2763'
[dc3_node2] CONFLICT detected for key='item:2763', siblings=14
[dc3_node2] Saved 96 keys to disk
[dc3_node2] Retrieved key='item:2844', versions=13
[dc3_node2] Retrieved key='item:4058', versions=12
[dc3_node2] Client GET: key='item:3851'
[dc3_node2] Reading from preference list: ['localhost:50154', 'localhost:50132']
[dc3_node2] Key='item:3851' not found
[dc3_node2] CONFLICT: 30 sibling versions for 'item:3851'
[dc3_node2] Client PUT: key='item:4663', value='stress_2_869'
[dc3_node2] Preference list for 'item:4663': ['localhost:50146', 'localhost:50167', 'localhost:50242']
[dc3_node2] Coordinator NOT in preference list, forwarding only
[dc3_node2] Replicated to localhost:50242
[dc3_node2] Replicated to localhost:50167
[dc3_node2] W-quorum achieved (2 writes), returning to client
[dc3_node2] Background replication continues for remaining nodes
[dc3_node2] Successful writes: 2/3
[dc3_node2] Replicated to localhost:50146
[dc3_node2] Client GET: key='item:3153'
[dc3_node2] Reading from preference list: ['localhost:50210', 'localhost:50158']
[dc3_node2] Key='item:3153' not found
[dc3_node2] CONFLICT: 38 sibling versions for 'item:3153'
[dc3_node2] Retrieved key='item:2763', versions=14
[dc3_node2] Client GET: key='item:4358'
[dc3_node2] Reading from preference list: ['localhost:50125', 'localhost:50195']
[dc3_node2] Key='item:4358' not found
[dc3_node2] CONFLICT: 18 sibling versions for 'item:4358'
[dc3_node2] Internal PUT (replication): key='item:4222'
[dc3_node2] CONFLICT detected for key='item:4222', siblings=16
[dc3_node2] Saved 96 keys to disk
[dc3_node2] Internal PUT (replication): key='item:2672'
[dc3_node2] CONFLICT detected for key='item:2672', siblings=19
[dc3_node2] Saved 96 keys to disk
[dc3_node2] Client GET: key='item:3517'
[dc3_node2] Reading from preference list: ['localhost:50070', 'localhost:50162']
[dc3_node2] Key='item:3517' not found
[dc3_node2] CONFLICT: 28 sibling versions for 'item:3517'
[dc3_node2] Retrieved key='item:3632', versions=7
[dc3_node2] Client GET: key='item:2068'
[dc3_node2] Reading from preference list: ['localhost:50194', 'localhost:50094']
[dc3_node2] Key='item:2068' not found
[dc3_node2] CONFLICT: 27 sibling versions for 'item:2068'
[dc3_node2] Client PUT: key='item:2580', value='stress_3_942'
[dc3_node2] Preference list for 'item:2580': ['localhost:50174', 'localhost:50241', 'localhost:50143']
[dc3_node2] Coordinator NOT in preference list, forwarding only
[dc3_node2] Replicated to localhost:50143
[dc3_node2] Replicated to localhost:50174
[dc3_node2] W-quorum achieved (2 writes), returning to client
[dc3_node2] Background replication continues for remaining nodes
[dc3_node2] Successful writes: 2/3
[dc3_node2] Replicated to localhost:50241
[dc3_node2] Retrieved key='item:3059', versions=12
[dc3_node2] Client GET: key='item:1144'
[dc3_node2] Reading from preference list: ['localhost:50154', 'localhost:50084']
[dc3_node2] Key='item:1144' not found
[dc3_node2] CONFLICT: 46 sibling versions for 'item:1144'
[dc3_node2] Retrieved key='item:3928', versions=19
[dc3_node2] Internal PUT (replication): key='item:3618'
[dc3_node2] CONFLICT detected for key='item:3618', siblings=14
[dc3_node2] Saved 96 keys to disk
[dc3_node2] Internal PUT (replication): key='item:4222'
[dc3_node2] CONFLICT detected for key='item:4222', siblings=17
[dc3_node2] Internal PUT (replication): key='item:2895'
[dc3_node2] Saved 96 keys to disk
[dc3_node2] CONFLICT detected for key='item:2895', siblings=15
[dc3_node2] Saved 96 keys to disk
[dc3_node2] Client GET: key='item:3015'
[dc3_node2] Reading from preference list: ['localhost:50062', 'localhost:50184']
[dc3_node2] Key='item:3015' not found
[dc3_node2] CONFLICT: 36 sibling versions for 'item:3015'
[dc3_node2] Internal PUT (replication): key='item:4485'
[dc3_node2] CONFLICT detected for key='item:4485', siblings=15
[dc3_node2] Saved 96 keys to disk
[dc3_node2] Retrieved key='item:1625', versions=13
[dc3_node2] Internal PUT (replication): key='item:1379'
[dc3_node2] CONFLICT detected for key='item:1379', siblings=13
[dc3_node2] Saved 96 keys to disk
[dc3_node2] Internal PUT (replication): key='item:3059'
[dc3_node2] CONFLICT detected for key='item:3059', siblings=13
[dc3_node2] Saved 96 keys to disk
[dc3_node2] Retrieved key='item:1532', versions=9
[dc3_node2] Internal PUT (replication): key='item:1281'
[dc3_node2] CONFLICT detected for key='item:1281', siblings=15
[dc3_node2] Saved 96 keys to disk
[dc3_node2] Client PUT: key='item:1390', value='stress_0_1002'
[dc3_node2] Preference list for 'item:1390': ['localhost:50188', 'localhost:50130', 'localhost:50070']
[dc3_node2] Coordinator NOT in preference list, forwarding only
[dc3_node2] Replicated to localhost:50130
[dc3_node2] Replicated to localhost:50188
[dc3_node2] Replicated to localhost:50070
[dc3_node2] W-quorum achieved (2 writes), returning to client
[dc3_node2] Background replication continues for remaining nodes
[dc3_node2] Successful writes: 3/3
[dc3_node2] Client PUT: key='item:2293', value='stress_2_983'
[dc3_node2] Preference list for 'item:2293': ['localhost:50088', 'localhost:50176', 'localhost:50117']
[dc3_node2] Coordinator NOT in preference list, forwarding only
[dc3_node2] Replicated to localhost:50176
[dc3_node2] Replicated to localhost:50088
[dc3_node2] Replicated to localhost:50117
[dc3_node2] W-quorum achieved (2 writes), returning to client
[dc3_node2] Background replication continues for remaining nodes
[dc3_node2] Successful writes: 3/3
[dc3_node2] Internal PUT (replication): key='item:4704'
[dc3_node2] CONFLICT detected for key='item:4704', siblings=11
[dc3_node2] Client GET: key='item:2643'
[dc3_node2] Reading from preference list: ['localhost:50175', 'localhost:50233']
[dc3_node2] Internal PUT (replication): key='item:1236'
[dc3_node2] Saved 96 keys to disk
[dc3_node2] Key='item:2643' not found
[dc3_node2] CONFLICT detected for key='item:1236', siblings=15
[dc3_node2] CONFLICT: 33 sibling versions for 'item:2643'
[dc3_node2] Saved 96 keys to disk
[dc3_node2] Internal PUT (replication): key='item:3708'
[dc3_node2] CONFLICT detected for key='item:3708', siblings=11
[dc3_node2] Saved 96 keys to disk
[dc3_node2] Client GET: key='item:4244'
[dc3_node2] Reading from preference list: ['localhost:50222', 'localhost:50064']
[dc3_node2] Key='item:4244' not found
[dc3_node2] CONFLICT: 32 sibling versions for 'item:4244'
[dc3_node2] Internal PUT (replication): key='item:3695'
[dc3_node2] CONFLICT detected for key='item:3695', siblings=10
[dc3_node2] Saved 96 keys to disk
[dc3_node2] Retrieved key='item:4730', versions=12
[dc3_node2] Client PUT: key='item:0689', value='stress_6_1039'
[dc3_node2] Preference list for 'item:0689': ['localhost:50239', 'localhost:50150', 'localhost:50160']
[dc3_node2] Coordinator NOT in preference list, forwarding only
[dc3_node2] Replicated to localhost:50239
[dc3_node2] Replicated to localhost:50150
[dc3_node2] Replicated to localhost:50160
[dc3_node2] Retrieved key='item:0619', versions=22
[dc3_node2] W-quorum achieved (2 writes), returning to client
[dc3_node2] Background replication continues for remaining nodes
[dc3_node2] Successful writes: 3/3
[dc3_node2] Retrieved key='item:0254', versions=15
[dc3_node2] Retrieved key='item:4730', versions=12
[dc3_node2] Retrieved key='item:4866', versions=20
[dc3_node2] Internal PUT (replication): key='item:0698'
[dc3_node2] CONFLICT detected for key='item:0698', siblings=13
[dc3_node2] Saved 96 keys to disk
[dc3_node2] Client GET: key='item:3101'
[dc3_node2] Reading from preference list: ['localhost:50139', 'localhost:50189']
[dc3_node2] Key='item:3101' not found
[dc3_node2] CONFLICT: 26 sibling versions for 'item:3101'
[dc3_node2] Retrieved key='item:0025', versions=17
[dc3_node2] Client GET: key='item:3552'
[dc3_node2] Reading from preference list: ['localhost:50161', 'localhost:50083']
[dc3_node2] Key='item:3552' not found
[dc3_node2] CONFLICT: 28 sibling versions for 'item:3552'
[dc3_node2] Retrieved key='item:3603', versions=17
[dc3_node2] Client PUT: key='item:2215', value='stress_9_1079'
[dc3_node2] Preference list for 'item:2215': ['localhost:50205', 'localhost:50243', 'localhost:50127']
[dc3_node2] Coordinator NOT in preference list, forwarding only
[dc3_node2] Retrieved key='item:3822', versions=18
[dc3_node2] Replicated to localhost:50205
[dc3_node2] Replicated to localhost:50243
[dc3_node2] Replicated to localhost:50127
[dc3_node2] W-quorum achieved (2 writes), returning to client
[dc3_node2] Background replication continues for remaining nodes
[dc3_node2] Successful writes: 3/3
[dc3_node2] Retrieved key='item:1642', versions=15
[dc3_node2] Retrieved key='item:1532', versions=9
[dc3_node2] Client PUT: key='item:4587', value='stress_1_1165'
[dc3_node2] Preference list for 'item:4587': ['localhost:50127', 'localhost:50231', 'localhost:50058']
[dc3_node2] Coordinator NOT in preference list, forwarding only
[dc3_node2] Replicated to localhost:50231
[dc3_node2] Replicated to localhost:50058
[dc3_node2] Replicated to localhost:50127
[dc3_node2] W-quorum achieved (2 writes), returning to client
[dc3_node2] Background replication continues for remaining nodes
[dc3_node2] Successful writes: 3/3
[dc3_node2] Client GET: key='item:2046'
[dc3_node2] Reading from preference list: ['localhost:50070', 'localhost:50232']
[dc3_node2] Key='item:2046' not found
[dc3_node2] CONFLICT: 23 sibling versions for 'item:2046'
[dc3_node2] Client PUT: key='item:2800', value='stress_7_1124'
[dc3_node2] Preference list for 'item:2800': ['localhost:50132', 'localhost:50115', 'localhost:50086']
[dc3_node2] Coordinator NOT in preference list, forwarding only
[dc3_node2] Replicated to localhost:50086
[dc3_node2] Replicated to localhost:50115
[dc3_node2] Replicated to localhost:50132
[dc3_node2] W-quorum achieved (2 writes), returning to client
[dc3_node2] Background replication continues for remaining nodes
[dc3_node2] Successful writes: 3/3
[dc3_node2] Internal PUT (replication): key='item:2592'
[dc3_node2] CONFLICT detected for key='item:2592', siblings=19
[dc3_node2] Saved 96 keys to disk
[dc3_node2] Internal PUT (replication): key='item:3603'
[dc3_node2] CONFLICT detected for key='item:3603', siblings=18
[dc3_node2] Saved 96 keys to disk
[dc3_node2] Internal PUT (replication): key='item:4704'
[dc3_node2] CONFLICT detected for key='item:4704', siblings=12
[dc3_node2] Saved 96 keys to disk
[dc3_node2] Client PUT: key='item:0275', value='stress_1_1188'
[dc3_node2] Preference list for 'item:0275': ['localhost:50113', 'localhost:50096', 'localhost:50172']
[dc3_node2] Coordinator NOT in preference list, forwarding only
[dc3_node2] Replicated to localhost:50172
[dc3_node2] Replicated to localhost:50113
[dc3_node2] W-quorum achieved (2 writes), returning to client
[dc3_node2] Background replication continues for remaining nodes
[dc3_node2] Successful writes: 2/3
[dc3_node2] Replicated to localhost:50096
[dc3_node2] Internal PUT (replication): key='item:1532'
[dc3_node2] CONFLICT detected for key='item:1532', siblings=10
[dc3_node2] Saved 96 keys to disk
[dc3_node2] Retrieved key='item:0698', versions=13
[dc3_node2] Client GET: key='item:1244'
[dc3_node2] Reading from preference list: ['localhost:50071', 'localhost:50202']
[dc3_node2] Key='item:1244' not found
[dc3_node2] CONFLICT: 14 sibling versions for 'item:1244'
[dc3_node2] Internal PUT (replication): key='item:2592'
[dc3_node2] CONFLICT detected for key='item:2592', siblings=20
[dc3_node2] Saved 96 keys to disk
[dc3_node2] Internal PUT (replication): key='item:1444'
[dc3_node2] CONFLICT detected for key='item:1444', siblings=15
[dc3_node2] Saved 96 keys to disk
[dc3_node2] Internal PUT (replication): key='item:3543'
[dc3_node2] CONFLICT detected for key='item:3543', siblings=16
[dc3_node2] Saved 96 keys to disk
[dc3_node2] Internal PUT (replication): key='item:0312'
[dc3_node2] CONFLICT detected for key='item:0312', siblings=11
[dc3_node2] Saved 96 keys to disk
[dc3_node2] Retrieved key='item:1281', versions=15
[dc3_node2] Client PUT: key='item:0006', value='stress_7_1179'
[dc3_node2] Preference list for 'item:0006': ['localhost:50238', 'localhost:50200', 'localhost:50062']
[dc3_node2] Coordinator NOT in preference list, forwarding only
[dc3_node2] Replicated to localhost:50238
[dc3_node2] Replicated to localhost:50062
[dc3_node2] Internal PUT (replication): key='item:1625'
[dc3_node2] CONFLICT detected for key='item:1625', siblings=14
[dc3_node2] Replicated to localhost:50200
[dc3_node2] W-quorum achieved (2 writes), returning to client
[dc3_node2] Background replication continues for remaining nodes
[dc3_node2] Successful writes: 3/3
[dc3_node2] Saved 96 keys to disk
[dc3_node2] Internal PUT (replication): key='item:2844'
[dc3_node2] CONFLICT detected for key='item:2844', siblings=13
[dc3_node2] Saved 96 keys to disk
[dc3_node2] Internal PUT (replication): key='item:1281'
[dc3_node2] CONFLICT detected for key='item:1281', siblings=16
[dc3_node2] Saved 96 keys to disk
[dc3_node2] Retrieved key='item:2719', versions=15
[dc3_node2] Client PUT: key='item:4076', value='stress_1_1250'
[dc3_node2] Preference list for 'item:4076': ['localhost:50238', 'localhost:50109', 'localhost:50153']
[dc3_node2] Coordinator NOT in preference list, forwarding only
[dc3_node2] Replicated to localhost:50238
[dc3_node2] Replicated to localhost:50109
[dc3_node2] Replicated to localhost:50153
[dc3_node2] W-quorum achieved (2 writes), returning to client
[dc3_node2] Background replication continues for remaining nodes
[dc3_node2] Successful writes: 3/3
[dc3_node2] Internal PUT (replication): key='item:0021'
[dc3_node2] CONFLICT detected for key='item:0021', siblings=13
[dc3_node2] Saved 96 keys to disk
[dc3_node2] Retrieved key='item:4102', versions=11
[dc3_node2] Retrieved key='item:0204', versions=17
[dc3_node2] Retrieved key='item:2495', versions=10
[dc3_node2] Client GET: key='item:0903'
[dc3_node2] Reading from preference list: ['localhost:50093', 'localhost:50176']
[dc3_node2] Key='item:0903' not found
[dc3_node2] CONFLICT: 44 sibling versions for 'item:0903'
[dc3_node2] Retrieved key='item:4866', versions=20
[dc3_node2] Retrieved key='item:3059', versions=13
[dc3_node2] Retrieved key='item:3632', versions=7
[dc3_node2] Retrieved key='item:3059', versions=13
[dc3_node2] Client PUT: key='item:0161', value='stress_1_1320'
[dc3_node2] Preference list for 'item:0161': ['localhost:50084', 'localhost:50163', 'localhost:50062']
[dc3_node2] Coordinator NOT in preference list, forwarding only
[dc3_node2] Replicated to localhost:50163
[dc3_node2] Replicated to localhost:50062
[dc3_node2] Replicated to localhost:50084
[dc3_node2] W-quorum achieved (2 writes), returning to client
[dc3_node2] Background replication continues for remaining nodes
[dc3_node2] Successful writes: 3/3
[dc3_node2] Internal PUT (replication): key='item:1924'
[dc3_node2] CONFLICT detected for key='item:1924', siblings=19
[dc3_node2] Saved 96 keys to disk
[dc3_node2] Retrieved key='item:1924', versions=19
[dc3_node2] Retrieved key='item:1642', versions=15
[dc3_node2] Internal PUT (replication): key='item:1924'
[dc3_node2] CONFLICT detected for key='item:1924', siblings=20
[dc3_node2] Saved 96 keys to disk
[dc3_node2] Retrieved key='item:1625', versions=14
[dc3_node2] Internal PUT (replication): key='item:4793'
[dc3_node2] CONFLICT detected for key='item:4793', siblings=17
[dc3_node2] Saved 96 keys to disk
[dc3_node2] Retrieved key='item:3119', versions=15
[dc3_node2] Retrieved key='item:2587', versions=10
[dc3_node2] Internal PUT (replication): key='item:3618'
[dc3_node2] CONFLICT detected for key='item:3618', siblings=15
[dc3_node2] Saved 96 keys to disk
[dc3_node2] Internal PUT (replication): key='item:2587'
[dc3_node2] CONFLICT detected for key='item:2587', siblings=11
[dc3_node2] Saved 96 keys to disk
[dc3_node2] Retrieved key='item:3695', versions=10
[dc3_node2] Internal PUT (replication): key='item:0698'
[dc3_node2] CONFLICT detected for key='item:0698', siblings=14
[dc3_node2] Saved 96 keys to disk
[dc3_node2] Retrieved key='item:4704', versions=12
[dc3_node2] Internal PUT (replication): key='item:2698'
[dc3_node2] CONFLICT detected for key='item:2698', siblings=12
[dc3_node2] Saved 96 keys to disk
[dc3_node2] Internal PUT (replication): key='item:0204'
[dc3_node2] CONFLICT detected for key='item:0204', siblings=18
[dc3_node2] Saved 96 keys to disk
[dc3_node2] Client PUT: key='item:2103', value='stress_0_1416'
[dc3_node2] Preference list for 'item:2103': ['localhost:50185', 'localhost:50201', 'localhost:50250']
[dc3_node2] Coordinator NOT in preference list, forwarding only
[dc3_node2] Client GET: key='item:3245'
[dc3_node2] Reading from preference list: ['localhost:50241', 'localhost:50097']
[dc3_node2] Key='item:3245' not found
[dc3_node2] Replicated to localhost:50185
[dc3_node2] Replicated to localhost:50201
[dc3_node2] Replicated to localhost:50250
[dc3_node2] CONFLICT: 17 sibling versions for 'item:3245'
[dc3_node2] W-quorum achieved (2 writes), returning to client
[dc3_node2] Background replication continues for remaining nodes
[dc3_node2] Successful writes: 3/3
[dc3_node2] Client PUT: key='item:1007', value='stress_6_1407'
[dc3_node2] Preference list for 'item:1007': ['localhost:50250', 'localhost:50126', 'localhost:50215']
[dc3_node2] Coordinator NOT in preference list, forwarding only
[dc3_node2] Replicated to localhost:50215
[dc3_node2] Replicated to localhost:50126
[dc3_node2] Replicated to localhost:50250
[dc3_node2] W-quorum achieved (2 writes), returning to client
[dc3_node2] Background replication continues for remaining nodes
[dc3_node2] Successful writes: 3/3
[dc3_node2] Retrieved key='item:3822', versions=18
[dc3_node2] Internal PUT (replication): key='item:2763'
[dc3_node2] CONFLICT detected for key='item:2763', siblings=15
[dc3_node2] Saved 96 keys to disk
[dc3_node2] Internal PUT (replication): key='item:3632'
[dc3_node2] CONFLICT detected for key='item:3632', siblings=8
[dc3_node2] Saved 96 keys to disk
[dc3_node2] Client GET: key='item:3143'
[dc3_node2] Reading from preference list: ['localhost:50232', 'localhost:50124']
[dc3_node2] Key='item:3143' not found
[dc3_node2] CONFLICT: 27 sibling versions for 'item:3143'
[dc3_node2] Internal PUT (replication): key='item:3059'
[dc3_node2] CONFLICT detected for key='item:3059', siblings=14
[dc3_node2] Saved 96 keys to disk
[dc3_node2] Internal PUT (replication): key='item:2194'
[dc3_node2] CONFLICT detected for key='item:2194', siblings=15
[dc3_node2] Saved 96 keys to disk
[dc3_node2] Internal PUT (replication): key='item:1271'
[dc3_node2] CONFLICT detected for key='item:1271', siblings=17
[dc3_node2] Saved 96 keys to disk
[dc3_node2] Client PUT: key='item:2157', value='stress_3_1449'
[dc3_node2] Preference list for 'item:2157': ['localhost:50088', 'localhost:50112', 'localhost:50170']
[dc3_node2] Coordinator NOT in preference list, forwarding only
[dc3_node2] Replicated to localhost:50112
[dc3_node2] Replicated to localhost:50088
[dc3_node2] W-quorum achieved (2 writes), returning to client
[dc3_node2] Background replication continues for remaining nodes
[dc3_node2] Successful writes: 2/3
[dc3_node2] Replicated to localhost:50170
[dc3_node2] Retrieved key='item:1379', versions=13
[dc3_node2] Client GET: key='item:3605'
[dc3_node2] Reading from preference list: ['localhost:50241', 'localhost:50166']
[dc3_node2] Key='item:3605' not found
[dc3_node2] CONFLICT: 37 sibling versions for 'item:3605'
[dc3_node2] Internal PUT (replication): key='item:1074'
[dc3_node2] CONFLICT detected for key='item:1074', siblings=17
[dc3_node2] Saved 96 keys to disk
[dc3_node2] Retrieved key='item:0296', versions=19
[dc3_node2] Retrieved key='item:4704', versions=12
[dc3_node2] Internal PUT (replication): key='item:3695'
[dc3_node2] CONFLICT detected for key='item:3695', siblings=11
[dc3_node2] Saved 96 keys to disk
[dc3_node2] Internal PUT (replication): key='item:2587'
[dc3_node2] CONFLICT detected for key='item:2587', siblings=12
[dc3_node2] Saved 96 keys to disk
[dc3_node2] Internal PUT (replication): key='item:3204'
[dc3_node2] CONFLICT detected for key='item:3204', siblings=19
[dc3_node2] Saved 96 keys to disk
[dc3_node2] Internal PUT (replication): key='item:3603'
[dc3_node2] CONFLICT detected for key='item:3603', siblings=18
[dc3_node2] Saved 96 keys to disk
[dc3_node2] Internal PUT (replication): key='item:3633'
[dc3_node2] CONFLICT detected for key='item:3633', siblings=14
[dc3_node2] Saved 96 keys to disk
[dc3_node2] Internal PUT (replication): key='item:0312'
[dc3_node2] CONFLICT detected for key='item:0312', siblings=12
[dc3_node2] Saved 96 keys to disk
[dc3_node2] Client PUT: key='item:2173', value='stress_6_1519'
[dc3_node2] Preference list for 'item:2173': ['localhost:50182', 'localhost:50055', 'localhost:50110']
[dc3_node2] Coordinator NOT in preference list, forwarding only
[dc3_node2] Client GET: key='item:1245'
[dc3_node2] Reading from preference list: ['localhost:50183', 'localhost:50128']
[dc3_node2] Key='item:1245' not found
[dc3_node2] CONFLICT: 36 sibling versions for 'item:1245'
[dc3_node2] Replicated to localhost:50182
[dc3_node2] Replicated to localhost:50055
[dc3_node2] Replicated to localhost:50110
[dc3_node2] W-quorum achieved (2 writes), returning to client
[dc3_node2] Background replication continues for remaining nodes
[dc3_node2] Successful writes: 3/3
[dc3_node2] Internal PUT (replication): key='item:0775'
[dc3_node2] CONFLICT detected for key='item:0775', siblings=8
[dc3_node2] Saved 96 keys to disk
[dc3_node2] Internal PUT (replication): key='item:3618'
[dc3_node2] CONFLICT detected for key='item:3618', siblings=16
[dc3_node2] Client PUT: key='item:2904', value='stress_0_1557'
[dc3_node2] Preference list for 'item:2904': ['localhost:50232', 'localhost:50119', 'localhost:50067']
[dc3_node2] Coordinator NOT in preference list, forwarding only
[dc3_node2] Saved 96 keys to disk
[dc3_node2] Replicated to localhost:50232
[dc3_node2] Replicated to localhost:50119
[dc3_node2] Replicated to localhost:50067
[dc3_node2] W-quorum achieved (2 writes), returning to client
[dc3_node2] Background replication continues for remaining nodes
[dc3_node2] Successful writes: 3/3
[dc3_node2] Client GET: key='item:1646'
[dc3_node2] Reading from preference list: ['localhost:50076', 'localhost:50140']
[dc3_node2] Key='item:1646' not found
[dc3_node2] CONFLICT: 34 sibling versions for 'item:1646'
[dc3_node2] Client GET: key='item:3714'
[dc3_node2] Reading from preference list: ['localhost:50094', 'localhost:50051']
[dc3_node2] Key='item:3714' not found
[dc3_node2] CONFLICT: 32 sibling versions for 'item:3714'
[dc3_node2] Client PUT: key='item:1159', value='stress_7_1561'
[dc3_node2] Preference list for 'item:1159': ['localhost:50210', 'localhost:50076', 'localhost:50174']
[dc3_node2] Coordinator NOT in preference list, forwarding only
[dc3_node2] Replicated to localhost:50210
[dc3_node2] Replicated to localhost:50174
[dc3_node2] Replicated to localhost:50076
[dc3_node2] W-quorum achieved (2 writes), returning to client
[dc3_node2] Background replication continues for remaining nodes
[dc3_node2] Successful writes: 3/3
[dc3_node2] Client PUT: key='item:2492', value='stress_6_1577'
[dc3_node2] Preference list for 'item:2492': ['localhost:50080', 'localhost:50121', 'localhost:50188']
[dc3_node2] Coordinator NOT in preference list, forwarding only
[dc3_node2] Replicated to localhost:50121
[dc3_node2] Replicated to localhost:50080
[dc3_node2] Replicated to localhost:50188
[dc3_node2] W-quorum achieved (2 writes), returning to client
[dc3_node2] Background replication continues for remaining nodes
[dc3_node2] Successful writes: 3/3
[dc3_node2] Internal PUT (replication): key='item:1271'
[dc3_node2] CONFLICT detected for key='item:1271', siblings=18
[dc3_node2] Saved 96 keys to disk
[dc3_node2] Retrieved key='item:1366', versions=18
[dc3_node2] Internal PUT (replication): key='item:3543'
[dc3_node2] CONFLICT detected for key='item:3543', siblings=17
[dc3_node2] Saved 96 keys to disk
[dc3_node2] Retrieved key='item:2453', versions=14
[dc3_node2] Client PUT: key='item:3140', value='stress_0_1649'
[dc3_node2] Preference list for 'item:3140': ['localhost:50125', 'localhost:50179', 'localhost:50090']
[dc3_node2] Coordinator NOT in preference list, forwarding only
[dc3_node2] Internal PUT (replication): key='item:2587'
[dc3_node2] CONFLICT detected for key='item:2587', siblings=13
[dc3_node2] Replicated to localhost:50090
[dc3_node2] Replicated to localhost:50179
[dc3_node2] Replicated to localhost:50125
[dc3_node2] Saved 96 keys to disk
[dc3_node2] W-quorum achieved (2 writes), returning to client
[dc3_node2] Background replication continues for remaining nodes
[dc3_node2] Successful writes: 3/3
[dc3_node2] Retrieved key='item:4730', versions=12
[dc3_node2] Internal PUT (replication): key='item:0554'
[dc3_node2] CONFLICT detected for key='item:0554', siblings=2
[dc3_node2] Saved 96 keys to disk
[dc3_node2] Client GET: key='item:4298'
[dc3_node2] Reading from preference list: ['localhost:50205', 'localhost:50122']
[dc3_node2] Key='item:4298' not found
[dc3_node2] CONFLICT: 20 sibling versions for 'item:4298'
[dc3_node2] Client GET: key='item:0545'
[dc3_node2] Reading from preference list: ['localhost:50193', 'localhost:50184']
[dc3_node2] Key='item:0545' not found
[dc3_node2] CONFLICT: 14 sibling versions for 'item:0545'
[dc3_node2] Retrieved key='item:3263', versions=18
[dc3_node2] Internal PUT (replication): key='item:4222'
[dc3_node2] CONFLICT detected for key='item:4222', siblings=18
[dc3_node2] Saved 96 keys to disk
[dc3_node2] Retrieved key='item:3822', versions=18
[dc3_node2] Retrieved key='item:1924', versions=20
[dc3_node2] Client PUT: key='item:0795', value='stress_1_1696'
[dc3_node2] Preference list for 'item:0795': ['localhost:50218', 'localhost:50090', 'localhost:50127']
[dc3_node2] Coordinator NOT in preference list, forwarding only
[dc3_node2] Replicated to localhost:50218
[dc3_node2] Replicated to localhost:50090
[dc3_node2] Replicated to localhost:50127
[dc3_node2] W-quorum achieved (2 writes), returning to client
[dc3_node2] Background replication continues for remaining nodes
[dc3_node2] Successful writes: 3/3
[dc3_node2] Client PUT: key='item:2553', value='stress_3_1675'
[dc3_node2] Preference list for 'item:2553': ['localhost:50128', 'localhost:50085', 'localhost:50231']
[dc3_node2] Coordinator NOT in preference list, forwarding only
[dc3_node2] Replicated to localhost:50231
[dc3_node2] Replicated to localhost:50128
[dc3_node2] Replicated to localhost:50085
[dc3_node2] W-quorum achieved (2 writes), returning to client
[dc3_node2] Background replication continues for remaining nodes
[dc3_node2] Successful writes: 3/3
[dc3_node2] Internal PUT (replication): key='item:0122'
[dc3_node2] CONFLICT detected for key='item:0122', siblings=14
[dc3_node2] Saved 96 keys to disk
[dc3_node2] Client GET: key='item:4833'
[dc3_node2] Reading from preference list: ['localhost:50202', 'localhost:50062']
[dc3_node2] Key='item:4833' not found
[dc3_node2] CONFLICT: 35 sibling versions for 'item:4833'
[dc3_node2] Internal PUT (replication): key='item:0254'
[dc3_node2] CONFLICT detected for key='item:0254', siblings=16
[dc3_node2] Internal PUT (replication): key='item:0863'
[dc3_node2] Saved 96 keys to disk
[dc3_node2] CONFLICT detected for key='item:0863', siblings=15
[dc3_node2] Saved 96 keys to disk
[dc3_node2] Client GET: key='item:3486'
[dc3_node2] Reading from preference list: ['localhost:50236', 'localhost:50201']
[dc3_node2] Key='item:3486' not found
[dc3_node2] CONFLICT: 31 sibling versions for 'item:3486'
[dc3_node2] Internal PUT (replication): key='item:4674'
[dc3_node2] CONFLICT detected for key='item:4674', siblings=14
[dc3_node2] Saved 96 keys to disk
[dc3_node2] Client PUT: key='item:0610', value='stress_7_1660'
[dc3_node2] Preference list for 'item:0610': ['localhost:50089', 'localhost:50187', 'localhost:50246']
[dc3_node2] Coordinator NOT in preference list, forwarding only
[dc3_node2] Replicated to localhost:50246
[dc3_node2] Replicated to localhost:50089
[dc3_node2] W-quorum achieved (2 writes), returning to client
[dc3_node2] Background replication continues for remaining nodes
[dc3_node2] Successful writes: 2/3
[dc3_node2] Replicated to localhost:50187
[dc3_node2] Retrieved key='item:0619', versions=22
[dc3_node2] Internal PUT (replication): key='item:3603'
[dc3_node2] CONFLICT detected for key='item:3603', siblings=19
[dc3_node2] Saved 96 keys to disk
[dc3_node2] Retrieved key='item:3822', versions=18
[dc3_node2] Client PUT: key='item:0479', value='stress_3_1710'
[dc3_node2] Preference list for 'item:0479': ['localhost:50053', 'localhost:50182', 'localhost:50122']
[dc3_node2] Coordinator NOT in preference list, forwarding only
[dc3_node2] Replicated to localhost:50182
[dc3_node2] Replicated to localhost:50053
[dc3_node2] Replicated to localhost:50122
[dc3_node2] W-quorum achieved (2 writes), returning to client
[dc3_node2] Background replication continues for remaining nodes
[dc3_node2] Successful writes: 3/3
[dc3_node2] Client GET: key='item:1746'
[dc3_node2] Reading from preference list: ['localhost:50060', 'localhost:50112']
[dc3_node2] Key='item:1746' not found
[dc3_node2] CONFLICT: 38 sibling versions for 'item:1746'
[dc3_node2] Internal PUT (replication): key='item:1649'
[dc3_node2] CONFLICT detected for key='item:1649', siblings=21
[dc3_node2] Saved 96 keys to disk
[dc3_node2] Client GET: key='item:2889'
[dc3_node2] Reading from preference list: ['localhost:50116', 'localhost:50094']
[dc3_node2] Key='item:2889' not found
[dc3_node2] Client GET: key='item:1058'
[dc3_node2] Reading from preference list: ['localhost:50085', 'localhost:50094']
[dc3_node2] Key='item:1058' not found
[dc3_node2] CONFLICT: 40 sibling versions for 'item:2889'
[dc3_node2] Retrieved key='item:2573', versions=9
[dc3_node2] CONFLICT: 34 sibling versions for 'item:1058'
[dc3_node2] Retrieved key='item:2719', versions=15
[dc3_node2] Internal PUT (replication): key='item:3618'
[dc3_node2] CONFLICT detected for key='item:3618', siblings=17
[dc3_node2] Saved 96 keys to disk
[dc3_node2] Internal PUT (replication): key='item:3928'
[dc3_node2] CONFLICT detected for key='item:3928', siblings=20
[dc3_node2] Saved 96 keys to disk
[dc3_node2] Retrieved key='item:0698', versions=14
[dc3_node2] Retrieved key='item:4749', versions=4
[dc3_node2] Client PUT: key='item:1372', value='stress_0_1802'
[dc3_node2] Preference list for 'item:1372': ['localhost:50119', 'localhost:50232', 'localhost:50159']
[dc3_node2] Coordinator NOT in preference list, forwarding only
[dc3_node2] Replicated to localhost:50232
[dc3_node2] Replicated to localhost:50119
[dc3_node2] Internal PUT (replication): key='item:4831'
[dc3_node2] CONFLICT detected for key='item:4831', siblings=12
[dc3_node2] Replicated to localhost:50159
[dc3_node2] W-quorum achieved (2 writes), returning to client
[dc3_node2] Background replication continues for remaining nodes
[dc3_node2] Successful writes: 3/3
[dc3_node2] Saved 96 keys to disk
[dc3_node2] Client GET: key='item:2262'
[dc3_node2] Reading from preference list: ['localhost:50078', 'localhost:50168']
[dc3_node2] Key='item:2262' not found
[dc3_node2] CONFLICT: 23 sibling versions for 'item:2262'
[dc3_node2] Retrieved key='item:4730', versions=12
[dc3_node2] Client PUT: key='item:2107', value='stress_2_1815'
[dc3_node2] Preference list for 'item:2107': ['localhost:50105', 'localhost:50087', 'localhost:50207']
[dc3_node2] Coordinator NOT in preference list, forwarding only
[dc3_node2] Replicated to localhost:50207
[dc3_node2] Replicated to localhost:50105
[dc3_node2] Replicated to localhost:50087
[dc3_node2] W-quorum achieved (2 writes), returning to client
[dc3_node2] Background replication continues for remaining nodes
[dc3_node2] Successful writes: 3/3
[dc3_node2] Client PUT: key='item:4877', value='stress_0_1826'
[dc3_node2] Preference list for 'item:4877': ['localhost:50056', 'localhost:50180', 'localhost:50107']
[dc3_node2] Coordinator NOT in preference list, forwarding only
[dc3_node2] Replicated to localhost:50056
[dc3_node2] Replicated to localhost:50180
[dc3_node2] Replicated to localhost:50107
[dc3_node2] W-quorum achieved (2 writes), returning to client
[dc3_node2] Background replication continues for remaining nodes
[dc3_node2] Successful writes: 3/3
[dc3_node2] Internal PUT (replication): key='item:3632'
[dc3_node2] CONFLICT detected for key='item:3632', siblings=9
[dc3_node2] Internal PUT (replication): key='item:3043'
[dc3_node2] Saved 96 keys to disk
[dc3_node2] CONFLICT detected for key='item:3043', siblings=11
[dc3_node2] Saved 96 keys to disk
[dc3_node2] Internal PUT (replication): key='item:0863'
[dc3_node2] CONFLICT detected for key='item:0863', siblings=16
[dc3_node2] Saved 96 keys to disk
[dc3_node2] Internal PUT (replication): key='item:1271'
[dc3_node2] CONFLICT detected for key='item:1271', siblings=19
[dc3_node2] Saved 96 keys to disk
[dc3_node2] Retrieved key='item:1002', versions=11
[dc3_node2] Client GET: key='item:3972'
[dc3_node2] Reading from preference list: ['localhost:50233', 'localhost:50098']
[dc3_node2] Key='item:3972' not found
[dc3_node2] CONFLICT: 26 sibling versions for 'item:3972'
[dc3_node2] Internal PUT (replication): key='item:3451'
[dc3_node2] CONFLICT detected for key='item:3451', siblings=14
[dc3_node2] Saved 96 keys to disk
[dc3_node2] Internal PUT (replication): key='item:2495'
[dc3_node2] CONFLICT detected for key='item:2495', siblings=11
[dc3_node2] Saved 96 keys to disk
[dc3_node2] Retrieved key='item:2573', versions=9
[dc3_node2] Internal PUT (replication): key='item:0021'
[dc3_node2] CONFLICT detected for key='item:0021', siblings=14
[dc3_node2] Saved 96 keys to disk
[dc3_node2] Client PUT: key='item:1420', value='stress_8_1884'
